strain	gene
MY23	g16242
MY23	g16244
MY23	g2934
MY23	g2720
MY23	g18530
MY23	g5145
MY23	g2207
MY23	g7194
MY23	g2935
MY23	g18560
MY23	g2717
MY23	g16158
MY23	g15267
MY23	g16359
MY23	g17307
MY23	g2896
MY23	g6063
MY23	g13937
MY23	g15409
MY23	g22261
MY23	g20752
MY23	g14345
MY23	g18627
MY23	g12908
MY23	g2723
MY23	g3844
MY23	g18241
MY23	g6272
MY23	g18436
MY23	g18539
MY23	g15460
MY23	g18549
MY23	g965
MY23	g9397
MY23	g5093
MY23	g2641
MY23	g6060
MY23	g21624
MY23	g2725
MY23	g18421
MY23	g22300
MY23	g4748
MY23	g12914
MY23	g6246
MY23	g2532
MY23	g16899
MY23	g17108
MY23	g2575
MY23	g22444
MY23	g2544
MY23	g6079
MY23	g13687
MY23	g14234
MY23	g9345
MY23	g10223
MY23	g18430
MY23	g18431
MY23	g18119
MY23	g15877
MY23	g18626
MY23	g18051
MY23	g16670
MY23	g22298
MY23	g18250
MY23	g18630
MY23	g6065
MY23	g6078
MY23	g13932
MY23	g18222
MY23	g18550
MY23	g22556
MY23	g19054
MY23	g2714
MY23	g1073
MY23	g18747
MY23	g3410
MY23	g16837
MY23	g10836
MY23	g18561
MY23	g16241
MY23	g15571
MY23	g16034
MY23	g18969
MY23	g22260
MY23	g13926
MY23	g22258
MY23	g11996
MY23	g18990
MY23	g15269
MY23	g20928
MY23	g21746
MY23	g18970
MY23	g959
MY23	g340
MY23	g20940
MY23	g15928
MY23	g22284
MY23	g22285
MY23	g2601
MY23	g1070
MY23	g5643
MY23	g16243
MY23	g22353
MY23	g21443
MY23	g9395
MY23	g18122
MY23	g22334
MY23	g5524
MY23	g14392
MY23	g5525
MY23	g2682
MY23	g22293
MY23	g15568
MY23	g15573
MY23	g10882
MY23	g18072
MY23	g22332
MY23	g839
MY23	g17370
MY23	g22263
MY23	g13934
MY23	g2684
MY23	g22256
MY23	g22288
MY23	g17373
MY23	g10072
MY23	g856
MY23	g6273
MY23	g22130
MY23	g13920
MY23	g13922
MY23	g14031
MY23	g1093
MY23	g5526
MY23	g21442
MY23	g13935
MY23	g868
MY23	g735
MY23	g13930
MY23	g8773
MY23	g8774
MY23	g15775
MY23	g13924
MY23	g6352
MY23	g19281
MY23	g19058
MY23	g3929
MY23	g15459
MY23	g18424
MY23	g22292
MY23	g15570
MY23	g9520
MY23	g13919
MY23	g5527
MY23	g18176
MY23	g8060
MY23	g15567
MY23	g5522
MY23	g20932
MY23	g18438
MY23	g19057
MY23	g18746
MY23	g4574
MY23	g15742
MY23	g2644
MY23	g15268
MY23	g16659
MY23	g5299
MY23	g22262
MY23	g9028
MY23	g18629
MY23	g22264
MY23	g20564
MY23	g2895
MY23	g9261
MY23	g4791
MY23	g22253
MY23	g16657
MY23	g18531
MY23	g18989
MY23	g16933
MY23	g20597
MY23	g20600
MY23	g21457
MY23	g16769
MY23	g19278
MY23	g8131
MY23	g13725
MY23	g6059
MY23	g16250
MY23	g17005
MY23	g5569
MY23	g20755
MY23	g6243
MY23	g21753
MY23	g21440
MY23	g2936
MY23	g12911
MY23	g11043
MY23	g2931
MY23	g22254
MY23	g11315
MY23	g12909
MY23	g21752
MY23	g21747
MY23	g5637
MY23	g15545
MY23	g21425
MY23	g20501
MY23	g17369
MY23	g9396
MY23	g15496
MY23	g14321
MY23	g2328
MY23	g22025
MY23	g12428
MY23	g20754
MY23	g19201
MY23	g22259
MY23	g5488
MY23	g18551
MY23	g18532
MY23	g22027
MY23	g16042
MY23	g16840
MY23	g18433
MY23	g13923
MY23	g19055
MY23	g22296
MY23	g16671
MY23	g16838
MY23	g2543
MY23	g6064
MY23	g13925
MY23	g16658
MY23	g22286
MY23	g14393
MY23	g15850
MY23	g18242
MY23	g22291
MY23	g22028
MY23	g19056
MY23	g17447
MY23	g21436
MY23	g9981
MY23	g15465
MY23	g2859
MY23	g15270
MY23	g13914
MY23	g11857
MY23	g961
MY23	g14322
MY23	g8379
MY23	g16699
MY23	g19463
MY23	g18423
MY23	g2530
MY23	g15741
MY23	g7811
MY23	g20749
MY23	g12578
MY23	g22555
MY23	g8380
MY23	g4845
MY23	g16159
MY23	g6252
MY23	g6181
MY23	g5300
MY23	g9263
MY23	g22255
MY23	g21748
MY23	g21751
MY23	g8157
MY23	g22354
MY23	g14926
MY23	g21439
MY23	g13918
MY23	g18437
MY23	g859
MY23	g2643
MY23	g18422
MY23	g8381
MY23	g2858
MY23	g13931
MY23	g22031
MY23	g22246
MY23	g7450
MY23	g18533
MY23	g857
MY23	g2681
MY23	g22496
MY23	g10837
MY23	g2579
MY23	g21438
MY23	g18628
MY23	g6247
MY23	g22297
MY23	g5529
MY23	g8382
MY23	g6066
MY23	g16844
MY23	g19279
MY23	g7449
MY23	g13933
MY23	g2531
MY23	g10216
MY23	g10214
MY23	g17374
MY23	g9733
MY23	g18221
MY23	g6061
MY23	g22299
MY23	g21437
MY23	g604
MY23	g22290
MY23	g14825
MY23	g12905
MY23	g6062
MY23	g19042
MY23	g3276
MY23	g21737
MY23	g22026
MY23	g8555
MY23	g13939
MY23	g22294
MY23	g18223
MY23	g21738
MY23	g20950
MY23	g22295
MY23	g16791
MY23	g16937
MY23	g5298
MY23	g21441
MY23	g2488
MY23	g16839
MY23	g8383
MY23	g2724
MY23	g2549
MY23	g16245
MY23	g15572
MY23	g2687
MY23	g19200
MY23	g20751
MY23	g107
MY23	g22287
MY23	g858
MY23	g17664
MY23	g17979
MY23	g22445
MY23	g13921
MY23	g4785
MY23	g22283
MY23	g15569
MY23	g22257
MY16	g1192
MY16	g2903
MY16	g2864
MY16	g17470
MY16	g11805
MY16	g12529
MY16	g4654
MY16	g11601
MY16	g19894
MY16	g5177
MY16	g413
MY16	g3079
MY16	g15138
MY16	g3119
MY16	g11026
MY16	g489
MY16	g6527
MY16	g15140
MY16	g4682
MY16	g462
MY16	g1498
MY16	g12214
MY16	g17891
MY16	g7486
MY16	g2906
MY16	g15629
MY16	g18484
MY16	g11229
MY16	g18673
MY16	g17492
MY16	g12324
MY16	g17481
MY16	g18689
MY16	g2404
MY16	g9868
MY16	g2823
MY16	g11023
MY16	g4643
MY16	g9521
MY16	g7480
MY16	g11208
MY16	g2712
MY16	g4759
MY16	g4970
MY16	g2755
MY16	g4223
MY16	g4501
MY16	g2402
MY16	g11717
MY16	g2724
MY16	g11042
MY16	g2757
MY16	g18694
MY16	g20849
MY16	g6475
MY16	g2711
MY16	g18668
MY16	g18363
MY16	g1499
MY16	g12081
MY16	g11927
MY16	g18295
MY16	g11296
MY16	g2771
MY16	g2767
MY16	g1495
MY16	g11028
MY16	g4760
MY16	g11041
MY16	g15146
MY16	g18466
MY16	g17480
MY16	g17879
MY16	g2897
MY16	g9563
MY16	g7224
MY16	g1379
MY16	g3118
MY16	g22481
MY16	g2032
MY16	g1725
MY16	g3045
MY16	g14906
MY16	g3044
MY16	g17501
MY16	g18493
MY16	g1380
MY16	g18796
MY16	g17963
MY16	g4683
MY16	g2867
MY16	g15152
MY16	g2406
MY16	g4685
MY16	g17469
MY16	g17075
MY16	g17216
MY16	g17942
MY16	g12527
MY16	g17962
MY16	g19310
MY16	g12029
MY16	g4658
MY16	g7227
MY16	g4295
MY16	g4590
MY16	g6525
MY16	g18366
MY16	g4608
MY16	g4177
MY16	g4180
MY16	g4178
MY16	g2865
MY16	g4650
MY16	g12217
MY16	g12212
MY16	g412
MY16	g18316
MY16	g18467
MY16	g4610
MY16	g18667
MY16	g18813
MY16	g5243
MY16	g4680
MY16	g15144
MY16	g12325
MY16	g11308
MY16	g4687
MY16	g5246
MY16	g16500
MY16	g18797
MY16	g4645
MY16	g11230
MY16	g17303
MY16	g15156
MY16	g15158
MY16	g795
MY16	g7204
MY16	g4179
MY16	g15142
MY16	g18785
MY16	g18919
MY16	g5901
MY16	g5902
MY16	g4686
MY16	g10689
MY16	g15154
MY16	g3398
MY16	g21446
MY16	g17875
MY16	g15712
MY16	g2900
MY16	g2723
MY16	g2784
MY16	g12386
MY16	g15134
MY16	g4651
MY16	g20672
MY16	g4659
MY16	g17500
MY16	g3078
MY16	g18421
MY16	g13081
MY16	g12218
MY16	g18675
MY16	g17876
MY16	g9353
MY16	g2826
MY16	g15148
MY16	g18657
MY16	g15339
MY16	g3117
MY16	g12528
MY16	g11306
MY16	g3958
MY16	g4681
MY16	g6161
MY16	g1496
MY16	g4679
MY16	g3212
MY16	g6389
MY16	g4690
MY16	g17943
MY16	g4794
MY16	g14980
MY16	g14983
MY16	g1964
MY16	g21443
MY16	g13010
MY16	g20890
MY16	g11021
MY16	g11711
MY16	g15159
MY16	g2770
MY16	g4866
MY16	g15137
MY16	g2666
MY16	g11205
MY16	g15346
MY16	g10723
MY16	g7483
MY16	g14701
MY16	g2405
MY16	g3114
MY16	g4689
MY16	g14431
MY16	g15340
MY16	g7485
MY16	g15345
MY16	g12240
MY16	g3273
MY16	g5242
MY16	g6526
MY16	g2907
MY16	g12290
MY16	g2496
MY16	g14918
MY16	g22045
MY16	g15136
MY16	g21366
MY16	g4684
MY16	g4141
MY16	g17479
MY16	g17499
MY16	g14920
MY16	g2035
MY16	g11919
MY16	g18670
MY16	g15155
MY16	g13691
MY16	g488
MY16	g17878
MY16	g4647
MY16	g2033
MY16	g11027
MY16	g15153
MY16	g11307
MY16	g4657
MY16	g12108
MY16	g18485
MY16	g4652
MY16	g14921
MY16	g2769
MY16	g13692
MY16	g2768
MY16	g5320
MY16	g11025
MY16	g2409
MY16	g16591
MY16	g12319
MY16	g12526
MY16	g15164
MY16	g4175
MY16	g12215
MY16	g18693
MY16	g996
MY16	g17877
MY16	g5514
MY16	g11269
MY16	g8378
MY16	g18659
MY16	g18660
MY16	g2710
MY16	g2228
MY16	g13332
MY16	g15131
MY16	g7815
MY16	g17250
MY16	g16348
MY16	g5515
MY16	g9616
MY16	g11804
MY16	g11718
MY16	g11144
MY16	g14862
MY16	g3959
MY16	g6391
MY16	g4688
MY16	g15341
MY16	g15344
MY16	g4655
MY16	g12984
MY16	g4589
MY16	g8649
MY16	g15160
MY16	g18674
MY16	g18794
MY16	g2825
MY16	g18658
MY16	g5516
MY16	g15147
MY16	g14924
MY16	g4697
MY16	g17498
MY16	g4450
MY16	g14905
MY16	g1497
MY16	g11209
MY16	g4646
MY16	g4182
MY16	g5517
MY16	g2422
MY16	g11029
MY16	g4703
MY16	g21444
MY16	g15145
MY16	g16357
MY16	g10722
MY16	g16359
MY16	g5247
MY16	g2407
MY16	g18465
MY16	g11024
MY16	g579
MY16	g17251
MY16	g4644
MY16	g2408
MY16	g19048
MY16	g4653
MY16	g8548
MY16	g20243
MY16	g7489
MY16	g15330
MY16	g14919
MY16	g5685
MY16	g4649
MY16	g15331
MY16	g273
MY16	g4648
MY16	g1986
MY16	g4289
MY16	g2388
MY16	g4798
MY16	g3957
MY16	g2034
MY16	g5518
MY16	g2729
MY16	g11716
MY16	g12213
MY16	g2871
MY16	g21365
MY16	g15133
MY16	g19545
MY16	g4656
MY16	g18795
MY16	g21678
MY16	g18225
MY16	g4500
MY16	g15157
MY16	g9557
MY16	g4660
MY16	g12216
ECA1757	g16671
ECA1757	g17377
ECA1757	g17165
ECA1757	g18580
ECA1757	g2781
ECA1757	g22194
ECA1757	g17338
ECA1757	g17378
ECA1757	g5421
ECA1757	g14327
ECA1757	g5909
ECA1757	g6427
ECA1757	g4606
ECA1757	g14561
ECA1757	g17128
ECA1757	g17339
ECA1757	g19199
ECA1757	g18613
ECA1757	g4679
ECA1757	g10669
ECA1757	g5937
ECA1757	g21742
ECA1757	g374
ECA1757	g17168
ECA1757	g16987
ECA1757	g21443
ECA1757	g10462
ECA1757	g21805
ECA1757	g21808
ECA1757	g5410
ECA1757	g8588
ECA1757	g14556
ECA1757	g16438
ECA1757	g17086
ECA1757	g10674
ECA1757	g16485
ECA1757	g21643
ECA1757	g5898
ECA1757	g16088
ECA1757	g380
ECA1757	g16975
ECA1757	g9973
ECA1757	g6223
ECA1757	g17019
ECA1757	g5757
ECA1757	g16670
ECA1757	g16989
ECA1757	g17303
ECA1757	g14970
ECA1757	g16669
ECA1757	g4767
ECA1757	g7730
ECA1757	g14315
ECA1757	g21743
ECA1757	g14565
ECA1757	g18612
ECA1757	g10396
ECA1757	g21739
ECA1757	g10671
ECA1757	g21642
ECA1757	g10108
ECA1757	g10654
ECA1757	g5411
ECA1757	g5646
ECA1757	g17801
ECA1757	g17159
ECA1757	g6944
ECA1757	g16130
ECA1757	g8479
ECA1757	g21262
ECA1757	g21285
ECA1757	g13555
ECA1757	g3085
ECA1757	g1924
ECA1757	g17802
ECA1757	g1909
ECA1757	g3938
ECA1757	g1863
ECA1757	g14546
ECA1757	g18114
ECA1757	g14547
ECA1757	g12252
ECA1757	g11182
ECA1757	g21657
ECA1757	g5938
ECA1757	g17304
ECA1757	g5940
ECA1757	g14391
ECA1757	g11161
ECA1757	g9969
ECA1757	g14085
ECA1757	g16988
ECA1757	g21810
ECA1757	g9966
ECA1757	g11181
ECA1757	g9215
ECA1757	g9658
ECA1757	g5914
ECA1757	g5913
ECA1757	g8693
ECA1757	g8482
ECA1757	g5846
ECA1757	g7781
ECA1757	g14082
ECA1757	g5865
ECA1757	g17129
ECA1757	g5905
ECA1757	g14562
ECA1757	g18111
ECA1757	g21327
ECA1757	g18116
ECA1757	g4605
ECA1757	g5867
ECA1757	g8711
ECA1757	g6490
ECA1757	g5935
ECA1757	g5422
ECA1757	g18006
ECA1757	g5942
ECA1757	g19201
ECA1757	g6493
ECA1757	g20457
ECA1757	g8695
ECA1757	g5900
ECA1757	g10461
ECA1757	g5595
ECA1757	g9762
ECA1757	g13734
ECA1757	g21433
ECA1757	g4969
ECA1757	g8459
ECA1757	g8683
ECA1757	g8819
ECA1757	g21658
ECA1757	g21659
ECA1757	g14557
ECA1757	g7161
ECA1757	g13983
ECA1757	g7162
ECA1757	g21740
ECA1757	g20012
ECA1757	g10672
ECA1757	g11094
ECA1757	g17034
ECA1757	g17031
ECA1757	g3853
ECA1757	g6012
ECA1757	g17047
ECA1757	g17945
ECA1757	g14544
ECA1757	g5906
ECA1757	g10386
ECA1757	g19119
ECA1757	g17800
ECA1757	g14333
ECA1757	g18110
ECA1757	g4458
ECA1757	g21640
ECA1757	g17133
ECA1757	g11095
ECA1757	g10673
ECA1757	g15915
ECA1757	g4444
ECA1757	g14550
ECA1757	g4654
ECA1757	g12327
ECA1757	g14316
ECA1757	g5936
ECA1757	g5396
ECA1757	g14552
ECA1757	g7416
ECA1757	g5934
ECA1757	g20201
ECA1757	g4463
ECA1757	g14080
ECA1757	g19198
ECA1757	g5945
ECA1757	g14548
ECA1757	g11162
ECA1757	g6045
ECA1757	g10483
ECA1757	g16974
ECA1757	g14543
ECA1757	g15010
ECA1757	g21741
ECA1757	g9968
ECA1757	g17162
ECA1757	g9867
ECA1757	g17033
ECA1757	g17032
ECA1757	g9770
ECA1757	g6117
ECA1757	g4452
ECA1757	g22102
ECA1757	g14554
ECA1757	g21803
ECA1757	g10384
ECA1757	g10668
ECA1757	g17379
ECA1757	g16668
ECA1757	g377
ECA1757	g1702
ECA1757	g16667
ECA1757	g17374
ECA1757	g5944
ECA1757	g1434
ECA1757	g21809
ECA1757	g21804
ECA1757	g375
ECA1757	g18088
ECA1757	g20140
ECA1757	g6489
ECA1757	g10487
ECA1757	g7782
ECA1757	g18043
ECA1757	g19120
ECA1757	g21430
ECA1757	g5939
ECA1757	g10484
ECA1757	g21651
ECA1757	g14127
ECA1757	g14123
ECA1757	g5412
ECA1757	g14330
ECA1757	g1921
ECA1757	g16665
ECA1757	g14564
ECA1757	g4678
ECA1757	g11097
ECA1757	g5902
ECA1757	g18007
ECA1757	g1923
ECA1757	g10385
ECA1757	g5912
ECA1757	g9580
ECA1757	g17021
ECA1757	g21444
ECA1757	g5907
ECA1757	g21394
ECA1757	g16923
ECA1757	g11652
ECA1757	g11096
ECA1757	g21653
ECA1757	g6570
ECA1757	g11098
ECA1757	g21432
ECA1757	g20548
ECA1757	g18012
ECA1757	g12353
ECA1757	g5392
ECA1757	g14326
ECA1757	g17169
ECA1757	g8592
ECA1757	g6769
ECA1757	g17943
ECA1757	g10655
ECA1757	g12621
ECA1757	g10670
ECA1757	g12010
ECA1757	g14541
ECA1757	g44
ECA1757	g5647
ECA1757	g21645
ECA1757	g10545
ECA1757	g20308
ECA1757	g16755
ECA1757	g6770
ECA1757	g13977
ECA1757	g16184
ECA1757	g21431
ECA1757	g18496
ECA1757	g17089
ECA1757	g7646
ECA1757	g5943
ECA1757	g5910
ECA1757	g1992
ECA1757	g5845
ECA1757	g18113
ECA1757	g10422
ECA1757	g14567
ECA1757	g8692
ECA1757	g17088
ECA1757	g14328
ECA1757	g16993
ECA1757	g6771
ECA1757	g7645
ECA1757	g21174
ECA1757	g9967
ECA1757	g5952
ECA1757	g5395
ECA1757	g17803
ECA1757	g16650
ECA1757	g5705
ECA1757	g14325
ECA1757	g1908
ECA1757	g7783
ECA1757	g18115
ECA1757	g5901
ECA1757	g6772
ECA1757	g14086
ECA1757	g5958
ECA1757	g10676
ECA1757	g14571
ECA1757	g21644
ECA1757	g20315
ECA1757	g21334
ECA1757	g20317
ECA1757	g6494
ECA1757	g11653
ECA1757	g14563
ECA1757	g21656
ECA1757	g5899
ECA1757	g8949
ECA1757	g5908
ECA1757	g22001
ECA1757	g371
ECA1757	g21649
ECA1757	g14566
ECA1757	g11110
ECA1757	g2232
ECA1757	g21819
ECA1757	g8593
ECA1757	g5904
ECA1757	g14555
ECA1757	g14084
ECA1757	g9761
ECA1757	g21818
ECA1757	g16664
ECA1757	g5903
ECA1757	g1970
ECA1757	g6049
ECA1757	g14088
ECA1757	g14317
ECA1757	g1922
ECA1757	g6773
ECA1757	g8694
ECA1757	g9448
ECA1757	g5911
ECA1757	g19435
ECA1757	g21197
ECA1757	g5756
ECA1757	g13554
ECA1757	g16124
ECA1757	g10667
ECA1757	g5915
ECA1757	g14553
ECA1757	g18112
ECA1757	g18170
ECA1757	g5941
XZ1516	g18462
XZ1516	g12599
XZ1516	g15852
XZ1516	g6281
XZ1516	g3829
XZ1516	g15954
XZ1516	g17879
XZ1516	g13657
XZ1516	g19018
XZ1516	g18436
XZ1516	g17877
XZ1516	g12179
XZ1516	g15957
XZ1516	g18016
XZ1516	g18018
XZ1516	g8527
XZ1516	g18470
XZ1516	g21197
XZ1516	g19057
XZ1516	g18940
XZ1516	g18437
XZ1516	g17865
XZ1516	g18456
XZ1516	g21200
XZ1516	g15960
XZ1516	g18525
XZ1516	g20987
XZ1516	g4741
XZ1516	g13526
XZ1516	g9098
XZ1516	g13317
XZ1516	g8509
XZ1516	g19489
XZ1516	g8512
XZ1516	g8226
XZ1516	g14964
XZ1516	g9184
XZ1516	g15964
XZ1516	g21914
XZ1516	g22094
XZ1516	g9762
XZ1516	g4934
XZ1516	g3827
XZ1516	g22139
XZ1516	g14360
XZ1516	g4347
XZ1516	g8507
XZ1516	g7798
XZ1516	g3825
XZ1516	g18434
XZ1516	g4751
XZ1516	g6971
XZ1516	g17854
XZ1516	g17880
XZ1516	g18431
XZ1516	g4737
XZ1516	g18015
XZ1516	g17871
XZ1516	g22473
XZ1516	g703
XZ1516	g8508
XZ1516	g2931
XZ1516	g18020
XZ1516	g8700
XZ1516	g13314
XZ1516	g8932
XZ1516	g18147
XZ1516	g13524
XZ1516	g13548
XZ1516	g18352
XZ1516	g21127
XZ1516	g15953
XZ1516	g17860
XZ1516	g1274
XZ1516	g21190
XZ1516	g19953
XZ1516	g20270
XZ1516	g308
XZ1516	g19
XZ1516	g7000
XZ1516	g17146
XZ1516	g2425
XZ1516	g18676
XZ1516	g9683
XZ1516	g15963
XZ1516	g22269
XZ1516	g10666
XZ1516	g21350
XZ1516	g18942
XZ1516	g17872
XZ1516	g17864
XZ1516	g13546
XZ1516	g4538
XZ1516	g18
XZ1516	g20629
XZ1516	g15053
XZ1516	g18302
XZ1516	g4739
XZ1516	g18438
XZ1516	g303
XZ1516	g17884
XZ1516	g17266
XZ1516	g14610
XZ1516	g10577
XZ1516	g3140
XZ1516	g18468
XZ1516	g4866
XZ1516	g14966
XZ1516	g18817
XZ1516	g15031
XZ1516	g15959
XZ1516	g306
XZ1516	g15850
XZ1516	g20733
XZ1516	g16450
XZ1516	g2924
XZ1516	g13652
XZ1516	g22268
XZ1516	g8846
XZ1516	g6020
XZ1516	g18463
XZ1516	g8696
XZ1516	g1326
XZ1516	g8699
XZ1516	g18469
XZ1516	g13530
XZ1516	g21166
XZ1516	g18459
XZ1516	g22106
XZ1516	g17875
XZ1516	g10647
XZ1516	g13427
XZ1516	g4431
XZ1516	g19384
XZ1516	g17874
XZ1516	g4001
XZ1516	g21351
XZ1516	g16681
XZ1516	g15952
XZ1516	g21168
XZ1516	g19063
XZ1516	g14681
XZ1516	g1188
XZ1516	g19797
XZ1516	g4736
XZ1516	g15295
XZ1516	g13294
XZ1516	g12941
XZ1516	g7908
XZ1516	g21194
XZ1516	g8275
XZ1516	g17869
XZ1516	g14357
XZ1516	g6115
XZ1516	g702
XZ1516	g3828
XZ1516	g11336
XZ1516	g20734
XZ1516	g18472
XZ1516	g19144
XZ1516	g18430
XZ1516	g6775
XZ1516	g13426
XZ1516	g20731
XZ1516	g10358
XZ1516	g3826
XZ1516	g12935
XZ1516	g18945
XZ1516	g14612
XZ1516	g18475
XZ1516	g20732
XZ1516	g14599
XZ1516	g8228
XZ1516	g15537
XZ1516	g18422
XZ1516	g21170
XZ1516	g18457
XZ1516	g9364
XZ1516	g18419
XZ1516	g8930
XZ1516	g953
XZ1516	g19062
XZ1516	g18455
XZ1516	g20011
XZ1516	g14566
XZ1516	g4371
XZ1516	g21240
XZ1516	g18012
XZ1516	g22769
XZ1516	g20135
XZ1516	g22103
XZ1516	g4740
XZ1516	g21124
XZ1516	g17859
XZ1516	g14611
XZ1516	g8513
XZ1516	g14363
XZ1516	g18460
XZ1516	g14553
XZ1516	g14554
XZ1516	g7644
XZ1516	g9852
XZ1516	g14361
XZ1516	g8225
XZ1516	g9101
XZ1516	g18966
XZ1516	g484
XZ1516	g14979
XZ1516	g5775
XZ1516	g14965
XZ1516	g17881
XZ1516	g20730
XZ1516	g23
XZ1516	g18474
XZ1516	g12938
XZ1516	g21201
XZ1516	g17861
XZ1516	g18429
XZ1516	g14568
XZ1516	g14366
XZ1516	g8227
XZ1516	g20740
XZ1516	g17863
XZ1516	g13549
XZ1516	g20623
XZ1516	g8633
XZ1516	g12598
XZ1516	g4652
XZ1516	g9185
XZ1516	g19759
XZ1516	g18473
XZ1516	g20136
XZ1516	g18476
XZ1516	g18433
XZ1516	g305
XZ1516	g15851
XZ1516	g9100
XZ1516	g17267
XZ1516	g1327
XZ1516	g18471
XZ1516	g13527
XZ1516	g18432
XZ1516	g4735
XZ1516	g21820
XZ1516	g18941
XZ1516	g17628
XZ1516	g8511
XZ1516	g22145
XZ1516	g18943
XZ1516	g17886
XZ1516	g18011
XZ1516	g18944
XZ1516	g2865
XZ1516	g5415
XZ1516	g21165
XZ1516	g13531
XZ1516	g6972
XZ1516	g14963
XZ1516	g8510
XZ1516	g20775
XZ1516	g14659
XZ1516	g2301
XZ1516	g8890
XZ1516	g19757
XZ1516	g18017
XZ1516	g7049
XZ1516	g12942
XZ1516	g22105
XZ1516	g2489
XZ1516	g8514
XZ1516	g15955
XZ1516	g8845
XZ1516	g18466
XZ1516	g13514
XZ1516	g11303
XZ1516	g1189
XZ1516	g18458
XZ1516	g14598
XZ1516	g8297
XZ1516	g22
XZ1516	g18464
XZ1516	g1328
XZ1516	g13919
XZ1516	g17268
XZ1516	g21608
XZ1516	g20690
XZ1516	g2966
XZ1516	g15032
XZ1516	g4531
XZ1516	g9571
XZ1516	g9755
XZ1516	g18031
XZ1516	g12940
XZ1516	g14526
XZ1516	g15445
XZ1516	g22140
XZ1516	g13525
XZ1516	g4530
XZ1516	g11766
XZ1516	g18816
XZ1516	g21449
XZ1516	g7048
XZ1516	g22095
XZ1516	g10718
XZ1516	g17858
XZ1516	g6088
XZ1516	g15303
XZ1516	g13515
XZ1516	g15052
XZ1516	g21513
XZ1516	g18467
XZ1516	g18524
XZ1516	g13875
XZ1516	g18019
XZ1516	g20729
XZ1516	g17948
XZ1516	g13422
XZ1516	g8526
XZ1516	g18939
XZ1516	g12943
XZ1516	g21126
XZ1516	g22144
XZ1516	g21819
XZ1516	g18435
XZ1516	g18508
XZ1516	g18428
XZ1516	g14550
XZ1516	g18677
XZ1516	g11302
XZ1516	g17862
XZ1516	g17883
XZ1516	g98
XZ1516	g21913
XZ1516	g18505
XZ1516	g14551
XZ1516	g17873
XZ1516	g8931
XZ1516	g10722
XZ1516	g14593
XZ1516	g15305
XZ1516	g14564
XZ1516	g16196
XZ1516	g17269
XZ1516	g13122
XZ1516	g14552
XZ1516	g14680
XZ1516	g18815
XZ1516	g304
XZ1516	g4738
ECA1493	g4782
ECA1493	g18826
ECA1493	g4535
ECA1493	g11572
ECA1493	g4486
ECA1493	g15221
ECA1493	g14600
ECA1493	g13917
ECA1493	g2915
ECA1493	g4893
ECA1493	g123
ECA1493	g4780
ECA1493	g2917
ECA1493	g119
ECA1493	g22384
ECA1493	g17685
ECA1493	g19662
ECA1493	g2916
ECA1493	g478
ECA1493	g14602
ECA1493	g22376
ECA1493	g5582
ECA1493	g17690
ECA1493	g18775
ECA1493	g150
ECA1493	g16436
ECA1493	g21874
ECA1493	g109
ECA1493	g9187
ECA1493	g17013
ECA1493	g17455
ECA1493	g19296
ECA1493	g22373
ECA1493	g19029
ECA1493	g14400
ECA1493	g2937
ECA1493	g9139
ECA1493	g17136
ECA1493	g14606
ECA1493	g17016
ECA1493	g17682
ECA1493	g16430
ECA1493	g21802
ECA1493	g14421
ECA1493	g2703
ECA1493	g14604
ECA1493	g14482
ECA1493	g9754
ECA1493	g22156
ECA1493	g7668
ECA1493	g9369
ECA1493	g18516
ECA1493	g110
ECA1493	g19630
ECA1493	g19629
ECA1493	g14601
ECA1493	g22388
ECA1493	g22158
ECA1493	g3046
ECA1493	g19035
ECA1493	g4781
ECA1493	g9352
ECA1493	g741
ECA1493	g4534
ECA1493	g5125
ECA1493	g9753
ECA1493	g2919
ECA1493	g16773
ECA1493	g6596
ECA1493	g16950
ECA1493	g2683
ECA1493	g17456
ECA1493	g18787
ECA1493	g17137
ECA1493	g12419
ECA1493	g8825
ECA1493	g4982
ECA1493	g154
ECA1493	g21887
ECA1493	g8831
ECA1493	g13718
ECA1493	g9363
ECA1493	g740
ECA1493	g9690
ECA1493	g21801
ECA1493	g19039
ECA1493	g19020
ECA1493	g9688
ECA1493	g1019
ECA1493	g155
ECA1493	g1024
ECA1493	g5122
ECA1493	g17686
ECA1493	g19022
ECA1493	g19478
ECA1493	g9735
ECA1493	g18825
ECA1493	g16435
ECA1493	g22380
ECA1493	g14882
ECA1493	g14812
ECA1493	g7639
ECA1493	g9371
ECA1493	g22372
ECA1493	g9707
ECA1493	g19144
ECA1493	g744
ECA1493	g3448
ECA1493	g13610
ECA1493	g7705
ECA1493	g14399
ECA1493	g1982
ECA1493	g2706
ECA1493	g20706
ECA1493	g14425
ECA1493	g6915
ECA1493	g165
ECA1493	g19451
ECA1493	g2817
ECA1493	g16433
ECA1493	g2041
ECA1493	g14941
ECA1493	g108
ECA1493	g117
ECA1493	g78
ECA1493	g14338
ECA1493	g14896
ECA1493	g22386
ECA1493	g13920
ECA1493	g10882
ECA1493	g14607
ECA1493	g15107
ECA1493	g1896
ECA1493	g127
ECA1493	g9689
ECA1493	g14834
ECA1493	g16439
ECA1493	g20610
ECA1493	g1413
ECA1493	g21889
ECA1493	g10967
ECA1493	g17777
ECA1493	g6473
ECA1493	g75
ECA1493	g11654
ECA1493	g11001
ECA1493	g9778
ECA1493	g19038
ECA1493	g115
ECA1493	g13918
ECA1493	g17014
ECA1493	g4785
ECA1493	g283
ECA1493	g19019
ECA1493	g4857
ECA1493	g1414
ECA1493	g19455
ECA1493	g22370
ECA1493	g14605
ECA1493	g8616
ECA1493	g9368
ECA1493	g128
ECA1493	g151
ECA1493	g168
ECA1493	g22157
ECA1493	g19026
ECA1493	g9752
ECA1493	g18821
ECA1493	g1022
ECA1493	g19247
ECA1493	g122
ECA1493	g13935
ECA1493	g21822
ECA1493	g17688
ECA1493	g19703
ECA1493	g19701
ECA1493	g3693
ECA1493	g18319
ECA1493	g5123
ECA1493	g6765
ECA1493	g158
ECA1493	g4779
ECA1493	g22389
ECA1493	g17018
ECA1493	g18820
ECA1493	g22155
ECA1493	g22217
ECA1493	g14328
ECA1493	g28
ECA1493	g9751
ECA1493	g600
ECA1493	g15382
ECA1493	g2914
ECA1493	g9701
ECA1493	g5668
ECA1493	g4807
ECA1493	g17784
ECA1493	g22378
ECA1493	g13835
ECA1493	g20956
ECA1493	g9458
ECA1493	g54
ECA1493	g13919
ECA1493	g14422
ECA1493	g114
ECA1493	g22160
ECA1493	g14884
ECA1493	g22387
ECA1493	g12725
ECA1493	g18780
ECA1493	g2936
ECA1493	g22385
ECA1493	g4464
ECA1493	g19407
ECA1493	g19489
ECA1493	g9750
ECA1493	g18788
ECA1493	g21890
ECA1493	g13532
ECA1493	g21315
ECA1493	g157
ECA1493	g4157
ECA1493	g19021
ECA1493	g19025
ECA1493	g7009
ECA1493	g13709
ECA1493	g5669
ECA1493	g17017
ECA1493	g5581
ECA1493	g22395
ECA1493	g149
ECA1493	g1021
ECA1493	g9367
ECA1493	g18786
ECA1493	g670
ECA1493	g2934
ECA1493	g125
ECA1493	g2042
ECA1493	g22374
ECA1493	g9640
ECA1493	g19142
ECA1493	g19488
ECA1493	g20348
ECA1493	g14603
ECA1493	g13932
ECA1493	g22371
ECA1493	g22368
ECA1493	g19485
ECA1493	g17727
ECA1493	g4784
ECA1493	g8890
ECA1493	g2920
ECA1493	g14881
ECA1493	g4899
ECA1493	g22390
ECA1493	g19143
ECA1493	g9739
ECA1493	g17648
ECA1493	g9702
ECA1493	g19410
ECA1493	g18601
ECA1493	g3043
ECA1493	g19702
ECA1493	g19031
ECA1493	g152
ECA1493	g6659
ECA1493	g19250
ECA1493	g19482
ECA1493	g745
ECA1493	g368
ECA1493	g22379
ECA1493	g153
ECA1493	g4783
ECA1493	g22163
ECA1493	g2904
ECA1493	g14326
ECA1493	g5671
ECA1493	g14362
ECA1493	g3052
ECA1493	g19033
ECA1493	g1897
ECA1493	g14327
ECA1493	g4898
ECA1493	g124
ECA1493	g1191
ECA1493	g17326
ECA1493	g19024
ECA1493	g8788
ECA1493	g2043
ECA1493	g5124
ECA1493	g13930
ECA1493	g19386
ECA1493	g291
ECA1493	g4382
ECA1493	g3186
ECA1493	g21823
ECA1493	g11000
ECA1493	g13280
ECA1493	g20636
ECA1493	g6773
ECA1493	g2905
ECA1493	g14032
ECA1493	g18408
ECA1493	g120
ECA1493	g9733
ECA1493	g9370
ECA1493	g19023
ECA1493	g2812
ECA1493	g55
ECA1493	g126
ECA1493	g19030
ECA1493	g13931
ECA1493	g17684
ECA1493	g121
ECA1493	g10505
ECA1493	g18776
ECA1493	g111
ECA1493	g16951
ECA1493	g19409
ECA1493	g113
ECA1493	g2816
ECA1493	g14587
ECA1493	g19453
ECA1493	g14883
ECA1493	g822
ECA1493	g148
ECA1493	g1659
ECA1493	g129
ECA1493	g156
ECA1493	g21314
ECA1493	g19199
ECA1493	g21888
ECA1493	g4463
ECA1493	g13929
ECA1493	g6775
ECA1493	g9383
ECA1493	g9366
ECA1493	g19450
ECA1493	g14588
ECA1493	g5903
ECA1493	g3861
ECA1493	g233
ECA1493	g19317
ECA1493	g17457
ECA1493	g116
ECA1493	g118
ECA1493	g1020
ECA3088	g13507
ECA3088	g383
ECA3088	g9482
ECA3088	g263
ECA3088	g8773
ECA3088	g17738
ECA3088	g5381
ECA3088	g21652
ECA3088	g13864
ECA3088	g12209
ECA3088	g9666
ECA3088	g13875
ECA3088	g3761
ECA3088	g12385
ECA3088	g6094
ECA3088	g6327
ECA3088	g12471
ECA3088	g970
ECA3088	g85
ECA3088	g6108
ECA3088	g12482
ECA3088	g8695
ECA3088	g7180
ECA3088	g13116
ECA3088	g966
ECA3088	g13585
ECA3088	g3891
ECA3088	g22542
ECA3088	g3762
ECA3088	g8438
ECA3088	g9854
ECA3088	g213
ECA3088	g13795
ECA3088	g12205
ECA3088	g12207
ECA3088	g8526
ECA3088	g16683
ECA3088	g6335
ECA3088	g612
ECA3088	g996
ECA3088	g10370
ECA3088	g956
ECA3088	g1007
ECA3088	g5832
ECA3088	g105
ECA3088	g14244
ECA3088	g17166
ECA3088	g12406
ECA3088	g14481
ECA3088	g12203
ECA3088	g9786
ECA3088	g10376
ECA3088	g21632
ECA3088	g12386
ECA3088	g1004
ECA3088	g17133
ECA3088	g3548
ECA3088	g14258
ECA3088	g15954
ECA3088	g14238
ECA3088	g5430
ECA3088	g1003
ECA3088	g375
ECA3088	g387
ECA3088	g9045
ECA3088	g13269
ECA3088	g382
ECA3088	g13729
ECA3088	g12208
ECA3088	g2828
ECA3088	g20540
ECA3088	g9789
ECA3088	g1874
ECA3088	g12879
ECA3088	g1587
ECA3088	g6322
ECA3088	g9047
ECA3088	g872
ECA3088	g13862
ECA3088	g13837
ECA3088	g3765
ECA3088	g6329
ECA3088	g13752
ECA3088	g10037
ECA3088	g7503
ECA3088	g384
ECA3088	g14432
ECA3088	g3528
ECA3088	g600
ECA3088	g9665
ECA3088	g18601
ECA3088	g5870
ECA3088	g8904
ECA3088	g5875
ECA3088	g8696
ECA3088	g14795
ECA3088	g13732
ECA3088	g13105
ECA3088	g6339
ECA3088	g1586
ECA3088	g21631
ECA3088	g11912
ECA3088	g1869
ECA3088	g9044
ECA3088	g12
ECA3088	g8809
ECA3088	g6166
ECA3088	g13912
ECA3088	g974
ECA3088	g10371
ECA3088	g997
ECA3088	g6453
ECA3088	g14236
ECA3088	g6323
ECA3088	g1590
ECA3088	g927
ECA3088	g906
ECA3088	g4289
ECA3088	g13213
ECA3088	g12407
ECA3088	g12892
ECA3088	g13926
ECA3088	g3551
ECA3088	g6318
ECA3088	g17167
ECA3088	g13754
ECA3088	g955
ECA3088	g964
ECA3088	g929
ECA3088	g19474
ECA3088	g161
ECA3088	g21716
ECA3088	g15921
ECA3088	g165
ECA3088	g12889
ECA3088	g17044
ECA3088	g976
ECA3088	g12201
ECA3088	g373
ECA3088	g6093
ECA3088	g8697
ECA3088	g972
ECA3088	g6102
ECA3088	g11703
ECA3088	g11975
ECA3088	g6331
ECA3088	g1000
ECA3088	g10367
ECA3088	g20440
ECA3088	g2265
ECA3088	g12890
ECA3088	g5358
ECA3088	g905
ECA3088	g7624
ECA3088	g381
ECA3088	g17823
ECA3088	g368
ECA3088	g6337
ECA3088	g369
ECA3088	g11997
ECA3088	g968
ECA3088	g9788
ECA3088	g5874
ECA3088	g8700
ECA3088	g607
ECA3088	g2266
ECA3088	g13546
ECA3088	g11591
ECA3088	g12949
ECA3088	g13749
ECA3088	g12204
ECA3088	g15010
ECA3088	g1005
ECA3088	g1019
ECA3088	g14239
ECA3088	g12481
ECA3088	g611
ECA3088	g2511
ECA3088	g957
ECA3088	g13863
ECA3088	g969
ECA3088	g21651
ECA3088	g6345
ECA3088	g4540
ECA3088	g960
ECA3088	g22364
ECA3088	g11926
ECA3088	g13510
ECA3088	g20790
ECA3088	g9784
ECA3088	g5877
ECA3088	g13798
ECA3088	g10373
ECA3088	g5756
ECA3088	g11429
ECA3088	g3760
ECA3088	g14241
ECA3088	g5872
ECA3088	g8441
ECA3088	g8722
ECA3088	g13913
ECA3088	g1016
ECA3088	g12382
ECA3088	g14147
ECA3088	g7328
ECA3088	g11927
ECA3088	g1320
ECA3088	g5267
ECA3088	g6105
ECA3088	g5431
ECA3088	g11924
ECA3088	g6338
ECA3088	g794
ECA3088	g1090
ECA3088	g13879
ECA3088	g12876
ECA3088	g377
ECA3088	g3783
ECA3088	g6336
ECA3088	g6340
ECA3088	g6325
ECA3088	g13720
ECA3088	g13865
ECA3088	g599
ECA3088	g21719
ECA3088	g13296
ECA3088	g12320
ECA3088	g21153
ECA3088	g975
ECA3088	g264
ECA3088	g7087
ECA3088	g1133
ECA3088	g962
ECA3088	g9785
ECA3088	g8527
ECA3088	g6324
ECA3088	g995
ECA3088	g1871
ECA3088	g6100
ECA3088	g14240
ECA3088	g12993
ECA3088	g8440
ECA3088	g1521
ECA3088	g3781
ECA3088	g796
ECA3088	g795
ECA3088	g2884
ECA3088	g13976
ECA3088	g13721
ECA3088	g12206
ECA3088	g5873
ECA3088	g13726
ECA3088	g2883
ECA3088	g1008
ECA3088	g998
ECA3088	g8699
ECA3088	g14736
ECA3088	g18913
ECA3088	g3766
ECA3088	g6765
ECA3088	g22438
ECA3088	g13925
ECA3088	g12891
ECA3088	g5910
ECA3088	g5026
ECA3088	g386
ECA3088	g3889
ECA3088	g20179
ECA3088	g5763
ECA3088	g6101
ECA3088	g7439
ECA3088	g1591
ECA3088	g1665
ECA3088	g13877
ECA3088	g1213
ECA3088	g8698
ECA3088	g13586
ECA3088	g3750
ECA3088	g13906
ECA3088	g12444
ECA3088	g8816
ECA3088	g3897
ECA3088	g2744
ECA3088	g6095
ECA3088	g8815
ECA3088	g14224
ECA3088	g971
ECA3088	g13115
ECA3088	g14839
ECA3088	g2885
ECA3088	g9046
ECA3088	g8694
ECA3088	g3662
ECA3088	g6330
ECA3088	g13927
ECA3088	g1140
ECA3088	g9855
ECA3088	g6103
ECA3088	g4027
ECA3088	g14802
ECA3088	g2743
ECA3088	g6341
ECA3088	g999
ECA3088	g13861
ECA3088	g20467
ECA3088	g577
ECA3088	g7321
ECA3088	g3751
ECA3088	g13796
ECA3088	g12780
ECA3088	g21718
ECA3088	g13506
ECA3088	g967
ECA3088	g5359
ECA3088	g12995
ECA3088	g1872
ECA3088	g11867
ECA3088	g379
ECA3088	g14237
ECA3088	g262
ECA3088	g3657
ECA3088	g973
ECA3088	g601
ECA3088	g6321
ECA3088	g378
ECA3088	g13505
ECA3088	g21703
ECA3088	g958
ECA3088	g3661
ECA3088	g12222
ECA3088	g11925
ECA3088	g994
ECA3088	g2045
ECA3088	g21152
ECA3088	g3763
ECA3088	g7319
ECA3088	g13755
ECA3088	g12221
ECA3088	g8205
ECA3088	g21717
ECA3088	g4714
ECA3088	g385
ECA3088	g963
ECA3088	g965
ECA3088	g1870
ECA3088	g576
ECA741	g20147
ECA741	g13922
ECA741	g3194
ECA741	g21665
ECA741	g15000
ECA741	g11595
ECA741	g3057
ECA741	g6512
ECA741	g3009
ECA741	g14897
ECA741	g3015
ECA741	g7046
ECA741	g13987
ECA741	g6592
ECA741	g16227
ECA741	g14030
ECA741	g20801
ECA741	g3016
ECA741	g14645
ECA741	g13749
ECA741	g3059
ECA741	g12402
ECA741	g7045
ECA741	g9547
ECA741	g11444
ECA741	g9834
ECA741	g2983
ECA741	g4086
ECA741	g12984
ECA741	g12231
ECA741	g13156
ECA741	g21595
ECA741	g3010
ECA741	g13536
ECA741	g21708
ECA741	g2854
ECA741	g3020
ECA741	g19287
ECA741	g14899
ECA741	g3758
ECA741	g21702
ECA741	g13745
ECA741	g5423
ECA741	g19337
ECA741	g11648
ECA741	g12540
ECA741	g13925
ECA741	g22750
ECA741	g15333
ECA741	g11049
ECA741	g9492
ECA741	g13558
ECA741	g256
ECA741	g15586
ECA741	g3515
ECA741	g13750
ECA741	g2662
ECA741	g1765
ECA741	g12772
ECA741	g20149
ECA741	g18962
ECA741	g14829
ECA741	g2984
ECA741	g21592
ECA741	g3021
ECA741	g465
ECA741	g3514
ECA741	g12055
ECA741	g3389
ECA741	g14995
ECA741	g3014
ECA741	g21596
ECA741	g245
ECA741	g22962
ECA741	g10061
ECA741	g13429
ECA741	g346
ECA741	g10069
ECA741	g10058
ECA741	g13764
ECA741	g22535
ECA741	g12406
ECA741	g13474
ECA741	g9829
ECA741	g9897
ECA741	g4091
ECA741	g20084
ECA741	g10068
ECA741	g11452
ECA741	g344
ECA741	g17413
ECA741	g12398
ECA741	g9830
ECA741	g13031
ECA741	g15352
ECA741	g3004
ECA741	g14967
ECA741	g15332
ECA741	g3005
ECA741	g14896
ECA741	g8212
ECA741	g21713
ECA741	g2163
ECA741	g14855
ECA741	g14938
ECA741	g13245
ECA741	g13489
ECA741	g12773
ECA741	g2428
ECA741	g243
ECA741	g9826
ECA741	g15963
ECA741	g17837
ECA741	g7048
ECA741	g10065
ECA741	g6510
ECA741	g13336
ECA741	g2425
ECA741	g22655
ECA741	g12507
ECA741	g13744
ECA741	g16748
ECA741	g21800
ECA741	g21803
ECA741	g3390
ECA741	g22536
ECA741	g2972
ECA741	g2982
ECA741	g12060
ECA741	g3008
ECA741	g10075
ECA741	g1764
ECA741	g20148
ECA741	g13334
ECA741	g21018
ECA741	g22569
ECA741	g12107
ECA741	g241
ECA741	g9066
ECA741	g8982
ECA741	g20146
ECA741	g13747
ECA741	g3579
ECA741	g20083
ECA741	g2981
ECA741	g5696
ECA741	g14682
ECA741	g22811
ECA741	g12539
ECA741	g9839
ECA741	g10901
ECA741	g3017
ECA741	g5307
ECA741	g14851
ECA741	g10062
ECA741	g15862
ECA741	g13746
ECA741	g2480
ECA741	g21618
ECA741	g2977
ECA741	g14952
ECA741	g486
ECA741	g12870
ECA741	g21746
ECA741	g12396
ECA741	g14605
ECA741	g2897
ECA741	g14029
ECA741	g1514
ECA741	g9825
ECA741	g117
ECA741	g13926
ECA741	g10071
ECA741	g6513
ECA741	g2958
ECA741	g14954
ECA741	g14953
ECA741	g12538
ECA741	g13948
ECA741	g21597
ECA741	g17674
ECA741	g15061
ECA741	g9589
ECA741	g10319
ECA741	g14604
ECA741	g13947
ECA741	g2974
ECA741	g11442
ECA741	g3510
ECA741	g12099
ECA741	g9828
ECA741	g462
ECA741	g457
ECA741	g13865
ECA741	g13333
ECA741	g14608
ECA741	g9591
ECA741	g9824
ECA741	g5150
ECA741	g3012
ECA741	g2978
ECA741	g20063
ECA741	g9498
ECA741	g3018
ECA741	g2429
ECA741	g12871
ECA741	g22824
ECA741	g15243
ECA741	g12395
ECA741	g3013
ECA741	g15001
ECA741	g9623
ECA741	g9836
ECA741	g15336
ECA741	g1987
ECA741	g13486
ECA741	g1281
ECA741	g122
ECA741	g13487
ECA741	g12397
ECA741	g22866
ECA741	g10179
ECA741	g10067
ECA741	g3019
ECA741	g13488
ECA741	g14955
ECA741	g10070
ECA741	g3006
ECA741	g12960
ECA741	g21219
ECA741	g3511
ECA741	g6593
ECA741	g9832
ECA741	g2162
ECA741	g15335
ECA741	g12709
ECA741	g10807
ECA741	g13751
ECA741	g1195
ECA741	g13748
ECA741	g246
ECA741	g15014
ECA741	g12505
ECA741	g11596
ECA741	g15339
ECA741	g21707
ECA741	g9588
ECA741	g21218
ECA741	g19031
ECA741	g20282
ECA741	g14823
ECA741	g14856
ECA741	g2355
ECA741	g11676
ECA741	g12201
ECA741	g10059
ECA741	g5568
ECA741	g15060
ECA741	g9831
ECA741	g12508
ECA741	g3022
ECA741	g15334
ECA741	g4089
ECA741	g13147
ECA741	g5507
ECA741	g15331
ECA741	g12407
ECA741	g14584
ECA741	g14683
ECA741	g22810
ECA741	g12400
ECA741	g3011
ECA741	g350
ECA741	g1280
ECA741	g7908
ECA741	g20909
ECA741	g21594
ECA741	g3580
ECA741	g12394
ECA741	g11040
ECA741	g11762
ECA741	g12032
ECA741	g22146
ECA741	g11677
ECA741	g226
ECA741	g12200
ECA741	g1140
ECA741	g10063
ECA741	g10060
ECA741	g7350
ECA741	g2784
ECA741	g14344
ECA741	g15937
ECA741	g2971
ECA741	g2976
ECA741	g15013
ECA741	g12405
ECA741	g11042
ECA741	g2979
ECA741	g20134
ECA741	g2980
ECA741	g13146
ECA741	g17173
ECA741	g18753
ECA741	g240
ECA741	g14969
ECA741	g14820
ECA741	g18968
ECA741	g3512
ECA741	g15012
ECA741	g2424
ECA741	g13763
ECA741	g12399
ECA741	g2975
ECA741	g2164
ECA741	g14965
ECA741	g9833
ECA741	g22963
ECA741	g13337
ECA741	g244
ECA741	g1139
ECA741	g2973
ECA741	g11432
ECA741	g15319
ECA741	g12163
ECA741	g2964
ECA741	g12202
ECA741	g14853
ECA741	g14470
ECA741	g2850
ECA741	g13335
ECA741	g18925
ECA741	g11441
ECA741	g4083
ECA741	g9584
ECA741	g21593
ECA741	g14826
ECA741	g20064
ECA741	g3007
ECA741	g12408
ECA741	g11965
ECA741	g14603
ECA741	g3003
ECA741	g2161
ECA741	g9586
ECA741	g21745
ECA1851	g17107
ECA1851	g3686
ECA1851	g12977
ECA1851	g21103
ECA1851	g10862
ECA1851	g7394
ECA1851	g2217
ECA1851	g1324
ECA1851	g13555
ECA1851	g14112
ECA1851	g10352
ECA1851	g14228
ECA1851	g6319
ECA1851	g2146
ECA1851	g20862
ECA1851	g10423
ECA1851	g14700
ECA1851	g16867
ECA1851	g22533
ECA1851	g14692
ECA1851	g11649
ECA1851	g2971
ECA1851	g7525
ECA1851	g7736
ECA1851	g14457
ECA1851	g21093
ECA1851	g4229
ECA1851	g21242
ECA1851	g10182
ECA1851	g3235
ECA1851	g11435
ECA1851	g4443
ECA1851	g10396
ECA1851	g12081
ECA1851	g10960
ECA1851	g11823
ECA1851	g2147
ECA1851	g10340
ECA1851	g20896
ECA1851	g2261
ECA1851	g14697
ECA1851	g20868
ECA1851	g194
ECA1851	g3923
ECA1851	g3237
ECA1851	g12411
ECA1851	g9046
ECA1851	g4236
ECA1851	g7739
ECA1851	g3354
ECA1851	g10336
ECA1851	g3342
ECA1851	g20866
ECA1851	g3683
ECA1851	g15688
ECA1851	g737
ECA1851	g18447
ECA1851	g10221
ECA1851	g21104
ECA1851	g2260
ECA1851	g3675
ECA1851	g3678
ECA1851	g8472
ECA1851	g20907
ECA1851	g14467
ECA1851	g3190
ECA1851	g2302
ECA1851	g10948
ECA1851	g13894
ECA1851	g11433
ECA1851	g9717
ECA1851	g19371
ECA1851	g14691
ECA1851	g10453
ECA1851	g6743
ECA1851	g3163
ECA1851	g14698
ECA1851	g12601
ECA1851	g3279
ECA1851	g21094
ECA1851	g21346
ECA1851	g12791
ECA1851	g14464
ECA1851	g3294
ECA1851	g3297
ECA1851	g8557
ECA1851	g2148
ECA1851	g7505
ECA1851	g11639
ECA1851	g9718
ECA1851	g10357
ECA1851	g6639
ECA1851	g6595
ECA1851	g21437
ECA1851	g21097
ECA1851	g14532
ECA1851	g14701
ECA1851	g19306
ECA1851	g10681
ECA1851	g2932
ECA1851	g14699
ECA1851	g7624
ECA1851	g6997
ECA1851	g11750
ECA1851	g3705
ECA1851	g3682
ECA1851	g3234
ECA1851	g10679
ECA1851	g19369
ECA1851	g21206
ECA1851	g7521
ECA1851	g3189
ECA1851	g6654
ECA1851	g21365
ECA1851	g14689
ECA1851	g9435
ECA1851	g10400
ECA1851	g16559
ECA1851	g2507
ECA1851	g21105
ECA1851	g18089
ECA1851	g22840
ECA1851	g21289
ECA1851	g10348
ECA1851	g2505
ECA1851	g14696
ECA1851	g16787
ECA1851	g11424
ECA1851	g7760
ECA1851	g3355
ECA1851	g10317
ECA1851	g10355
ECA1851	g10358
ECA1851	g22605
ECA1851	g14705
ECA1851	g9433
ECA1851	g9047
ECA1851	g12084
ECA1851	g19370
ECA1851	g12671
ECA1851	g22011
ECA1851	g10347
ECA1851	g13470
ECA1851	g12790
ECA1851	g10318
ECA1851	g19305
ECA1851	g15985
ECA1851	g2910
ECA1851	g2936
ECA1851	g3012
ECA1851	g12668
ECA1851	g7625
ECA1851	g14472
ECA1851	g12078
ECA1851	g10350
ECA1851	g3185
ECA1851	g18190
ECA1851	g10677
ECA1851	g9783
ECA1851	g2170
ECA1851	g2508
ECA1851	g19368
ECA1851	g10797
ECA1851	g2303
ECA1851	g2933
ECA1851	g10958
ECA1851	g14458
ECA1851	g2255
ECA1851	g8795
ECA1851	g7526
ECA1851	g20903
ECA1851	g11306
ECA1851	g16790
ECA1851	g20865
ECA1851	g11418
ECA1851	g10424
ECA1851	g16789
ECA1851	g7527
ECA1851	g21208
ECA1851	g3296
ECA1851	g3295
ECA1851	g10344
ECA1851	g3343
ECA1851	g2149
ECA1851	g17087
ECA1851	g22875
ECA1851	g14231
ECA1851	g14948
ECA1851	g3312
ECA1851	g12672
ECA1851	g11432
ECA1851	g14694
ECA1851	g14690
ECA1851	g20897
ECA1851	g6433
ECA1851	g14233
ECA1851	g6157
ECA1851	g10102
ECA1851	g19285
ECA1851	g12080
ECA1851	g10858
ECA1851	g21292
ECA1851	g2268
ECA1851	g10680
ECA1851	g1401
ECA1851	g3580
ECA1851	g12076
ECA1851	g11438
ECA1851	g14267
ECA1851	g9713
ECA1851	g14105
ECA1851	g14469
ECA1851	g1400
ECA1851	g6651
ECA1851	g6652
ECA1851	g10947
ECA1851	g11421
ECA1851	g6653
ECA1851	g7503
ECA1851	g9265
ECA1851	g14693
ECA1851	g10959
ECA1851	g14226
ECA1851	g11422
ECA1851	g10354
ECA1851	g3013
ECA1851	g7502
ECA1851	g2144
ECA1851	g10304
ECA1851	g18811
ECA1851	g10319
ECA1851	g10337
ECA1851	g10486
ECA1851	g2358
ECA1851	g2357
ECA1851	g18115
ECA1851	g19356
ECA1851	g16868
ECA1851	g14465
ECA1851	g9434
ECA1851	g3685
ECA1851	g15447
ECA1851	g8421
ECA1851	g7524
ECA1851	g3408
ECA1851	g17822
ECA1851	g3356
ECA1851	g2145
ECA1851	g10882
ECA1851	g3689
ECA1851	g2143
ECA1851	g10675
ECA1851	g14230
ECA1851	g3310
ECA1851	g4173
ECA1851	g19506
ECA1851	g3157
ECA1851	g7520
ECA1851	g15859
ECA1851	g10316
ECA1851	g20855
ECA1851	g11436
ECA1851	g10682
ECA1851	g21852
ECA1851	g21098
ECA1851	g3684
ECA1851	g15796
ECA1851	g21102
ECA1851	g3681
ECA1851	g20864
ECA1851	g21100
ECA1851	g14187
ECA1851	g7537
ECA1851	g17088
ECA1851	g10919
ECA1851	g3873
ECA1851	g8556
ECA1851	g10339
ECA1851	g10861
ECA1851	g9714
ECA1851	g10345
ECA1851	g11517
ECA1851	g14459
ECA1851	g8420
ECA1851	g1325
ECA1851	g20157
ECA1851	g20867
ECA1851	g11423
ECA1851	g9988
ECA1851	g10175
ECA1851	g11437
ECA1851	g3662
ECA1851	g20906
ECA1851	g10697
ECA1851	g10359
ECA1851	g8422
ECA1851	g10356
ECA1851	g7263
ECA1851	g22045
ECA1851	g10343
ECA1851	g10349
ECA1851	g14695
ECA1851	g15681
ECA1851	g20854
ECA1851	g7536
ECA1851	g1554
ECA1851	g18810
ECA1851	g10341
ECA1851	g10683
ECA1851	g11434
ECA1851	g21207
ECA1851	g3154
ECA1851	g10351
ECA1851	g7629
ECA1851	g10696
ECA1851	g11648
ECA1851	g9436
ECA1851	g14466
ECA1851	g12667
ECA1851	g12602
ECA1851	g7399
ECA1851	g1491
ECA1851	g1996
ECA1851	g15539
ECA1851	g22046
ECA1851	g1170
ECA1851	g3308
ECA1851	g22935
ECA1851	g9636
ECA1851	g1373
ECA1851	g4272
ECA1851	g22713
ECA1851	g3160
ECA1851	g10676
ECA1851	g9432
ECA1851	g3187
ECA1851	g3337
ECA1851	g17137
ECA1851	g14807
ECA1851	g15679
ECA1851	g19286
ECA1851	g2931
ECA1851	g10678
ECA1851	g12670
ECA1851	g10310
ECA1228	g11074
ECA1228	g4944
ECA1228	g16903
ECA1228	g4531
ECA1228	g7954
ECA1228	g5058
ECA1228	g8949
ECA1228	g15709
ECA1228	g21464
ECA1228	g4007
ECA1228	g4078
ECA1228	g16188
ECA1228	g5242
ECA1228	g16667
ECA1228	g4494
ECA1228	g4517
ECA1228	g14916
ECA1228	g6515
ECA1228	g20219
ECA1228	g4513
ECA1228	g4528
ECA1228	g16446
ECA1228	g12110
ECA1228	g19549
ECA1228	g15459
ECA1228	g15466
ECA1228	g17606
ECA1228	g1007
ECA1228	g9279
ECA1228	g5234
ECA1228	g15278
ECA1228	g9282
ECA1228	g5243
ECA1228	g21576
ECA1228	g4565
ECA1228	g17003
ECA1228	g16147
ECA1228	g5044
ECA1228	g20992
ECA1228	g16439
ECA1228	g4515
ECA1228	g16669
ECA1228	g15228
ECA1228	g5290
ECA1228	g15768
ECA1228	g11076
ECA1228	g14910
ECA1228	g15468
ECA1228	g9285
ECA1228	g15757
ECA1228	g4199
ECA1228	g4679
ECA1228	g16452
ECA1228	g11095
ECA1228	g13759
ECA1228	g15884
ECA1228	g11078
ECA1228	g22041
ECA1228	g4481
ECA1228	g16661
ECA1228	g16675
ECA1228	g20996
ECA1228	g8704
ECA1228	g1644
ECA1228	g16435
ECA1228	g19485
ECA1228	g2715
ECA1228	g21584
ECA1228	g7922
ECA1228	g21114
ECA1228	g8700
ECA1228	g15814
ECA1228	g4927
ECA1228	g15966
ECA1228	g15820
ECA1228	g16211
ECA1228	g18466
ECA1228	g8581
ECA1228	g16443
ECA1228	g2661
ECA1228	g18297
ECA1228	g15479
ECA1228	g21374
ECA1228	g26
ECA1228	g15458
ECA1228	g15465
ECA1228	g7347
ECA1228	g12806
ECA1228	g21373
ECA1228	g21582
ECA1228	g16449
ECA1228	g15837
ECA1228	g10793
ECA1228	g16448
ECA1228	g16606
ECA1228	g19193
ECA1228	g16608
ECA1228	g16909
ECA1228	g5347
ECA1228	g19486
ECA1228	g21356
ECA1228	g4917
ECA1228	g16904
ECA1228	g1768
ECA1228	g17374
ECA1228	g1246
ECA1228	g21681
ECA1228	g11306
ECA1228	g1748
ECA1228	g4928
ECA1228	g21361
ECA1228	g15888
ECA1228	g16429
ECA1228	g11305
ECA1228	g15755
ECA1228	g16905
ECA1228	g15930
ECA1228	g1869
ECA1228	g1981
ECA1228	g19552
ECA1228	g10808
ECA1228	g21108
ECA1228	g15457
ECA1228	g15464
ECA1228	g15441
ECA1228	g5050
ECA1228	g3952
ECA1228	g13794
ECA1228	g4524
ECA1228	g20775
ECA1228	g21371
ECA1228	g3949
ECA1228	g1766
ECA1228	g11283
ECA1228	g4526
ECA1228	g21110
ECA1228	g541
ECA1228	g18707
ECA1228	g15460
ECA1228	g15467
ECA1228	g4588
ECA1228	g15756
ECA1228	g21375
ECA1228	g15456
ECA1228	g15463
ECA1228	g3290
ECA1228	g8701
ECA1228	g15821
ECA1228	g3673
ECA1228	g16441
ECA1228	g7263
ECA1228	g20991
ECA1228	g4427
ECA1228	g20900
ECA1228	g8769
ECA1228	g16434
ECA1228	g4493
ECA1228	g17294
ECA1228	g5049
ECA1228	g169
ECA1228	g5041
ECA1228	g15969
ECA1228	g15461
ECA1228	g3670
ECA1228	g19537
ECA1228	g21107
ECA1228	g15935
ECA1228	g11077
ECA1228	g21262
ECA1228	g20772
ECA1228	g16186
ECA1228	g22054
ECA1228	g16674
ECA1228	g4940
ECA1228	g1779
ECA1228	g3034
ECA1228	g4512
ECA1228	g17373
ECA1228	g19550
ECA1228	g4516
ECA1228	g3291
ECA1228	g219
ECA1228	g21111
ECA1228	g15976
ECA1228	g16187
ECA1228	g11282
ECA1228	g5412
ECA1228	g5339
ECA1228	g11081
ECA1228	g16450
ECA1228	g20949
ECA1228	g15798
ECA1228	g10586
ECA1228	g16444
ECA1228	g21112
ECA1228	g1763
ECA1228	g21085
ECA1228	g3953
ECA1228	g14694
ECA1228	g331
ECA1228	g12185
ECA1228	g12448
ECA1228	g10471
ECA1228	g21031
ECA1228	g248
ECA1228	g17295
ECA1228	g5261
ECA1228	g4527
ECA1228	g16907
ECA1228	g15551
ECA1228	g4520
ECA1228	g10806
ECA1228	g16664
ECA1228	g3505
ECA1228	g16946
ECA1228	g4947
ECA1228	g4941
ECA1228	g1984
ECA1228	g10805
ECA1228	g16436
ECA1228	g4495
ECA1228	g5042
ECA1228	g16906
ECA1228	g4589
ECA1228	g10807
ECA1228	g8582
ECA1228	g21760
ECA1228	g2802
ECA1228	g12085
ECA1228	g3869
ECA1228	g5259
ECA1228	g18615
ECA1228	g4525
ECA1228	g168
ECA1228	g15769
ECA1228	g8404
ECA1228	g11279
ECA1228	g16668
ECA1228	g19551
ECA1228	g3671
ECA1228	g19465
ECA1228	g4529
ECA1228	g21372
ECA1228	g6214
ECA1228	g5392
ECA1228	g15975
ECA1228	g11822
ECA1228	g5056
ECA1228	g11079
ECA1228	g5055
ECA1228	g16454
ECA1228	g18172
ECA1228	g4926
ECA1228	g17376
ECA1228	g14975
ECA1228	g15972
ECA1228	g11080
ECA1228	g247
ECA1228	g5260
ECA1228	g20340
ECA1228	g8036
ECA1228	g2663
ECA1228	g11303
ECA1228	g10879
ECA1228	g16442
ECA1228	g15819
ECA1228	g19332
ECA1228	g22017
ECA1228	g4519
ECA1228	g2005
ECA1228	g4514
ECA1228	g16433
ECA1228	g18359
ECA1228	g5043
ECA1228	g15887
ECA1228	g16666
ECA1228	g5057
ECA1228	g16107
ECA1228	g8770
ECA1228	g10749
ECA1228	g4563
ECA1228	g2801
ECA1228	g4521
ECA1228	g15455
ECA1228	g15462
ECA1228	g16108
ECA1228	g2662
ECA1228	g15929
ECA1228	g4486
ECA1228	g16440
ECA1228	g11094
ECA1228	g15802
ECA1228	g10312
ECA1228	g1509
ECA1228	g7921
ECA1228	g4523
ECA1228	g4322
ECA1228	g16183
ECA1228	g18474
ECA1228	g12805
ECA1228	g11082
ECA1228	g8703
ECA1228	g15932
ECA1228	g16437
ECA1228	g4530
ECA1228	g1764
ECA1228	g16868
ECA1228	g20444
ECA1228	g3948
ECA1228	g9276
ECA1228	g5674
ECA1228	g10857
ECA1228	g1874
ECA1228	g8702
ECA1228	g20773
ECA1228	g4492
ECA1228	g15822
ECA1228	g16438
ECA1228	g1870
ECA1228	g1769
ECA1228	g3669
ECA1228	g4388
ECA1228	g5047
ECA1228	g19464
ECA1228	g14873
ECA1228	g16673
ECA1228	g16451
ECA1228	g1767
ECA1228	g9280
ECA1228	g15774
ECA1228	g18476
ECA1228	g21113
ECA1228	g11213
ECA1228	g19686
ECA1228	g5478
ECA1228	g4680
ECA1228	g3672
ECA1228	g4916
ECA1228	g4392
ECA1228	g16996
ECA1228	g21109
ECA1228	g15818
ECA1228	g20950
ECA1228	g21924
ECA2968	g12157
ECA2968	g3046
ECA2968	g9123
ECA2968	g19156
ECA2968	g500
ECA2968	g3110
ECA2968	g12638
ECA2968	g17608
ECA2968	g3007
ECA2968	g2518
ECA2968	g12825
ECA2968	g3054
ECA2968	g17256
ECA2968	g14167
ECA2968	g18538
ECA2968	g14424
ECA2968	g12863
ECA2968	g3013
ECA2968	g5434
ECA2968	g6006
ECA2968	g3019
ECA2968	g12645
ECA2968	g18336
ECA2968	g7960
ECA2968	g18328
ECA2968	g167
ECA2968	g13972
ECA2968	g2832
ECA2968	g5499
ECA2968	g22731
ECA2968	g12507
ECA2968	g394
ECA2968	g18883
ECA2968	g22937
ECA2968	g11911
ECA2968	g12562
ECA2968	g3049
ECA2968	g14172
ECA2968	g11960
ECA2968	g12647
ECA2968	g18534
ECA2968	g12860
ECA2968	g11565
ECA2968	g6012
ECA2968	g18530
ECA2968	g12450
ECA2968	g13479
ECA2968	g2718
ECA2968	g12494
ECA2968	g3204
ECA2968	g12156
ECA2968	g12462
ECA2968	g10447
ECA2968	g12155
ECA2968	g16388
ECA2968	g17616
ECA2968	g18533
ECA2968	g5435
ECA2968	g14752
ECA2968	g17380
ECA2968	g3556
ECA2968	g1226
ECA2968	g13904
ECA2968	g5431
ECA2968	g14169
ECA2968	g12151
ECA2968	g17839
ECA2968	g13611
ECA2968	g18647
ECA2968	g12865
ECA2968	g12635
ECA2968	g3867
ECA2968	g3014
ECA2968	g14425
ECA2968	g503
ECA2968	g7072
ECA2968	g18646
ECA2968	g5310
ECA2968	g8815
ECA2968	g7569
ECA2968	g2590
ECA2968	g12784
ECA2968	g3044
ECA2968	g7554
ECA2968	g12783
ECA2968	g5311
ECA2968	g7508
ECA2968	g18539
ECA2968	g22312
ECA2968	g18537
ECA2968	g18224
ECA2968	g3018
ECA2968	g17114
ECA2968	g22333
ECA2968	g13476
ECA2968	g19915
ECA2968	g5501
ECA2968	g13473
ECA2968	g22313
ECA2968	g4760
ECA2968	g13161
ECA2968	g17953
ECA2968	g17374
ECA2968	g1175
ECA2968	g3708
ECA2968	g18535
ECA2968	g12604
ECA2968	g18217
ECA2968	g14423
ECA2968	g270
ECA2968	g2452
ECA2968	g18536
ECA2968	g18532
ECA2968	g14750
ECA2968	g17379
ECA2968	g3016
ECA2968	g2449
ECA2968	g1311
ECA2968	g16539
ECA2968	g13892
ECA2968	g13971
ECA2968	g3052
ECA2968	g18831
ECA2968	g13266
ECA2968	g4074
ECA2968	g524
ECA2968	g3109
ECA2968	g3042
ECA2968	g12522
ECA2968	g299
ECA2968	g18648
ECA2968	g17384
ECA2968	g1796
ECA2968	g5432
ECA2968	g2178
ECA2968	g19829
ECA2968	g3022
ECA2968	g16093
ECA2968	g15281
ECA2968	g14448
ECA2968	g22401
ECA2968	g12509
ECA2968	g8045
ECA2968	g14541
ECA2968	g13894
ECA2968	g12461
ECA2968	g12136
ECA2968	g3782
ECA2968	g15200
ECA2968	g21239
ECA2968	g22397
ECA2968	g18529
ECA2968	g3559
ECA2968	g389
ECA2968	g22400
ECA2968	g4521
ECA2968	g11395
ECA2968	g3547
ECA2968	g3087
ECA2968	g14753
ECA2968	g12565
ECA2968	g14420
ECA2968	g17615
ECA2968	g14170
ECA2968	g3021
ECA2968	g1542
ECA2968	g3023
ECA2968	g16281
ECA2968	g14171
ECA2968	g3562
ECA2968	g11607
ECA2968	g22332
ECA2968	g13994
ECA2968	g1797
ECA2968	g18531
ECA2968	g3756
ECA2968	g3085
ECA2968	g14376
ECA2968	g15278
ECA2968	g21171
ECA2968	g10486
ECA2968	g5433
ECA2968	g13475
ECA2968	g18528
ECA2968	g13374
ECA2968	g14173
ECA2968	g3047
ECA2968	g12508
ECA2968	g13274
ECA2968	g19064
ECA2968	g3045
ECA2968	g5494
ECA2968	g22732
ECA2968	g19795
ECA2968	g6009
ECA2968	g7343
ECA2968	g12153
ECA2968	g20259
ECA2968	g5500
ECA2968	g5495
ECA2968	g17947
ECA2968	g2453
ECA2968	g13998
ECA2968	g1174
ECA2968	g12642
ECA2968	g14503
ECA2968	g12247
ECA2968	g22535
ECA2968	g15201
ECA2968	g18316
ECA2968	g3781
ECA2968	g13995
ECA2968	g17806
ECA2968	g22892
ECA2968	g17605
ECA2968	g18631
ECA2968	g7566
ECA2968	g2943
ECA2968	g17381
ECA2968	g22398
ECA2968	g3053
ECA2968	g17846
ECA2968	g14164
ECA2968	g14540
ECA2968	g7568
ECA2968	g17383
ECA2968	g13893
ECA2968	g20874
ECA2968	g18657
ECA2968	g3707
ECA2968	g13084
ECA2968	g12496
ECA2968	g18329
ECA2968	g18155
ECA2968	g17848
ECA2968	g2375
ECA2968	g21145
ECA2968	g3057
ECA2968	g17609
ECA2968	g2180
ECA2968	g18317
ECA2968	g18174
ECA2968	g390
ECA2968	g22399
ECA2968	g12506
ECA2968	g16663
ECA2968	g17386
ECA2968	g13933
ECA2968	g14168
ECA2968	g12448
ECA2968	g21489
ECA2968	g5680
ECA2968	g18884
ECA2968	g14048
ECA2968	g2179
ECA2968	g14166
ECA2968	g11660
ECA2968	g16954
ECA2968	g3017
ECA2968	g14419
ECA2968	g18658
ECA2968	g1310
ECA2968	g3015
ECA2968	g5496
ECA2968	g12864
ECA2968	g12154
ECA2968	g17378
ECA2968	g12824
ECA2968	g290
ECA2968	g12564
ECA2968	g17607
ECA2968	g12606
ECA2968	g17385
ECA2968	g13474
ECA2968	g17602
ECA2968	g21845
ECA2968	g3020
ECA2968	g288
ECA2968	g12603
ECA2968	g3252
ECA2968	g17610
ECA2968	g7553
ECA2968	g1173
ECA2968	g2901
ECA2968	g17841
ECA2968	g2181
ECA2968	g3043
ECA2968	g14422
ECA2968	g14421
ECA2968	g14151
ECA2968	g3000
ECA2968	g15279
ECA2968	g17540
ECA2968	g42
ECA2968	g21846
ECA2968	g17389
ECA2968	g17387
ECA2968	g12449
ECA2968	g3048
ECA2968	g16396
ECA2968	g19796
ECA2968	g16398
ECA2968	g14609
ECA2968	g2448
ECA2968	g17843
ECA2968	g17382
ECA2968	g3056
ECA2968	g18963
ECA2968	g14152
ECA2968	g6003
ECA2968	g3055
ECA2968	g22385
ECA2968	g9666
ECA2968	g2182
ECA2968	g5510
ECA2968	g17388
ECA2968	g13265
ECA2968	g22938
ECA2968	g5509
ECA2968	g12150
ECA2968	g3051
ECA2968	g7615
ECA2968	g6007
ECA2968	g18277
ECA2968	g16219
ECA2968	g2897
ECA2968	g3050
ECA2968	g5121
ECA2968	g17614
ECA2968	g14535
ECA2968	g12404
ECA2968	g7567
ECA2968	g12646
ECA2968	g17842
ECA2968	g12467
ECA2968	g12609
ECA2968	g18632
ECA2968	g289
ECA2968	g15515
ECA2968	g18090
ECA2968	g3205
ECA2968	g11601
ECA2968	g287
ECA1761	g23
ECA1761	g2482
ECA1761	g2694
ECA1761	g20735
ECA1761	g5289
ECA1761	g3864
ECA1761	g12552
ECA1761	g22062
ECA1761	g13184
ECA1761	g7728
ECA1761	g1665
ECA1761	g7840
ECA1761	g19484
ECA1761	g21715
ECA1761	g22692
ECA1761	g4622
ECA1761	g12556
ECA1761	g21720
ECA1761	g21097
ECA1761	g8066
ECA1761	g12008
ECA1761	g17661
ECA1761	g20291
ECA1761	g12749
ECA1761	g6184
ECA1761	g21729
ECA1761	g4265
ECA1761	g21986
ECA1761	g22107
ECA1761	g9496
ECA1761	g20010
ECA1761	g17610
ECA1761	g19481
ECA1761	g12314
ECA1761	g20293
ECA1761	g5853
ECA1761	g3356
ECA1761	g4400
ECA1761	g12002
ECA1761	g19474
ECA1761	g2824
ECA1761	g21712
ECA1761	g20411
ECA1761	g17153
ECA1761	g20399
ECA1761	g21717
ECA1761	g20732
ECA1761	g16089
ECA1761	g2683
ECA1761	g14496
ECA1761	g21728
ECA1761	g12514
ECA1761	g4488
ECA1761	g4775
ECA1761	g5604
ECA1761	g20727
ECA1761	g20724
ECA1761	g1178
ECA1761	g22884
ECA1761	g20245
ECA1761	g3949
ECA1761	g12644
ECA1761	g5602
ECA1761	g21984
ECA1761	g16259
ECA1761	g496
ECA1761	g19475
ECA1761	g20218
ECA1761	g2479
ECA1761	g21688
ECA1761	g19482
ECA1761	g20336
ECA1761	g12800
ECA1761	g5481
ECA1761	g22887
ECA1761	g2820
ECA1761	g20354
ECA1761	g20351
ECA1761	g20013
ECA1761	g495
ECA1761	g20006
ECA1761	g21710
ECA1761	g5482
ECA1761	g2593
ECA1761	g20003
ECA1761	g20004
ECA1761	g13255
ECA1761	g21762
ECA1761	g20001
ECA1761	g3401
ECA1761	g12892
ECA1761	g22521
ECA1761	g22818
ECA1761	g19485
ECA1761	g21672
ECA1761	g3680
ECA1761	g21136
ECA1761	g2595
ECA1761	g18688
ECA1761	g20754
ECA1761	g20731
ECA1761	g20290
ECA1761	g10169
ECA1761	g9193
ECA1761	g17691
ECA1761	g3678
ECA1761	g777
ECA1761	g1808
ECA1761	g21730
ECA1761	g20244
ECA1761	g3416
ECA1761	g21987
ECA1761	g12819
ECA1761	g19473
ECA1761	g12553
ECA1761	g12557
ECA1761	g16365
ECA1761	g2696
ECA1761	g4973
ECA1761	g2992
ECA1761	g13879
ECA1761	g14141
ECA1761	g2589
ECA1761	g21711
ECA1761	g17690
ECA1761	g19646
ECA1761	g12745
ECA1761	g2990
ECA1761	g19480
ECA1761	g22108
ECA1761	g22772
ECA1761	g10046
ECA1761	g17973
ECA1761	g21721
ECA1761	g2458
ECA1761	g421
ECA1761	g4403
ECA1761	g499
ECA1761	g20412
ECA1761	g19489
ECA1761	g12643
ECA1761	g6181
ECA1761	g1179
ECA1761	g13169
ECA1761	g10134
ECA1761	g2698
ECA1761	g10743
ECA1761	g10827
ECA1761	g13172
ECA1761	g8260
ECA1761	g21158
ECA1761	g21724
ECA1761	g21059
ECA1761	g5605
ECA1761	g12509
ECA1761	g22879
ECA1761	g6187
ECA1761	g21988
ECA1761	g7410
ECA1761	g20240
ECA1761	g3676
ECA1761	g21689
ECA1761	g2993
ECA1761	g3799
ECA1761	g21135
ECA1761	g3959
ECA1761	g21686
ECA1761	g1433
ECA1761	g8067
ECA1761	g20007
ECA1761	g12543
ECA1761	g22769
ECA1761	g12555
ECA1761	g13235
ECA1761	g22628
ECA1761	g22770
ECA1761	g20352
ECA1761	g20353
ECA1761	g21718
ECA1761	g16474
ECA1761	g20400
ECA1761	g21678
ECA1761	g21829
ECA1761	g21822
ECA1761	g19681
ECA1761	g7843
ECA1761	g15344
ECA1761	g20369
ECA1761	g21685
ECA1761	g21716
ECA1761	g19478
ECA1761	g572
ECA1761	g21722
ECA1761	g22652
ECA1761	g7524
ECA1761	g13171
ECA1761	g7845
ECA1761	g7250
ECA1761	g21985
ECA1761	g6185
ECA1761	g20011
ECA1761	g3860
ECA1761	g12551
ECA1761	g3679
ECA1761	g17772
ECA1761	g20633
ECA1761	g6189
ECA1761	g7878
ECA1761	g7721
ECA1761	g21725
ECA1761	g22882
ECA1761	g952
ECA1761	g3413
ECA1761	g3414
ECA1761	g3948
ECA1761	g12512
ECA1761	g20005
ECA1761	g22103
ECA1761	g21784
ECA1761	g13234
ECA1761	g3415
ECA1761	g19477
ECA1761	g10168
ECA1761	g3960
ECA1761	g7838
ECA1761	g4802
ECA1761	g21719
ECA1761	g21058
ECA1761	g14860
ECA1761	g21679
ECA1761	g12513
ECA1761	g21708
ECA1761	g3486
ECA1761	g22193
ECA1761	g22192
ECA1761	g17609
ECA1761	g20002
ECA1761	g22691
ECA1761	g21723
ECA1761	g22886
ECA1761	g778
ECA1761	g20015
ECA1761	g5668
ECA1761	g20734
ECA1761	g15848
ECA1761	g1750
ECA1761	g4629
ECA1761	g5606
ECA1761	g20464
ECA1761	g20209
ECA1761	g19
ECA1761	g21709
ECA1761	g21683
ECA1761	g20413
ECA1761	g101
ECA1761	g3884
ECA1761	g20000
ECA1761	g20738
ECA1761	g21713
ECA1761	g3674
ECA1761	g12508
ECA1761	g7842
ECA1761	g20367
ECA1761	g12064
ECA1761	g13035
ECA1761	g20212
ECA1761	g5669
ECA1761	g7800
ECA1761	g8134
ECA1761	g21684
ECA1761	g3681
ECA1761	g19476
ECA1761	g21680
ECA1761	g22629
ECA1761	g21599
ECA1761	g20118
ECA1761	g220
ECA1761	g20733
ECA1761	g1807
ECA1761	g8071
ECA1761	g20728
ECA1761	g20730
ECA1761	g5603
ECA1761	g3921
ECA1761	g20927
ECA1761	g1666
ECA1761	g21785
ECA1761	g3863
ECA1761	g2695
ECA1761	g12642
ECA1761	g14240
ECA1761	g4722
ECA1761	g21714
ECA1761	g8068
ECA1761	g21982
ECA1761	g21983
ECA1761	g20711
ECA1761	g2713
ECA1761	g21726
ECA1761	g3696
ECA1761	g21667
ECA1761	g12542
ECA1761	g16082
ECA1761	g14859
ECA1761	g4621
ECA1761	g11794
ECA1761	g2699
ECA1761	g3682
ECA1761	g14167
ECA1761	g21681
ECA1761	g12696
ECA1761	g19483
ECA1761	g21682
ECA1761	g500
ECA1761	g3695
ECA1761	g776
ECA1761	g19479
ECA1761	g22885
ECA1761	g21825
ECA1761	g21832
ECA1761	g15941
ECA1761	g20365
ECA1761	g3463
ECA1761	g2693
ECA1761	g21759
ECA1761	g18953
ECA1761	g11965
ECA1761	g20215
ECA1761	g3675
ECA1761	g20242
ECA1761	g20394
ECA1761	g15207
ECA1761	g16080
ECA1761	g18445
ECA1761	g22010
ECA1761	g13254
ECA1761	g13170
ECA1761	g21137
ECA1761	g3677
ECA1761	g21687
ECA1761	g21707
ECA1761	g779
ECA2109	g4983
ECA2109	g18398
ECA2109	g5356
ECA2109	g1951
ECA2109	g21690
ECA2109	g4847
ECA2109	g11000
ECA2109	g14847
ECA2109	g21441
ECA2109	g21332
ECA2109	g5591
ECA2109	g20867
ECA2109	g18690
ECA2109	g4848
ECA2109	g11672
ECA2109	g20875
ECA2109	g14717
ECA2109	g490
ECA2109	g15384
ECA2109	g6054
ECA2109	g2082
ECA2109	g2293
ECA2109	g6014
ECA2109	g15673
ECA2109	g4871
ECA2109	g5366
ECA2109	g7297
ECA2109	g5214
ECA2109	g4887
ECA2109	g6308
ECA2109	g17510
ECA2109	g14538
ECA2109	g21616
ECA2109	g5558
ECA2109	g4845
ECA2109	g15489
ECA2109	g21734
ECA2109	g3802
ECA2109	g12733
ECA2109	g4842
ECA2109	g15874
ECA2109	g4888
ECA2109	g20870
ECA2109	g5585
ECA2109	g6989
ECA2109	g5589
ECA2109	g6310
ECA2109	g17842
ECA2109	g3581
ECA2109	g16172
ECA2109	g7304
ECA2109	g2296
ECA2109	g6427
ECA2109	g4875
ECA2109	g4866
ECA2109	g6415
ECA2109	g5587
ECA2109	g6751
ECA2109	g19878
ECA2109	g2061
ECA2109	g10086
ECA2109	g4760
ECA2109	g18079
ECA2109	g5355
ECA2109	g6743
ECA2109	g6746
ECA2109	g3008
ECA2109	g5549
ECA2109	g21098
ECA2109	g6264
ECA2109	g660
ECA2109	g22487
ECA2109	g21614
ECA2109	g1957
ECA2109	g4254
ECA2109	g441
ECA2109	g20876
ECA2109	g1297
ECA2109	g6237
ECA2109	g20869
ECA2109	g6352
ECA2109	g5365
ECA2109	g5110
ECA2109	g18207
ECA2109	g15396
ECA2109	g6410
ECA2109	g21101
ECA2109	g6015
ECA2109	g6370
ECA2109	g15484
ECA2109	g3093
ECA2109	g13848
ECA2109	g2063
ECA2109	g5551
ECA2109	g14726
ECA2109	g4255
ECA2109	g21108
ECA2109	g10929
ECA2109	g4849
ECA2109	g5019
ECA2109	g5362
ECA2109	g21035
ECA2109	g20866
ECA2109	g17505
ECA2109	g14948
ECA2109	g2182
ECA2109	g1553
ECA2109	g4885
ECA2109	g14612
ECA2109	g6771
ECA2109	g14931
ECA2109	g6750
ECA2109	g6307
ECA2109	g12429
ECA2109	g13285
ECA2109	g2078
ECA2109	g6263
ECA2109	g15947
ECA2109	g21617
ECA2109	g5091
ECA2109	g20878
ECA2109	g16007
ECA2109	g3976
ECA2109	g19000
ECA2109	g21971
ECA2109	g5354
ECA2109	g9736
ECA2109	g8422
ECA2109	g5166
ECA2109	g21969
ECA2109	g20871
ECA2109	g21735
ECA2109	g18771
ECA2109	g21615
ECA2109	g2318
ECA2109	g6428
ECA2109	g4924
ECA2109	g20862
ECA2109	g3974
ECA2109	g3582
ECA2109	g14456
ECA2109	g6261
ECA2109	g13761
ECA2109	g11012
ECA2109	g18206
ECA2109	g4886
ECA2109	g18016
ECA2109	g4926
ECA2109	g4890
ECA2109	g19578
ECA2109	g15962
ECA2109	g5251
ECA2109	g18080
ECA2109	g2183
ECA2109	g21093
ECA2109	g21618
ECA2109	g15462
ECA2109	g21730
ECA2109	g11015
ECA2109	g16290
ECA2109	g6259
ECA2109	g11014
ECA2109	g15676
ECA2109	g4322
ECA2109	g14932
ECA2109	g4829
ECA2109	g21972
ECA2109	g15674
ECA2109	g15552
ECA2109	g15463
ECA2109	g6016
ECA2109	g21107
ECA2109	g15677
ECA2109	g3328
ECA2109	g2083
ECA2109	g18768
ECA2109	g5588
ECA2109	g10949
ECA2109	g18769
ECA2109	g2084
ECA2109	g5249
ECA2109	g6369
ECA2109	g6368
ECA2109	g15671
ECA2109	g4840
ECA2109	g6367
ECA2109	g4832
ECA2109	g6416
ECA2109	g15382
ECA2109	g14928
ECA2109	g8457
ECA2109	g21329
ECA2109	g20621
ECA2109	g6385
ECA2109	g18084
ECA2109	g11788
ECA2109	g20873
ECA2109	g20877
ECA2109	g5557
ECA2109	g15464
ECA2109	g6019
ECA2109	g21327
ECA2109	g16449
ECA2109	g11150
ECA2109	g5163
ECA2109	g15679
ECA2109	g6649
ECA2109	g15658
ECA2109	g4893
ECA2109	g4883
ECA2109	g21292
ECA2109	g4250
ECA2109	g21096
ECA2109	g15950
ECA2109	g15949
ECA2109	g4946
ECA2109	g10950
ECA2109	g15948
ECA2109	g20874
ECA2109	g15383
ECA2109	g21334
ECA2109	g18015
ECA2109	g2060
ECA2109	g6754
ECA2109	g440
ECA2109	g10449
ECA2109	g4867
ECA2109	g4876
ECA2109	g18083
ECA2109	g21819
ECA2109	g21818
ECA2109	g6089
ECA2109	g18689
ECA2109	g21100
ECA2109	g4844
ECA2109	g3975
ECA2109	g4892
ECA2109	g6753
ECA2109	g18082
ECA2109	g20118
ECA2109	g835
ECA2109	g2958
ECA2109	g6480
ECA2109	g4843
ECA2109	g15425
ECA2109	g9470
ECA2109	g6429
ECA2109	g14929
ECA2109	g6757
ECA2109	g21330
ECA2109	g6383
ECA2109	g7240
ECA2109	g6231
ECA2109	g2077
ECA2109	g15896
ECA2109	g19705
ECA2109	g15675
ECA2109	g5598
ECA2109	g20872
ECA2109	g4891
ECA2109	g5361
ECA2109	g6752
ECA2109	g17507
ECA2109	g4884
ECA2109	g19768
ECA2109	g6747
ECA2109	g5357
ECA2109	g4515
ECA2109	g6749
ECA2109	g6090
ECA2109	g5359
ECA2109	g2094
ECA2109	g513
ECA2109	g6940
ECA2109	g3092
ECA2109	g4947
ECA2109	g4251
ECA2109	g2959
ECA2109	g9836
ECA2109	g21106
ECA2109	g2957
ECA2109	g22861
ECA2109	g21612
ECA2109	g21371
ECA2109	g21613
ECA2109	g4710
ECA2109	g6731
ECA2109	g5550
ECA2109	g4846
ECA2109	g600
ECA2109	g1820
ECA2109	g14423
ECA2109	g5586
ECA2109	g19886
ECA2109	g5599
ECA2109	g4889
ECA2109	g2093
ECA2109	g10448
ECA2109	g15077
ECA2109	g7511
ECA2109	g14942
ECA2109	g14930
ECA2109	g9762
ECA2109	g5250
ECA2109	g6228
ECA2109	g20868
ECA2109	g2187
ECA2109	g11890
ECA2109	g514
ECA2109	g15659
ECA2109	g4878
ECA2109	g4869
ECA2109	g11013
ECA2109	g14718
ECA2109	g3977
ECA2109	g21099
ECA2109	g4839
ECA2109	g1127
ECA2109	g20026
ECA2109	g14422
ECA2109	g6381
ECA2109	g15672
ECA2109	g4636
ECA2109	g4880
ECA2109	g4175
ECA2109	g2081
ECA2109	g7341
ECA2109	g5777
ECA2109	g6055
ECA2109	g17513
ECA2109	g15486
ECA2109	g6234
ECA2109	g4841
ECA2109	g3973
ECA2109	g5836
ECA2109	g4717
ECA2109	g4870
ECA2109	g4879
ECA2109	g20759
ECA2109	g19888
ECA2109	g21640
ECA2109	g10930
ECA2336	g7496
ECA2336	g17378
ECA2336	g908
ECA2336	g20991
ECA2336	g12779
ECA2336	g6494
ECA2336	g22300
ECA2336	g374
ECA2336	g21939
ECA2336	g7368
ECA2336	g11703
ECA2336	g15666
ECA2336	g185
ECA2336	g6493
ECA2336	g22055
ECA2336	g17383
ECA2336	g19562
ECA2336	g7369
ECA2336	g12380
ECA2336	g17375
ECA2336	g6497
ECA2336	g16193
ECA2336	g16195
ECA2336	g184
ECA2336	g16484
ECA2336	g22290
ECA2336	g16822
ECA2336	g1459
ECA2336	g385
ECA2336	g22438
ECA2336	g7400
ECA2336	g1675
ECA2336	g13670
ECA2336	g15577
ECA2336	g22009
ECA2336	g415
ECA2336	g458
ECA2336	g7395
ECA2336	g7366
ECA2336	g16301
ECA2336	g8263
ECA2336	g525
ECA2336	g21652
ECA2336	g572
ECA2336	g7363
ECA2336	g407
ECA2336	g16683
ECA2336	g7401
ECA2336	g2924
ECA2336	g17380
ECA2336	g22061
ECA2336	g1148
ECA2336	g13334
ECA2336	g15005
ECA2336	g1466
ECA2336	g583
ECA2336	g7387
ECA2336	g571
ECA2336	g22059
ECA2336	g20351
ECA2336	g905
ECA2336	g18376
ECA2336	g4577
ECA2336	g22091
ECA2336	g10793
ECA2336	g7282
ECA2336	g13091
ECA2336	g15399
ECA2336	g22301
ECA2336	g381
ECA2336	g894
ECA2336	g897
ECA2336	g900
ECA2336	g6096
ECA2336	g22099
ECA2336	g17150
ECA2336	g21854
ECA2336	g3140
ECA2336	g21023
ECA2336	g6771
ECA2336	g4545
ECA2336	g17374
ECA2336	g4778
ECA2336	g17381
ECA2336	g22291
ECA2336	g22544
ECA2336	g12965
ECA2336	g17147
ECA2336	g22097
ECA2336	g9423
ECA2336	g22008
ECA2336	g4566
ECA2336	g15369
ECA2336	g15172
ECA2336	g4666
ECA2336	g6772
ECA2336	g17140
ECA2336	g11631
ECA2336	g7370
ECA2336	g145
ECA2336	g22635
ECA2336	g22294
ECA2336	g17214
ECA2336	g17384
ECA2336	g13675
ECA2336	g22401
ECA2336	g15766
ECA2336	g22090
ECA2336	g17382
ECA2336	g4046
ECA2336	g7398
ECA2336	g189
ECA2336	g927
ECA2336	g15749
ECA2336	g904
ECA2336	g457
ECA2336	g8567
ECA2336	g16915
ECA2336	g15231
ECA2336	g22563
ECA2336	g17372
ECA2336	g3000
ECA2336	g21651
ECA2336	g15450
ECA2336	g4564
ECA2336	g22011
ECA2336	g19253
ECA2336	g22302
ECA2336	g10432
ECA2336	g22486
ECA2336	g17379
ECA2336	g19482
ECA2336	g21799
ECA2336	g21796
ECA2336	g4803
ECA2336	g509
ECA2336	g584
ECA2336	g536
ECA2336	g7437
ECA2336	g17388
ECA2336	g2974
ECA2336	g4562
ECA2336	g523
ECA2336	g9339
ECA2336	g11715
ECA2336	g12966
ECA2336	g16914
ECA2336	g7399
ECA2336	g13155
ECA2336	g7439
ECA2336	g7403
ECA2336	g18675
ECA2336	g15216
ECA2336	g222
ECA2336	g13090
ECA2336	g17155
ECA2336	g16274
ECA2336	g11718
ECA2336	g4665
ECA2336	g14889
ECA2336	g11717
ECA2336	g16487
ECA2336	g6839
ECA2336	g15750
ECA2336	g21986
ECA2336	g7351
ECA2336	g16485
ECA2336	g16365
ECA2336	g21853
ECA2336	g16275
ECA2336	g460
ECA2336	g17141
ECA2336	g16873
ECA2336	g21901
ECA2336	g4437
ECA2336	g16488
ECA2336	g19485
ECA2336	g11651
ECA2336	g19484
ECA2336	g22403
ECA2336	g16482
ECA2336	g7361
ECA2336	g7354
ECA2336	g20391
ECA2336	g22007
ECA2336	g15746
ECA2336	g4311
ECA2336	g17632
ECA2336	g524
ECA2336	g13086
ECA2336	g12514
ECA2336	g17377
ECA2336	g17373
ECA2336	g16276
ECA2336	g7239
ECA2336	g20562
ECA2336	g16918
ECA2336	g14730
ECA2336	g6095
ECA2336	g22489
ECA2336	g21888
ECA2336	g21895
ECA2336	g16489
ECA2336	g803
ECA2336	g16469
ECA2336	g7406
ECA2336	g16950
ECA2336	g6767
ECA2336	g17152
ECA2336	g4775
ECA2336	g15228
ECA2336	g15229
ECA2336	g7460
ECA2336	g11652
ECA2336	g21649
ECA2336	g15230
ECA2336	g17376
ECA2336	g16194
ECA2336	g13156
ECA2336	g22012
ECA2336	g11154
ECA2336	g11155
ECA2336	g7388
ECA2336	g13087
ECA2336	g2923
ECA2336	g19563
ECA2336	g17148
ECA2336	g7365
ECA2336	g7405
ECA2336	g22058
ECA2336	g907
ECA2336	g13088
ECA2336	g18137
ECA2336	g5522
ECA2336	g526
ECA2336	g7364
ECA2336	g16237
ECA2336	g375
ECA2336	g10167
ECA2336	g4567
ECA2336	g585
ECA2336	g15747
ECA2336	g911
ECA2336	g22013
ECA2336	g21896
ECA2336	g414
ECA2336	g16916
ECA2336	g1403
ECA2336	g378
ECA2336	g15282
ECA2336	g5607
ECA2336	g18547
ECA2336	g16486
ECA2336	g6496
ECA2336	g22048
ECA2336	g20908
ECA2336	g6317
ECA2336	g7404
ECA2336	g142
ECA2336	g22295
ECA2336	g906
ECA2336	g13673
ECA2336	g15568
ECA2336	g7397
ECA2336	g16913
ECA2336	g18484
ECA2336	g901
ECA2336	g898
ECA2336	g22299
ECA2336	g7034
ECA2336	g903
ECA2336	g22057
ECA2336	g115
ECA2336	g223
ECA2336	g22297
ECA2336	g630
ECA2336	g540
ECA2336	g4670
ECA2336	g1098
ECA2336	g5606
ECA2336	g7461
ECA2336	g6768
ECA2336	g10533
ECA2336	g17142
ECA2336	g7232
ECA2336	g883
ECA2336	g22098
ECA2336	g7367
ECA2336	g4547
ECA2336	g3079
ECA2336	g5467
ECA2336	g3329
ECA2336	g21024
ECA2336	g22060
ECA2336	g7396
ECA2336	g2999
ECA2336	g18369
ECA2336	g22047
ECA2336	g7402
ECA2336	g15892
ECA2336	g15567
ECA2336	g3804
ECA2336	g4561
ECA2336	g15760
ECA2336	g16296
ECA2336	g15748
ECA2336	g10458
ECA2336	g22402
ECA2336	g12615
ECA2336	g16470
ECA2336	g7390
ECA2336	g11716
ECA2336	g7714
ECA2336	g139
ECA2336	g6495
ECA2336	g4442
ECA2336	g17149
ECA2336	g5837
ECA2336	g7360
ECA2336	g4565
ECA2336	g5466
ECA2336	g3628
ECA2336	g18229
ECA2336	g2781
ECA2336	g16483
ECA2336	g7159
ECA2336	g7392
ECA2336	g6691
ECA2336	g1503
ECA2336	g11853
ECA2336	g22829
ECA2336	g13667
ECA2336	g16298
ECA2336	g7362
ECA2336	g566
ECA2336	g22888
ECA2336	g7391
ECA2336	g17492
ECA2336	g18367
ECA2336	g11632
ECA2336	g22010
ECA2336	g16911
ECA2948	g18357
ECA2948	g20425
ECA2948	g22412
ECA2948	g16673
ECA2948	g22528
ECA2948	g14933
ECA2948	g8698
ECA2948	g19603
ECA2948	g3625
ECA2948	g5608
ECA2948	g5614
ECA2948	g3997
ECA2948	g20614
ECA2948	g14013
ECA2948	g14230
ECA2948	g6949
ECA2948	g18076
ECA2948	g17501
ECA2948	g19911
ECA2948	g3594
ECA2948	g15657
ECA2948	g7219
ECA2948	g20260
ECA2948	g5617
ECA2948	g4313
ECA2948	g14580
ECA2948	g5620
ECA2948	g4321
ECA2948	g3592
ECA2948	g20383
ECA2948	g4365
ECA2948	g9882
ECA2948	g20392
ECA2948	g19908
ECA2948	g21897
ECA2948	g3986
ECA2948	g9930
ECA2948	g14710
ECA2948	g14009
ECA2948	g4329
ECA2948	g19913
ECA2948	g18950
ECA2948	g5623
ECA2948	g11390
ECA2948	g4713
ECA2948	g20256
ECA2948	g820
ECA2948	g18082
ECA2948	g18934
ECA2948	g14799
ECA2948	g5029
ECA2948	g15084
ECA2948	g20418
ECA2948	g17503
ECA2948	g18882
ECA2948	g2325
ECA2948	g18390
ECA2948	g5025
ECA2948	g22527
ECA2948	g2999
ECA2948	g4113
ECA2948	g17513
ECA2948	g3996
ECA2948	g17502
ECA2948	g3590
ECA2948	g14015
ECA2948	g10235
ECA2948	g14208
ECA2948	g1021
ECA2948	g16523
ECA2948	g3620
ECA2948	g3626
ECA2948	g4483
ECA2948	g4905
ECA2948	g16350
ECA2948	g20338
ECA2948	g7363
ECA2948	g3579
ECA2948	g3633
ECA2948	g19910
ECA2948	g9550
ECA2948	g13518
ECA2948	g809
ECA2948	g4906
ECA2948	g908
ECA2948	g17517
ECA2948	g3000
ECA2948	g14209
ECA2948	g20653
ECA2948	g4575
ECA2948	g17249
ECA2948	g17681
ECA2948	g20414
ECA2948	g18883
ECA2948	g7364
ECA2948	g4106
ECA2948	g19906
ECA2948	g18935
ECA2948	g2996
ECA2948	g15427
ECA2948	g293
ECA2948	g20610
ECA2948	g19889
ECA2948	g20339
ECA2948	g17497
ECA2948	g21814
ECA2948	g3621
ECA2948	g17971
ECA2948	g17972
ECA2948	g17740
ECA2948	g7171
ECA2948	g4502
ECA2948	g2544
ECA2948	g7110
ECA2948	g807
ECA2948	g17515
ECA2948	g17516
ECA2948	g4114
ECA2948	g12788
ECA2948	g2712
ECA2948	g21815
ECA2948	g7361
ECA2948	g3634
ECA2948	g21532
ECA2948	g1048
ECA2948	g19912
ECA2948	g14713
ECA2948	g20212
ECA2948	g17741
ECA2948	g3631
ECA2948	g19675
ECA2948	g17511
ECA2948	g3065
ECA2948	g5026
ECA2948	g805
ECA2948	g4009
ECA2948	g9462
ECA2948	g19909
ECA2948	g17520
ECA2948	g5099
ECA2948	g3664
ECA2948	g3616
ECA2948	g3622
ECA2948	g15348
ECA2948	g17749
ECA2948	g20578
ECA2948	g5028
ECA2948	g12889
ECA2948	g22523
ECA2948	g3720
ECA2948	g22045
ECA2948	g10448
ECA2948	g22059
ECA2948	g3578
ECA2948	g14145
ECA2948	g4112
ECA2948	g20336
ECA2948	g14296
ECA2948	g679
ECA2948	g21898
ECA2948	g22348
ECA2948	g22041
ECA2948	g15426
ECA2948	g22526
ECA2948	g14284
ECA2948	g20273
ECA2948	g20274
ECA2948	g3623
ECA2948	g17521
ECA2948	g21845
ECA2948	g11349
ECA2948	g5027
ECA2948	g18017
ECA2948	g555
ECA2948	g22050
ECA2948	g3595
ECA2948	g22452
ECA2948	g14014
ECA2948	g4100
ECA2948	g3134
ECA2948	g3459
ECA2948	g21071
ECA2948	g3630
ECA2948	g2324
ECA2948	g3589
ECA2948	g22502
ECA2948	g6834
ECA2948	g14205
ECA2948	g3627
ECA2948	g21733
ECA2948	g13157
ECA2948	g19999
ECA2948	g14012
ECA2948	g20230
ECA2948	g20275
ECA2948	g20272
ECA2948	g17742
ECA2948	g17518
ECA2948	g15349
ECA2948	g4331
ECA2948	g14011
ECA2948	g17514
ECA2948	g8394
ECA2948	g17748
ECA2948	g3985
ECA2948	g7169
ECA2948	g17737
ECA2948	g1018
ECA2948	g20213
ECA2948	g4111
ECA2948	g4103
ECA2948	g17504
ECA2948	g17977
ECA2948	g4098
ECA2948	g4097
ECA2948	g7170
ECA2948	g17506
ECA2948	g4320
ECA2948	g14297
ECA2948	g20289
ECA2948	g18951
ECA2948	g1696
ECA2948	g10277
ECA2948	g15111
ECA2948	g3685
ECA2948	g20164
ECA2948	g3587
ECA2948	g5278
ECA2948	g17969
ECA2948	g2713
ECA2948	g1750
ECA2948	g14939
ECA2948	g20424
ECA2948	g12523
ECA2948	g17523
ECA2948	g810
ECA2948	g20211
ECA2948	g17507
ECA2948	g17974
ECA2948	g20384
ECA2948	g4109
ECA2948	g16224
ECA2948	g4430
ECA2948	g13517
ECA2948	g3995
ECA2948	g15429
ECA2948	g10182
ECA2948	g20421
ECA2948	g1836
ECA2948	g4330
ECA2948	g18273
ECA2948	g3618
ECA2948	g14714
ECA2948	g3501
ECA2948	g22606
ECA2948	g3629
ECA2948	g20656
ECA2948	g12813
ECA2948	g3591
ECA2948	g7168
ECA2948	g17389
ECA2948	g19084
ECA2948	g17747
ECA2948	g16413
ECA2948	g22411
ECA2948	g3261
ECA2948	g5618
ECA2948	g2995
ECA2948	g5613
ECA2948	g14028
ECA2948	g14286
ECA2948	g20682
ECA2948	g20577
ECA2948	g17512
ECA2948	g4105
ECA2948	g5100
ECA2948	g14266
ECA2948	g912
ECA2948	g17973
ECA2948	g1835
ECA2948	g3686
ECA2948	g18949
ECA2948	g15029
ECA2948	g3619
ECA2948	g22417
ECA2948	g7154
ECA2948	g22529
ECA2948	g3593
ECA2948	g3586
ECA2948	g3452
ECA2948	g19925
ECA2948	g789
ECA2948	g16531
ECA2948	g6673
ECA2948	g18391
ECA2948	g3632
ECA2948	g4099
ECA2948	g14010
ECA2948	g14932
ECA2948	g55
ECA2948	g804
ECA2948	g17734
ECA2948	g17505
ECA2948	g4110
ECA2948	g22524
ECA2948	g17936
ECA2948	g14027
ECA2948	g18948
ECA2948	g3617
ECA2948	g7852
ECA2948	g2715
ECA2948	g19784
ECA2948	g17739
ECA2948	g4427
ECA2948	g20224
ECA2948	g20659
ECA2948	g684
ECA2948	g2066
ECA2948	g22525
ECA2948	g3628
ECA2948	g808
ECA2948	g1695
ECA2948	g18863
ECA2948	g14006
ECA2948	g7155
ECA2948	g3662
ECA2948	g2711
ECA2948	g3624
ECA2948	g3378
ECA2948	g2920
ECA2948	g18862
ECA2948	g3596
ECA2948	g19905
ECA2948	g3615
ECA2948	g16765
ECA2948	g14231
ECA2948	g3588
ECA2948	g3791
ECA2948	g16533
ECA2948	g10241
ECA2948	g2714
ECA2948	g20225
ECA594	g20011
ECA594	g19305
ECA594	g8516
ECA594	g8518
ECA594	g7427
ECA594	g15921
ECA594	g14548
ECA594	g18596
ECA594	g18605
ECA594	g8433
ECA594	g13952
ECA594	g8631
ECA594	g18942
ECA594	g2709
ECA594	g6546
ECA594	g2191
ECA594	g19971
ECA594	g9214
ECA594	g11471
ECA594	g22356
ECA594	g9215
ECA594	g2218
ECA594	g19644
ECA594	g6498
ECA594	g18602
ECA594	g7114
ECA594	g11037
ECA594	g14170
ECA594	g17080
ECA594	g18824
ECA594	g9009
ECA594	g7043
ECA594	g7046
ECA594	g14165
ECA594	g4876
ECA594	g4081
ECA594	g20156
ECA594	g19758
ECA594	g9217
ECA594	g20006
ECA594	g7833
ECA594	g2180
ECA594	g11031
ECA594	g9030
ECA594	g2294
ECA594	g2504
ECA594	g19304
ECA594	g19610
ECA594	g9198
ECA594	g22345
ECA594	g21624
ECA594	g19303
ECA594	g6388
ECA594	g4028
ECA594	g4981
ECA594	g8154
ECA594	g19597
ECA594	g8940
ECA594	g2182
ECA594	g7117
ECA594	g9199
ECA594	g22351
ECA594	g18487
ECA594	g18249
ECA594	g19788
ECA594	g11363
ECA594	g4766
ECA594	g18599
ECA594	g18488
ECA594	g18985
ECA594	g7242
ECA594	g16226
ECA594	g9487
ECA594	g9502
ECA594	g8515
ECA594	g9547
ECA594	g14274
ECA594	g22338
ECA594	g1187
ECA594	g117
ECA594	g18935
ECA594	g2219
ECA594	g2221
ECA594	g18617
ECA594	g587
ECA594	g96
ECA594	g13954
ECA594	g7830
ECA594	g116
ECA594	g5504
ECA594	g8205
ECA594	g2195
ECA594	g2194
ECA594	g4769
ECA594	g7726
ECA594	g8517
ECA594	g2127
ECA594	g4079
ECA594	g7827
ECA594	g2146
ECA594	g19756
ECA594	g2187
ECA594	g14271
ECA594	g8054
ECA594	g7041
ECA594	g14276
ECA594	g6547
ECA594	g2148
ECA594	g5000
ECA594	g2775
ECA594	g18504
ECA594	g2216
ECA594	g22353
ECA594	g14164
ECA594	g2223
ECA594	g2778
ECA594	g12186
ECA594	g4984
ECA594	g9008
ECA594	g18302
ECA594	g22339
ECA594	g22341
ECA594	g6187
ECA594	g4746
ECA594	g22354
ECA594	g4972
ECA594	g18486
ECA594	g5103
ECA594	g22349
ECA594	g3446
ECA594	g3447
ECA594	g17883
ECA594	g22343
ECA594	g12631
ECA594	g13431
ECA594	g28
ECA594	g16996
ECA594	g19670
ECA594	g2188
ECA594	g19299
ECA594	g19791
ECA594	g18604
ECA594	g14270
ECA594	g19761
ECA594	g29
ECA594	g8307
ECA594	g7113
ECA594	g20679
ECA594	g1257
ECA594	g13953
ECA594	g8930
ECA594	g18618
ECA594	g8055
ECA594	g2217
ECA594	g3710
ECA594	g7116
ECA594	g18835
ECA594	g2215
ECA594	g12444
ECA594	g20461
ECA594	g7825
ECA594	g19714
ECA594	g2226
ECA594	g8928
ECA594	g97
ECA594	g2328
ECA594	g20010
ECA594	g22511
ECA594	g22514
ECA594	g9419
ECA594	g13434
ECA594	g21585
ECA594	g2189
ECA594	g14273
ECA594	g9218
ECA594	g19794
ECA594	g8524
ECA594	g19935
ECA594	g2193
ECA594	g2398
ECA594	g22359
ECA594	g14455
ECA594	g9033
ECA594	g7048
ECA594	g17918
ECA594	g11034
ECA594	g20009
ECA594	g9706
ECA594	g18616
ECA594	g19301
ECA594	g17455
ECA594	g9974
ECA594	g11036
ECA594	g7047
ECA594	g7042
ECA594	g14247
ECA594	g12506
ECA594	g2774
ECA594	g2225
ECA594	g4080
ECA594	g14198
ECA594	g6474
ECA594	g19389
ECA594	g9212
ECA594	g22578
ECA594	g15060
ECA594	g22360
ECA594	g20504
ECA594	g13511
ECA594	g18614
ECA594	g2220
ECA594	g7868
ECA594	g18615
ECA594	g19642
ECA594	g18598
ECA594	g22576
ECA594	g8315
ECA594	g9490
ECA594	g22342
ECA594	g31
ECA594	g2184
ECA594	g18597
ECA594	g9488
ECA594	g9213
ECA594	g22344
ECA594	g8929
ECA594	g1552
ECA594	g18477
ECA594	g8127
ECA594	g22575
ECA594	g586
ECA594	g7241
ECA594	g2854
ECA594	g12095
ECA594	g1283
ECA594	g13955
ECA594	g19655
ECA594	g19609
ECA594	g22333
ECA594	g19797
ECA594	g19123
ECA594	g2233
ECA594	g4880
ECA594	g17796
ECA594	g30
ECA594	g6475
ECA594	g3051
ECA594	g19553
ECA594	g8969
ECA594	g32
ECA594	g19595
ECA594	g3941
ECA594	g943
ECA594	g22364
ECA594	g18248
ECA594	g12338
ECA594	g3052
ECA594	g20407
ECA594	g8434
ECA594	g18834
ECA594	g9095
ECA594	g18476
ECA594	g3942
ECA594	g2224
ECA594	g18612
ECA594	g2126
ECA594	g18613
ECA594	g19302
ECA594	g22337
ECA594	g19970
ECA594	g19713
ECA594	g19615
ECA594	g3053
ECA594	g19934
ECA594	g22350
ECA594	g22572
ECA594	g4983
ECA594	g18611
ECA594	g19755
ECA594	g9503
ECA594	g44
ECA594	g7115
ECA594	g18818
ECA594	g14275
ECA594	g9029
ECA594	g2183
ECA594	g19711
ECA594	g3054
ECA594	g7831
ECA594	g9211
ECA594	g2239
ECA594	g13433
ECA594	g22352
ECA594	g19596
ECA594	g12331
ECA594	g17917
ECA594	g12329
ECA594	g14093
ECA594	g2779
ECA594	g18876
ECA594	g9216
ECA594	g2181
ECA594	g18619
ECA594	g5239
ECA594	g2190
ECA594	g14355
ECA594	g11040
ECA594	g15370
ECA594	g7032
ECA594	g22577
ECA594	g2186
ECA594	g7829
ECA594	g7033
ECA594	g19298
ECA594	g6685
ECA594	g2185
ECA594	g9441
ECA594	g7732
ECA594	g2332
ECA594	g19008
ECA594	g8056
ECA594	g9489
ECA594	g3055
ECA594	g8519
ECA594	g13512
ECA594	g22362
ECA594	g5740
ECA594	g22361
ECA594	g2192
ECA594	g4982
ECA594	g13201
ECA594	g19072
ECA594	g19284
ECA594	g22340
ECA594	g22358
ECA594	g20468
ECA594	g19798
ECA594	g5003
ECA594	g2196
ECA594	g14272
ECA594	g2222
ECA251	g20156
ECA251	g12336
ECA251	g8033
ECA251	g22478
ECA251	g20117
ECA251	g11468
ECA251	g17151
ECA251	g22270
ECA251	g21813
ECA251	g1574
ECA251	g20337
ECA251	g3174
ECA251	g20377
ECA251	g16939
ECA251	g1651
ECA251	g1172
ECA251	g7790
ECA251	g1624
ECA251	g903
ECA251	g12652
ECA251	g13238
ECA251	g20159
ECA251	g13541
ECA251	g21927
ECA251	g12723
ECA251	g12720
ECA251	g14098
ECA251	g3275
ECA251	g19659
ECA251	g22281
ECA251	g17153
ECA251	g19437
ECA251	g20076
ECA251	g1177
ECA251	g7785
ECA251	g20161
ECA251	g5884
ECA251	g19091
ECA251	g13244
ECA251	g988
ECA251	g19962
ECA251	g465
ECA251	g20006
ECA251	g19656
ECA251	g19974
ECA251	g1156
ECA251	g20008
ECA251	g17972
ECA251	g5838
ECA251	g15937
ECA251	g3175
ECA251	g19961
ECA251	g17162
ECA251	g22144
ECA251	g16924
ECA251	g4110
ECA251	g890
ECA251	g20019
ECA251	g20023
ECA251	g12649
ECA251	g1174
ECA251	g7788
ECA251	g604
ECA251	g3170
ECA251	g22271
ECA251	g5870
ECA251	g22535
ECA251	g20150
ECA251	g5869
ECA251	g4900
ECA251	g12906
ECA251	g19133
ECA251	g3384
ECA251	g5945
ECA251	g21770
ECA251	g12522
ECA251	g20376
ECA251	g11160
ECA251	g7511
ECA251	g22139
ECA251	g254
ECA251	g20300
ECA251	g7496
ECA251	g20299
ECA251	g7451
ECA251	g22150
ECA251	g13988
ECA251	g3173
ECA251	g16923
ECA251	g9875
ECA251	g8805
ECA251	g22148
ECA251	g21820
ECA251	g13235
ECA251	g19661
ECA251	g5407
ECA251	g17091
ECA251	g9271
ECA251	g8784
ECA251	g462
ECA251	g17387
ECA251	g459
ECA251	g8804
ECA251	g2659
ECA251	g149
ECA251	g3381
ECA251	g17494
ECA251	g16918
ECA251	g4061
ECA251	g17390
ECA251	g22146
ECA251	g20118
ECA251	g5877
ECA251	g13991
ECA251	g12725
ECA251	g13986
ECA251	g1573
ECA251	g3186
ECA251	g3156
ECA251	g3176
ECA251	g5348
ECA251	g22147
ECA251	g5788
ECA251	g22143
ECA251	g14099
ECA251	g14840
ECA251	g5345
ECA251	g16088
ECA251	g12653
ECA251	g5915
ECA251	g71
ECA251	g966
ECA251	g7784
ECA251	g1178
ECA251	g255
ECA251	g1954
ECA251	g3404
ECA251	g7557
ECA251	g16932
ECA251	g4681
ECA251	g21519
ECA251	g15644
ECA251	g7787
ECA251	g8716
ECA251	g13625
ECA251	g20153
ECA251	g19973
ECA251	g20037
ECA251	g16938
ECA251	g5876
ECA251	g14755
ECA251	g17145
ECA251	g13992
ECA251	g8717
ECA251	g18920
ECA251	g20079
ECA251	g9946
ECA251	g20375
ECA251	g14311
ECA251	g17161
ECA251	g17158
ECA251	g4429
ECA251	g12650
ECA251	g21916
ECA251	g15833
ECA251	g17392
ECA251	g14837
ECA251	g5875
ECA251	g8785
ECA251	g3171
ECA251	g5843
ECA251	g7579
ECA251	g18012
ECA251	g5754
ECA251	g361
ECA251	g5851
ECA251	g20022
ECA251	g263
ECA251	g7939
ECA251	g19915
ECA251	g3185
ECA251	g12718
ECA251	g7791
ECA251	g1171
ECA251	g4197
ECA251	g21485
ECA251	g13241
ECA251	g7284
ECA251	g19660
ECA251	g20372
ECA251	g20743
ECA251	g20120
ECA251	g7009
ECA251	g12724
ECA251	g12719
ECA251	g13239
ECA251	g22282
ECA251	g14014
ECA251	g5349
ECA251	g4060
ECA251	g967
ECA251	g14064
ECA251	g19751
ECA251	g22141
ECA251	g8582
ECA251	g5591
ECA251	g17349
ECA251	g888
ECA251	g8732
ECA251	g17148
ECA251	g5881
ECA251	g991
ECA251	g5874
ECA251	g5758
ECA251	g7508
ECA251	g16925
ECA251	g1650
ECA251	g5852
ECA251	g8719
ECA251	g5880
ECA251	g1169
ECA251	g8720
ECA251	g5850
ECA251	g7510
ECA251	g16927
ECA251	g889
ECA251	g10242
ECA251	g20020
ECA251	g14756
ECA251	g20021
ECA251	g9270
ECA251	g12523
ECA251	g5271
ECA251	g5873
ECA251	g19664
ECA251	g16182
ECA251	g14309
ECA251	g14093
ECA251	g9972
ECA251	g1176
ECA251	g7786
ECA251	g5070
ECA251	g17152
ECA251	g3271
ECA251	g21605
ECA251	g8718
ECA251	g5071
ECA251	g17159
ECA251	g7789
ECA251	g1173
ECA251	g19960
ECA251	g19484
ECA251	g9630
ECA251	g16940
ECA251	g22536
ECA251	g5871
ECA251	g22272
ECA251	g19186
ECA251	g22149
ECA251	g4682
ECA251	g5878
ECA251	g21917
ECA251	g5923
ECA251	g1054
ECA251	g3050
ECA251	g16934
ECA251	g4196
ECA251	g22142
ECA251	g5925
ECA251	g13989
ECA251	g14312
ECA251	g16922
ECA251	g20078
ECA251	g17150
ECA251	g5069
ECA251	g22145
ECA251	g16805
ECA251	g16933
ECA251	g460
ECA251	g7839
ECA251	g7495
ECA251	g4059
ECA251	g12651
ECA251	g21933
ECA251	g987
ECA251	g5068
ECA251	g19676
ECA251	g17386
ECA251	g20160
ECA251	g14838
ECA251	g5879
ECA251	g16935
ECA251	g5849
ECA251	g5944
ECA251	g15945
ECA251	g5694
ECA251	g21486
ECA251	g15947
ECA251	g14172
ECA251	g19662
ECA251	g16926
ECA251	g21875
ECA251	g1743
ECA251	g5842
ECA251	g5883
ECA251	g19663
ECA251	g2927
ECA251	g12014
ECA251	g5344
ECA251	g1157
ECA251	g22241
ECA251	g12734
ECA251	g22239
ECA251	g22140
ECA251	g17388
ECA251	g461
ECA251	g16936
ECA251	g5882
ECA251	g12733
ECA251	g1432
ECA251	g17488
ECA251	g15771
ECA251	g19642
ECA251	g16928
ECA251	g17384
ECA251	g21747
ECA251	g17157
ECA251	g17160
ECA251	g7509
ECA251	g5067
ECA251	g19979
ECA251	g13987
ECA251	g20124
ECA251	g2421
ECA251	g927
ECA251	g1175
ECA251	g15074
ECA251	g21683
ECA251	g19127
ECA251	g13990
ECA2555	g18022
ECA2555	g15069
ECA2555	g6091
ECA2555	g22382
ECA2555	g12046
ECA2555	g4793
ECA2555	g5187
ECA2555	g16953
ECA2555	g10738
ECA2555	g12140
ECA2555	g416
ECA2555	g18204
ECA2555	g2027
ECA2555	g18244
ECA2555	g10526
ECA2555	g491
ECA2555	g12325
ECA2555	g10519
ECA2555	g465
ECA2555	g18789
ECA2555	g14755
ECA2555	g14181
ECA2555	g18025
ECA2555	g7247
ECA2555	g21947
ECA2555	g14694
ECA2555	g14693
ECA2555	g5198
ECA2555	g17890
ECA2555	g2130
ECA2555	g17529
ECA2555	g10740
ECA2555	g17304
ECA2555	g17944
ECA2555	g11634
ECA2555	g12329
ECA2555	g18027
ECA2555	g14174
ECA2555	g17834
ECA2555	g4475
ECA2555	g17877
ECA2555	g17527
ECA2555	g17846
ECA2555	g17879
ECA2555	g10508
ECA2555	g15834
ECA2555	g9510
ECA2555	g4803
ECA2555	g10749
ECA2555	g4275
ECA2555	g4807
ECA2555	g11311
ECA2555	g2968
ECA2555	g4804
ECA2555	g14758
ECA2555	g10514
ECA2555	g4839
ECA2555	g2023
ECA2555	g5197
ECA2555	g18016
ECA2555	g14511
ECA2555	g16996
ECA2555	g4801
ECA2555	g2241
ECA2555	g21770
ECA2555	g21794
ECA2555	g14884
ECA2555	g18243
ECA2555	g6390
ECA2555	g12607
ECA2555	g5317
ECA2555	g18163
ECA2555	g18773
ECA2555	g12622
ECA2555	g4132
ECA2555	g18162
ECA2555	g5304
ECA2555	g7563
ECA2555	g2026
ECA2555	g19937
ECA2555	g18864
ECA2555	g5306
ECA2555	g21845
ECA2555	g17531
ECA2555	g4805
ECA2555	g10677
ECA2555	g4795
ECA2555	g18843
ECA2555	g18863
ECA2555	g1512
ECA2555	g12327
ECA2555	g2238
ECA2555	g12332
ECA2555	g2920
ECA2555	g10983
ECA2555	g5312
ECA2555	g5308
ECA2555	g17985
ECA2555	g7566
ECA2555	g4655
ECA2555	g14691
ECA2555	g4887
ECA2555	g7561
ECA2555	g12667
ECA2555	g415
ECA2555	g2039
ECA2555	g4797
ECA2555	g2009
ECA2555	g2029
ECA2555	g4212
ECA2555	g10516
ECA2555	g4858
ECA2555	g5307
ECA2555	g18775
ECA2555	g5313
ECA2555	g10499
ECA2555	g7677
ECA2555	g8406
ECA2555	g4209
ECA2555	g9661
ECA2555	g14754
ECA2555	g12118
ECA2555	g5315
ECA2555	g10502
ECA2555	g10504
ECA2555	g10500
ECA2555	g798
ECA2555	g2262
ECA2555	g11631
ECA2555	g10517
ECA2555	g17905
ECA2555	g17833
ECA2555	g4773
ECA2555	g11363
ECA2555	g10512
ECA2555	g11081
ECA2555	g3539
ECA2555	g14757
ECA2555	g21155
ECA2555	g10506
ECA2555	g9216
ECA2555	g17889
ECA2555	g17892
ECA2555	g7161
ECA2555	g18019
ECA2555	g17845
ECA2555	g10980
ECA2555	g4651
ECA2555	g8325
ECA2555	g10732
ECA2555	g7567
ECA2555	g4810
ECA2555	g10521
ECA2555	g18774
ECA2555	g4794
ECA2555	g12328
ECA2555	g16782
ECA2555	g18777
ECA2555	g4837
ECA2555	g17947
ECA2555	g12047
ECA2555	g18242
ECA2555	g7884
ECA2555	g10745
ECA2555	g10748
ECA2555	g5212
ECA2555	g3285
ECA2555	g9404
ECA2555	g10985
ECA2555	g8403
ECA2555	g18844
ECA2555	g2024
ECA2555	g15875
ECA2555	g12623
ECA2555	g14756
ECA2555	g7564
ECA2555	g21838
ECA2555	g10525
ECA2555	g17891
ECA2555	g10522
ECA2555	g22281
ECA2555	g4775
ECA2555	g17788
ECA2555	g2038
ECA2555	g14696
ECA2555	g12324
ECA2555	g3054
ECA2555	g21121
ECA2555	g14178
ECA2555	g11711
ECA2555	g12833
ECA2555	g17530
ECA2555	g18239
ECA2555	g21590
ECA2555	g17987
ECA2555	g13107
ECA2555	g4966
ECA2555	g14695
ECA2555	g14180
ECA2555	g14692
ECA2555	g7589
ECA2555	g4213
ECA2555	g2919
ECA2555	g4806
ECA2555	g12119
ECA2555	g7639
ECA2555	g17621
ECA2555	g10523
ECA2555	g8326
ECA2555	g21935
ECA2555	g4967
ECA2555	g10941
ECA2555	g5196
ECA2555	g10735
ECA2555	g4761
ECA2555	g12610
ECA2555	g10505
ECA2555	g490
ECA2555	g5310
ECA2555	g18776
ECA2555	g10979
ECA2555	g12143
ECA2555	g7676
ECA2555	g12608
ECA2555	g10507
ECA2555	g12310
ECA2555	g11283
ECA2555	g4802
ECA2555	g19337
ECA2555	g14883
ECA2555	g4800
ECA2555	g4766
ECA2555	g17534
ECA2555	g5311
ECA2555	g9754
ECA2555	g7882
ECA2555	g7671
ECA2555	g20033
ECA2555	g4808
ECA2555	g4799
ECA2555	g3927
ECA2555	g10494
ECA2555	g10739
ECA2555	g2126
ECA2555	g21243
ECA2555	g3928
ECA2555	g4581
ECA2555	g10746
ECA2555	g5186
ECA2555	g12048
ECA2555	g20300
ECA2555	g12326
ECA2555	g17832
ECA2555	g17352
ECA2555	g19694
ECA2555	g10528
ECA2555	g12200
ECA2555	g17050
ECA2555	g5305
ECA2555	g3540
ECA2555	g21936
ECA2555	g1902
ECA2555	g20007
ECA2555	g12139
ECA2555	g3053
ECA2555	g12323
ECA2555	g12060
ECA2555	g11630
ECA2555	g12538
ECA2555	g4695
ECA2555	g5314
ECA2555	g7885
ECA2555	g14182
ECA2555	g10498
ECA2555	g18203
ECA2555	g17946
ECA2555	g10737
ECA2555	g3926
ECA2555	g5309
ECA2555	g10381
ECA2555	g10513
ECA2555	g19338
ECA2555	g12079
ECA2555	g17984
ECA2555	g2918
ECA2555	g3925
ECA2555	g17546
ECA2555	g8404
ECA2555	g2028
ECA2555	g11468
ECA2555	g10515
ECA2555	g4772
ECA2555	g9518
ECA2555	g21122
ECA2555	g9520
ECA2555	g4349
ECA2555	g7745
ECA2555	g4798
ECA2555	g18790
ECA2555	g17532
ECA2555	g21895
ECA2555	g11460
ECA2555	g583
ECA2555	g4809
ECA2555	g17533
ECA2555	g1776
ECA2555	g22180
ECA2555	g4208
ECA2555	g12311
ECA2555	g11546
ECA2555	g5541
ECA2555	g14682
ECA2555	g3755
ECA2555	g5316
ECA2555	g10981
ECA2555	g14683
ECA2555	g278
ECA2555	g5027
ECA2555	g12561
ECA2555	g4796
ECA2555	g9341
ECA2555	g17513
ECA2555	g10977
ECA2555	g10744
ECA2555	g10747
ECA2555	g12609
ECA2555	g3924
ECA2555	g18026
ECA2555	g17851
ECA2555	g7562
ECA2555	g17989
ECA2555	g1270
ECA2555	g4859
ECA2555	g8642
ECA2555	g21705
ECA2555	g10501
ECA2555	g10503
ECA2555	g4774
ECA2555	g16990
ECA2555	g7565
ECA369	g1547
ECA369	g1356
ECA369	g8592
ECA369	g8361
ECA369	g14210
ECA369	g8602
ECA369	g2951
ECA369	g8128
ECA369	g19048
ECA369	g9680
ECA369	g13077
ECA369	g8599
ECA369	g10593
ECA369	g12262
ECA369	g2991
ECA369	g22548
ECA369	g10014
ECA369	g3683
ECA369	g14918
ECA369	g9677
ECA369	g10949
ECA369	g14974
ECA369	g1674
ECA369	g6610
ECA369	g6283
ECA369	g2266
ECA369	g12856
ECA369	g10203
ECA369	g11296
ECA369	g7325
ECA369	g12601
ECA369	g1672
ECA369	g14170
ECA369	g10301
ECA369	g7020
ECA369	g3684
ECA369	g13074
ECA369	g13071
ECA369	g19046
ECA369	g3912
ECA369	g8606
ECA369	g12840
ECA369	g10721
ECA369	g1675
ECA369	g10010
ECA369	g14712
ECA369	g3328
ECA369	g16632
ECA369	g622
ECA369	g13073
ECA369	g8448
ECA369	g21660
ECA369	g3681
ECA369	g20282
ECA369	g10723
ECA369	g6284
ECA369	g19401
ECA369	g19040
ECA369	g14285
ECA369	g604
ECA369	g12849
ECA369	g14987
ECA369	g22533
ECA369	g6371
ECA369	g821
ECA369	g3178
ECA369	g12657
ECA369	g1671
ECA369	g10012
ECA369	g8603
ECA369	g13420
ECA369	g1743
ECA369	g1546
ECA369	g3204
ECA369	g8593
ECA369	g6210
ECA369	g3171
ECA369	g10029
ECA369	g3285
ECA369	g10972
ECA369	g13503
ECA369	g2950
ECA369	g8597
ECA369	g16617
ECA369	g14169
ECA369	g4266
ECA369	g22532
ECA369	g14898
ECA369	g8643
ECA369	g12855
ECA369	g12660
ECA369	g729
ECA369	g3371
ECA369	g8595
ECA369	g11720
ECA369	g14919
ECA369	g10264
ECA369	g13422
ECA369	g6070
ECA369	g620
ECA369	g14899
ECA369	g92
ECA369	g3355
ECA369	g18707
ECA369	g8594
ECA369	g3687
ECA369	g10712
ECA369	g10015
ECA369	g18808
ECA369	g17715
ECA369	g8441
ECA369	g8601
ECA369	g14282
ECA369	g3700
ECA369	g11070
ECA369	g8002
ECA369	g14988
ECA369	g7716
ECA369	g13968
ECA369	g10720
ECA369	g7999
ECA369	g11602
ECA369	g19551
ECA369	g3243
ECA369	g11721
ECA369	g8252
ECA369	g9657
ECA369	g8572
ECA369	g8640
ECA369	g22541
ECA369	g7713
ECA369	g11687
ECA369	g20721
ECA369	g12852
ECA369	g8754
ECA369	g15265
ECA369	g10710
ECA369	g8607
ECA369	g22547
ECA369	g8604
ECA369	g3361
ECA369	g770
ECA369	g17645
ECA369	g14281
ECA369	g3200
ECA369	g14989
ECA369	g4441
ECA369	g619
ECA369	g13965
ECA369	g5275
ECA369	g19054
ECA369	g13041
ECA369	g3324
ECA369	g13966
ECA369	g10300
ECA369	g19041
ECA369	g1143
ECA369	g20527
ECA369	g4222
ECA369	g18806
ECA369	g3864
ECA369	g10705
ECA369	g10302
ECA369	g22711
ECA369	g16290
ECA369	g1673
ECA369	g6211
ECA369	g7324
ECA369	g3313
ECA369	g22543
ECA369	g3372
ECA369	g8571
ECA369	g2269
ECA369	g8489
ECA369	g12851
ECA369	g16407
ECA369	g624
ECA369	g3308
ECA369	g2955
ECA369	g16133
ECA369	g2267
ECA369	g13423
ECA369	g10030
ECA369	g14259
ECA369	g12846
ECA369	g8003
ECA369	g18004
ECA369	g8062
ECA369	g10206
ECA369	g6369
ECA369	g10227
ECA369	g3587
ECA369	g8608
ECA369	g13504
ECA369	g3246
ECA369	g8605
ECA369	g10207
ECA369	g12844
ECA369	g19051
ECA369	g16629
ECA369	g22534
ECA369	g10028
ECA369	g16631
ECA369	g22536
ECA369	g6066
ECA369	g13084
ECA369	g12850
ECA369	g11148
ECA369	g17037
ECA369	g10289
ECA369	g3310
ECA369	g12353
ECA369	g19409
ECA369	g3166
ECA369	g3679
ECA369	g19643
ECA369	g10290
ECA369	g17741
ECA369	g3167
ECA369	g8835
ECA369	g19047
ECA369	g7715
ECA369	g492
ECA369	g725
ECA369	g3667
ECA369	g769
ECA369	g10008
ECA369	g8600
ECA369	g12854
ECA369	g10013
ECA369	g10803
ECA369	g3174
ECA369	g10709
ECA369	g18814
ECA369	g487
ECA369	g17392
ECA369	g22549
ECA369	g1931
ECA369	g6059
ECA369	g22527
ECA369	g7714
ECA369	g10011
ECA369	g3306
ECA369	g4169
ECA369	g3205
ECA369	g19961
ECA369	g22531
ECA369	g10802
ECA369	g12746
ECA369	g16574
ECA369	g10722
ECA369	g18851
ECA369	g906
ECA369	g907
ECA369	g635
ECA369	g12745
ECA369	g3419
ECA369	g3202
ECA369	g9787
ECA369	g3682
ECA369	g14990
ECA369	g12853
ECA369	g8568
ECA369	g12842
ECA369	g8836
ECA369	g2992
ECA369	g8574
ECA369	g7917
ECA369	g3244
ECA369	g19049
ECA369	g13075
ECA369	g18811
ECA369	g3029
ECA369	g3030
ECA369	g3443
ECA369	g3360
ECA369	g6264
ECA369	g8596
ECA369	g16616
ECA369	g768
ECA369	g14287
ECA369	g2272
ECA369	g10711
ECA369	g14286
ECA369	g8682
ECA369	g18812
ECA369	g8561
ECA369	g359
ECA369	g22544
ECA369	g13072
ECA369	g12841
ECA369	g13085
ECA369	g634
ECA369	g19411
ECA369	g17038
ECA369	g14973
ECA369	g22231
ECA369	g2952
ECA369	g22535
ECA369	g10016
ECA369	g14986
ECA369	g3680
ECA369	g12453
ECA369	g7998
ECA369	g2263
ECA369	g8573
ECA369	g3326
ECA369	g5822
ECA369	g7717
ECA369	g10971
ECA369	g14175
ECA369	g8659
ECA369	g12747
ECA369	g18810
ECA369	g22545
ECA369	g1742
ECA369	g16678
ECA369	g18713
ECA369	g12715
ECA369	g15124
ECA369	g14284
ECA369	g20591
ECA369	g22537
ECA369	g8753
ECA369	g19042
ECA369	g625
ECA369	g8808
ECA369	g10228
ECA369	g16630
ECA369	g7547
ECA369	g3307
ECA369	g22542
ECA369	g8598
ECA369	g13188
ECA369	g14104
ECA369	g12513
ECA369	g3442
ECA369	g10139
ECA369	g4228
ECA369	g14283
ED3049	g17386
ED3049	g2052
ED3049	g12698
ED3049	g22116
ED3049	g16643
ED3049	g13699
ED3049	g18114
ED3049	g13073
ED3049	g4116
ED3049	g21941
ED3049	g17556
ED3049	g17558
ED3049	g17554
ED3049	g12604
ED3049	g11778
ED3049	g14122
ED3049	g10209
ED3049	g14162
ED3049	g4343
ED3049	g11704
ED3049	g4350
ED3049	g1389
ED3049	g11730
ED3049	g16644
ED3049	g17220
ED3049	g7525
ED3049	g13084
ED3049	g15356
ED3049	g21600
ED3049	g16704
ED3049	g16707
ED3049	g7183
ED3049	g10106
ED3049	g7558
ED3049	g21952
ED3049	g4114
ED3049	g17767
ED3049	g13912
ED3049	g12409
ED3049	g7514
ED3049	g17227
ED3049	g13751
ED3049	g17542
ED3049	g19231
ED3049	g17538
ED3049	g17543
ED3049	g7561
ED3049	g5348
ED3049	g10208
ED3049	g4108
ED3049	g7296
ED3049	g21815
ED3049	g13404
ED3049	g13763
ED3049	g4366
ED3049	g11378
ED3049	g9275
ED3049	g16641
ED3049	g12412
ED3049	g12429
ED3049	g10213
ED3049	g21942
ED3049	g7375
ED3049	g7482
ED3049	g7527
ED3049	g7528
ED3049	g8495
ED3049	g16891
ED3049	g9995
ED3049	g21447
ED3049	g16520
ED3049	g14161
ED3049	g3228
ED3049	g20112
ED3049	g21810
ED3049	g14086
ED3049	g20127
ED3049	g14085
ED3049	g1391
ED3049	g21821
ED3049	g10210
ED3049	g4362
ED3049	g21819
ED3049	g21498
ED3049	g7188
ED3049	g17541
ED3049	g4191
ED3049	g831
ED3049	g7300
ED3049	g13749
ED3049	g1322
ED3049	g3886
ED3049	g4356
ED3049	g10728
ED3049	g4355
ED3049	g7456
ED3049	g9998
ED3049	g3779
ED3049	g13808
ED3049	g21817
ED3049	g3885
ED3049	g13910
ED3049	g16642
ED3049	g7639
ED3049	g16709
ED3049	g20174
ED3049	g11779
ED3049	g10197
ED3049	g10226
ED3049	g10207
ED3049	g8052
ED3049	g7298
ED3049	g4354
ED3049	g21818
ED3049	g7608
ED3049	g21814
ED3049	g6447
ED3049	g8055
ED3049	g5199
ED3049	g16645
ED3049	g12626
ED3049	g9975
ED3049	g13826
ED3049	g13750
ED3049	g13349
ED3049	g4358
ED3049	g3883
ED3049	g8711
ED3049	g21343
ED3049	g13811
ED3049	g5639
ED3049	g12411
ED3049	g15440
ED3049	g3884
ED3049	g7182
ED3049	g7521
ED3049	g6531
ED3049	g13944
ED3049	g13085
ED3049	g7552
ED3049	g219
ED3049	g13866
ED3049	g4352
ED3049	g13915
ED3049	g13082
ED3049	g12410
ED3049	g4347
ED3049	g18285
ED3049	g12964
ED3049	g7272
ED3049	g12697
ED3049	g13796
ED3049	g14160
ED3049	g6976
ED3049	g4109
ED3049	g8962
ED3049	g21588
ED3049	g5452
ED3049	g18069
ED3049	g6450
ED3049	g7522
ED3049	g3887
ED3049	g10212
ED3049	g1376
ED3049	g12200
ED3049	g148
ED3049	g19192
ED3049	g7643
ED3049	g1375
ED3049	g13947
ED3049	g7546
ED3049	g21491
ED3049	g22275
ED3049	g10198
ED3049	g16702
ED3049	g12415
ED3049	g9189
ED3049	g21309
ED3049	g17223
ED3049	g20342
ED3049	g17719
ED3049	g17540
ED3049	g14157
ED3049	g20618
ED3049	g16708
ED3049	g17221
ED3049	g16703
ED3049	g21953
ED3049	g8051
ED3049	g9325
ED3049	g1302
ED3049	g12625
ED3049	g7225
ED3049	g13537
ED3049	g21812
ED3049	g1528
ED3049	g13809
ED3049	g7808
ED3049	g4367
ED3049	g3921
ED3049	g13793
ED3049	g4119
ED3049	g7516
ED3049	g7523
ED3049	g20115
ED3049	g19964
ED3049	g4365
ED3049	g11705
ED3049	g7545
ED3049	g1390
ED3049	g7517
ED3049	g12601
ED3049	g1392
ED3049	g7547
ED3049	g7550
ED3049	g20113
ED3049	g1301
ED3049	g4363
ED3049	g21424
ED3049	g16313
ED3049	g13431
ED3049	g6530
ED3049	g9324
ED3049	g832
ED3049	g16521
ED3049	g8128
ED3049	g7553
ED3049	g7524
ED3049	g13081
ED3049	g5105
ED3049	g6978
ED3049	g122
ED3049	g8322
ED3049	g13762
ED3049	g13950
ED3049	g4115
ED3049	g1393
ED3049	g10110
ED3049	g13941
ED3049	g19617
ED3049	g8321
ED3049	g12428
ED3049	g12696
ED3049	g12413
ED3049	g7294
ED3049	g476
ED3049	g4341
ED3049	g4346
ED3049	g7376
ED3049	g7526
ED3049	g12544
ED3049	g4372
ED3049	g21943
ED3049	g18017
ED3049	g21820
ED3049	g8710
ED3049	g13812
ED3049	g7519
ED3049	g7475
ED3049	g7520
ED3049	g10331
ED3049	g12605
ED3049	g9191
ED3049	g12684
ED3049	g13869
ED3049	g21813
ED3049	g7473
ED3049	g17539
ED3049	g13083
ED3049	g6975
ED3049	g21606
ED3049	g17217
ED3049	g4368
ED3049	g4344
ED3049	g13868
ED3049	g4117
ED3049	g8323
ED3049	g21816
ED3049	g4489
ED3049	g4357
ED3049	g4122
ED3049	g12665
ED3049	g13810
ED3049	g7297
ED3049	g13909
ED3049	g20128
ED3049	g9326
ED3049	g3880
ED3049	g12414
ED3049	g8324
ED3049	g17523
ED3049	g6449
ED3049	g12406
ED3049	g13241
ED3049	g7518
ED3049	g7457
ED3049	g5341
ED3049	g7705
ED3049	g21310
ED3049	g5339
ED3049	g7112
ED3049	g1321
ED3049	g4364
ED3049	g21543
ED3049	g4348
ED3049	g13249
ED3049	g11611
ED3049	g7515
ED3049	g17537
ED3049	g10456
ED3049	g21589
ED3049	g22175
ED3049	g14346
ED3049	g8056
ED3049	g13166
ED3049	g7299
ED3049	g17536
ED3049	g14892
ED3049	g21912
ED3049	g16719
ED3049	g7295
ED3049	g21910
ED3049	g21811
ED3049	g3839
ED3049	g16718
ED3049	g11917
ED3049	g20066
ED3049	g3785
ED3049	g5515
ED3049	g4110
ED3049	g20114
ED3049	g8325
ED3049	g10962
ED3049	g6217
ED3049	g21359
ED3049	g13069
ED3049	g18076
ED3049	g13951
ED3049	g12416
ED3049	g7991
ECA1409	g15989
ECA1409	g22020
ECA1409	g371
ECA1409	g13503
ECA1409	g139
ECA1409	g22138
ECA1409	g8064
ECA1409	g4282
ECA1409	g19640
ECA1409	g18584
ECA1409	g22290
ECA1409	g11757
ECA1409	g11751
ECA1409	g15578
ECA1409	g179
ECA1409	g522
ECA1409	g22335
ECA1409	g3357
ECA1409	g3571
ECA1409	g10420
ECA1409	g21256
ECA1409	g21836
ECA1409	g9603
ECA1409	g869
ECA1409	g22321
ECA1409	g14515
ECA1409	g10143
ECA1409	g11748
ECA1409	g3926
ECA1409	g11745
ECA1409	g15256
ECA1409	g22323
ECA1409	g15213
ECA1409	g1048
ECA1409	g872
ECA1409	g9655
ECA1409	g15589
ECA1409	g509
ECA1409	g1095
ECA1409	g4057
ECA1409	g3353
ECA1409	g220
ECA1409	g867
ECA1409	g19235
ECA1409	g1447
ECA1409	g11742
ECA1409	g566
ECA1409	g2568
ECA1409	g8053
ECA1409	g22414
ECA1409	g219
ECA1409	g4145
ECA1409	g4434
ECA1409	g12339
ECA1409	g21834
ECA1409	g6549
ECA1409	g16021
ECA1409	g12343
ECA1409	g22137
ECA1409	g5872
ECA1409	g15460
ECA1409	g21824
ECA1409	g15579
ECA1409	g22325
ECA1409	g362
ECA1409	g3359
ECA1409	g113
ECA1409	g1404
ECA1409	g3549
ECA1409	g7851
ECA1409	g13652
ECA1409	g22295
ECA1409	g22289
ECA1409	g15096
ECA1409	g12463
ECA1409	g13822
ECA1409	g21001
ECA1409	g22282
ECA1409	g870
ECA1409	g20485
ECA1409	g18013
ECA1409	g365
ECA1409	g12462
ECA1409	g7964
ECA1409	g21820
ECA1409	g5871
ECA1409	g856
ECA1409	g3550
ECA1409	g15152
ECA1409	g15003
ECA1409	g12925
ECA1409	g21656
ECA1409	g19302
ECA1409	g568
ECA1409	g19301
ECA1409	g21000
ECA1409	g15468
ECA1409	g5875
ECA1409	g14748
ECA1409	g8574
ECA1409	g887
ECA1409	g21840
ECA1409	g9573
ECA1409	g22294
ECA1409	g21359
ECA1409	g21356
ECA1409	g21358
ECA1409	g21595
ECA1409	g10192
ECA1409	g15077
ECA1409	g10255
ECA1409	g444
ECA1409	g8066
ECA1409	g21822
ECA1409	g15459
ECA1409	g17279
ECA1409	g9574
ECA1409	g21003
ECA1409	g140
ECA1409	g22281
ECA1409	g9290
ECA1409	g7825
ECA1409	g868
ECA1409	g4059
ECA1409	g567
ECA1409	g21594
ECA1409	g22254
ECA1409	g18512
ECA1409	g21826
ECA1409	g5807
ECA1409	g12342
ECA1409	g8068
ECA1409	g15566
ECA1409	g20399
ECA1409	g871
ECA1409	g489
ECA1409	g21817
ECA1409	g12268
ECA1409	g22252
ECA1409	g22299
ECA1409	g22293
ECA1409	g14826
ECA1409	g21583
ECA1409	g6156
ECA1409	g12340
ECA1409	g17381
ECA1409	g22133
ECA1409	g368
ECA1409	g7965
ECA1409	g1618
ECA1409	g22336
ECA1409	g3487
ECA1409	g15461
ECA1409	g13412
ECA1409	g141
ECA1409	g3637
ECA1409	g8188
ECA1409	g21955
ECA1409	g511
ECA1409	g14749
ECA1409	g395
ECA1409	g22136
ECA1409	g3625
ECA1409	g22292
ECA1409	g21816
ECA1409	g2528
ECA1409	g12341
ECA1409	g524
ECA1409	g8311
ECA1409	g21835
ECA1409	g22320
ECA1409	g22061
ECA1409	g3358
ECA1409	g7030
ECA1409	g15248
ECA1409	g15475
ECA1409	g5416
ECA1409	g5739
ECA1409	g554
ECA1409	g16450
ECA1409	g22285
ECA1409	g6550
ECA1409	g22326
ECA1409	g22112
ECA1409	g22233
ECA1409	g22286
ECA1409	g3546
ECA1409	g22288
ECA1409	g555
ECA1409	g9492
ECA1409	g17651
ECA1409	g3356
ECA1409	g21593
ECA1409	g21819
ECA1409	g14825
ECA1409	g15246
ECA1409	g3355
ECA1409	g21823
ECA1409	g5271
ECA1409	g21584
ECA1409	g15590
ECA1409	g3639
ECA1409	g10194
ECA1409	g21598
ECA1409	g7854
ECA1409	g619
ECA1409	g15462
ECA1409	g15472
ECA1409	g21833
ECA1409	g21354
ECA1409	g15477
ECA1409	g15478
ECA1409	g15148
ECA1409	g10193
ECA1409	g21831
ECA1409	g15257
ECA1409	g446
ECA1409	g3638
ECA1409	g403
ECA1409	g19234
ECA1409	g4461
ECA1409	g22328
ECA1409	g784
ECA1409	g12088
ECA1409	g510
ECA1409	g9656
ECA1409	g360
ECA1409	g21361
ECA1409	g6155
ECA1409	g873
ECA1409	g7115
ECA1409	g4288
ECA1409	g22196
ECA1409	g361
ECA1409	g17013
ECA1409	g21814
ECA1409	g8063
ECA1409	g19250
ECA1409	g21830
ECA1409	g15464
ECA1409	g13947
ECA1409	g15580
ECA1409	g14746
ECA1409	g1349
ECA1409	g15247
ECA1409	g15906
ECA1409	g22297
ECA1409	g4060
ECA1409	g10117
ECA1409	g17305
ECA1409	g22324
ECA1409	g10195
ECA1409	g12784
ECA1409	g19100
ECA1409	g21585
ECA1409	g13760
ECA1409	g22019
ECA1409	g5613
ECA1409	g11747
ECA1409	g5876
ECA1409	g11752
ECA1409	g3372
ECA1409	g3627
ECA1409	g15264
ECA1409	g21825
ECA1409	g15470
ECA1409	g12267
ECA1409	g3607
ECA1409	g7960
ECA1409	g21357
ECA1409	g7031
ECA1409	g22232
ECA1409	g19236
ECA1409	g4379
ECA1409	g22296
ECA1409	g10209
ECA1409	g22139
ECA1409	g22322
ECA1409	g22329
ECA1409	g5423
ECA1409	g8083
ECA1409	g13645
ECA1409	g7169
ECA1409	g10692
ECA1409	g16022
ECA1409	g22283
ECA1409	g15476
ECA1409	g3354
ECA1409	g144
ECA1409	g12654
ECA1409	g18012
ECA1409	g4281
ECA1409	g8814
ECA1409	g8069
ECA1409	g21601
ECA1409	g21832
ECA1409	g15463
ECA1409	g443
ECA1409	g21821
ECA1409	g10533
ECA1409	g22134
ECA1409	g21315
ECA1409	g21395
ECA1409	g3371
ECA1409	g19237
ECA1409	g22298
ECA1409	g4725
ECA1409	g22025
ECA1409	g6153
ECA1409	g18404
ECA1409	g21596
ECA1409	g8183
ECA1409	g6802
ECA1409	g508
ECA1409	g402
ECA1409	g22135
ECA1409	g22287
ECA1409	g8065
ECA1409	g7170
ECA1409	g19322
ECA1409	g9798
ECA1409	g3350
ECA1409	g10208
ECA1409	g6157
ECA1409	g22291
ECA1409	g5498
ECA1409	g5951
ECA1409	g19323
ECA1409	g22319
ECA1409	g875
ECA1409	g22300
ECA1409	g3572
ECA1409	g22327
ECA1409	g549
ECA1409	g15791
ECA1409	g22284
ECA1409	g13643
ECA1409	g1411
ECA1409	g6154
ECA2952	g4975
ECA2952	g10948
ECA2952	g22211
ECA2952	g1941
ECA2952	g10722
ECA2952	g4835
ECA2952	g17478
ECA2952	g22613
ECA2952	g7343
ECA2952	g13053
ECA2952	g21976
ECA2952	g7808
ECA2952	g9989
ECA2952	g4836
ECA2952	g16178
ECA2952	g17609
ECA2952	g490
ECA2952	g16943
ECA2952	g22764
ECA2952	g2283
ECA2952	g22804
ECA2952	g7569
ECA2952	g16653
ECA2952	g4860
ECA2952	g22201
ECA2952	g22308
ECA2952	g6220
ECA2952	g22346
ECA2952	g4877
ECA2952	g5238
ECA2952	g11834
ECA2952	g17787
ECA2952	g10796
ECA2952	g22010
ECA2952	g4833
ECA2952	g16837
ECA2952	g10677
ECA2952	g18831
ECA2952	g4830
ECA2952	g16453
ECA2952	g4878
ECA2952	g7805
ECA2952	g21982
ECA2952	g5913
ECA2952	g5240
ECA2952	g11505
ECA2952	g3571
ECA2952	g13169
ECA2952	g6227
ECA2952	g7798
ECA2952	g2286
ECA2952	g5359
ECA2952	g4855
ECA2952	g4865
ECA2952	g5347
ECA2952	g21980
ECA2952	g5674
ECA2952	g8800
ECA2952	g22017
ECA2952	g22011
ECA2952	g14592
ECA2952	g22212
ECA2952	g2998
ECA2952	g22019
ECA2952	g7579
ECA2952	g5195
ECA2952	g659
ECA2952	g17958
ECA2952	g1947
ECA2952	g4244
ECA2952	g440
ECA2952	g7799
ECA2952	g1294
ECA2952	g5168
ECA2952	g7806
ECA2952	g5283
ECA2952	g22202
ECA2952	g22456
ECA2952	g11134
ECA2952	g16931
ECA2952	g7576
ECA2952	g22803
ECA2952	g5677
ECA2952	g5301
ECA2952	g16841
ECA2952	g3083
ECA2952	g20706
ECA2952	g2053
ECA2952	g13337
ECA2952	g17600
ECA2952	g4245
ECA2952	g15431
ECA2952	g4837
ECA2952	g22545
ECA2952	g22205
ECA2952	g7641
ECA2952	g7809
ECA2952	g11839
ECA2952	g17378
ECA2952	g2172
ECA2952	g1545
ECA2952	g4875
ECA2952	g17714
ECA2952	g5692
ECA2952	g17395
ECA2952	g5673
ECA2952	g5237
ECA2952	g18526
ECA2952	g2068
ECA2952	g5194
ECA2952	g13396
ECA2952	g10795
ECA2952	g22475
ECA2952	g7797
ECA2952	g3961
ECA2952	g9680
ECA2952	g10446
ECA2952	g22213
ECA2952	g14240
ECA2952	g19654
ECA2952	g22394
ECA2952	g10448
ECA2952	g7804
ECA2952	g10676
ECA2952	g9909
ECA2952	g11264
ECA2952	g2307
ECA2952	g5360
ECA2952	g7813
ECA2952	g3959
ECA2952	g21312
ECA2952	g20620
ECA2952	g11135
ECA2952	g15514
ECA2952	g4876
ECA2952	g11327
ECA2952	g4919
ECA2952	g9100
ECA2952	g13381
ECA2952	g11263
ECA2952	g2173
ECA2952	g7584
ECA2952	g10794
ECA2952	g16864
ECA2952	g10681
ECA2952	g15517
ECA2952	g5190
ECA2952	g15516
ECA2952	g16650
ECA2952	g4312
ECA2952	g17394
ECA2952	g4818
ECA2952	g10445
ECA2952	g16652
ECA2952	g16774
ECA2952	g16863
ECA2952	g22802
ECA2952	g7570
ECA2952	g16649
ECA2952	g4821
ECA2952	g3318
ECA2952	g4827
ECA2952	g2073
ECA2952	g9912
ECA2952	g21979
ECA2952	g15451
ECA2952	g9911
ECA2952	g2074
ECA2952	g22310
ECA2952	g5299
ECA2952	g5300
ECA2952	g16655
ECA2952	g4828
ECA2952	g5298
ECA2952	g5348
ECA2952	g16945
ECA2952	g17398
ECA2952	g15502
ECA2952	g19691
ECA2952	g7346
ECA2952	g8053
ECA2952	g5317
ECA2952	g11259
ECA2952	g16295
ECA2952	g7802
ECA2952	g3572
ECA2952	g16862
ECA2952	g511
ECA2952	g22799
ECA2952	g7348
ECA2952	g12892
ECA2952	g10797
ECA2952	g22397
ECA2952	g16648
ECA2952	g5578
ECA2952	g16668
ECA2952	g4883
ECA2952	g4873
ECA2952	g7382
ECA2952	g4240
ECA2952	g22620
ECA2952	g7581
ECA2952	g13393
ECA2952	g13394
ECA2952	g4939
ECA2952	g15452
ECA2952	g13395
ECA2952	g2051
ECA2952	g7801
ECA2952	g16944
ECA2952	g7341
ECA2952	g11328
ECA2952	g439
ECA2952	g4880
ECA2952	g14956
ECA2952	g4856
ECA2952	g4866
ECA2952	g11260
ECA2952	g10593
ECA2952	g10594
ECA2952	g5019
ECA2952	g6264
ECA2952	g9990
ECA2952	g2050
ECA2952	g7577
ECA2952	g4832
ECA2952	g3960
ECA2952	g4882
ECA2952	g5676
ECA2952	g11261
ECA2952	g8560
ECA2952	g834
ECA2952	g2948
ECA2952	g2072
ECA2952	g2071
ECA2952	g5412
ECA2952	g5159
ECA2952	g4831
ECA2952	g16901
ECA2952	g13978
ECA2952	g5361
ECA2952	g17397
ECA2952	g5680
ECA2952	g7345
ECA2952	g5315
ECA2952	g6164
ECA2952	g5162
ECA2952	g2067
ECA2952	g13447
ECA2952	g8974
ECA2952	g16651
ECA2952	g21969
ECA2952	g7803
ECA2952	g7800
ECA2952	g4881
ECA2952	g4749
ECA2952	g22206
ECA2952	g5675
ECA2952	g11837
ECA2952	g4874
ECA2952	g8911
ECA2952	g22210
ECA2952	g4504
ECA2952	g5672
ECA2952	g21978
ECA2952	g5020
ECA2952	g22208
ECA2952	g2084
ECA2952	g5863
ECA2952	g3082
ECA2952	g4940
ECA2952	g4241
ECA2952	g2949
ECA2952	g14338
ECA2952	g3791
ECA2952	g7571
ECA2952	g2947
ECA2952	g21422
ECA2952	g10800
ECA2952	g21981
ECA2952	g7304
ECA2952	g4699
ECA2952	g5660
ECA2952	g22018
ECA2952	g4834
ECA2952	g599
ECA2952	g19381
ECA2952	g1812
ECA2952	g21279
ECA2952	g8793
ECA2952	g21968
ECA2952	g4879
ECA2952	g2083
ECA2952	g14955
ECA2952	g17251
ECA2952	g6434
ECA2952	g17384
ECA2952	g17396
ECA2952	g14266
ECA2952	g22309
ECA2952	g7807
ECA2952	g2177
ECA2952	g16396
ECA2952	g512
ECA2952	g16667
ECA2952	g4868
ECA2952	g4858
ECA2952	g15515
ECA2952	g17608
ECA2952	g3962
ECA2952	g7578
ECA2952	g1124
ECA2952	g8652
ECA2952	g21278
ECA2952	g5313
ECA2952	g4917
ECA2952	g16654
ECA2952	g4625
ECA2952	g4870
ECA2952	g4165
ECA2952	g15652
ECA2952	g21792
ECA2952	g11831
ECA2952	g5165
ECA2952	g16840
ECA2952	g4829
ECA2952	g3958
ECA2952	g5192
ECA2952	g5342
ECA2952	g21735
ECA2952	g4706
ECA2952	g4859
ECA2952	g4869
ECA2952	g7914
ECA2952	g8791
ECA2952	g10799
ECA2952	g10772
ECA2952	g15432
ECA2952	g10798
ECA3035	g22445
ECA3035	g3342
ECA3035	g1463
ECA3035	g15912
ECA3035	g3772
ECA3035	g3777
ECA3035	g1658
ECA3035	g5006
ECA3035	g8505
ECA3035	g15046
ECA3035	g5555
ECA3035	g22125
ECA3035	g4222
ECA3035	g9034
ECA3035	g19567
ECA3035	g3693
ECA3035	g17454
ECA3035	g15003
ECA3035	g5757
ECA3035	g9088
ECA3035	g16010
ECA3035	g16316
ECA3035	g4228
ECA3035	g5467
ECA3035	g8190
ECA3035	g7610
ECA3035	g18631
ECA3035	g13345
ECA3035	g21615
ECA3035	g4890
ECA3035	g4584
ECA3035	g4285
ECA3035	g22010
ECA3035	g16106
ECA3035	g1551
ECA3035	g17231
ECA3035	g16243
ECA3035	g15356
ECA3035	g9664
ECA3035	g16053
ECA3035	g5763
ECA3035	g21818
ECA3035	g15580
ECA3035	g16313
ECA3035	g17007
ECA3035	g4234
ECA3035	g7604
ECA3035	g15899
ECA3035	g15946
ECA3035	g1655
ECA3035	g5744
ECA3035	g4194
ECA3035	g15948
ECA3035	g13891
ECA3035	g18461
ECA3035	g4220
ECA3035	g10023
ECA3035	g4719
ECA3035	g8189
ECA3035	g15911
ECA3035	g17472
ECA3035	g17479
ECA3035	g2377
ECA3035	g21834
ECA3035	g21825
ECA3035	g17234
ECA3035	g5466
ECA3035	g8193
ECA3035	g4015
ECA3035	g22128
ECA3035	g4595
ECA3035	g4571
ECA3035	g4088
ECA3035	g16318
ECA3035	g11185
ECA3035	g16096
ECA3035	g60
ECA3035	g16278
ECA3035	g21460
ECA3035	g22255
ECA3035	g22127
ECA3035	g12504
ECA3035	g5761
ECA3035	g6044
ECA3035	g11649
ECA3035	g6059
ECA3035	g4398
ECA3035	g16317
ECA3035	g21842
ECA3035	g11100
ECA3035	g21840
ECA3035	g21511
ECA3035	g22126
ECA3035	g4231
ECA3035	g17297
ECA3035	g11121
ECA3035	g8507
ECA3035	g20919
ECA3035	g17459
ECA3035	g5190
ECA3035	g11101
ECA3035	g942
ECA3035	g4570
ECA3035	g1453
ECA3035	g4230
ECA3035	g15577
ECA3035	g704
ECA3035	g16051
ECA3035	g9033
ECA3035	g4775
ECA3035	g1434
ECA3035	g4221
ECA3035	g19565
ECA3035	g3631
ECA3035	g18310
ECA3035	g1451
ECA3035	g5531
ECA3035	g266
ECA3035	g1678
ECA3035	g5096
ECA3035	g15975
ECA3035	g17461
ECA3035	g2953
ECA3035	g8192
ECA3035	g3340
ECA3035	g20834
ECA3035	g16242
ECA3035	g18759
ECA3035	g11189
ECA3035	g15958
ECA3035	g15961
ECA3035	g13260
ECA3035	g6047
ECA3035	g21949
ECA3035	g17467
ECA3035	g16999
ECA3035	g17455
ECA3035	g4227
ECA3035	g19646
ECA3035	g5614
ECA3035	g8122
ECA3035	g4565
ECA3035	g22124
ECA3035	g21815
ECA3035	g16055
ECA3035	g11188
ECA3035	g5762
ECA3035	g14833
ECA3035	g22009
ECA3035	g8506
ECA3035	g5456
ECA3035	g21819
ECA3035	g17226
ECA3035	g17225
ECA3035	g2699
ECA3035	g4223
ECA3035	g18571
ECA3035	g5493
ECA3035	g16102
ECA3035	g4883
ECA3035	g19568
ECA3035	g4129
ECA3035	g4187
ECA3035	g11120
ECA3035	g2954
ECA3035	g17003
ECA3035	g13931
ECA3035	g7947
ECA3035	g8191
ECA3035	g17458
ECA3035	g21504
ECA3035	g4232
ECA3035	g17480
ECA3035	g17471
ECA3035	g15960
ECA3035	g15959
ECA3035	g4572
ECA3035	g1326
ECA3035	g15898
ECA3035	g16107
ECA3035	g15581
ECA3035	g5758
ECA3035	g8508
ECA3035	g4314
ECA3035	g7607
ECA3035	g6268
ECA3035	g4566
ECA3035	g21264
ECA3035	g6545
ECA3035	g20062
ECA3035	g7609
ECA3035	g22129
ECA3035	g15682
ECA3035	g22102
ECA3035	g15597
ECA3035	g5996
ECA3035	g2326
ECA3035	g9114
ECA3035	g15683
ECA3035	g15686
ECA3035	g1327
ECA3035	g11324
ECA3035	g4225
ECA3035	g19645
ECA3035	g21603
ECA3035	g4201
ECA3035	g17044
ECA3035	g3904
ECA3035	g17236
ECA3035	g4592
ECA3035	g17233
ECA3035	g12191
ECA3035	g17473
ECA3035	g17478
ECA3035	g4203
ECA3035	g11186
ECA3035	g6045
ECA3035	g5455
ECA3035	g21817
ECA3035	g21437
ECA3035	g5552
ECA3035	g4692
ECA3035	g21616
ECA3035	g17604
ECA3035	g21836
ECA3035	g21827
ECA3035	g3546
ECA3035	g4224
ECA3035	g15585
ECA3035	g17005
ECA3035	g22051
ECA3035	g22015
ECA3035	g9927
ECA3035	g15913
ECA3035	g21604
ECA3035	g1547
ECA3035	g4265
ECA3035	g4399
ECA3035	g5765
ECA3035	g11187
ECA3035	g16103
ECA3035	g20800
ECA3035	g15404
ECA3035	g10278
ECA3035	g17453
ECA3035	g17485
ECA3035	g21820
ECA3035	g4263
ECA3035	g3341
ECA3035	g16908
ECA3035	g15099
ECA3035	g21841
ECA3035	g5007
ECA3035	g6102
ECA3035	g21624
ECA3035	g2462
ECA3035	g16013
ECA3035	g5094
ECA3035	g5971
ECA3035	g5100
ECA3035	g19949
ECA3035	g15582
ECA3035	g17001
ECA3035	g4284
ECA3035	g9953
ECA3035	g22130
ECA3035	g17481
ECA3035	g16277
ECA3035	g5454
ECA3035	g16012
ECA3035	g4882
ECA3035	g17460
ECA3035	g17239
ECA3035	g15578
ECA3035	g15856
ECA3035	g10633
ECA3035	g5530
ECA3035	g15920
ECA3035	g4226
ECA3035	g16050
ECA3035	g5759
ECA3035	g6060
ECA3035	g2325
ECA3035	g15583
ECA3035	g1203
ECA3035	g17470
ECA3035	g10634
ECA3035	g4200
ECA3035	g5760
ECA3035	g18454
ECA3035	g17004
ECA3035	g20801
ECA3035	g18452
ECA3035	g5551
ECA3035	g17474
ECA3035	g17477
ECA3035	g4202
ECA3035	g21830
ECA3035	g21839
ECA3035	g4400
ECA3035	g4233
ECA3035	g15584
ECA3035	g19846
ECA3035	g4192
ECA3035	g3630
ECA3035	g5745
ECA3035	g7613
ECA3035	g21823
ECA3035	g21832
ECA3035	g11173
ECA3035	g3344
ECA3035	g17232
ECA3035	g15565
ECA3035	g9113
ECA3035	g16099
ECA3035	g4591
ECA3035	g4229
ECA3035	g17457
ECA3035	g8123
ECA3035	g8889
ECA3035	g1454
ECA3035	g21561
ECA3035	g4084
ECA3035	g3635
ECA3035	g17466
ECA3035	g17227
ECA3035	g3634
ECA3035	g1452
ECA3035	g6046
ECA3035	g16914
ECA3035	g2463
ECA3035	g3173
ECA3035	g19330
ECA3035	g2327
ECA3035	g21373
ECA3035	g22254
ECA3035	g15040
ECA3035	g3343
ECA3035	g18219
JU2600	g13061
JU2600	g8051
JU2600	g11896
JU2600	g4788
JU2600	g8048
JU2600	g8729
JU2600	g4637
JU2600	g16590
JU2600	g442
JU2600	g8228
JU2600	g2039
JU2600	g5265
JU2600	g8268
JU2600	g8512
JU2600	g520
JU2600	g16779
JU2600	g12682
JU2600	g8511
JU2600	g493
JU2600	g9367
JU2600	g9409
JU2600	g12748
JU2600	g12175
JU2600	g7559
JU2600	g8054
JU2600	g9711
JU2600	g14098
JU2600	g9719
JU2600	g7920
JU2600	g2142
JU2600	g18938
JU2600	g8731
JU2600	g7325
JU2600	g7972
JU2600	g16088
JU2600	g16784
JU2600	g7373
JU2600	g8056
JU2600	g12168
JU2600	g4764
JU2600	g7864
JU2600	g7907
JU2600	g7876
JU2600	g15143
JU2600	g7909
JU2600	g9731
JU2600	g21378
JU2600	g4794
JU2600	g8962
JU2600	g20009
JU2600	g4799
JU2600	g2040
JU2600	g8737
JU2600	g15541
JU2600	g4743
JU2600	g15762
JU2600	g5791
JU2600	g8497
JU2600	g4757
JU2600	g9517
JU2600	g2976
JU2600	g4800
JU2600	g18388
JU2600	g12751
JU2600	g22422
JU2600	g16781
JU2600	g22345
JU2600	g9518
JU2600	g2035
JU2600	g8045
JU2600	g3767
JU2600	g12505
JU2600	g7019
JU2600	g4797
JU2600	g2252
JU2600	g9906
JU2600	g9379
JU2600	g9882
JU2600	g12875
JU2600	g8267
JU2600	g13249
JU2600	g21512
JU2600	g16510
JU2600	g8191
JU2600	g15449
JU2600	g9991
JU2600	g16496
JU2600	g8190
JU2600	g22305
JU2600	g12874
JU2600	g2038
JU2600	g9199
JU2600	g17181
JU2600	g9830
JU2600	g4271
JU2600	g4801
JU2600	g8663
JU2600	g4790
JU2600	g4798
JU2600	g7553
JU2600	g4765
JU2600	g15520
JU2600	g299
JU2600	g3060
JU2600	g9718
JU2600	g15540
JU2600	g1524
JU2600	g289
JU2600	g8496
JU2600	g2249
JU2600	g8965
JU2600	g8491
JU2600	g8014
JU2600	g22419
JU2600	g14669
JU2600	g10036
JU2600	g441
JU2600	g2051
JU2600	g4792
JU2600	g2021
JU2600	g2041
JU2600	g4211
JU2600	g8016
JU2600	g4672
JU2600	g5793
JU2600	g5263
JU2600	g4208
JU2600	g14789
JU2600	g19860
JU2600	g12747
JU2600	g4767
JU2600	g16568
JU2600	g827
JU2600	g2272
JU2600	g16085
JU2600	g7935
JU2600	g15521
JU2600	g15814
JU2600	g8505
JU2600	g3547
JU2600	g12750
JU2600	g14703
JU2600	g20305
JU2600	g7922
JU2600	g7919
JU2600	g4758
JU2600	g14014
JU2600	g7875
JU2600	g4763
JU2600	g7556
JU2600	g8723
JU2600	g22418
JU2600	g9372
JU2600	g4807
JU2600	g4836
JU2600	g295
JU2600	g9519
JU2600	g4789
JU2600	g6803
JU2600	g5790
JU2600	g7975
JU2600	g12683
JU2600	g16497
JU2600	g8266
JU2600	g8736
JU2600	g9408
JU2600	g3292
JU2600	g4768
JU2600	g20114
JU2600	g16783
JU2600	g8964
JU2600	g4756
JU2600	g5266
JU2600	g9514
JU2600	g7539
JU2600	g2036
JU2600	g21581
JU2600	g21419
JU2600	g4632
JU2600	g12749
JU2600	g9837
JU2600	g7921
JU2600	g4803
JU2600	g11988
JU2600	g7818
JU2600	g2050
JU2600	g16511
JU2600	g16778
JU2600	g12172
JU2600	g16163
JU2600	g10202
JU2600	g7557
JU2600	g8263
JU2600	g10476
JU2600	g12174
JU2600	g22396
JU2600	g15450
JU2600	g4212
JU2600	g2925
JU2600	g4749
JU2600	g4802
JU2600	g17111
JU2600	g16569
JU2600	g7651
JU2600	g15315
JU2600	g9063
JU2600	g5344
JU2600	g16764
JU2600	g4455
JU2600	g22424
JU2600	g8922
JU2600	g9380
JU2600	g8726
JU2600	g21509
JU2600	g9516
JU2600	g8498
JU2600	g519
JU2600	g4762
JU2600	g15452
JU2600	g16786
JU2600	g16593
JU2600	g21511
JU2600	g4796
JU2600	g5935
JU2600	g8500
JU2600	g7560
JU2600	g15735
JU2600	g8963
JU2600	g9368
JU2600	g2926
JU2600	g17794
JU2600	g4795
JU2600	g4135
JU2600	g7561
JU2600	g19766
JU2600	g22311
JU2600	g17085
JU2600	g4804
JU2600	g3938
JU2600	g8730
JU2600	g15451
JU2600	g9378
JU2600	g2138
JU2600	g22306
JU2600	g3939
JU2600	g16498
JU2600	g22147
JU2600	g16780
JU2600	g7862
JU2600	g17436
JU2600	g8513
JU2600	g9508
JU2600	g9070
JU2600	g16651
JU2600	g9515
JU2600	g7073
JU2600	g4805
JU2600	g9503
JU2600	g3548
JU2600	g9729
JU2600	g4759
JU2600	g14670
JU2600	g1920
JU2600	g8507
JU2600	g16589
JU2600	g3059
JU2600	g16084
JU2600	g4838
JU2600	g9502
JU2600	g22421
JU2600	g7558
JU2600	g12178
JU2600	g8495
JU2600	g8960
JU2600	g7974
JU2600	g8728
JU2600	g3937
JU2600	g8506
JU2600	g9510
JU2600	g16529
JU2600	g15453
JU2600	g9414
JU2600	g8013
JU2600	g9992
JU2600	g2924
JU2600	g8968
JU2600	g22423
JU2600	g3936
JU2600	g7573
JU2600	g4859
JU2600	g15923
JU2600	g8508
JU2600	g7863
JU2600	g20002
JU2600	g4564
JU2600	g20000
JU2600	g17793
JU2600	g15467
JU2600	g8499
JU2600	g16777
JU2600	g15915
JU2600	g9505
JU2600	g610
JU2600	g4806
JU2600	g1794
JU2600	g12088
JU2600	g4207
JU2600	g16765
JU2600	g16002
JU2600	g9511
JU2600	g4766
JU2600	g9504
JU2600	g22517
JU2600	g4858
JU2600	g9005
JU2600	g4793
JU2600	g8509
JU2600	g19147
JU2600	g280
JU2600	g9730
JU2600	g21558
JU2600	g4791
JU2600	g20177
JU2600	g8501
JU2600	g8735
JU2600	g21510
JU2600	g3935
JU2600	g8055
JU2600	g9777
JU2600	g7881
JU2600	g8019
JU2600	g5345
JU2600	g1288
JU2600	g16782
JU2600	g5025
JU2600	g9971
JU2600	g6976
JU2600	g7013
JU2600	g22420
XZ1513	g12558
XZ1513	g712
XZ1513	g15104
XZ1513	g10401
XZ1513	g21615
XZ1513	g12492
XZ1513	g529
XZ1513	g19814
XZ1513	g7764
XZ1513	g13083
XZ1513	g3401
XZ1513	g12703
XZ1513	g675
XZ1513	g894
XZ1513	g223
XZ1513	g19601
XZ1513	g3475
XZ1513	g11388
XZ1513	g7589
XZ1513	g931
XZ1513	g12591
XZ1513	g4744
XZ1513	g17999
XZ1513	g4169
XZ1513	g12587
XZ1513	g12585
XZ1513	g715
XZ1513	g933
XZ1513	g5987
XZ1513	g2879
XZ1513	g11599
XZ1513	g21282
XZ1513	g12772
XZ1513	g21510
XZ1513	g1080
XZ1513	g633
XZ1513	g12555
XZ1513	g9230
XZ1513	g40
XZ1513	g11392
XZ1513	g928
XZ1513	g1429
XZ1513	g4163
XZ1513	g11397
XZ1513	g517
XZ1513	g8550
XZ1513	g12883
XZ1513	g564
XZ1513	g12399
XZ1513	g566
XZ1513	g15810
XZ1513	g226
XZ1513	g3562
XZ1513	g5818
XZ1513	g12550
XZ1513	g7760
XZ1513	g19823
XZ1513	g7449
XZ1513	g19577
XZ1513	g19584
XZ1513	g3249
XZ1513	g14374
XZ1513	g9228
XZ1513	g8953
XZ1513	g4747
XZ1513	g8686
XZ1513	g7656
XZ1513	g11277
XZ1513	g22575
XZ1513	g706
XZ1513	g13586
XZ1513	g1386
XZ1513	g21618
XZ1513	g893
XZ1513	g537
XZ1513	g20769
XZ1513	g8954
XZ1513	g11278
XZ1513	g16742
XZ1513	g241
XZ1513	g22433
XZ1513	g11399
XZ1513	g8342
XZ1513	g13009
XZ1513	g854
XZ1513	g9226
XZ1513	g12560
XZ1513	g20287
XZ1513	g528
XZ1513	g7759
XZ1513	g11387
XZ1513	g21404
XZ1513	g19233
XZ1513	g17926
XZ1513	g11389
XZ1513	g16225
XZ1513	g12586
XZ1513	g19753
XZ1513	g17947
XZ1513	g853
XZ1513	g8547
XZ1513	g20052
XZ1513	g8544
XZ1513	g17927
XZ1513	g9662
XZ1513	g8240
XZ1513	g20154
XZ1513	g221
XZ1513	g9041
XZ1513	g12590
XZ1513	g20055
XZ1513	g11394
XZ1513	g11391
XZ1513	g676
XZ1513	g7758
XZ1513	g16218
XZ1513	g3400
XZ1513	g21386
XZ1513	g13146
XZ1513	g11390
XZ1513	g19596
XZ1513	g11393
XZ1513	g11395
XZ1513	g7451
XZ1513	g19589
XZ1513	g12588
XZ1513	g20049
XZ1513	g13149
XZ1513	g14288
XZ1513	g5669
XZ1513	g4743
XZ1513	g9017
XZ1513	g12552
XZ1513	g11095
XZ1513	g8343
XZ1513	g3772
XZ1513	g21638
XZ1513	g12493
XZ1513	g12562
XZ1513	g21415
XZ1513	g11276
XZ1513	g19594
XZ1513	g13803
XZ1513	g13419
XZ1513	g2279
XZ1513	g12582
XZ1513	g6116
XZ1513	g6916
XZ1513	g18015
XZ1513	g578
XZ1513	g581
XZ1513	g2963
XZ1513	g594
XZ1513	g6998
XZ1513	g222
XZ1513	g19808
XZ1513	g11398
XZ1513	g3253
XZ1513	g9037
XZ1513	g680
XZ1513	g18014
XZ1513	g9899
XZ1513	g1600
XZ1513	g22349
XZ1513	g7735
XZ1513	g12516
XZ1513	g7448
XZ1513	g3450
XZ1513	g19304
XZ1513	g8942
XZ1513	g19822
XZ1513	g12583
XZ1513	g14058
XZ1513	g4746
XZ1513	g12581
XZ1513	g5927
XZ1513	g9229
XZ1513	g3257
XZ1513	g8940
XZ1513	g17946
XZ1513	g932
XZ1513	g13802
XZ1513	g11396
XZ1513	g12518
XZ1513	g22501
XZ1513	g6919
XZ1513	g15851
XZ1513	g8546
XZ1513	g709
XZ1513	g8447
XZ1513	g9231
XZ1513	g12557
XZ1513	g19585
XZ1513	g19576
XZ1513	g580
XZ1513	g579
XZ1513	g8351
XZ1513	g21931
XZ1513	g473
XZ1513	g4680
XZ1513	g516
XZ1513	g9225
XZ1513	g2312
XZ1513	g227
XZ1513	g4166
XZ1513	g20499
XZ1513	g224
XZ1513	g7814
XZ1513	g4679
XZ1513	g9211
XZ1513	g13145
XZ1513	g17047
XZ1513	g14424
XZ1513	g530
XZ1513	g7689
XZ1513	g309
XZ1513	g20057
XZ1513	g18148
XZ1513	g6997
XZ1513	g11613
XZ1513	g20013
XZ1513	g7761
XZ1513	g17602
XZ1513	g19811
XZ1513	g11295
XZ1513	g12561
XZ1513	g22430
XZ1513	g19578
XZ1513	g19583
XZ1513	g3474
XZ1513	g18012
XZ1513	g12551
XZ1513	g9223
XZ1513	g9038
XZ1513	g22432
XZ1513	g11267
XZ1513	g8161
XZ1513	g11598
XZ1513	g4949
XZ1513	g12559
XZ1513	g14423
XZ1513	g18624
XZ1513	g16159
XZ1513	g4867
XZ1513	g13223
XZ1513	g18011
XZ1513	g228
XZ1513	g19330
XZ1513	g12547
XZ1513	g19815
XZ1513	g13417
XZ1513	g11612
XZ1513	g716
XZ1513	g16178
XZ1513	g21506
XZ1513	g18013
XZ1513	g4868
XZ1513	g8980
XZ1513	g10564
XZ1513	g9227
XZ1513	g7762
XZ1513	g18984
XZ1513	g19602
XZ1513	g4498
XZ1513	g22574
XZ1513	g19571
XZ1513	g13418
XZ1513	g9099
XZ1513	g1333
XZ1513	g12549
XZ1513	g7763
XZ1513	g20331
XZ1513	g11266
XZ1513	g14290
XZ1513	g12589
XZ1513	g12350
XZ1513	g12662
XZ1513	g19597
XZ1513	g225
XZ1513	g19575
XZ1513	g19586
XZ1513	g21406
XZ1513	g635
XZ1513	g19813
XZ1513	g19595
XZ1513	g8545
XZ1513	g678
XZ1513	g12597
XZ1513	g9016
XZ1513	g22032
XZ1513	g12584
XZ1513	g209
XZ1513	g19816
XZ1513	g20288
XZ1513	g14425
XZ1513	g13416
XZ1513	g4745
XZ1513	g20051
XZ1513	g12604
XZ1513	g6918
XZ1513	g9396
XZ1513	g12556
XZ1513	g5811
XZ1513	g11590
XZ1513	g2311
XZ1513	g5809
XZ1513	g636
XZ1513	g13150
XZ1513	g18625
XZ1513	g11747
XZ1513	g19579
XZ1513	g19582
XZ1513	g12548
XZ1513	g4172
XZ1513	g13415
XZ1513	g4670
XZ1513	g20053
XZ1513	g19598
XZ1513	g4671
XZ1513	g12553
XZ1513	g22479
XZ1513	g20148
XZ1513	g4168
XZ1513	g11654
XZ1513	g12707
XZ1513	g19590
XZ1513	g12554
XZ1513	g19821
XZ1513	g22431
XZ1513	g9210
XZ1513	g19600
XZ1513	g11294
XZ1513	g21405
XZ1513	g6683
XZ1513	g16097
XZ1513	g12398
XZ1513	g1393
XZ1513	g5578
XZ1513	g21403
XZ1515	g15113
XZ1515	g20183
XZ1515	g22232
XZ1515	g9742
XZ1515	g12443
XZ1515	g17640
XZ1515	g20248
XZ1515	g480
XZ1515	g20144
XZ1515	g19653
XZ1515	g14154
XZ1515	g3546
XZ1515	g20191
XZ1515	g692
XZ1515	g14077
XZ1515	g5791
XZ1515	g698
XZ1515	g9747
XZ1515	g14104
XZ1515	g20150
XZ1515	g21877
XZ1515	g21295
XZ1515	g20156
XZ1515	g9547
XZ1515	g8093
XZ1515	g9538
XZ1515	g17312
XZ1515	g19973
XZ1515	g3847
XZ1515	g14645
XZ1515	g17536
XZ1515	g702
XZ1515	g478
XZ1515	g15359
XZ1515	g20186
XZ1515	g5787
XZ1515	g15312
XZ1515	g9743
XZ1515	g15708
XZ1515	g21289
XZ1515	g5976
XZ1515	g9739
XZ1515	g6490
XZ1515	g19860
XZ1515	g20341
XZ1515	g15114
XZ1515	g5807
XZ1515	g14611
XZ1515	g16829
XZ1515	g15115
XZ1515	g1688
XZ1515	g471
XZ1515	g14684
XZ1515	g3504
XZ1515	g21876
XZ1515	g3328
XZ1515	g18363
XZ1515	g5789
XZ1515	g6063
XZ1515	g21880
XZ1515	g7523
XZ1515	g6353
XZ1515	g9854
XZ1515	g10089
XZ1515	g19150
XZ1515	g21624
XZ1515	g17643
XZ1515	g14608
XZ1515	g6062
XZ1515	g9853
XZ1515	g22014
XZ1515	g5511
XZ1515	g703
XZ1515	g9737
XZ1515	g14725
XZ1515	g19732
XZ1515	g20181
XZ1515	g5496
XZ1515	g14617
XZ1515	g9748
XZ1515	g3957
XZ1515	g695
XZ1515	g14795
XZ1515	g11308
XZ1515	g10236
XZ1515	g9746
XZ1515	g9434
XZ1515	g21298
XZ1515	g20155
XZ1515	g544
XZ1515	g10215
XZ1515	g6492
XZ1515	g239
XZ1515	g21805
XZ1515	g6495
XZ1515	g10235
XZ1515	g13061
XZ1515	g6800
XZ1515	g132
XZ1515	g713
XZ1515	g20151
XZ1515	g18311
XZ1515	g236
XZ1515	g9744
XZ1515	g15119
XZ1515	g14644
XZ1515	g3954
XZ1515	g9427
XZ1515	g706
XZ1515	g3959
XZ1515	g14155
XZ1515	g17414
XZ1515	g19589
XZ1515	g7058
XZ1515	g9745
XZ1515	g9741
XZ1515	g3330
XZ1515	g3846
XZ1515	g20153
XZ1515	g242
XZ1515	g19586
XZ1515	g18447
XZ1515	g1538
XZ1515	g6075
XZ1515	g5998
XZ1515	g20189
XZ1515	g5786
XZ1515	g10037
XZ1515	g13769
XZ1515	g17663
XZ1515	g7524
XZ1515	g20247
XZ1515	g20179
XZ1515	g3584
XZ1515	g5557
XZ1515	g17443
XZ1515	g9855
XZ1515	g18933
XZ1515	g19317
XZ1515	g7490
XZ1515	g20159
XZ1515	g1985
XZ1515	g2792
XZ1515	g10147
XZ1515	g8178
XZ1515	g6073
XZ1515	g15134
XZ1515	g20514
XZ1515	g2874
XZ1515	g8942
XZ1515	g486
XZ1515	g3953
XZ1515	g9738
XZ1515	g14639
XZ1515	g10148
XZ1515	g13300
XZ1515	g15880
XZ1515	g20225
XZ1515	g3327
XZ1515	g11381
XZ1515	g3582
XZ1515	g472
XZ1515	g20158
XZ1515	g18677
XZ1515	g21879
XZ1515	g20160
XZ1515	g1797
XZ1515	g709
XZ1515	g234
XZ1515	g15664
XZ1515	g14761
XZ1515	g10216
XZ1515	g14747
XZ1515	g14746
XZ1515	g3583
XZ1515	g18934
XZ1515	g9740
XZ1515	g20223
XZ1515	g5579
XZ1515	g2795
XZ1515	g16789
XZ1515	g690
XZ1515	g14748
XZ1515	g14745
XZ1515	g6493
XZ1515	g6592
XZ1515	g696
XZ1515	g14687
XZ1515	g20184
XZ1515	g6688
XZ1515	g12348
XZ1515	g14614
XZ1515	g21812
XZ1515	g22768
XZ1515	g5792
XZ1515	g21292
XZ1515	g5283
XZ1515	g15117
XZ1515	g3579
XZ1515	g5013
XZ1515	g21294
XZ1515	g21811
XZ1515	g22769
XZ1515	g21806
XZ1515	g3931
XZ1515	g19590
XZ1515	g18310
XZ1515	g7402
XZ1515	g5997
XZ1515	g3882
XZ1515	g20043
XZ1515	g15018
XZ1515	g22467
XZ1515	g694
XZ1515	g2873
XZ1515	g9526
XZ1515	g278
XZ1515	g483
XZ1515	g9838
XZ1515	g5973
XZ1515	g5508
XZ1515	g10703
XZ1515	g14078
XZ1515	g22774
XZ1515	g10150
XZ1515	g20190
XZ1515	g5794
XZ1515	g10151
XZ1515	g5510
XZ1515	g6696
XZ1515	g6074
XZ1515	g11679
XZ1515	g9864
XZ1515	g6878
XZ1515	g9539
XZ1515	g708
XZ1515	g20182
XZ1515	g10702
XZ1515	g9368
XZ1515	g22013
XZ1515	g10149
XZ1515	g19512
XZ1515	g3852
XZ1515	g11407
XZ1515	g20194
XZ1515	g5788
XZ1515	g479
XZ1515	g19319
XZ1515	g9527
XZ1515	g9387
XZ1515	g17532
XZ1515	g1413
XZ1515	g6034
XZ1515	g5790
XZ1515	g14809
XZ1515	g11060
XZ1515	g10090
XZ1515	g19318
XZ1515	g15611
XZ1515	g20192
XZ1515	g5911
XZ1515	g9865
XZ1515	g18446
XZ1515	g20152
XZ1515	g21810
XZ1515	g22770
XZ1515	g22773
XZ1515	g21807
XZ1515	g14807
XZ1515	g20083
XZ1515	g3956
XZ1515	g15116
XZ1515	g17434
XZ1515	g3503
XZ1515	g481
XZ1515	g815
XZ1515	g14607
XZ1515	g6494
XZ1515	g20157
XZ1515	g20390
XZ1515	g5495
XZ1515	g18309
XZ1515	g701
XZ1515	g19320
XZ1515	g21878
XZ1515	g3958
XZ1515	g5977
XZ1515	g20180
XZ1515	g240
XZ1515	g20137
XZ1515	g2794
XZ1515	g17187
XZ1515	g14808
XZ1515	g20185
XZ1515	g1681
XZ1515	g1679
XZ1515	g3774
XZ1515	g14796
XZ1515	g19585
XZ1515	g5451
XZ1515	g14763
XZ1515	g13984
XZ1515	g20193
XZ1515	g705
XZ1515	g12248
XZ1515	g5806
XZ1515	g10163
XZ1515	g21061
XZ1515	g19321
XZ1515	g21796
XZ1515	g14685
XZ1515	g20154
XZ1515	g238
XZ1515	g6697
XZ1515	g21797
XZ1515	g15120
XZ1515	g14292
XZ1515	g20188
XZ1515	g139
XZ1515	g9486
XZ1515	g1857
XZ1515	g14642
XZ1515	g20039
XZ1515	g20187
XZ1515	g473
XZ1515	g14854
XZ1515	g5509
XZ1515	g14790
XZ1515	g17432
XZ1515	g693
XZ1515	g9839
XZ1515	g17433
XZ1515	g2560
XZ1515	g9303
XZ1515	g20342
XZ1515	g15671
XZ1515	g3955
XZ1515	g700
XZ1515	g17431
ECA1889	g13096
ECA1889	g18069
ECA1889	g2636
ECA1889	g22551
ECA1889	g5254
ECA1889	g21661
ECA1889	g1387
ECA1889	g22533
ECA1889	g19381
ECA1889	g22052
ECA1889	g2710
ECA1889	g3225
ECA1889	g21619
ECA1889	g1915
ECA1889	g12605
ECA1889	g19161
ECA1889	g167
ECA1889	g19160
ECA1889	g9840
ECA1889	g9265
ECA1889	g13099
ECA1889	g22353
ECA1889	g15937
ECA1889	g22344
ECA1889	g2659
ECA1889	g5594
ECA1889	g365
ECA1889	g2910
ECA1889	g9773
ECA1889	g9776
ECA1889	g22536
ECA1889	g2692
ECA1889	g5360
ECA1889	g2732
ECA1889	g2708
ECA1889	g17628
ECA1889	g19383
ECA1889	g12376
ECA1889	g13018
ECA1889	g163
ECA1889	g12424
ECA1889	g9259
ECA1889	g344
ECA1889	g12904
ECA1889	g840
ECA1889	g3026
ECA1889	g12950
ECA1889	g2544
ECA1889	g22548
ECA1889	g12916
ECA1889	g10902
ECA1889	g12608
ECA1889	g2744
ECA1889	g9771
ECA1889	g19390
ECA1889	g2292
ECA1889	g445
ECA1889	g19141
ECA1889	g4530
ECA1889	g22535
ECA1889	g433
ECA1889	g9843
ECA1889	g22055
ECA1889	g709
ECA1889	g165
ECA1889	g18722
ECA1889	g13090
ECA1889	g6908
ECA1889	g3748
ECA1889	g2304
ECA1889	g9592
ECA1889	g21684
ECA1889	g5251
ECA1889	g432
ECA1889	g9964
ECA1889	g16784
ECA1889	g12624
ECA1889	g14683
ECA1889	g3152
ECA1889	g21585
ECA1889	g14668
ECA1889	g21584
ECA1889	g443
ECA1889	g14623
ECA1889	g22232
ECA1889	g9268
ECA1889	g19315
ECA1889	g18786
ECA1889	g2311
ECA1889	g842
ECA1889	g1385
ECA1889	g21660
ECA1889	g19616
ECA1889	g22553
ECA1889	g845
ECA1889	g18806
ECA1889	g5366
ECA1889	g5984
ECA1889	g13100
ECA1889	g1150
ECA1889	g19726
ECA1889	g444
ECA1889	g12603
ECA1889	g6224
ECA1889	g7070
ECA1889	g19617
ECA1889	g13060
ECA1889	g8029
ECA1889	g22225
ECA1889	g12589
ECA1889	g5485
ECA1889	g3289
ECA1889	g2288
ECA1889	g12029
ECA1889	g22333
ECA1889	g2699
ECA1889	g1917
ECA1889	g3292
ECA1889	g20575
ECA1889	g4581
ECA1889	g9839
ECA1889	g366
ECA1889	g2697
ECA1889	g1045
ECA1889	g6699
ECA1889	g5231
ECA1889	g2637
ECA1889	g12979
ECA1889	g5457
ECA1889	g2709
ECA1889	g19154
ECA1889	g19150
ECA1889	g19149
ECA1889	g19619
ECA1889	g3964
ECA1889	g15070
ECA1889	g21024
ECA1889	g18718
ECA1889	g19153
ECA1889	g16021
ECA1889	g19618
ECA1889	g21938
ECA1889	g18807
ECA1889	g12915
ECA1889	g6994
ECA1889	g1836
ECA1889	g12604
ECA1889	g2305
ECA1889	g19375
ECA1889	g8389
ECA1889	g22051
ECA1889	g22546
ECA1889	g22537
ECA1889	g7215
ECA1889	g13064
ECA1889	g18719
ECA1889	g164
ECA1889	g11857
ECA1889	g7230
ECA1889	g13021
ECA1889	g21659
ECA1889	g1386
ECA1889	g19389
ECA1889	g4215
ECA1889	g9842
ECA1889	g20833
ECA1889	g7212
ECA1889	g2711
ECA1889	g12071
ECA1889	g1914
ECA1889	g18787
ECA1889	g3963
ECA1889	g19615
ECA1889	g7020
ECA1889	g8319
ECA1889	g10941
ECA1889	g22543
ECA1889	g843
ECA1889	g13093
ECA1889	g939
ECA1889	g2731
ECA1889	g12965
ECA1889	g12964
ECA1889	g2739
ECA1889	g1037
ECA1889	g7221
ECA1889	g17978
ECA1889	g12857
ECA1889	g341
ECA1889	g9778
ECA1889	g22544
ECA1889	g168
ECA1889	g15036
ECA1889	g1384
ECA1889	g12609
ECA1889	g9262
ECA1889	g14453
ECA1889	g2312
ECA1889	g12606
ECA1889	g15505
ECA1889	g14181
ECA1889	g22054
ECA1889	g9777
ECA1889	g9264
ECA1889	g9772
ECA1889	g22029
ECA1889	g20895
ECA1889	g3288
ECA1889	g22550
ECA1889	g4582
ECA1889	g21977
ECA1889	g12692
ECA1889	g1837
ECA1889	g4445
ECA1889	g22332
ECA1889	g2696
ECA1889	g6995
ECA1889	g19579
ECA1889	g19378
ECA1889	g2291
ECA1889	g14680
ECA1889	g19142
ECA1889	g2730
ECA1889	g18721
ECA1889	g21939
ECA1889	g14682
ECA1889	g19144
ECA1889	g7071
ECA1889	g1227
ECA1889	g19156
ECA1889	g8994
ECA1889	g22167
ECA1889	g3367
ECA1889	g12610
ECA1889	g20484
ECA1889	g21944
ECA1889	g8293
ECA1889	g2698
ECA1889	g22345
ECA1889	g19382
ECA1889	g2694
ECA1889	g22186
ECA1889	g5364
ECA1889	g18720
ECA1889	g22532
ECA1889	g12966
ECA1889	g12963
ECA1889	g3575
ECA1889	g166
ECA1889	g12902
ECA1889	g8993
ECA1889	g8640
ECA1889	g19162
ECA1889	g17084
ECA1889	g20727
ECA1889	g3576
ECA1889	g2306
ECA1889	g12124
ECA1889	g288
ECA1889	g2842
ECA1889	g4447
ECA1889	g14752
ECA1889	g12607
ECA1889	g2486
ECA1889	g19155
ECA1889	g2704
ECA1889	g19140
ECA1889	g12952
ECA1889	g19139
ECA1889	g5466
ECA1889	g13020
ECA1889	g19135
ECA1889	g19380
ECA1889	g3577
ECA1889	g19864
ECA1889	g844
ECA1889	g2661
ECA1889	g2703
ECA1889	g5468
ECA1889	g13059
ECA1889	g14667
ECA1889	g4583
ECA1889	g19622
ECA1889	g22057
ECA1889	g9841
ECA1889	g22056
ECA1889	g345
ECA1889	g3578
ECA1889	g182
ECA1889	g161
ECA1889	g2695
ECA1889	g2706
ECA1889	g5719
ECA1889	g2700
ECA1889	g19157
ECA1889	g2733
ECA1889	g12903
ECA1889	g21656
ECA1889	g20720
ECA1889	g15037
ECA1889	g20718
ECA1889	g21859
ECA1889	g22552
ECA1889	g3293
ECA1889	g2707
ECA1889	g15156
ECA1889	g19143
ECA1889	g2693
ECA1889	g17878
ECA1889	g181
ECA1889	g18734
ECA1889	g9761
ECA1889	g19158
ECA1889	g406
ECA1889	g9762
ECA1889	g14730
ECA1889	g19719
ECA1889	g2802
ECA1889	g22281
ECA1889	g2846
ECA1889	g1046
ECA1889	g19145
ECA1889	g19388
ECA1889	g14681
ECA1889	g3579
ECA1889	g12921
ECA1889	g5467
ECA1889	g2154
ECA1889	g22102
ECA1889	g2543
ECA1889	g9963
ECA1889	g12065
ECA1889	g169
ECA1889	g22053
ECA1889	g21905
ECA1889	g5469
ECA1889	g2702
ECA2151	g5087
ECA2151	g21552
ECA2151	g20862
ECA2151	g17612
ECA2151	g21448
ECA2151	g17572
ECA2151	g5271
ECA2151	g15539
ECA2151	g1994
ECA2151	g17689
ECA2151	g4758
ECA2151	g12970
ECA2151	g4803
ECA2151	g4445
ECA2151	g16844
ECA2151	g5127
ECA2151	g10299
ECA2151	g10305
ECA2151	g22590
ECA2151	g5578
ECA2151	g22550
ECA2151	g17500
ECA2151	g11635
ECA2151	g16942
ECA2151	g16367
ECA2151	g459
ECA2151	g22397
ECA2151	g4772
ECA2151	g14529
ECA2151	g11909
ECA2151	g21259
ECA2151	g10308
ECA2151	g5084
ECA2151	g10311
ECA2151	g4770
ECA2151	g1877
ECA2151	g21453
ECA2151	g5806
ECA2151	g5169
ECA2151	g9060
ECA2151	g5759
ECA2151	g10314
ECA2151	g16382
ECA2151	g5283
ECA2151	g8338
ECA2151	g5236
ECA2151	g5234
ECA2151	g7262
ECA2151	g22403
ECA2151	g5575
ECA2151	g16948
ECA2151	g17685
ECA2151	g5272
ECA2151	g16369
ECA2151	g2933
ECA2151	g8764
ECA2151	g20894
ECA2151	g2098
ECA2151	g9709
ECA2151	g17688
ECA2151	g9057
ECA2151	g4184
ECA2151	g8762
ECA2151	g8477
ECA2151	g4768
ECA2151	g8865
ECA2151	g5094
ECA2151	g6108
ECA2151	g15389
ECA2151	g5083
ECA2151	g5263
ECA2151	g4798
ECA2151	g4804
ECA2151	g21443
ECA2151	g21703
ECA2151	g9589
ECA2151	g22551
ECA2151	g17687
ECA2151	g21447
ECA2151	g4865
ECA2151	g15218
ECA2151	g5561
ECA2151	g8235
ECA2151	g17361
ECA2151	g4811
ECA2151	g21445
ECA2151	g13817
ECA2151	g18684
ECA2151	g9590
ECA2151	g11800
ECA2151	g16383
ECA2151	g4185
ECA2151	g9058
ECA2151	g16368
ECA2151	g21444
ECA2151	g21793
ECA2151	g9397
ECA2151	g16550
ECA2151	g3017
ECA2151	g8335
ECA2151	g17360
ECA2151	g21554
ECA2151	g4181
ECA2151	g8332
ECA2151	g14299
ECA2151	g1495
ECA2151	g8029
ECA2151	g1996
ECA2151	g16363
ECA2151	g5580
ECA2151	g1256
ECA2151	g489
ECA2151	g2884
ECA2151	g4799
ECA2151	g16841
ECA2151	g16842
ECA2151	g5126
ECA2151	g2209
ECA2151	g16611
ECA2151	g11861
ECA2151	g21722
ECA2151	g5595
ECA2151	g8861
ECA2151	g1979
ECA2151	g2102
ECA2151	g16381
ECA2151	g488
ECA2151	g17363
ECA2151	g9713
ECA2151	g8839
ECA2151	g3901
ECA2151	g4812
ECA2151	g8131
ECA2151	g777
ECA2151	g2006
ECA2151	g16612
ECA2151	g4809
ECA2151	g16377
ECA2151	g4249
ECA2151	g3503
ECA2151	g9710
ECA2151	g5221
ECA2151	g5224
ECA2151	g13730
ECA2151	g5208
ECA2151	g22398
ECA2151	g16386
ECA2151	g9782
ECA2151	g1995
ECA2151	g4843
ECA2151	g4794
ECA2151	g4800
ECA2151	g2236
ECA2151	g14216
ECA2151	g16620
ECA2151	g5579
ECA2151	g9712
ECA2151	g19846
ECA2151	g17684
ECA2151	g5122
ECA2151	g9059
ECA2151	g6321
ECA2151	g4757
ECA2151	g22552
ECA2151	g21450
ECA2151	g8862
ECA2151	g4764
ECA2151	g3252
ECA2151	g14298
ECA2151	g21598
ECA2151	g4801
ECA2151	g16387
ECA2151	g18699
ECA2151	g18017
ECA2151	g7223
ECA2151	g9711
ECA2151	g8334
ECA2151	g5091
ECA2151	g16884
ECA2151	g18700
ECA2151	g5223
ECA2151	g5222
ECA2151	g8139
ECA2151	g4773
ECA2151	g5327
ECA2151	g5284
ECA2151	g9054
ECA2151	g5574
ECA2151	g4318
ECA2151	g3724
ECA2151	g5577
ECA2151	g22555
ECA2151	g22080
ECA2151	g4808
ECA2151	g4767
ECA2151	g17663
ECA2151	g5124
ECA2151	g4864
ECA2151	g4807
ECA2151	g21454
ECA2151	g11520
ECA2151	g4805
ECA2151	g3504
ECA2151	g571
ECA2151	g18774
ECA2151	g19916
ECA2151	g8840
ECA2151	g5493
ECA2151	g9056
ECA2151	g21260
ECA2151	g16613
ECA2151	g18547
ECA2151	g16384
ECA2151	g14217
ECA2151	g9040
ECA2151	g16380
ECA2151	g12664
ECA2151	g16619
ECA2151	g11859
ECA2151	g16608
ECA2151	g2212
ECA2151	g16370
ECA2151	g18685
ECA2151	g16846
ECA2151	g18683
ECA2151	g11860
ECA2151	g16372
ECA2151	g8763
ECA2151	g4639
ECA2151	g20201
ECA2151	g21265
ECA2151	g6151
ECA2151	g7950
ECA2151	g19246
ECA2151	g4765
ECA2151	g9963
ECA2151	g5573
ECA2151	g19942
ECA2151	g4947
ECA2151	g21446
ECA2151	g18682
ECA2151	g16839
ECA2151	g3899
ECA2151	g21458
ECA2151	g21553
ECA2151	g22402
ECA2151	g2883
ECA2151	g4900
ECA2151	g16390
ECA2151	g410
ECA2151	g17690
ECA2151	g17686
ECA2151	g19602
ECA2151	g16373
ECA2151	g15094
ECA2151	g22401
ECA2151	g14301
ECA2151	g6057
ECA2151	g17881
ECA2151	g3900
ECA2151	g20780
ECA2151	g5166
ECA2151	g3016
ECA2151	g9061
ECA2151	g4796
ECA2151	g4681
ECA2151	g9261
ECA2151	g4769
ECA2151	g5576
ECA2151	g11858
ECA2151	g16254
ECA2151	g16618
ECA2151	g15281
ECA2151	g17571
ECA2151	g1997
ECA2151	g10309
ECA2151	g4180
ECA2151	g5167
ECA2151	g10304
ECA2151	g4948
ECA2151	g16378
ECA2151	g8333
ECA2151	g9783
ECA2151	g16843
ECA2151	g4797
ECA2151	g11844
ECA2151	g2882
ECA2151	g4771
ECA2151	g8931
ECA2151	g4632
ECA2151	g3898
ECA2151	g15397
ECA2151	g11359
ECA2151	g1755
ECA2151	g20895
ECA2151	g21652
ECA2151	g4810
ECA2151	g19247
ECA2151	g18775
ECA2151	g16605
ECA2151	g16371
ECA2151	g9053
ECA2151	g18754
ECA2151	g16806
ECA2151	g9041
ECA2151	g4795
ECA2151	g12119
ECA2151	g18686
ECA2151	g16610
ECA2151	g21264
ECA2151	g21449
ECA2151	g18755
ECA2151	g4806
ECA2151	g276
ECA2151	g9055
ECA2151	g11845
ECA2151	g409
ECA2151	g17577
ECA2151	g17773
ECA2151	g4840
ECA2151	g4802
ECA2151	g21456
ECA2151	g16379
ECA2151	g4561
ECA2151	g8130
ECA2151	g4103
ECA2151	g4774
ECA2151	g4793
ECA2151	g15631
ECA2151	g4766
ECA2151	g3897
ECA2151	g5270
ECA2151	g21648
ECA2151	g22210
ECA2151	g15399
ECA2151	g8801
ECA2151	g6115
JU3226	g17698
JU3226	g11038
JU3226	g11433
JU3226	g1447
JU3226	g10304
JU3226	g6719
JU3226	g16718
JU3226	g3839
JU3226	g10303
JU3226	g14395
JU3226	g10729
JU3226	g11187
JU3226	g22356
JU3226	g10582
JU3226	g19135
JU3226	g4586
JU3226	g20184
JU3226	g11144
JU3226	g18340
JU3226	g11179
JU3226	g10307
JU3226	g15294
JU3226	g19125
JU3226	g16529
JU3226	g17699
JU3226	g19117
JU3226	g18877
JU3226	g15005
JU3226	g11640
JU3226	g16882
JU3226	g564
JU3226	g15904
JU3226	g22357
JU3226	g16760
JU3226	g18644
JU3226	g11182
JU3226	g15187
JU3226	g3882
JU3226	g4129
JU3226	g16751
JU3226	g14808
JU3226	g8145
JU3226	g9733
JU3226	g11370
JU3226	g894
JU3226	g15737
JU3226	g3876
JU3226	g14510
JU3226	g11197
JU3226	g22678
JU3226	g17255
JU3226	g6708
JU3226	g16886
JU3226	g13491
JU3226	g20810
JU3226	g1135
JU3226	g16078
JU3226	g16725
JU3226	g19129
JU3226	g9910
JU3226	g18887
JU3226	g11195
JU3226	g11192
JU3226	g1138
JU3226	g15736
JU3226	g17700
JU3226	g11191
JU3226	g22353
JU3226	g13291
JU3226	g19119
JU3226	g11652
JU3226	g22524
JU3226	g1261
JU3226	g15282
JU3226	g18884
JU3226	g3924
JU3226	g6724
JU3226	g16804
JU3226	g15284
JU3226	g22358
JU3226	g16729
JU3226	g13502
JU3226	g16107
JU3226	g14676
JU3226	g13401
JU3226	g11231
JU3226	g2061
JU3226	g16491
JU3226	g5198
JU3226	g18948
JU3226	g559
JU3226	g17635
JU3226	g15718
JU3226	g6725
JU3226	g6529
JU3226	g7120
JU3226	g16533
JU3226	g8096
JU3226	g9379
JU3226	g17275
JU3226	g15735
JU3226	g17254
JU3226	g5441
JU3226	g15192
JU3226	g16803
JU3226	g22120
JU3226	g18646
JU3226	g14736
JU3226	g11178
JU3226	g16027
JU3226	g10586
JU3226	g13504
JU3226	g22355
JU3226	g4898
JU3226	g20452
JU3226	g22714
JU3226	g11190
JU3226	g4664
JU3226	g1941
JU3226	g11085
JU3226	g10851
JU3226	g7790
JU3226	g13267
JU3226	g16931
JU3226	g11158
JU3226	g15283
JU3226	g11189
JU3226	g19121
JU3226	g19114
JU3226	g2027
JU3226	g19118
JU3226	g13506
JU3226	g3177
JU3226	g11382
JU3226	g3262
JU3226	g1260
JU3226	g17697
JU3226	g18645
JU3226	g1071
JU3226	g17634
JU3226	g2677
JU3226	g19131
JU3226	g9416
JU3226	g14721
JU3226	g16565
JU3226	g1136
JU3226	g19375
JU3226	g6303
JU3226	g18892
JU3226	g8067
JU3226	g15215
JU3226	g11186
JU3226	g20553
JU3226	g15002
JU3226	g15734
JU3226	g22380
JU3226	g15004
JU3226	g15124
JU3226	g15214
JU3226	g16806
JU3226	g18878
JU3226	g13628
JU3226	g15001
JU3226	g4130
JU3226	g3982
JU3226	g3981
JU3226	g4661
JU3226	g4662
JU3226	g6709
JU3226	g16869
JU3226	g16868
JU3226	g15007
JU3226	g22359
JU3226	g15296
JU3226	g15738
JU3226	g11159
JU3226	g6854
JU3226	g22624
JU3226	g1140
JU3226	g11194
JU3226	g22567
JU3226	g15213
JU3226	g18649
JU3226	g14236
JU3226	g17614
JU3226	g9909
JU3226	g18549
JU3226	g10587
JU3226	g19115
JU3226	g3889
JU3226	g15000
JU3226	g17160
JU3226	g16913
JU3226	g16870
JU3226	g16867
JU3226	g15020
JU3226	g19126
JU3226	g18684
JU3226	g10583
JU3226	g5746
JU3226	g11653
JU3226	g6549
JU3226	g18889
JU3226	g13294
JU3226	g10129
JU3226	g6830
JU3226	g16930
JU3226	g14733
JU3226	g14734
JU3226	g6721
JU3226	g16485
JU3226	g19128
JU3226	g11252
JU3226	g4131
JU3226	g11645
JU3226	g14735
JU3226	g15295
JU3226	g16853
JU3226	g1070
JU3226	g12610
JU3226	g11228
JU3226	g11641
JU3226	g17258
JU3226	g22354
JU3226	g21174
JU3226	g1139
JU3226	g6531
JU3226	g12468
JU3226	g20478
JU3226	g8146
JU3226	g4585
JU3226	g18885
JU3226	g1588
JU3226	g6530
JU3226	g17257
JU3226	g11651
JU3226	g19116
JU3226	g11369
JU3226	g12554
JU3226	g19130
JU3226	g15252
JU3226	g16719
JU3226	g6710
JU3226	g13501
JU3226	g16932
JU3226	g6828
JU3226	g17261
JU3226	g11381
JU3226	g3881
JU3226	g16759
JU3226	g15818
JU3226	g18647
JU3226	g11148
JU3226	g9481
JU3226	g17835
JU3226	g16722
JU3226	g14786
JU3226	g16290
JU3226	g15003
JU3226	g6550
JU3226	g10306
JU3226	g6831
JU3226	g16488
JU3226	g17256
JU3226	g561
JU3226	g15913
JU3226	g16227
JU3226	g10655
JU3226	g10506
JU3226	g17253
JU3226	g21662
JU3226	g16462
JU3226	g16566
JU3226	g19120
JU3226	g2060
JU3226	g13397
JU3226	g8293
JU3226	g12470
JU3226	g11181
JU3226	g11253
JU3226	g21554
JU3226	g11180
JU3226	g6557
JU3226	g18879
JU3226	g17440
JU3226	g11160
JU3226	g7987
JU3226	g17240
JU3226	g13521
JU3226	g11183
JU3226	g18601
JU3226	g11157
JU3226	g6723
JU3226	g5434
JU3226	g17685
JU3226	g21173
JU3226	g15595
JU3226	g15914
JU3226	g6707
JU3226	g7361
JU3226	g9208
JU3226	g13507
JU3226	g19127
JU3226	g15724
JU3226	g6726
JU3226	g9422
JU3226	g11196
JU3226	g15019
JU3226	g22574
JU3226	g10963
JU3226	g16919
JU3226	g10305
JU3226	g11042
JU3226	g13623
JU3226	g18886
JU3226	g12233
JU3226	g13503
JU3226	g12611
JU3226	g5291
JU3226	g18543
JU3226	g22502
JU3226	g15006
JU3226	g16980
JU3226	g11193
JU3226	g567
JU3226	g15190
JU3226	g16530
JU3226	g19236
JU3226	g5432
JU3226	g17615
JU3226	g22436
JU3226	g11185
JU3226	g18642
JU3226	g11151
JU3226	g3923
JU3226	g16918
JU3226	g6718
ECA1413	g20786
ECA1413	g10388
ECA1413	g21273
ECA1413	g15360
ECA1413	g4888
ECA1413	g18059
ECA1413	g7850
ECA1413	g10453
ECA1413	g470
ECA1413	g22433
ECA1413	g9865
ECA1413	g6038
ECA1413	g21451
ECA1413	g10396
ECA1413	g687
ECA1413	g6114
ECA1413	g12618
ECA1413	g694
ECA1413	g11074
ECA1413	g22255
ECA1413	g688
ECA1413	g6087
ECA1413	g21488
ECA1413	g10355
ECA1413	g15042
ECA1413	g14459
ECA1413	g10361
ECA1413	g21276
ECA1413	g21490
ECA1413	g10873
ECA1413	g3731
ECA1413	g10864
ECA1413	g7517
ECA1413	g10178
ECA1413	g22319
ECA1413	g21140
ECA1413	g7744
ECA1413	g11422
ECA1413	g698
ECA1413	g468
ECA1413	g20544
ECA1413	g21195
ECA1413	g10391
ECA1413	g12623
ECA1413	g20592
ECA1413	g11070
ECA1413	g21485
ECA1413	g20196
ECA1413	g14453
ECA1413	g12433
ECA1413	g11066
ECA1413	g21083
ECA1413	g11921
ECA1413	g10067
ECA1413	g21126
ECA1413	g10543
ECA1413	g20785
ECA1413	g21095
ECA1413	g12602
ECA1413	g21128
ECA1413	g19072
ECA1413	g20784
ECA1413	g1674
ECA1413	g461
ECA1413	g11069
ECA1413	g3311
ECA1413	g8572
ECA1413	g21870
ECA1413	g10854
ECA1413	g12344
ECA1413	g15045
ECA1413	g22436
ECA1413	g12620
ECA1413	g20780
ECA1413	g12054
ECA1413	g11184
ECA1413	g21267
ECA1413	g9356
ECA1413	g14788
ECA1413	g7853
ECA1413	g12345
ECA1413	g11183
ECA1413	g15172
ECA1413	g22435
ECA1413	g4581
ECA1413	g12899
ECA1413	g11064
ECA1413	g9940
ECA1413	g21411
ECA1413	g10386
ECA1413	g12914
ECA1413	g22318
ECA1413	g11075
ECA1413	g691
ECA1413	g16394
ECA1413	g17460
ECA1413	g11073
ECA1413	g10761
ECA1413	g14462
ECA1413	g22434
ECA1413	g10360
ECA1413	g537
ECA1413	g692
ECA1413	g17481
ECA1413	g21410
ECA1413	g11918
ECA1413	g21987
ECA1413	g233
ECA1413	g14969
ECA1413	g11915
ECA1413	g17461
ECA1413	g7125
ECA1413	g11603
ECA1413	g126
ECA1413	g708
ECA1413	g10356
ECA1413	g8521
ECA1413	g230
ECA1413	g11071
ECA1413	g21236
ECA1413	g10754
ECA1413	g701
ECA1413	g6037
ECA1413	g7620
ECA1413	g9800
ECA1413	g11072
ECA1413	g11068
ECA1413	g3313
ECA1413	g10358
ECA1413	g236
ECA1413	g9797
ECA1413	g8656
ECA1413	g1525
ECA1413	g12332
ECA1413	g12411
ECA1413	g10394
ECA1413	g12625
ECA1413	g11370
ECA1413	g6417
ECA1413	g7873
ECA1413	g10452
ECA1413	g10384
ECA1413	g12853
ECA1413	g21156
ECA1413	g7649
ECA1413	g11185
ECA1413	g9141
ECA1413	g9524
ECA1413	g21902
ECA1413	g10364
ECA1413	g1971
ECA1413	g2779
ECA1413	g17549
ECA1413	g21142
ECA1413	g3815
ECA1413	g12334
ECA1413	g21094
ECA1413	g20765
ECA1413	g2860
ECA1413	g476
ECA1413	g22432
ECA1413	g11065
ECA1413	g7739
ECA1413	g17548
ECA1413	g6884
ECA1413	g20025
ECA1413	g15041
ECA1413	g10430
ECA1413	g3310
ECA1413	g21198
ECA1413	g16324
ECA1413	g462
ECA1413	g10363
ECA1413	g8888
ECA1413	g15044
ECA1413	g10365
ECA1413	g1783
ECA1413	g704
ECA1413	g228
ECA1413	g20238
ECA1413	g17480
ECA1413	g21489
ECA1413	g9142
ECA1413	g11067
ECA1413	g10428
ECA1413	g12831
ECA1413	g2782
ECA1413	g19111
ECA1413	g685
ECA1413	g11917
ECA1413	g21270
ECA1413	g11815
ECA1413	g10389
ECA1413	g21141
ECA1413	g11716
ECA1413	g17964
ECA1413	g14976
ECA1413	g12617
ECA1413	g14456
ECA1413	g13126
ECA1413	g20782
ECA1413	g13401
ECA1413	g14458
ECA1413	g14970
ECA1413	g14975
ECA1413	g132
ECA1413	g22437
ECA1413	g22410
ECA1413	g9801
ECA1413	g8520
ECA1413	g12412
ECA1413	g10247
ECA1413	g20877
ECA1413	g699
ECA1413	g22677
ECA1413	g17683
ECA1413	g690
ECA1413	g2859
ECA1413	g10852
ECA1413	g271
ECA1413	g473
ECA1413	g11168
ECA1413	g12436
ECA1413	g12902
ECA1413	g6113
ECA1413	g17546
ECA1413	g10395
ECA1413	g12615
ECA1413	g17545
ECA1413	g12900
ECA1413	g11708
ECA1413	g12333
ECA1413	g11194
ECA1413	g11524
ECA1413	g10865
ECA1413	g703
ECA1413	g16994
ECA1413	g10694
ECA1413	g15171
ECA1413	g9723
ECA1413	g21277
ECA1413	g22361
ECA1413	g22324
ECA1413	g16298
ECA1413	g10399
ECA1413	g12622
ECA1413	g469
ECA1413	g9526
ECA1413	g10853
ECA1413	g10713
ECA1413	g7740
ECA1413	g17547
ECA1413	g21139
ECA1413	g1402
ECA1413	g12373
ECA1413	g16029
ECA1413	g12619
ECA1413	g21081
ECA1413	g16641
ECA1413	g11423
ECA1413	g9525
ECA1413	g20291
ECA1413	g12498
ECA1413	g11195
ECA1413	g8655
ECA1413	g10357
ECA1413	g14971
ECA1413	g14974
ECA1413	g10288
ECA1413	g20783
ECA1413	g22438
ECA1413	g7640
ECA1413	g21197
ECA1413	g471
ECA1413	g810
ECA1413	g21238
ECA1413	g11916
ECA1413	g10349
ECA1413	g10362
ECA1413	g7638
ECA1413	g21235
ECA1413	g10591
ECA1413	g12915
ECA1413	g8519
ECA1413	g697
ECA1413	g9527
ECA1413	g15043
ECA1413	g12432
ECA1413	g10385
ECA1413	g234
ECA1413	g10342
ECA1413	g2781
ECA1413	g7392
ECA1413	g21869
ECA1413	g21082
ECA1413	g10390
ECA1413	g1667
ECA1413	g1665
ECA1413	g9796
ECA1413	g16993
ECA1413	g12959
ECA1413	g6205
ECA1413	g10398
ECA1413	g700
ECA1413	g17865
ECA1413	g12603
ECA1413	g10397
ECA1413	g17533
ECA1413	g5434
ECA1413	g9528
ECA1413	g14960
ECA1413	g10359
ECA1413	g232
ECA1413	g11707
ECA1413	g14961
ECA1413	g20779
ECA1413	g5899
ECA1413	g10393
ECA1413	g10813
ECA1413	g1844
ECA1413	g10243
ECA1413	g10392
ECA1413	g463
ECA1413	g21036
ECA1413	g12901
ECA1413	g21100
ECA1413	g21241
ECA1413	g11169
ECA1413	g12621
ECA1413	g7639
ECA1413	g2546
ECA1413	g10629
ECA1413	g10544
ECA1413	g20232
ECA1413	g696
ECA1413	g7637
ECA2281	g6372
ECA2281	g8918
ECA2281	g20725
ECA2281	g16087
ECA2281	g3346
ECA2281	g21732
ECA2281	g6243
ECA2281	g18315
ECA2281	g4351
ECA2281	g1024
ECA2281	g14995
ECA2281	g20969
ECA2281	g11538
ECA2281	g9354
ECA2281	g6244
ECA2281	g17643
ECA2281	g1885
ECA2281	g495
ECA2281	g16277
ECA2281	g3477
ECA2281	g3689
ECA2281	g208
ECA2281	g20736
ECA2281	g12103
ECA2281	g16076
ECA2281	g20581
ECA2281	g6275
ECA2281	g15922
ECA2281	g8030
ECA2281	g1111
ECA2281	g16045
ECA2281	g21657
ECA2281	g20935
ECA2281	g6241
ECA2281	g389
ECA2281	g21776
ECA2281	g5195
ECA2281	g6238
ECA2281	g16054
ECA2281	g9
ECA2281	g6276
ECA2281	g15569
ECA2281	g11541
ECA2281	g20963
ECA2281	g15343
ECA2281	g497
ECA2281	g8359
ECA2281	g4973
ECA2281	g6687
ECA2281	g3692
ECA2281	g6263
ECA2281	g15566
ECA2281	g22758
ECA2281	g20965
ECA2281	g10547
ECA2281	g15918
ECA2281	g3456
ECA2281	g12109
ECA2281	g19229
ECA2281	g1286
ECA2281	g20724
ECA2281	g16080
ECA2281	g11543
ECA2281	g4401
ECA2281	g20925
ECA2281	g11767
ECA2281	g2055
ECA2281	g21655
ECA2281	g5655
ECA2281	g1836
ECA2281	g11547
ECA2281	g2697
ECA2281	g15038
ECA2281	g11540
ECA2281	g20735
ECA2281	g20476
ECA2281	g8730
ECA2281	g483
ECA2281	g11770
ECA2281	g16001
ECA2281	g4487
ECA2281	g3458
ECA2281	g1316
ECA2281	g5656
ECA2281	g11777
ECA2281	g18386
ECA2281	g6245
ECA2281	g16316
ECA2281	g15571
ECA2281	g20384
ECA2281	g20732
ECA2281	g17207
ECA2281	g11704
ECA2281	g11537
ECA2281	g8025
ECA2281	g922
ECA2281	g11539
ECA2281	g2951
ECA2281	g6273
ECA2281	g16273
ECA2281	g11548
ECA2281	g939
ECA2281	g16002
ECA2281	g13176
ECA2281	g21132
ECA2281	g11999
ECA2281	g12000
ECA2281	g3473
ECA2281	g6461
ECA2281	g21658
ECA2281	g20457
ECA2281	g11549
ECA2281	g6521
ECA2281	g5368
ECA2281	g1237
ECA2281	g9665
ECA2281	g22010
ECA2281	g20723
ECA2281	g19594
ECA2281	g13904
ECA2281	g20533
ECA2281	g22008
ECA2281	g11542
ECA2281	g21777
ECA2281	g9435
ECA2281	g13299
ECA2281	g8601
ECA2281	g3713
ECA2281	g15875
ECA2281	g11533
ECA2281	g5366
ECA2281	g4974
ECA2281	g12002
ECA2281	g13211
ECA2281	g12604
ECA2281	g12518
ECA2281	g8729
ECA2281	g18303
ECA2281	g6274
ECA2281	g8538
ECA2281	g6314
ECA2281	g10246
ECA2281	g6476
ECA2281	g16239
ECA2281	g8602
ECA2281	g3577
ECA2281	g11762
ECA2281	g21659
ECA2281	g418
ECA2281	g18300
ECA2281	g18301
ECA2281	g205
ECA2281	g5722
ECA2281	g14822
ECA2281	g938
ECA2281	g6225
ECA2281	g22011
ECA2281	g207
ECA2281	g326
ECA2281	g417
ECA2281	g416
ECA2281	g15999
ECA2281	g11776
ECA2281	g204
ECA2281	g4720
ECA2281	g6235
ECA2281	g3478
ECA2281	g20928
ECA2281	g9432
ECA2281	g20966
ECA2281	g18366
ECA2281	g9433
ECA2281	g3479
ECA2281	g20617
ECA2281	g15936
ECA2281	g15935
ECA2281	g210
ECA2281	g6236
ECA2281	g942
ECA2281	g12043
ECA2281	g13866
ECA2281	g11292
ECA2281	g8606
ECA2281	g17511
ECA2281	g11544
ECA2281	g20934
ECA2281	g415
ECA2281	g15570
ECA2281	g6962
ECA2281	g21656
ECA2281	g20530
ECA2281	g202
ECA2281	g15661
ECA2281	g15893
ECA2281	g15934
ECA2281	g15937
ECA2281	g223
ECA2281	g3351
ECA2281	g6281
ECA2281	g6271
ECA2281	g11961
ECA2281	g5651
ECA2281	g11765
ECA2281	g15876
ECA2281	g6464
ECA2281	g6463
ECA2281	g12004
ECA2281	g21772
ECA2281	g6337
ECA2281	g18365
ECA2281	g6462
ECA2281	g11545
ECA2281	g13177
ECA2281	g496
ECA2281	g15951
ECA2281	g8537
ECA2281	g3455
ECA2281	g1835
ECA2281	g15825
ECA2281	g18865
ECA2281	g6264
ECA2281	g8605
ECA2281	g21863
ECA2281	g21862
ECA2281	g15574
ECA2281	g9353
ECA2281	g11769
ECA2281	g6240
ECA2281	g11997
ECA2281	g5367
ECA2281	g8604
ECA2281	g10790
ECA2281	g2231
ECA2281	g6280
ECA2281	g4350
ECA2281	g6239
ECA2281	g455
ECA2281	g16086
ECA2281	g19861
ECA2281	g15874
ECA2281	g941
ECA2281	g15391
ECA2281	g16046
ECA2281	g15091
ECA2281	g16083
ECA2281	g3472
ECA2281	g6410
ECA2281	g10373
ECA2281	g206
ECA2281	g20976
ECA2281	g11546
ECA2281	g6279
ECA2281	g6158
ECA2281	g16319
ECA2281	g20731
ECA2281	g8027
ECA2281	g1119
ECA2281	g6272
ECA2281	g10437
ECA2281	g20726
ECA2281	g5915
ECA2281	g20967
ECA2281	g16345
ECA2281	g16238
ECA2281	g20729
ECA2281	g3489
ECA2281	g1908
ECA2281	g12001
ECA2281	g3576
ECA2281	g4486
ECA2281	g6338
ECA2281	g5652
ECA2281	g19495
ECA2281	g11775
ECA2281	g4349
ECA2281	g21653
ECA2281	g20964
ECA2281	g21654
ECA2281	g6110
ECA2281	g15587
ECA2281	g6278
ECA2281	g20926
ECA2281	g6242
ECA2281	g1995
ECA2281	g6802
ECA2281	g3216
ECA2281	g10557
ECA2281	g20977
ECA2281	g6277
ECA2281	g3488
ECA2281	g18866
ECA2281	g808
ECA2281	g1120
ECA2281	g6228
ECA2281	g15572
ECA2281	g928
ECA2281	g393
ECA2281	g940
ECA2281	g19567
ECA2281	g20618
ECA2281	g15573
ECA2281	g3581
ECA2281	g17409
ECA2281	g1909
ECA2281	g222
ECA2281	g6266
ECA2281	g18302
ECA2281	g16655
ECA2281	g392
ECA2281	g5369
ECA2281	g15887
ECA2281	g16322
ECA2281	g11768
ECA2281	g2524
ECA2281	g10698
ECA2281	g6312
ECA2281	g209
ECA2281	g15552
ECA2281	g6037
ECA2281	g6268
ECA2281	g5575
ECA2281	g3476
ECA2281	g18165
ECA2281	g22308
ECA2281	g8033
ECA2281	g6237
ECA2281	g5365
ECA2281	g22909
ECA2281	g6117
ECA2281	g6267
ECA2281	g11431
ECA2281	g10559
ECA2281	g21681
ECA2281	g18385
ECA2281	g15032
ECA2281	g15888
ECA738	g17492
ECA738	g17975
ECA738	g10376
ECA738	g4106
ECA738	g8814
ECA738	g14449
ECA738	g2376
ECA738	g11305
ECA738	g11240
ECA738	g18629
ECA738	g20004
ECA738	g10753
ECA738	g17780
ECA738	g17785
ECA738	g6970
ECA738	g12117
ECA738	g8098
ECA738	g21227
ECA738	g20298
ECA738	g14264
ECA738	g22424
ECA738	g6634
ECA738	g11263
ECA738	g18625
ECA738	g7018
ECA738	g21632
ECA738	g22111
ECA738	g17978
ECA738	g15381
ECA738	g14690
ECA738	g15372
ECA738	g11307
ECA738	g2502
ECA738	g22641
ECA738	g11061
ECA738	g17979
ECA738	g18741
ECA738	g2276
ECA738	g11258
ECA738	g22169
ECA738	g17897
ECA738	g14452
ECA738	g8175
ECA738	g14259
ECA738	g6364
ECA738	g17980
ECA738	g22428
ECA738	g4940
ECA738	g22117
ECA738	g22432
ECA738	g11170
ECA738	g22392
ECA738	g10949
ECA738	g17830
ECA738	g6680
ECA738	g2168
ECA738	g17491
ECA738	g17798
ECA738	g16817
ECA738	g17490
ECA738	g8445
ECA738	g2366
ECA738	g11716
ECA738	g6408
ECA738	g22429
ECA738	g21633
ECA738	g20284
ECA738	g9603
ECA738	g6642
ECA738	g21232
ECA738	g11267
ECA738	g18626
ECA738	g14262
ECA738	g8248
ECA738	g11581
ECA738	g17969
ECA738	g7127
ECA738	g21768
ECA738	g2165
ECA738	g12118
ECA738	g17972
ECA738	g15184
ECA738	g8249
ECA738	g15208
ECA738	g18524
ECA738	g18627
ECA738	g21233
ECA738	g4413
ECA738	g17504
ECA738	g21006
ECA738	g22434
ECA738	g10824
ECA738	g19169
ECA738	g9
ECA738	g11270
ECA738	g18742
ECA738	g22423
ECA738	g13650
ECA738	g11497
ECA738	g22425
ECA738	g15259
ECA738	g22108
ECA738	g18628
ECA738	g20450
ECA738	g11518
ECA738	g20814
ECA738	g7349
ECA738	g20103
ECA738	g20811
ECA738	g11498
ECA738	g2899
ECA738	g17098
ECA738	g17857
ECA738	g20278
ECA738	g7503
ECA738	g22427
ECA738	g6736
ECA738	g17938
ECA738	g6969
ECA738	g2395
ECA738	g10686
ECA738	g22426
ECA738	g22430
ECA738	g13365
ECA738	g20283
ECA738	g8096
ECA738	g10683
ECA738	g11867
ECA738	g9652
ECA738	g17834
ECA738	g22640
ECA738	g20931
ECA738	g2145
ECA738	g11257
ECA738	g18050
ECA738	g6407
ECA738	g8247
ECA738	g11239
ECA738	g9034
ECA738	g6640
ECA738	g8643
ECA738	g15953
ECA738	g13234
ECA738	g11585
ECA738	g20292
ECA738	g14775
ECA738	g8266
ECA738	g18806
ECA738	g20297
ECA738	g8176
ECA738	g18630
ECA738	g18049
ECA738	g22433
ECA738	g5958
ECA738	g14390
ECA738	g6637
ECA738	g11584
ECA738	g5110
ECA738	g5975
ECA738	g19167
ECA738	g17900
ECA738	g9518
ECA738	g13578
ECA738	g12079
ECA738	g19168
ECA738	g9286
ECA738	g13427
ECA738	g14260
ECA738	g5953
ECA738	g4897
ECA738	g18376
ECA738	g8099
ECA738	g11517
ECA738	g14261
ECA738	g12078
ECA738	g9033
ECA738	g22431
ECA738	g21074
ECA738	g16856
ECA738	g21631
ECA738	g20813
ECA738	g11260
ECA738	g15356
ECA738	g17311
ECA738	g14258
ECA738	g11262
ECA738	g15252
ECA738	g17212
ECA738	g21629
ECA738	g5966
ECA738	g19329
ECA738	g11269
ECA738	g20096
ECA738	g14265
ECA738	g17486
ECA738	g15987
ECA738	g17489
ECA738	g22114
ECA738	g222
ECA738	g17488
ECA738	g12082
ECA738	g19754
ECA738	g11130
ECA738	g499
ECA738	g11264
ECA738	g11266
ECA738	g11261
ECA738	g20097
ECA738	g22112
ECA738	g20102
ECA738	g18652
ECA738	g10687
ECA738	g2280
ECA738	g9653
ECA738	g7042
ECA738	g17579
ECA738	g20568
ECA738	g2381
ECA738	g8444
ECA738	g6596
ECA738	g11569
ECA738	g21230
ECA738	g21241
ECA738	g21235
ECA738	g21003
ECA738	g20285
ECA738	g11582
ECA738	g11268
ECA738	g14267
ECA738	g17940
ECA738	g11328
ECA738	g21005
ECA738	g17797
ECA738	g20287
ECA738	g17204
ECA738	g8238
ECA738	g17020
ECA738	g15373
ECA738	g2378
ECA738	g12437
ECA738	g18523
ECA738	g11241
ECA738	g10608
ECA738	g6636
ECA738	g17352
ECA738	g18701
ECA738	g18736
ECA738	g13552
ECA738	g12153
ECA738	g19170
ECA738	g2375
ECA738	g8641
ECA738	g21630
ECA738	g14454
ECA738	g11583
ECA738	g7041
ECA738	g18010
ECA738	g9812
ECA738	g14263
ECA738	g13894
ECA738	g20299
ECA738	g2380
ECA738	g8642
ECA738	g4844
ECA738	g8237
ECA738	g9519
ECA738	g20098
ECA738	g20101
ECA738	g11259
ECA738	g8385
ECA738	g18624
ECA738	g20282
ECA738	g17899
ECA738	g18048
ECA738	g15511
ECA738	g12154
ECA738	g20812
ECA738	g20293
ECA738	g17471
ECA738	g17937
ECA738	g10
ECA738	g9654
ECA738	g8640
ECA738	g11238
ECA738	g11232
ECA738	g14280
ECA738	g6638
ECA738	g2630
ECA738	g20294
ECA738	g11327
ECA738	g11724
ECA738	g15986
ECA738	g11726
ECA738	g10682
ECA738	g11272
ECA738	g12436
ECA738	g15358
ECA738	g55
ECA738	g20286
ECA738	g11271
ECA738	g12077
ECA738	g19427
ECA738	g14279
ECA738	g3560
ECA738	g8639
ECA738	g20112
ECA738	g17734
ECA738	g21236
ECA738	g20295
ECA738	g17203
ECA738	g20111
ECA738	g17485
ECA738	g15357
ECA738	g21052
ECA738	g6406
ECA738	g21243
ECA738	g21237
ECA738	g11126
ECA738	g20288
ECA738	g11265
ECA738	g18038
ECA738	g2377
ECA738	g21004
ECA738	g6730
ECA738	g17784
ECA738	g17779
ECA738	g15310
ECA738	g17803
ECA738	g17943
ECA738	g8265
ECA738	g7864
ECA738	g15119
ECA738	g14453
ECA738	g11227
ECA738	g4904
ECA738	g21242
JU2001	g22192
JU2001	g5385
JU2001	g5860
JU2001	g2403
JU2001	g22196
JU2001	g13789
JU2001	g7854
JU2001	g22133
JU2001	g3222
JU2001	g1999
JU2001	g22221
JU2001	g7735
JU2001	g2497
JU2001	g3039
JU2001	g15289
JU2001	g12410
JU2001	g9239
JU2001	g16816
JU2001	g2687
JU2001	g9232
JU2001	g8439
JU2001	g5699
JU2001	g1989
JU2001	g8373
JU2001	g22191
JU2001	g8955
JU2001	g3717
JU2001	g3215
JU2001	g2998
JU2001	g1988
JU2001	g10369
JU2001	g7515
JU2001	g22203
JU2001	g2113
JU2001	g13168
JU2001	g3352
JU2001	g15183
JU2001	g16890
JU2001	g22492
JU2001	g3299
JU2001	g2692
JU2001	g3902
JU2001	g3213
JU2001	g22188
JU2001	g8961
JU2001	g3409
JU2001	g12941
JU2001	g3365
JU2001	g3397
JU2001	g3363
JU2001	g20103
JU2001	g8103
JU2001	g18581
JU2001	g18212
JU2001	g22197
JU2001	g1624
JU2001	g9220
JU2001	g14360
JU2001	g9227
JU2001	g1781
JU2001	g8370
JU2001	g9224
JU2001	g13282
JU2001	g2689
JU2001	g7728
JU2001	g7720
JU2001	g22154
JU2001	g15293
JU2001	g7844
JU2001	g3225
JU2001	g13570
JU2001	g8619
JU2001	g21267
JU2001	g22220
JU2001	g15073
JU2001	g17639
JU2001	g7350
JU2001	g8240
JU2001	g7826
JU2001	g117
JU2001	g2417
JU2001	g1790
JU2001	g9228
JU2001	g133
JU2001	g18354
JU2001	g6533
JU2001	g13167
JU2001	g181
JU2001	g15290
JU2001	g18006
JU2001	g13280
JU2001	g9469
JU2001	g22202
JU2001	g9394
JU2001	g3723
JU2001	g6602
JU2001	g16891
JU2001	g14275
JU2001	g15189
JU2001	g15808
JU2001	g9460
JU2001	g15076
JU2001	g9812
JU2001	g22314
JU2001	g22132
JU2001	g3257
JU2001	g7393
JU2001	g15276
JU2001	g1676
JU2001	g15306
JU2001	g15286
JU2001	g18272
JU2001	g9229
JU2001	g9234
JU2001	g3255
JU2001	g7719
JU2001	g22195
JU2001	g22199
JU2001	g12408
JU2001	g18275
JU2001	g5578
JU2001	g9236
JU2001	g18733
JU2001	g8374
JU2001	g2475
JU2001	g22193
JU2001	g13281
JU2001	g16511
JU2001	g15053
JU2001	g3337
JU2001	g15287
JU2001	g22222
JU2001	g9225
JU2001	g8371
JU2001	g5665
JU2001	g11896
JU2001	g3350
JU2001	g3353
JU2001	g10453
JU2001	g3398
JU2001	g3720
JU2001	g4404
JU2001	g13278
JU2001	g9235
JU2001	g21052
JU2001	g3296
JU2001	g11213
JU2001	g7721
JU2001	g8438
JU2001	g17899
JU2001	g2404
JU2001	g3000
JU2001	g16840
JU2001	g12942
JU2001	g9468
JU2001	g14045
JU2001	g7503
JU2001	g11703
JU2001	g2691
JU2001	g12411
JU2001	g6603
JU2001	g7727
JU2001	g2999
JU2001	g13788
JU2001	g3737
JU2001	g15292
JU2001	g6548
JU2001	g4474
JU2001	g20144
JU2001	g8372
JU2001	g1990
JU2001	g6549
JU2001	g7261
JU2001	g22198
JU2001	g3076
JU2001	g3351
JU2001	g7096
JU2001	g3457
JU2001	g15277
JU2001	g9230
JU2001	g7843
JU2001	g2686
JU2001	g1987
JU2001	g8958
JU2001	g348
JU2001	g3719
JU2001	g3003
JU2001	g620
JU2001	g8956
JU2001	g9806
JU2001	g13283
JU2001	g13256
JU2001	g13134
JU2001	g18271
JU2001	g14411
JU2001	g6622
JU2001	g3218
JU2001	g2476
JU2001	g3625
JU2001	g6396
JU2001	g12489
JU2001	g2672
JU2001	g7732
JU2001	g9219
JU2001	g9660
JU2001	g7845
JU2001	g22190
JU2001	g9458
JU2001	g7724
JU2001	g9461
JU2001	g120
JU2001	g7722
JU2001	g9221
JU2001	g7524
JU2001	g16817
JU2001	g6534
JU2001	g2694
JU2001	g9703
JU2001	g2500
JU2001	g6532
JU2001	g17732
JU2001	g118
JU2001	g6623
JU2001	g9223
JU2001	g7328
JU2001	g4761
JU2001	g21223
JU2001	g3716
JU2001	g1597
JU2001	g22200
JU2001	g7516
JU2001	g13279
JU2001	g7095
JU2001	g8241
JU2001	g9705
JU2001	g49
JU2001	g12943
JU2001	g3715
JU2001	g1991
JU2001	g18828
JU2001	g13205
JU2001	g4500
JU2001	g12944
JU2001	g22201
JU2001	g13398
JU2001	g6531
JU2001	g7504
JU2001	g15187
JU2001	g13397
JU2001	g7855
JU2001	g2405
JU2001	g2688
JU2001	g1906
JU2001	g3411
JU2001	g4152
JU2001	g9241
JU2001	g2557
JU2001	g9214
JU2001	g21320
JU2001	g7734
JU2001	g1907
JU2001	g13173
JU2001	g15414
JU2001	g2496
JU2001	g14277
JU2001	g3718
JU2001	g8032
JU2001	g2004
JU2001	g9218
JU2001	g9238
JU2001	g9696
JU2001	g3297
JU2001	g13399
JU2001	g14410
JU2001	g19450
JU2001	g3077
JU2001	g9226
JU2001	g22156
JU2001	g2436
JU2001	g71
JU2001	g7823
JU2001	g3258
JU2001	g134
JU2001	g14412
JU2001	g9698
JU2001	g8102
JU2001	g13284
JU2001	g21735
JU2001	g13400
JU2001	g3704
JU2001	g3214
JU2001	g22223
JU2001	g3410
JU2001	g18589
JU2001	g5698
JU2001	g7400
JU2001	g18591
JU2001	g18133
JU2001	g9700
JU2001	g7730
JU2001	g9222
JU2001	g7453
JU2001	g2685
JU2001	g16724
JU2001	g22189
JU2001	g15541
JU2001	g9455
JU2001	g22416
JU2001	g18276
JU2001	g9463
JU2001	g2673
JU2001	g8952
JU2001	g6535
JU2001	g11495
JU2001	g7733
JU2001	g9462
JU2001	g460
JU2001	g17037
JU2001	g9467
JU2001	g11767
JU2001	g17834
JU2001	g22194
JU2001	g119
JU2001	g13401
JU2001	g9699
JU2001	g17787
JU2001	g3392
JU2001	g3252
JU2001	g12490
JU2001	g16041
JU2001	g2690
JU2001	g22633
JU2001	g13086
JU2001	g17830
JU2001	g21261
JU2001	g22229
ECA2377	g8664
ECA2377	g9185
ECA2377	g11403
ECA2377	g22287
ECA2377	g1006
ECA2377	g625
ECA2377	g3353
ECA2377	g2511
ECA2377	g20809
ECA2377	g19518
ECA2377	g14813
ECA2377	g716
ECA2377	g15030
ECA2377	g17956
ECA2377	g17193
ECA2377	g8993
ECA2377	g22201
ECA2377	g5046
ECA2377	g17840
ECA2377	g1203
ECA2377	g4998
ECA2377	g15035
ECA2377	g14122
ECA2377	g14147
ECA2377	g14126
ECA2377	g14151
ECA2377	g11707
ECA2377	g12283
ECA2377	g9188
ECA2377	g9400
ECA2377	g19718
ECA2377	g19059
ECA2377	g19725
ECA2377	g649
ECA2377	g3573
ECA2377	g17841
ECA2377	g93
ECA2377	g22727
ECA2377	g3349
ECA2377	g15034
ECA2377	g10468
ECA2377	g8680
ECA2377	g8442
ECA2377	g5200
ECA2377	g14121
ECA2377	g14146
ECA2377	g19520
ECA2377	g3471
ECA2377	g12289
ECA2377	g533
ECA2377	g694
ECA2377	g14166
ECA2377	g6958
ECA2377	g8683
ECA2377	g14347
ECA2377	g14805
ECA2377	g724
ECA2377	g14811
ECA2377	g11704
ECA2377	g682
ECA2377	g14124
ECA2377	g14149
ECA2377	g94
ECA2377	g3354
ECA2377	g9178
ECA2377	g11774
ECA2377	g22739
ECA2377	g9005
ECA2377	g10397
ECA2377	g22085
ECA2377	g11585
ECA2377	g20383
ECA2377	g13847
ECA2377	g22074
ECA2377	g22073
ECA2377	g19526
ECA2377	g13788
ECA2377	g8699
ECA2377	g9004
ECA2377	g5191
ECA2377	g21585
ECA2377	g19834
ECA2377	g718
ECA2377	g686
ECA2377	g1721
ECA2377	g3452
ECA2377	g8678
ECA2377	g21564
ECA2377	g3442
ECA2377	g17645
ECA2377	g99
ECA2377	g21584
ECA2377	g3971
ECA2377	g17643
ECA2377	g3242
ECA2377	g9107
ECA2377	g9149
ECA2377	g19519
ECA2377	g22766
ECA2377	g19841
ECA2377	g5047
ECA2377	g22738
ECA2377	g8490
ECA2377	g1267
ECA2377	g19522
ECA2377	g5187
ECA2377	g22072
ECA2377	g22075
ECA2377	g22726
ECA2377	g693
ECA2377	g17111
ECA2377	g1270
ECA2377	g15858
ECA2377	g2561
ECA2377	g11708
ECA2377	g691
ECA2377	g4673
ECA2377	g3217
ECA2377	g626
ECA2377	g22284
ECA2377	g9067
ECA2377	g21979
ECA2377	g14322
ECA2377	g4886
ECA2377	g1936
ECA2377	g22353
ECA2377	g11705
ECA2377	g1552
ECA2377	g696
ECA2377	g18363
ECA2377	g16305
ECA2377	g21495
ECA2377	g19144
ECA2377	g19521
ECA2377	g18329
ECA2377	g717
ECA2377	g9181
ECA2377	g17955
ECA2377	g9153
ECA2377	g21496
ECA2377	g9151
ECA2377	g7916
ECA2377	g9041
ECA2377	g9398
ECA2377	g17644
ECA2377	g9052
ECA2377	g22728
ECA2377	g14806
ECA2377	g79
ECA2377	g2192
ECA2377	g16113
ECA2377	g8136
ECA2377	g17114
ECA2377	g786
ECA2377	g729
ECA2377	g17113
ECA2377	g21565
ECA2377	g9399
ECA2377	g1935
ECA2377	g901
ECA2377	g3239
ECA2377	g13915
ECA2377	g13509
ECA2377	g6997
ECA2377	g11706
ECA2377	g18448
ECA2377	g15032
ECA2377	g14120
ECA2377	g14145
ECA2377	g692
ECA2377	g9322
ECA2377	g14127
ECA2377	g14152
ECA2377	g17957
ECA2377	g12286
ECA2377	g13623
ECA2377	g8681
ECA2377	g18802
ECA2377	g13350
ECA2377	g17958
ECA2377	g690
ECA2377	g12284
ECA2377	g17933
ECA2377	g1266
ECA2377	g688
ECA2377	g2562
ECA2377	g14346
ECA2377	g3700
ECA2377	g17877
ECA2377	g8777
ECA2377	g9037
ECA2377	g21362
ECA2377	g17192
ECA2377	g19736
ECA2377	g9104
ECA2377	g4377
ECA2377	g95
ECA2377	g14816
ECA2377	g13844
ECA2377	g6225
ECA2377	g9795
ECA2377	g21498
ECA2377	g8093
ECA2377	g13846
ECA2377	g19771
ECA2377	g21896
ECA2377	g3454
ECA2377	g9794
ECA2377	g1351
ECA2377	g16001
ECA2377	g8685
ECA2377	g15767
ECA2377	g17846
ECA2377	g10494
ECA2377	g17646
ECA2377	g695
ECA2377	g697
ECA2377	g14812
ECA2377	g1550
ECA2377	g9189
ECA2377	g19884
ECA2377	g21497
ECA2377	g1548
ECA2377	g9053
ECA2377	g10761
ECA2377	g14150
ECA2377	g14125
ECA2377	g8991
ECA2377	g11586
ECA2377	g14326
ECA2377	g337
ECA2377	g425
ECA2377	g14272
ECA2377	g3456
ECA2377	g1551
ECA2377	g4207
ECA2377	g15029
ECA2377	g8190
ECA2377	g19517
ECA2377	g15445
ECA2377	g19735
ECA2377	g19902
ECA2377	g15031
ECA2377	g2426
ECA2377	g715
ECA2377	g9054
ECA2377	g15033
ECA2377	g22283
ECA2377	g8679
ECA2377	g20743
ECA2377	g8682
ECA2377	g285
ECA2377	g373
ECA2377	g8947
ECA2377	g16008
ECA2377	g14578
ECA2377	g4974
ECA2377	g14586
ECA2377	g9106
ECA2377	g14814
ECA2377	g15143
ECA2377	g9321
ECA2377	g14819
ECA2377	g2424
ECA2377	g11951
ECA2377	g651
ECA2377	g14488
ECA2377	g21499
ECA2377	g9148
ECA2377	g485
ECA2377	g2563
ECA2377	g14584
ECA2377	g17960
ECA2377	g3457
ECA2377	g685
ECA2377	g15040
ECA2377	g10149
ECA2377	g687
ECA2377	g14879
ECA2377	g100
ECA2377	g14580
ECA2377	g8992
ECA2377	g14325
ECA2377	g18330
ECA2377	g15999
ECA2377	g1134
ECA2377	g13832
ECA2377	g15036
ECA2377	g15027
ECA2377	g9358
ECA2377	g14128
ECA2377	g14153
ECA2377	g424
ECA2377	g336
ECA2377	g15028
ECA2377	g19516
ECA2377	g683
ECA2377	g8684
ECA2377	g14620
ECA2377	g20638
ECA2377	g1271
ECA2377	g19525
ECA2377	g14165
ECA2377	g12280
ECA2377	g684
ECA2377	g21511
ECA2377	g5675
ECA2377	g689
ECA2377	g11773
ECA2377	g17959
ECA2377	g5209
ECA2377	g13894
ECA2377	g4975
ECA2377	g3451
ECA2377	g19523
ECA2377	g14807
ECA2377	g833
ECA2377	g16177
ECA2377	g837
ECA2377	g14540
ECA2377	g3453
ECA2377	g13845
ECA2377	g14482
ECA2377	g14582
ECA2377	g14583
ECA2377	g19524
ECA2377	g9010
ECA2377	g14123
ECA2377	g14148
ECA2377	g16877
ECA2377	g17774
ECA2377	g19966
ECA2377	g532
ECA2377	g8130
ECA2377	g1549
ECA36	g18093
ECA36	g4674
ECA36	g19582
ECA36	g20894
ECA36	g5079
ECA36	g6140
ECA36	g3949
ECA36	g19474
ECA36	g14438
ECA36	g5408
ECA36	g14830
ECA36	g3948
ECA36	g8246
ECA36	g4374
ECA36	g4226
ECA36	g20402
ECA36	g22263
ECA36	g15461
ECA36	g8527
ECA36	g12437
ECA36	g4778
ECA36	g8916
ECA36	g4813
ECA36	g3952
ECA36	g15357
ECA36	g15359
ECA36	g20412
ECA36	g11748
ECA36	g18094
ECA36	g14352
ECA36	g20421
ECA36	g20045
ECA36	g15649
ECA36	g17660
ECA36	g3951
ECA36	g14427
ECA36	g20690
ECA36	g14273
ECA36	g7022
ECA36	g14741
ECA36	g5338
ECA36	g14396
ECA36	g4816
ECA36	g15466
ECA36	g5454
ECA36	g5697
ECA36	g14405
ECA36	g15847
ECA36	g17738
ECA36	g1863
ECA36	g326
ECA36	g6693
ECA36	g8361
ECA36	g4834
ECA36	g13055
ECA36	g15965
ECA36	g20282
ECA36	g5076
ECA36	g19816
ECA36	g14269
ECA36	g10513
ECA36	g6453
ECA36	g14567
ECA36	g14431
ECA36	g20408
ECA36	g5453
ECA36	g3556
ECA36	g20650
ECA36	g14913
ECA36	g4599
ECA36	g4829
ECA36	g18095
ECA36	g4828
ECA36	g10309
ECA36	g20677
ECA36	g19149
ECA36	g6328
ECA36	g20653
ECA36	g19480
ECA36	g15369
ECA36	g5339
ECA36	g4719
ECA36	g10524
ECA36	g14537
ECA36	g10423
ECA36	g4868
ECA36	g18907
ECA36	g11785
ECA36	g21329
ECA36	g20588
ECA36	g7027
ECA36	g20423
ECA36	g18030
ECA36	g14929
ECA36	g19481
ECA36	g19282
ECA36	g11436
ECA36	g17688
ECA36	g5102
ECA36	g5075
ECA36	g21086
ECA36	g14353
ECA36	g2068
ECA36	g19818
ECA36	g8586
ECA36	g4786
ECA36	g4812
ECA36	g14617
ECA36	g4230
ECA36	g10526
ECA36	g101
ECA36	g12699
ECA36	g20246
ECA36	g4827
ECA36	g22185
ECA36	g18787
ECA36	g4832
ECA36	g4492
ECA36	g10778
ECA36	g10285
ECA36	g14226
ECA36	g4793
ECA36	g15370
ECA36	g4826
ECA36	g18029
ECA36	g20417
ECA36	g8571
ECA36	g20424
ECA36	g8699
ECA36	g18874
ECA36	g20420
ECA36	g5698
ECA36	g10528
ECA36	g16895
ECA36	g338
ECA36	g16981
ECA36	g6329
ECA36	g18092
ECA36	g4815
ECA36	g19817
ECA36	g6515
ECA36	g2623
ECA36	g20406
ECA36	g1544
ECA36	g17386
ECA36	g4865
ECA36	g6452
ECA36	g22572
ECA36	g3171
ECA36	g20645
ECA36	g15438
ECA36	g12800
ECA36	g15652
ECA36	g5361
ECA36	g15650
ECA36	g15530
ECA36	g5498
ECA36	g15440
ECA36	g15439
ECA36	g14350
ECA36	g20046
ECA36	g10652
ECA36	g15653
ECA36	g5553
ECA36	g5554
ECA36	g22188
ECA36	g4821
ECA36	g22187
ECA36	g19466
ECA36	g14286
ECA36	g14287
ECA36	g15647
ECA36	g4824
ECA36	g4820
ECA36	g5340
ECA36	g14910
ECA36	g4794
ECA36	g11700
ECA36	g19249
ECA36	g6448
ECA36	g4831
ECA36	g19190
ECA36	g15441
ECA36	g9484
ECA36	g19821
ECA36	g8086
ECA36	g18009
ECA36	g3555
ECA36	g19726
ECA36	g4231
ECA36	g5461
ECA36	g19482
ECA36	g15655
ECA36	g4983
ECA36	g14244
ECA36	g14285
ECA36	g14288
ECA36	g15634
ECA36	g4814
ECA36	g19855
ECA36	g4227
ECA36	g461
ECA36	g20676
ECA36	g19300
ECA36	g20648
ECA36	g10312
ECA36	g3776
ECA36	g19584
ECA36	g14227
ECA36	g8583
ECA36	g8584
ECA36	g19476
ECA36	g11791
ECA36	g20409
ECA36	g22710
ECA36	g19308
ECA36	g4889
ECA36	g5699
ECA36	g20684
ECA36	g8585
ECA36	g20411
ECA36	g15358
ECA36	g14302
ECA36	g6516
ECA36	g19473
ECA36	g5448
ECA36	g20689
ECA36	g13417
ECA36	g6449
ECA36	g12725
ECA36	g17739
ECA36	g22264
ECA36	g20652
ECA36	g19283
ECA36	g5078
ECA36	g20678
ECA36	g6450
ECA36	g20422
ECA36	g325
ECA36	g9570
ECA36	g20407
ECA36	g15399
ECA36	g14437
ECA36	g19467
ECA36	g10523
ECA36	g14225
ECA36	g14911
ECA36	g5082
ECA36	g337
ECA36	g14397
ECA36	g19819
ECA36	g5337
ECA36	g4783
ECA36	g1609
ECA36	g18229
ECA36	g14434
ECA36	g8636
ECA36	g21582
ECA36	g15651
ECA36	g19301
ECA36	g19585
ECA36	g11788
ECA36	g5077
ECA36	g7025
ECA36	g14732
ECA36	g21642
ECA36	g4299
ECA36	g4149
ECA36	g5074
ECA36	g19465
ECA36	g11814
ECA36	g17385
ECA36	g20418
ECA36	g4823
ECA36	g18906
ECA36	g10419
ECA36	g14033
ECA36	g9485
ECA36	g4890
ECA36	g8807
ECA36	g20047
ECA36	g5263
ECA36	g4795
ECA36	g17580
ECA36	g5061
ECA36	g10543
ECA36	g9624
ECA36	g4817
ECA36	g19776
ECA36	g4792
ECA36	g19479
ECA36	g21094
ECA36	g18080
ECA36	g13416
ECA36	g15052
ECA36	g14731
ECA36	g19464
ECA36	g11199
ECA36	g1338
ECA36	g10529
ECA36	g11747
ECA36	g20410
ECA36	g14923
ECA36	g14912
ECA36	g1550
ECA36	g4833
ECA36	g15635
ECA36	g19197
ECA36	g14238
ECA36	g3950
ECA36	g4678
ECA36	g10647
ECA36	g20651
ECA36	g9256
ECA36	g10525
ECA36	g9625
ECA36	g21236
ECA36	g19720
ECA36	g19126
ECA36	g15648
ECA36	g14178
ECA36	g1508
ECA36	g20419
ECA36	g4830
ECA36	g7019
ECA36	g15463
ECA36	g5336
ECA36	g21096
ECA36	g18010
ECA36	g19059
ECA36	g4819
ECA36	g19814
ECA36	g5335
ECA36	g5497
ECA36	g14239
ECA191	g4110
ECA191	g3079
ECA191	g11720
ECA191	g2645
ECA191	g2127
ECA191	g20037
ECA191	g14251
ECA191	g2158
ECA191	g3773
ECA191	g21081
ECA191	g19778
ECA191	g19245
ECA191	g1674
ECA191	g15963
ECA191	g10384
ECA191	g21075
ECA191	g19531
ECA191	g4104
ECA191	g8683
ECA191	g8881
ECA191	g1606
ECA191	g5431
ECA191	g9413
ECA191	g19534
ECA191	g13807
ECA191	g21248
ECA191	g4107
ECA191	g2827
ECA191	g2834
ECA191	g14163
ECA191	g14840
ECA191	g2629
ECA191	g2122
ECA191	g2126
ECA191	g20256
ECA191	g1986
ECA191	g16301
ECA191	g2129
ECA191	g21084
ECA191	g12073
ECA191	g8679
ECA191	g2178
ECA191	g4113
ECA191	g19831
ECA191	g1792
ECA191	g19843
ECA191	g21247
ECA191	g2634
ECA191	g9411
ECA191	g3528
ECA191	g2512
ECA191	g15650
ECA191	g307
ECA191	g2172
ECA191	g10650
ECA191	g11688
ECA191	g2164
ECA191	g3524
ECA191	g15699
ECA191	g14965
ECA191	g15726
ECA191	g2329
ECA191	g19393
ECA191	g8684
ECA191	g2993
ECA191	g3404
ECA191	g250
ECA191	g2131
ECA191	g13499
ECA191	g19907
ECA191	g14154
ECA191	g19533
ECA191	g11113
ECA191	g18374
ECA191	g10422
ECA191	g8089
ECA191	g15610
ECA191	g15702
ECA191	g5639
ECA191	g18669
ECA191	g2173
ECA191	g21239
ECA191	g9478
ECA191	g19548
ECA191	g19829
ECA191	g9477
ECA191	g2501
ECA191	g15962
ECA191	g7780
ECA191	g13577
ECA191	g15453
ECA191	g2175
ECA191	g14061
ECA191	g8904
ECA191	g14962
ECA191	g2094
ECA191	g2231
ECA191	g19530
ECA191	g15070
ECA191	g2176
ECA191	g15697
ECA191	g9412
ECA191	g18043
ECA191	g5654
ECA191	g20372
ECA191	g19535
ECA191	g2170
ECA191	g15574
ECA191	g2635
ECA191	g1552
ECA191	g5595
ECA191	g15738
ECA191	g12388
ECA191	g21089
ECA191	g16328
ECA191	g22325
ECA191	g20040
ECA191	g20255
ECA191	g2123
ECA191	g1549
ECA191	g15730
ECA191	g2028
ECA191	g20374
ECA191	g6484
ECA191	g3405
ECA191	g2119
ECA191	g19968
ECA191	g19830
ECA191	g887
ECA191	g3525
ECA191	g15591
ECA191	g2939
ECA191	g11026
ECA191	g14944
ECA191	g13498
ECA191	g8814
ECA191	g15923
ECA191	g1277
ECA191	g21254
ECA191	g16226
ECA191	g10321
ECA191	g20371
ECA191	g15958
ECA191	g8680
ECA191	g15961
ECA191	g14765
ECA191	g6131
ECA191	g15572
ECA191	g2171
ECA191	g14933
ECA191	g628
ECA191	g2124
ECA191	g19842
ECA191	g13576
ECA191	g888
ECA191	g10427
ECA191	g21837
ECA191	g10651
ECA191	g15883
ECA191	g2165
ECA191	g2169
ECA191	g14330
ECA191	g2125
ECA191	g2528
ECA191	g8903
ECA191	g14946
ECA191	g15570
ECA191	g19532
ECA191	g21566
ECA191	g252
ECA191	g20298
ECA191	g20376
ECA191	g4108
ECA191	g14949
ECA191	g2856
ECA191	g20349
ECA191	g1553
ECA191	g15734
ECA191	g20760
ECA191	g6203
ECA191	g14331
ECA191	g12608
ECA191	g10463
ECA191	g2327
ECA191	g5652
ECA191	g21251
ECA191	g1109
ECA191	g21083
ECA191	g18040
ECA191	g5651
ECA191	g2632
ECA191	g2103
ECA191	g2627
ECA191	g2174
ECA191	g5653
ECA191	g19537
ECA191	g21088
ECA191	g2120
ECA191	g13978
ECA191	g2833
ECA191	g21087
ECA191	g2947
ECA191	g19622
ECA191	g1469
ECA191	g21952
ECA191	g14346
ECA191	g21079
ECA191	g2121
ECA191	g14328
ECA191	g21246
ECA191	g1278
ECA191	g9497
ECA191	g8698
ECA191	g10649
ECA191	g2210
ECA191	g2511
ECA191	g20378
ECA191	g15737
ECA191	g16588
ECA191	g2643
ECA191	g2642
ECA191	g9425
ECA191	g15587
ECA191	g18527
ECA191	g8878
ECA191	g17540
ECA191	g2510
ECA191	g13579
ECA191	g12330
ECA191	g21085
ECA191	g15696
ECA191	g10327
ECA191	g6202
ECA191	g11804
ECA191	g22289
ECA191	g21086
ECA191	g2100
ECA191	g2524
ECA191	g15647
ECA191	g8483
ECA191	g2134
ECA191	g2232
ECA191	g7229
ECA191	g2855
ECA191	g9279
ECA191	g18018
ECA191	g2628
ECA191	g2525
ECA191	g15649
ECA191	g2644
ECA191	g19516
ECA191	g15985
ECA191	g15882
ECA191	g2102
ECA191	g3592
ECA191	g2208
ECA191	g394
ECA191	g10426
ECA191	g2133
ECA191	g2166
ECA191	g10430
ECA191	g251
ECA191	g8682
ECA191	g2626
ECA191	g20377
ECA191	g2128
ECA191	g14803
ECA191	g21249
ECA191	g6130
ECA191	g2132
ECA191	g8882
ECA191	g5157
ECA191	g21091
ECA191	g15194
ECA191	g11687
ECA191	g1916
ECA191	g2886
ECA191	g6917
ECA191	g5317
ECA191	g3221
ECA191	g19386
ECA191	g5702
ECA191	g18375
ECA191	g14455
ECA191	g3527
ECA191	g8685
ECA191	g2177
ECA191	g21082
ECA191	g14948
ECA191	g1548
ECA191	g8697
ECA191	g15590
ECA191	g9410
ECA191	g1280
ECA191	g22059
ECA191	g14836
ECA191	g6287
ECA191	g14340
ECA191	g3526
ECA191	g10428
ECA191	g12022
ECA191	g20038
ECA191	g6180
ECA191	g15592
ECA191	g2093
ECA191	g14943
ECA191	g5988
ECA191	g3591
ECA191	g3014
ECA191	g395
ECA191	g1276
ECA191	g1982
ECA191	g2101
ECA191	g9498
ECA191	g2857
ECA191	g12431
ECA191	g21090
ECA191	g20375
ECA191	g14945
ECA191	g19154
ECA191	g19848
ECA191	g2130
ECA191	g19384
ECA191	g20260
ECA191	g8678
ECA191	g8681
ECA191	g14329
ECA191	g15589
ECA191	g1279
ECA191	g2500
ECA191	g2087
ECA191	g20373
ECA191	g10424
ECA191	g21080
ECA2111	g4867
ECA2111	g3451
ECA2111	g12723
ECA2111	g496
ECA2111	g3098
ECA2111	g21503
ECA2111	g3000
ECA2111	g20914
ECA2111	g21486
ECA2111	g21829
ECA2111	g20393
ECA2111	g21869
ECA2111	g18296
ECA2111	g14113
ECA2111	g22588
ECA2111	g7333
ECA2111	g8064
ECA2111	g21252
ECA2111	g7399
ECA2111	g12035
ECA2111	g15956
ECA2111	g21278
ECA2111	g9354
ECA2111	g21270
ECA2111	g3074
ECA2111	g165
ECA2111	g13905
ECA2111	g21488
ECA2111	g22660
ECA2111	g4516
ECA2111	g391
ECA2111	g11282
ECA2111	g5110
ECA2111	g17157
ECA2111	g14455
ECA2111	g14118
ECA2111	g5063
ECA2111	g3044
ECA2111	g15950
ECA2111	g13927
ECA2111	g4573
ECA2111	g13416
ECA2111	g4529
ECA2111	g8013
ECA2111	g3186
ECA2111	g4868
ECA2111	g21500
ECA2111	g4561
ECA2111	g14097
ECA2111	g4527
ECA2111	g6578
ECA2111	g4869
ECA2111	g9932
ECA2111	g14737
ECA2111	g18313
ECA2111	g11438
ECA2111	g1228
ECA2111	g8056
ECA2111	g8055
ECA2111	g18081
ECA2111	g4385
ECA2111	g21487
ECA2111	g3042
ECA2111	g7402
ECA2111	g14115
ECA2111	g13555
ECA2111	g21620
ECA2111	g3297
ECA2111	g11118
ECA2111	g5419
ECA2111	g499
ECA2111	g19586
ECA2111	g13219
ECA2111	g21106
ECA2111	g7521
ECA2111	g21868
ECA2111	g8504
ECA2111	g18078
ECA2111	g14396
ECA2111	g13310
ECA2111	g3032
ECA2111	g4378
ECA2111	g4373
ECA2111	g4368
ECA2111	g7699
ECA2111	g18314
ECA2111	g17229
ECA2111	g11962
ECA2111	g21157
ECA2111	g2536
ECA2111	g2022
ECA2111	g18144
ECA2111	g13413
ECA2111	g20916
ECA2111	g22149
ECA2111	g21505
ECA2111	g13410
ECA2111	g11963
ECA2111	g10201
ECA2111	g3029
ECA2111	g7949
ECA2111	g10438
ECA2111	g1175
ECA2111	g4417
ECA2111	g22771
ECA2111	g269
ECA2111	g2476
ECA2111	g2934
ECA2111	g20391
ECA2111	g2473
ECA2111	g1312
ECA2111	g19135
ECA2111	g7398
ECA2111	g13904
ECA2111	g21804
ECA2111	g10910
ECA2111	g519
ECA2111	g3097
ECA2111	g4500
ECA2111	g298
ECA2111	g4574
ECA2111	g3007
ECA2111	g13114
ECA2111	g18305
ECA2111	g1802
ECA2111	g8058
ECA2111	g9966
ECA2111	g12052
ECA2111	g4514
ECA2111	g9270
ECA2111	g4562
ECA2111	g3036
ECA2111	g287
ECA2111	g3028
ECA2111	g11204
ECA2111	g20473
ECA2111	g4873
ECA2111	g18303
ECA2111	g22770
ECA2111	g21498
ECA2111	g21489
ECA2111	g11434
ECA2111	g8061
ECA2111	g4411
ECA2111	g12051
ECA2111	g7520
ECA2111	g13412
ECA2111	g5634
ECA2111	g11447
ECA2111	g22659
ECA2111	g21630
ECA2111	g3039
ECA2111	g7334
ECA2111	g13828
ECA2111	g21867
ECA2111	g20915
ECA2111	g8284
ECA2111	g11283
ECA2111	g1543
ECA2111	g11429
ECA2111	g21828
ECA2111	g20394
ECA2111	g4456
ECA2111	g11982
ECA2111	g1803
ECA2111	g11230
ECA2111	g18419
ECA2111	g14328
ECA2111	g6539
ECA2111	g2896
ECA2111	g13212
ECA2111	g3008
ECA2111	g21150
ECA2111	g18297
ECA2111	g18299
ECA2111	g4515
ECA2111	g22774
ECA2111	g12817
ECA2111	g4620
ECA2111	g21496
ECA2111	g14112
ECA2111	g20917
ECA2111	g15953
ECA2111	g19397
ECA2111	g4871
ECA2111	g21864
ECA2111	g22250
ECA2111	g14895
ECA2111	g3030
ECA2111	g22748
ECA2111	g2477
ECA2111	g21502
ECA2111	g3037
ECA2111	g18302
ECA2111	g1174
ECA2111	g22697
ECA2111	g4786
ECA2111	g8285
ECA2111	g12187
ECA2111	g20472
ECA2111	g11205
ECA2111	g2720
ECA2111	g4364
ECA2111	g12047
ECA2111	g13930
ECA2111	g8102
ECA2111	g18083
ECA2111	g18080
ECA2111	g18075
ECA2111	g2901
ECA2111	g14399
ECA2111	g18312
ECA2111	g17837
ECA2111	g12048
ECA2111	g12049
ECA2111	g3040
ECA2111	g14110
ECA2111	g22628
ECA2111	g18310
ECA2111	g21081
ECA2111	g5462
ECA2111	g13033
ECA2111	g4460
ECA2111	g17838
ECA2111	g2398
ECA2111	g8062
ECA2111	g19044
ECA2111	g22665
ECA2111	g17131
ECA2111	g4221
ECA2111	g14117
ECA2111	g2197
ECA2111	g21253
ECA2111	g387
ECA2111	g18422
ECA2111	g12050
ECA2111	g21485
ECA2111	g4517
ECA2111	g2198
ECA2111	g3006
ECA2111	g13866
ECA2111	g9933
ECA2111	g4365
ECA2111	g16860
ECA2111	g14114
ECA2111	g4381
ECA2111	g4575
ECA2111	g3035
ECA2111	g17482
ECA2111	g18295
ECA2111	g16286
ECA2111	g3296
ECA2111	g18319
ECA2111	g21631
ECA2111	g21621
ECA2111	g13827
ECA2111	g5365
ECA2111	g18315
ECA2111	g11983
ECA2111	g13993
ECA2111	g8283
ECA2111	g1311
ECA2111	g13839
ECA2111	g22773
ECA2111	g4870
ECA2111	g289
ECA2111	g4458
ECA2111	g2196
ECA2111	g4222
ECA2111	g18304
ECA2111	g13411
ECA2111	g18086
ECA2111	g3072
ECA2111	g4886
ECA2111	g4418
ECA2111	g3237
ECA2111	g1173
ECA2111	g22776
ECA2111	g19285
ECA2111	g13926
ECA2111	g3041
ECA2111	g3009
ECA2111	g2195
ECA2111	g15955
ECA2111	g8060
ECA2111	g43
ECA2111	g14120
ECA2111	g19278
ECA2111	g2828
ECA2111	g19276
ECA2111	g21504
ECA2111	g14411
ECA2111	g4415
ECA2111	g18311
ECA2111	g21206
ECA2111	g18073
ECA2111	g3043
ECA2111	g3034
ECA2111	g12918
ECA2111	g2472
ECA2111	g14098
ECA2111	g15959
ECA2111	g3992
ECA2111	g18079
ECA2111	g18074
ECA2111	g7400
ECA2111	g3038
ECA2111	g14397
ECA2111	g18301
ECA2111	g4874
ECA2111	g14350
ECA2111	g7955
ECA2111	g13829
ECA2111	g19459
ECA2111	g18309
ECA2111	g22772
ECA2111	g14398
ECA2111	g2194
ECA2111	g4556
ECA2111	g2995
ECA2111	g22775
ECA2111	g21619
ECA2111	g3031
ECA2111	g14116
ECA2111	g288
ECA2111	g20159
ECA2111	g21017
ECA2111	g3187
ECA2111	g7401
ECA2111	g5426
ECA2111	g3027
ECA2111	g22629
ECA2111	g21495
ECA2111	g286
ECA701	g13973
ECA701	g11924
ECA701	g894
ECA701	g7292
ECA701	g17627
ECA701	g6047
ECA701	g7516
ECA701	g19282
ECA701	g780
ECA701	g11758
ECA701	g12634
ECA701	g14675
ECA701	g7677
ECA701	g19858
ECA701	g633
ECA701	g22283
ECA701	g1095
ECA701	g11013
ECA701	g19288
ECA701	g13230
ECA701	g11921
ECA701	g732
ECA701	g18269
ECA701	g21074
ECA701	g1955
ECA701	g12079
ECA701	g632
ECA701	g18971
ECA701	g15911
ECA701	g21073
ECA701	g12423
ECA701	g19275
ECA701	g21113
ECA701	g11922
ECA701	g10512
ECA701	g22030
ECA701	g10287
ECA701	g8471
ECA701	g11910
ECA701	g10517
ECA701	g1961
ECA701	g16931
ECA701	g20811
ECA701	g17171
ECA701	g11980
ECA701	g19819
ECA701	g11810
ECA701	g5741
ECA701	g3569
ECA701	g20647
ECA701	g11888
ECA701	g22288
ECA701	g781
ECA701	g10221
ECA701	g13227
ECA701	g20490
ECA701	g6050
ECA701	g11319
ECA701	g6296
ECA701	g18341
ECA701	g10902
ECA701	g6063
ECA701	g11913
ECA701	g1626
ECA701	g20305
ECA701	g8691
ECA701	g13974
ECA701	g19290
ECA701	g21100
ECA701	g20508
ECA701	g5925
ECA701	g18149
ECA701	g7678
ECA701	g10926
ECA701	g15728
ECA701	g11234
ECA701	g18340
ECA701	g13816
ECA701	g18032
ECA701	g17164
ECA701	g12261
ECA701	g733
ECA701	g11919
ECA701	g14958
ECA701	g20560
ECA701	g6391
ECA701	g17405
ECA701	g10887
ECA701	g18033
ECA701	g10514
ECA701	g18035
ECA701	g20418
ECA701	g11918
ECA701	g13226
ECA701	g19461
ECA701	g17427
ECA701	g12523
ECA701	g17480
ECA701	g93
ECA701	g11927
ECA701	g10500
ECA701	g13005
ECA701	g11982
ECA701	g6291
ECA701	g13211
ECA701	g19284
ECA701	g20051
ECA701	g18034
ECA701	g10117
ECA701	g12154
ECA701	g21068
ECA701	g16185
ECA701	g634
ECA701	g10966
ECA701	g18344
ECA701	g16041
ECA701	g17023
ECA701	g12966
ECA701	g18040
ECA701	g2601
ECA701	g11012
ECA701	g17493
ECA701	g2602
ECA701	g20284
ECA701	g22136
ECA701	g5926
ECA701	g4209
ECA701	g11317
ECA701	g18043
ECA701	g12508
ECA701	g1098
ECA701	g3000
ECA701	g6048
ECA701	g22101
ECA701	g21696
ECA701	g15606
ECA701	g22927
ECA701	g12511
ECA701	g18147
ECA701	g18048
ECA701	g17492
ECA701	g11923
ECA701	g6869
ECA701	g7604
ECA701	g22291
ECA701	g785
ECA701	g1444
ECA701	g6049
ECA701	g4207
ECA701	g11047
ECA701	g18037
ECA701	g3253
ECA701	g12927
ECA701	g18193
ECA701	g4208
ECA701	g11563
ECA701	g3483
ECA701	g18049
ECA701	g9989
ECA701	g19440
ECA701	g10334
ECA701	g17426
ECA701	g855
ECA701	g1445
ECA701	g6061
ECA701	g18419
ECA701	g13225
ECA701	g1958
ECA701	g22334
ECA701	g14088
ECA701	g10900
ECA701	g2782
ECA701	g4204
ECA701	g782
ECA701	g1956
ECA701	g806
ECA701	g6397
ECA701	g18041
ECA701	g20004
ECA701	g10889
ECA701	g2999
ECA701	g10855
ECA701	g4466
ECA701	g13027
ECA701	g6292
ECA701	g7603
ECA701	g10612
ECA701	g6051
ECA701	g11051
ECA701	g21101
ECA701	g11917
ECA701	g19624
ECA701	g737
ECA701	g6062
ECA701	g12255
ECA701	g22286
ECA701	g20054
ECA701	g12521
ECA701	g10885
ECA701	g13030
ECA701	g20646
ECA701	g1097
ECA701	g11889
ECA701	g21108
ECA701	g20052
ECA701	g610
ECA701	g12926
ECA701	g11058
ECA701	g10901
ECA701	g10899
ECA701	g17495
ECA701	g17494
ECA701	g8514
ECA701	g19291
ECA701	g4823
ECA701	g6333
ECA701	g19289
ECA701	g13026
ECA701	g21856
ECA701	g1952
ECA701	g10969
ECA701	g16294
ECA701	g22290
ECA701	g13228
ECA701	g11930
ECA701	g11928
ECA701	g3619
ECA701	g19857
ECA701	g22135
ECA701	g19982
ECA701	g21099
ECA701	g2604
ECA701	g629
ECA701	g11931
ECA701	g10510
ECA701	g19294
ECA701	g11054
ECA701	g11023
ECA701	g13091
ECA701	g11750
ECA701	g6288
ECA701	g784
ECA701	g8419
ECA701	g18148
ECA701	g12509
ECA701	g10792
ECA701	g6255
ECA701	g1096
ECA701	g3485
ECA701	g22312
ECA701	g14932
ECA701	g6290
ECA701	g15789
ECA701	g895
ECA701	g19818
ECA701	g11909
ECA701	g19281
ECA701	g8478
ECA701	g645
ECA701	g6986
ECA701	g15912
ECA701	g10843
ECA701	g13224
ECA701	g3620
ECA701	g10903
ECA701	g7630
ECA701	g2605
ECA701	g11676
ECA701	g10530
ECA701	g6294
ECA701	g19280
ECA701	g12254
ECA701	g359
ECA701	g11890
ECA701	g19285
ECA701	g18045
ECA701	g13229
ECA701	g20308
ECA701	g644
ECA701	g17162
ECA701	g7453
ECA701	g21112
ECA701	g11912
ECA701	g4822
ECA701	g10854
ECA701	g630
ECA701	g20111
ECA701	g12510
ECA701	g3618
ECA701	g11316
ECA701	g10516
ECA701	g19283
ECA701	g635
ECA701	g11057
ECA701	g11926
ECA701	g18345
ECA701	g13212
ECA701	g10842
ECA701	g11881
ECA701	g10968
ECA701	g21069
ECA701	g18036
ECA701	g15810
ECA701	g783
ECA701	g13006
ECA701	g22289
ECA701	g20066
ECA701	g11920
ECA701	g7829
ECA701	g889
ECA701	g19286
ECA701	g779
ECA701	g13231
ECA701	g502
ECA701	g11233
ECA701	g20053
ECA701	g10515
ECA701	g10841
ECA701	g2606
ECA701	g20564
ECA701	g10860
ECA701	g15961
ECA701	g15032
ECA701	g11914
ECA701	g19292
ECA701	g17406
ECA701	g963
ECA701	g12937
ECA701	g11891
ECA701	g19279
ECA701	g22311
ECA701	g15811
ECA701	g10513
ECA701	g11875
ECA768	g16159
ECA768	g19286
ECA768	g2194
ECA768	g1693
ECA768	g20140
ECA768	g17282
ECA768	g22439
ECA768	g1872
ECA768	g19936
ECA768	g21374
ECA768	g19957
ECA768	g16374
ECA768	g21808
ECA768	g20444
ECA768	g1883
ECA768	g1517
ECA768	g17594
ECA768	g16164
ECA768	g19951
ECA768	g16612
ECA768	g16163
ECA768	g9563
ECA768	g21831
ECA768	g1478
ECA768	g12157
ECA768	g5241
ECA768	g21827
ECA768	g1690
ECA768	g6388
ECA768	g17104
ECA768	g21871
ECA768	g10976
ECA768	g12221
ECA768	g12224
ECA768	g22428
ECA768	g11205
ECA768	g19953
ECA768	g16376
ECA768	g2435
ECA768	g1773
ECA768	g7154
ECA768	g19956
ECA768	g2388
ECA768	g1688
ECA768	g17274
ECA768	g21841
ECA768	g2784
ECA768	g11310
ECA768	g2195
ECA768	g19954
ECA768	g3896
ECA768	g2196
ECA768	g22000
ECA768	g15175
ECA768	g16382
ECA768	g16386
ECA768	g7520
ECA768	g12158
ECA768	g16144
ECA768	g1689
ECA768	g300
ECA768	g21839
ECA768	g16039
ECA768	g17111
ECA768	g12154
ECA768	g21830
ECA768	g20441
ECA768	g12745
ECA768	g17273
ECA768	g9511
ECA768	g17090
ECA768	g22429
ECA768	g16143
ECA768	g1476
ECA768	g1699
ECA768	g1087
ECA768	g1256
ECA768	g12414
ECA768	g2742
ECA768	g11313
ECA768	g1696
ECA768	g12235
ECA768	g12038
ECA768	g5543
ECA768	g14302
ECA768	g21836
ECA768	g20778
ECA768	g14287
ECA768	g387
ECA768	g12039
ECA768	g20635
ECA768	g8598
ECA768	g17287
ECA768	g16986
ECA768	g1866
ECA768	g19080
ECA768	g16312
ECA768	g1884
ECA768	g21308
ECA768	g8619
ECA768	g12226
ECA768	g8599
ECA768	g10588
ECA768	g18984
ECA768	g19684
ECA768	g250
ECA768	g2200
ECA768	g1732
ECA768	g21834
ECA768	g16979
ECA768	g1871
ECA768	g17091
ECA768	g11079
ECA768	g21254
ECA768	g1481
ECA768	g21832
ECA768	g15004
ECA768	g20555
ECA768	g17596
ECA768	g21251
ECA768	g17089
ECA768	g15326
ECA768	g19740
ECA768	g12234
ECA768	g9877
ECA768	g11333
ECA768	g21890
ECA768	g11108
ECA768	g19950
ECA768	g21807
ECA768	g16157
ECA768	g17288
ECA768	g17289
ECA768	g19669
ECA768	g868
ECA768	g16618
ECA768	g12155
ECA768	g9510
ECA768	g11858
ECA768	g18474
ECA768	g14875
ECA768	g8683
ECA768	g8687
ECA768	g16156
ECA768	g6303
ECA768	g21829
ECA768	g1813
ECA768	g2214
ECA768	g21833
ECA768	g21619
ECA768	g11097
ECA768	g21800
ECA768	g21692
ECA768	g16368
ECA768	g20445
ECA768	g17271
ECA768	g16615
ECA768	g8686
ECA768	g19955
ECA768	g2954
ECA768	g9373
ECA768	g20780
ECA768	g1770
ECA768	g16153
ECA768	g16152
ECA768	g16616
ECA768	g20779
ECA768	g21501
ECA768	g19670
ECA768	g16385
ECA768	g16381
ECA768	g22413
ECA768	g616
ECA768	g15067
ECA768	g19702
ECA768	g17593
ECA768	g1255
ECA768	g1825
ECA768	g869
ECA768	g14370
ECA768	g3856
ECA768	g12156
ECA768	g21688
ECA768	g19181
ECA768	g1555
ECA768	g22223
ECA768	g12219
ECA768	g18508
ECA768	g20586
ECA768	g1477
ECA768	g12748
ECA768	g14074
ECA768	g2198
ECA768	g18037
ECA768	g13802
ECA768	g19952
ECA768	g20442
ECA768	g22061
ECA768	g12225
ECA768	g12220
ECA768	g12746
ECA768	g20467
ECA768	g21255
ECA768	g9672
ECA768	g20518
ECA768	g9587
ECA768	g2099
ECA768	g8821
ECA768	g17516
ECA768	g22001
ECA768	g22430
ECA768	g16371
ECA768	g14299
ECA768	g16145
ECA768	g8126
ECA768	g21837
ECA768	g19765
ECA768	g21891
ECA768	g20554
ECA768	g14301
ECA768	g16147
ECA768	g18908
ECA768	g8127
ECA768	g16920
ECA768	g21809
ECA768	g17284
ECA768	g21178
ECA768	g1730
ECA768	g16614
ECA768	g15417
ECA768	g20549
ECA768	g7421
ECA768	g20777
ECA768	g16375
ECA768	g1257
ECA768	g1837
ECA768	g16939
ECA768	g11201
ECA768	g249
ECA768	g8685
ECA768	g9586
ECA768	g22440
ECA768	g19671
ECA768	g19762
ECA768	g7772
ECA768	g8618
ECA768	g16165
ECA768	g21828
ECA768	g17276
ECA768	g19826
ECA768	g16714
ECA768	g2690
ECA768	g14243
ECA768	g386
ECA768	g19683
ECA768	g19285
ECA768	g19289
ECA768	g2197
ECA768	g16158
ECA768	g7447
ECA768	g1556
ECA768	g16142
ECA768	g11099
ECA768	g1771
ECA768	g16138
ECA768	g16373
ECA768	g21835
ECA768	g1840
ECA768	g21869
ECA768	g16620
ECA768	g19739
ECA768	g22322
ECA768	g1826
ECA768	g22412
ECA768	g1733
ECA768	g14286
ECA768	g248
ECA768	g20439
ECA768	g12751
ECA768	g22409
ECA768	g21838
ECA768	g21826
ECA768	g21794
ECA768	g17041
ECA768	g17040
ECA768	g19088
ECA768	g16575
ECA768	g17275
ECA768	g16160
ECA768	g21806
ECA768	g15183
ECA768	g18507
ECA768	g15185
ECA768	g19761
ECA768	g19369
ECA768	g18390
ECA768	g16146
ECA768	g17286
ECA768	g19949
ECA768	g21840
ECA768	g10850
ECA768	g17037
ECA768	g21250
ECA768	g19937
ECA768	g12742
ECA768	g17280
ECA768	g8671
ECA768	g4697
ECA768	g1259
ECA768	g1827
ECA768	g1824
ECA768	g16161
ECA768	g2201
ECA768	g14348
ECA768	g21732
ECA768	g16148
ECA768	g8684
ECA768	g16384
ECA768	g16380
ECA768	g1936
ECA768	g14300
ECA768	g16708
ECA768	g20440
ECA768	g1727
ECA768	g17515
ECA768	g10347
ECA768	g11098
ECA768	g17827
ECA768	g16856
ECA768	g2748
ECA768	g1258
ECA768	g20443
ECA768	g20585
ECA768	g11096
QX1791	g13214
QX1791	g11096
QX1791	g21356
QX1791	g129
QX1791	g13578
QX1791	g11125
QX1791	g21337
QX1791	g11293
QX1791	g19109
QX1791	g16486
QX1791	g10918
QX1791	g7331
QX1791	g317
QX1791	g10632
QX1791	g19308
QX1791	g18871
QX1791	g18209
QX1791	g13213
QX1791	g13572
QX1791	g1019
QX1791	g11607
QX1791	g11092
QX1791	g10878
QX1791	g14550
QX1791	g13330
QX1791	g5480
QX1791	g13157
QX1791	g13679
QX1791	g22231
QX1791	g7429
QX1791	g12964
QX1791	g18865
QX1791	g16850
QX1791	g22132
QX1791	g18204
QX1791	g11793
QX1791	g12119
QX1791	g21371
QX1791	g17198
QX1791	g1025
QX1791	g16051
QX1791	g9763
QX1791	g21516
QX1791	g21639
QX1791	g4658
QX1791	g15691
QX1791	g438
QX1791	g8264
QX1791	g19088
QX1791	g434
QX1791	g12459
QX1791	g18207
QX1791	g12457
QX1791	g7327
QX1791	g13690
QX1791	g22237
QX1791	g5055
QX1791	g11102
QX1791	g9054
QX1791	g17155
QX1791	g7538
QX1791	g11340
QX1791	g13575
QX1791	g505
QX1791	g11281
QX1791	g8351
QX1791	g316
QX1791	g15401
QX1791	g21364
QX1791	g2571
QX1791	g18864
QX1791	g21366
QX1791	g15490
QX1791	g21369
QX1791	g2512
QX1791	g18868
QX1791	g7330
QX1791	g11282
QX1791	g6212
QX1791	g20432
QX1791	g7332
QX1791	g18425
QX1791	g11612
QX1791	g20453
QX1791	g15501
QX1791	g20433
QX1791	g6813
QX1791	g7535
QX1791	g18854
QX1791	g13558
QX1791	g8213
QX1791	g11128
QX1791	g12456
QX1791	g18861
QX1791	g14240
QX1791	g7343
QX1791	g7313
QX1791	g7333
QX1791	g9517
QX1791	g11247
QX1791	g13698
QX1791	g18503
QX1791	g10630
QX1791	g9514
QX1791	g4810
QX1791	g21361
QX1791	g21367
QX1791	g5601
QX1791	g5695
QX1791	g13875
QX1791	g12458
QX1791	g7558
QX1791	g21428
QX1791	g5690
QX1791	g21336
QX1791	g8839
QX1791	g435
QX1791	g14274
QX1791	g4361
QX1791	g18206
QX1791	g21355
QX1791	g20521
QX1791	g14633
QX1791	g2617
QX1791	g13557
QX1791	g10710
QX1791	g21363
QX1791	g11610
QX1791	g437
QX1791	g13570
QX1791	g11099
QX1791	g12455
QX1791	g13209
QX1791	g22234
QX1791	g436
QX1791	g13559
QX1791	g20520
QX1791	g17370
QX1791	g12118
QX1791	g18337
QX1791	g6139
QX1791	g10880
QX1791	g18501
QX1791	g13556
QX1791	g22471
QX1791	g8583
QX1791	g4551
QX1791	g18858
QX1791	g10633
QX1791	g21362
QX1791	g20452
QX1791	g10879
QX1791	g8840
QX1791	g5473
QX1791	g19024
QX1791	g15728
QX1791	g11626
QX1791	g7328
QX1791	g2639
QX1791	g5377
QX1791	g18873
QX1791	g18203
QX1791	g10954
QX1791	g18401
QX1791	g12121
QX1791	g7342
QX1791	g18210
QX1791	g19083
QX1791	g1022
QX1791	g2346
QX1791	g11609
QX1791	g10883
QX1791	g2073
QX1791	g1020
QX1791	g12433
QX1791	g18397
QX1791	g8212
QX1791	g12383
QX1791	g9967
QX1791	g11517
QX1791	g18402
QX1791	g19091
QX1791	g19101
QX1791	g19096
QX1791	g18869
QX1791	g10709
QX1791	g21357
QX1791	g22272
QX1791	g22191
QX1791	g5688
QX1791	g13576
QX1791	g13691
QX1791	g19086
QX1791	g19094
QX1791	g19089
QX1791	g19099
QX1791	g2568
QX1791	g15729
QX1791	g13569
QX1791	g13339
QX1791	g22472
QX1791	g20518
QX1791	g11236
QX1791	g22229
QX1791	g13577
QX1791	g21429
QX1791	g11232
QX1791	g2570
QX1791	g11170
QX1791	g11294
QX1791	g18502
QX1791	g15815
QX1791	g11606
QX1791	g5298
QX1791	g13331
QX1791	g18859
QX1791	g10013
QX1791	g19965
QX1791	g15638
QX1791	g20519
QX1791	g21338
QX1791	g16487
QX1791	g9435
QX1791	g20517
QX1791	g21360
QX1791	g11605
QX1791	g4901
QX1791	g6113
QX1791	g13670
QX1791	g13319
QX1791	g10090
QX1791	g7425
QX1791	g21335
QX1791	g9227
QX1791	g2810
QX1791	g11173
QX1791	g18208
QX1791	g5600
QX1791	g11295
QX1791	g13672
QX1791	g13671
QX1791	g15482
QX1791	g6458
QX1791	g685
QX1791	g18867
QX1791	g13689
QX1791	g9226
QX1791	g17101
QX1791	g11129
QX1791	g14241
QX1791	g19161
QX1791	g21408
QX1791	g7206
QX1791	g22470
QX1791	g8350
QX1791	g21566
QX1791	g18491
QX1791	g13562
QX1791	g21410
QX1791	g13561
QX1791	g11608
QX1791	g12344
QX1791	g11171
QX1791	g9225
QX1791	g5472
QX1791	g10955
QX1791	g11251
QX1791	g22670
QX1791	g13697
QX1791	g13563
QX1791	g18224
QX1791	g8211
QX1791	g18866
QX1791	g12460
QX1791	g21368
QX1791	g9224
QX1791	g11594
QX1791	g22235
QX1791	g18464
QX1791	g13267
QX1791	g21329
QX1791	g9896
QX1791	g15498
QX1791	g4666
QX1791	g4668
QX1791	g2556
QX1791	g19964
QX1791	g22233
QX1791	g18211
QX1791	g18205
QX1791	g11091
QX1791	g21370
QX1791	g13555
QX1791	g21359
QX1791	g18862
QX1791	g7081
QX1791	g19261
QX1791	g5056
QX1791	g9513
QX1791	g20505
QX1791	g16767
QX1791	g19095
QX1791	g19090
QX1791	g19100
QX1791	g18223
QX1791	g11214
QX1791	g11231
QX1791	g13673
QX1791	g15639
QX1791	g12345
QX1791	g21365
QX1791	g504
QX1791	g12461
QX1791	g4488
QX1791	g9963
QX1791	g5802
QX1791	g2569
QX1791	g22139
QX1791	g9518
QX1791	g9223
QX1791	g11276
QX1791	g9571
QX1791	g13318
QX1791	g18870
QX1791	g10397
QX1791	g12259
QX1791	g13068
QX1791	g21517
QX1791	g13138
QX1791	g5689
QX1791	g10068
QX1791	g17162
QX1791	g18424
QX1791	g1016
RC301	g17733
RC301	g18217
RC301	g10396
RC301	g2089
RC301	g21356
RC301	g2063
RC301	g2298
RC301	g10707
RC301	g18394
RC301	g18214
RC301	g20997
RC301	g9553
RC301	g6306
RC301	g2626
RC301	g19421
RC301	g21451
RC301	g15476
RC301	g18395
RC301	g13892
RC301	g10584
RC301	g18436
RC301	g6094
RC301	g15399
RC301	g10777
RC301	g15426
RC301	g10708
RC301	g7154
RC301	g2091
RC301	g18220
RC301	g20986
RC301	g18844
RC301	g2838
RC301	g2524
RC301	g21003
RC301	g2514
RC301	g2001
RC301	g18085
RC301	g13789
RC301	g2243
RC301	g6308
RC301	g17500
RC301	g18137
RC301	g12419
RC301	g20905
RC301	g21644
RC301	g17547
RC301	g18222
RC301	g2102
RC301	g17155
RC301	g7160
RC301	g18028
RC301	g18072
RC301	g17732
RC301	g18040
RC301	g13794
RC301	g16029
RC301	g17731
RC301	g2060
RC301	g5088
RC301	g6317
RC301	g10709
RC301	g20663
RC301	g19628
RC301	g6078
RC301	g302
RC301	g10705
RC301	g21641
RC301	g2634
RC301	g2901
RC301	g2640
RC301	g21624
RC301	g13896
RC301	g2513
RC301	g2502
RC301	g2132
RC301	g18211
RC301	g2088
RC301	g13680
RC301	g3004
RC301	g10583
RC301	g18435
RC301	g9858
RC301	g8708
RC301	g6079
RC301	g18358
RC301	g8693
RC301	g18357
RC301	g8647
RC301	g3141
RC301	g13893
RC301	g12347
RC301	g11269
RC301	g2955
RC301	g1602
RC301	g20814
RC301	g6245
RC301	g11248
RC301	g6543
RC301	g11268
RC301	g14403
RC301	g13683
RC301	g6653
RC301	g6072
RC301	g251
RC301	g6546
RC301	g2848
RC301	g13891
RC301	g18180
RC301	g10706
RC301	g3144
RC301	g3139
RC301	g15477
RC301	g13880
RC301	g13909
RC301	g13890
RC301	g1542
RC301	g2641
RC301	g3252
RC301	g3995
RC301	g1539
RC301	g5240
RC301	g21428
RC301	g15102
RC301	g13660
RC301	g18100
RC301	g17727
RC301	g20717
RC301	g6087
RC301	g875
RC301	g20407
RC301	g4797
RC301	g21642
RC301	g11739
RC301	g11180
RC301	g18084
RC301	g18087
RC301	g18928
RC301	g18039
RC301	g6093
RC301	g2095
RC301	g3911
RC301	g6300
RC301	g3145
RC301	g11181
RC301	g21643
RC301	g16980
RC301	g21096
RC301	g18140
RC301	g17197
RC301	g2639
RC301	g10776
RC301	g21357
RC301	g18434
RC301	g3464
RC301	g6316
RC301	g6313
RC301	g621
RC301	g4984
RC301	g6548
RC301	g3992
RC301	g2094
RC301	g2503
RC301	g11249
RC301	g2533
RC301	g13895
RC301	g16069
RC301	g1963
RC301	g20988
RC301	g2071
RC301	g6077
RC301	g18086
RC301	g17982
RC301	g13881
RC301	g21638
RC301	g20373
RC301	g20985
RC301	g7157
RC301	g8481
RC301	g17729
RC301	g18431
RC301	g19799
RC301	g8209
RC301	g3167
RC301	g1543
RC301	g250
RC301	g21429
RC301	g3217
RC301	g17815
RC301	g11045
RC301	g2850
RC301	g2629
RC301	g389
RC301	g1785
RC301	g11184
RC301	g6506
RC301	g2512
RC301	g6303
RC301	g2531
RC301	g2093
RC301	g1968
RC301	g8705
RC301	g2638
RC301	g2962
RC301	g15400
RC301	g2072
RC301	g11183
RC301	g2099
RC301	g21454
RC301	g2070
RC301	g2158
RC301	g3251
RC301	g8707
RC301	g6081
RC301	g20636
RC301	g18074
RC301	g2837
RC301	g3912
RC301	g11738
RC301	g11182
RC301	g1465
RC301	g19508
RC301	g2092
RC301	g20989
RC301	g5334
RC301	g3462
RC301	g3246
RC301	g12444
RC301	g1269
RC301	g2100
RC301	g6307
RC301	g2849
RC301	g13793
RC301	g20495
RC301	g1270
RC301	g21625
RC301	g6314
RC301	g21358
RC301	g12710
RC301	g21640
RC301	g18026
RC301	g12097
RC301	g6095
RC301	g6824
RC301	g2242
RC301	g2090
RC301	g21511
RC301	g17250
RC301	g2627
RC301	g876
RC301	g2097
RC301	g2139
RC301	g2096
RC301	g14014
RC301	g6089
RC301	g21450
RC301	g388
RC301	g20904
RC301	g21370
RC301	g8776
RC301	g2141
RC301	g19617
RC301	g3142
RC301	g17730
RC301	g20987
RC301	g3465
RC301	g6076
RC301	g18139
RC301	g6305
RC301	g1268
RC301	g3028
RC301	g5958
RC301	g18182
RC301	g6088
RC301	g19631
RC301	g21389
RC301	g17713
RC301	g18179
RC301	g8692
RC301	g249
RC301	g21639
RC301	g3140
RC301	g1267
RC301	g2637
RC301	g6542
RC301	g3993
RC301	g21647
RC301	g20822
RC301	g2098
RC301	g6090
RC301	g2069
RC301	g18027
RC301	g2157
RC301	g5096
RC301	g1895
RC301	g20374
RC301	g5098
RC301	g3323
RC301	g2632
RC301	g6080
RC301	g15306
RC301	g2101
RC301	g14137
RC301	g1538
RC301	g7151
RC301	g11196
RC301	g9020
RC301	g2628
RC301	g1096
RC301	g2530
RC301	g2534
RC301	g6544
RC301	g6091
RC301	g17726
RC301	g15616
RC301	g8754
RC301	g6647
RC301	g7155
RC301	g4922
RC301	g6082
RC301	g6540
RC301	g6315
RC301	g6312
RC301	g8706
RC301	g1266
RC301	g18221
RC301	g18045
RC301	g18185
RC301	g14636
RC301	g4227
RC301	g3094
RC301	g17191
RC301	g21637
RC301	g13912
RC301	g3143
CX11254	g16832
CX11254	g22294
CX11254	g16054
CX11254	g3830
CX11254	g11682
CX11254	g5135
CX11254	g4639
CX11254	g17565
CX11254	g4160
CX11254	g21902
CX11254	g409
CX11254	g17012
CX11254	g22108
CX11254	g4925
CX11254	g485
CX11254	g8044
CX11254	g21932
CX11254	g459
CX11254	g5640
CX11254	g16325
CX11254	g16835
CX11254	g11088
CX11254	g17352
CX11254	g5707
CX11254	g5704
CX11254	g21924
CX11254	g20281
CX11254	g21914
CX11254	g2045
CX11254	g9393
CX11254	g5137
CX11254	g16096
CX11254	g16752
CX11254	g14150
CX11254	g9938
CX11254	g17573
CX11254	g8040
CX11254	g16143
CX11254	g16837
CX11254	g5368
CX11254	g4672
CX11254	g16636
CX11254	g8747
CX11254	g4357
CX11254	g16649
CX11254	g8060
CX11254	g12801
CX11254	g18442
CX11254	g5146
CX11254	g5641
CX11254	g4908
CX11254	g4901
CX11254	g2874
CX11254	g8042
CX11254	g5637
CX11254	g6215
CX11254	g17550
CX11254	g8612
CX11254	g21913
CX11254	g17557
CX11254	g17053
CX11254	g16826
CX11254	g4657
CX11254	g8288
CX11254	g3660
CX11254	g5890
CX11254	g11638
CX11254	g2152
CX11254	g17169
CX11254	g8316
CX11254	g17193
CX11254	g22109
CX11254	g10242
CX11254	g7767
CX11254	g16975
CX11254	g7752
CX11254	g21933
CX11254	g17052
CX11254	g7707
CX11254	g20395
CX11254	g14222
CX11254	g15292
CX11254	g17243
CX11254	g5074
CX11254	g16320
CX11254	g15313
CX11254	g16974
CX11254	g8750
CX11254	g1943
CX11254	g5371
CX11254	g17353
CX11254	g8753
CX11254	g15293
CX11254	g1429
CX11254	g9050
CX11254	g2149
CX11254	g5480
CX11254	g8227
CX11254	g2823
CX11254	g5374
CX11254	g16795
CX11254	g4665
CX11254	g20392
CX11254	g5709
CX11254	g20397
CX11254	g408
CX11254	g1925
CX11254	g4095
CX11254	g4920
CX11254	g17549
CX11254	g20280
CX11254	g19541
CX11254	g4092
CX11254	g18292
CX11254	g1942
CX11254	g8039
CX11254	g785
CX11254	g2172
CX11254	g4730
CX11254	g16714
CX11254	g1954
CX11254	g4666
CX11254	g16635
CX11254	g4638
CX11254	g4702
CX11254	g4918
CX11254	g3443
CX11254	g5638
CX11254	g3827
CX11254	g20962
CX11254	g18732
CX11254	g14825
CX11254	g15381
CX11254	g11003
CX11254	g16829
CX11254	g4913
CX11254	g4924
CX11254	g4664
CX11254	g19623
CX11254	g16322
CX11254	g5129
CX11254	g20391
CX11254	g8231
CX11254	g15380
CX11254	g11853
CX11254	g16755
CX11254	g17551
CX11254	g16686
CX11254	g20072
CX11254	g8328
CX11254	g5142
CX11254	g5145
CX11254	g3190
CX11254	g18546
CX11254	g5376
CX11254	g19544
CX11254	g4663
CX11254	g21903
CX11254	g15312
CX11254	g17556
CX11254	g4527
CX11254	g3444
CX11254	g16306
CX11254	g7836
CX11254	g12762
CX11254	g5639
CX11254	g8751
CX11254	g20394
CX11254	g17340
CX11254	g8843
CX11254	g17236
CX11254	g4909
CX11254	g4900
CX11254	g8939
CX11254	g4457
CX11254	g5702
CX11254	g8045
CX11254	g20995
CX11254	g6218
CX11254	g17051
CX11254	g7541
CX11254	g21657
CX11254	g16323
CX11254	g20531
CX11254	g7268
CX11254	g6216
CX11254	g5708
CX11254	g5703
CX11254	g20369
CX11254	g4096
CX11254	g2822
CX11254	g20320
CX11254	g16417
CX11254	g17562
CX11254	g5334
CX11254	g16682
CX11254	g21912
CX11254	g5132
CX11254	g21931
CX11254	g17553
CX11254	g4662
CX11254	g7764
CX11254	g17552
CX11254	g4902
CX11254	g4907
CX11254	g484
CX11254	g15378
CX11254	g16697
CX11254	g4668
CX11254	g8047
CX11254	g8230
CX11254	g4731
CX11254	g8317
CX11254	g7766
CX11254	g8947
CX11254	g8329
CX11254	g1944
CX11254	g16326
CX11254	g9127
CX11254	g19622
CX11254	g4571
CX11254	g14826
CX11254	g4640
CX11254	g4019
CX11254	g4661
CX11254	g16327
CX11254	g8330
CX11254	g18198
CX11254	g20074
CX11254	g20290
CX11254	g20286
CX11254	g14124
CX11254	g8041
CX11254	g16648
CX11254	g5136
CX11254	g3829
CX11254	g2041
CX11254	g20877
CX11254	g15379
CX11254	g16586
CX11254	g16699
CX11254	g5143
CX11254	g13861
CX11254	g8043
CX11254	g16634
CX11254	g15377
CX11254	g14470
CX11254	g4926
CX11254	g4659
CX11254	g4895
CX11254	g3828
CX11254	g8169
CX11254	g11586
CX11254	g17564
CX11254	g4710
CX11254	g1816
CX11254	g2959
CX11254	g4712
CX11254	g18607
CX11254	g4921
CX11254	g21366
CX11254	g16324
CX11254	g20071
CX11254	g4899
CX11254	g4910
CX11254	g16754
CX11254	g5134
CX11254	g16656
CX11254	g16797
CX11254	g4919
CX11254	g8752
CX11254	g8252
CX11254	g21468
CX11254	g21930
CX11254	g16794
CX11254	g7751
CX11254	g2821
CX11254	g8251
CX11254	g4637
CX11254	g20396
CX11254	g16338
CX11254	g5370
CX11254	g4667
CX11254	g19543
CX11254	g4631
CX11254	g18435
CX11254	g17360
CX11254	g18433
CX11254	g20208
CX11254	g4669
CX11254	g4091
CX11254	g17342
CX11254	g17559
CX11254	g4906
CX11254	g4903
CX11254	g576
CX11254	g4671
CX11254	g1693
CX11254	g2960
CX11254	g8059
CX11254	g6212
CX11254	g15365
CX11254	g3831
CX11254	g5718
CX11254	g17563
CX11254	g16700
CX11254	g5372
CX11254	g4922
CX11254	g4670
CX11254	g8948
CX11254	g5717
CX11254	g269
CX11254	g17341
CX11254	g7813
CX11254	g5474
CX11254	g1945
CX11254	g4523
CX11254	g4914
CX11254	g5144
CX11254	g5141
CX11254	g7765
CX11254	g16836
CX11254	g17295
CX11254	g20994
CX11254	g16800
CX11254	g1192
CX11254	g19304
CX11254	g17103
CX11254	g4658
CX11254	g4626
CX11254	g11645
CX11254	g20393
CX11254	g21659
ECA1769	g1336
ECA1769	g19701
ECA1769	g20382
ECA1769	g20518
ECA1769	g16978
ECA1769	g9451
ECA1769	g19600
ECA1769	g20510
ECA1769	g20840
ECA1769	g16099
ECA1769	g17060
ECA1769	g19366
ECA1769	g20509
ECA1769	g12634
ECA1769	g15492
ECA1769	g17017
ECA1769	g4884
ECA1769	g21081
ECA1769	g21121
ECA1769	g11713
ECA1769	g11930
ECA1769	g3795
ECA1769	g19590
ECA1769	g6217
ECA1769	g20935
ECA1769	g14828
ECA1769	g18094
ECA1769	g22483
ECA1769	g10257
ECA1769	g19737
ECA1769	g11985
ECA1769	g20478
ECA1769	g3446
ECA1769	g17925
ECA1769	g17091
ECA1769	g4887
ECA1769	g16975
ECA1769	g12279
ECA1769	g4890
ECA1769	g19399
ECA1769	g20512
ECA1769	g9212
ECA1769	g11286
ECA1769	g20515
ECA1769	g13769
ECA1769	g20477
ECA1769	g3443
ECA1769	g10204
ECA1769	g19372
ECA1769	g8930
ECA1769	g13817
ECA1769	g12410
ECA1769	g11709
ECA1769	g3448
ECA1769	g4893
ECA1769	g18090
ECA1769	g20490
ECA1769	g19370
ECA1769	g22099
ECA1769	g17063
ECA1769	g8381
ECA1769	g22101
ECA1769	g20941
ECA1769	g12499
ECA1769	g12787
ECA1769	g19601
ECA1769	g22481
ECA1769	g14763
ECA1769	g3055
ECA1769	g19408
ECA1769	g9483
ECA1769	g3797
ECA1769	g4301
ECA1769	g1809
ECA1769	g22471
ECA1769	g16985
ECA1769	g11715
ECA1769	g11909
ECA1769	g18323
ECA1769	g15949
ECA1769	g20481
ECA1769	g19591
ECA1769	g19840
ECA1769	g4182
ECA1769	g21120
ECA1769	g4888
ECA1769	g20067
ECA1769	g3445
ECA1769	g413
ECA1769	g7793
ECA1769	g19406
ECA1769	g4183
ECA1769	g22467
ECA1769	g1808
ECA1769	g3990
ECA1769	g1254
ECA1769	g3461
ECA1769	g11910
ECA1769	g3829
ECA1769	g20508
ECA1769	g19932
ECA1769	g19594
ECA1769	g19290
ECA1769	g14764
ECA1769	g20068
ECA1769	g1812
ECA1769	g18217
ECA1769	g13424
ECA1769	g18321
ECA1769	g20480
ECA1769	g3422
ECA1769	g18198
ECA1769	g3444
ECA1769	g17059
ECA1769	g22487
ECA1769	g11050
ECA1769	g10287
ECA1769	g19699
ECA1769	g20837
ECA1769	g3697
ECA1769	g20838
ECA1769	g17016
ECA1769	g19164
ECA1769	g19349
ECA1769	g17140
ECA1769	g19859
ECA1769	g2267
ECA1769	g17201
ECA1769	g22469
ECA1769	g19602
ECA1769	g6816
ECA1769	g7079
ECA1769	g10286
ECA1769	g22202
ECA1769	g19786
ECA1769	g20065
ECA1769	g9211
ECA1769	g18215
ECA1769	g3815
ECA1769	g10569
ECA1769	g3447
ECA1769	g12412
ECA1769	g3749
ECA1769	g19350
ECA1769	g15562
ECA1769	g22473
ECA1769	g2482
ECA1769	g4302
ECA1769	g501
ECA1769	g22464
ECA1769	g20479
ECA1769	g4375
ECA1769	g20439
ECA1769	g19139
ECA1769	g13503
ECA1769	g1740
ECA1769	g4304
ECA1769	g7179
ECA1769	g20524
ECA1769	g17012
ECA1769	g4305
ECA1769	g22078
ECA1769	g20527
ECA1769	g11846
ECA1769	g21119
ECA1769	g11996
ECA1769	g18228
ECA1769	g2740
ECA1769	g13425
ECA1769	g19369
ECA1769	g14829
ECA1769	g2481
ECA1769	g22463
ECA1769	g20517
ECA1769	g4303
ECA1769	g16982
ECA1769	g20881
ECA1769	g22482
ECA1769	g19789
ECA1769	g11986
ECA1769	g19400
ECA1769	g11714
ECA1769	g3793
ECA1769	g21116
ECA1769	g12967
ECA1769	g18212
ECA1769	g17014
ECA1769	g2096
ECA1769	g6102
ECA1769	g11906
ECA1769	g10369
ECA1769	g7435
ECA1769	g15780
ECA1769	g11712
ECA1769	g3813
ECA1769	g19351
ECA1769	g22466
ECA1769	g13502
ECA1769	g9262
ECA1769	g11711
ECA1769	g14347
ECA1769	g20472
ECA1769	g20482
ECA1769	g22470
ECA1769	g2098
ECA1769	g3763
ECA1769	g20613
ECA1769	g17142
ECA1769	g19346
ECA1769	g19161
ECA1769	g9132
ECA1769	g22480
ECA1769	g20842
ECA1769	g20419
ECA1769	g20614
ECA1769	g17141
ECA1769	g22478
ECA1769	g11997
ECA1769	g14831
ECA1769	g12814
ECA1769	g22102
ECA1769	g22104
ECA1769	g20489
ECA1769	g3535
ECA1769	g4554
ECA1769	g16836
ECA1769	g10203
ECA1769	g20513
ECA1769	g20835
ECA1769	g20473
ECA1769	g16974
ECA1769	g3441
ECA1769	g12640
ECA1769	g20514
ECA1769	g22461
ECA1769	g22103
ECA1769	g22477
ECA1769	g3809
ECA1769	g2969
ECA1769	g17354
ECA1769	g2097
ECA1769	g13422
ECA1769	g14070
ECA1769	g19359
ECA1769	g9368
ECA1769	g22165
ECA1769	g20474
ECA1769	g12413
ECA1769	g20593
ECA1769	g21970
ECA1769	g7104
ECA1769	g19595
ECA1769	g17143
ECA1769	g16813
ECA1769	g14969
ECA1769	g20612
ECA1769	g15840
ECA1769	g19599
ECA1769	g1813
ECA1769	g3814
ECA1769	g19368
ECA1769	g11728
ECA1769	g3748
ECA1769	g16837
ECA1769	g22472
ECA1769	g19597
ECA1769	g4376
ECA1769	g11966
ECA1769	g20839
ECA1769	g2971
ECA1769	g20418
ECA1769	g3107
ECA1769	g12733
ECA1769	g17157
ECA1769	g3108
ECA1769	g19371
ECA1769	g19407
ECA1769	g20511
ECA1769	g15957
ECA1769	g5942
ECA1769	g11546
ECA1769	g9484
ECA1769	g11710
ECA1769	g19358
ECA1769	g20476
ECA1769	g7792
ECA1769	g12633
ECA1769	g19343
ECA1769	g22479
ECA1769	g19700
ECA1769	g14830
ECA1769	g18213
ECA1769	g20801
ECA1769	g11727
ECA1769	g20487
ECA1769	g22468
ECA1769	g1332
ECA1769	g2094
ECA1769	g19348
ECA1769	g18327
ECA1769	g3762
ECA1769	g22100
ECA1769	g9217
ECA1769	g14744
ECA1769	g18218
ECA1769	g10059
ECA1769	g11706
ECA1769	g17156
ECA1769	g22105
ECA1769	g20441
ECA1769	g1412
ECA1769	g20485
ECA1769	g1890
ECA1769	g3106
ECA1769	g14815
ECA1769	g14743
ECA1769	g3440
ECA1769	g14172
ECA1769	g20475
ECA1769	g173
ECA1769	g18216
ECA1769	g3750
ECA1769	g15669
ECA1769	g14129
ECA1769	g16190
ECA1769	g11931
ECA1769	g20516
ECA1769	g1534
ECA1769	g3768
ECA1769	g22679
ECA1769	g20486
ECA1769	g15959
ECA1769	g2095
ECA723	g16036
ECA723	g21652
ECA723	g17615
ECA723	g2276
ECA723	g942
ECA723	g2277
ECA723	g293
ECA723	g3223
ECA723	g1474
ECA723	g1030
ECA723	g5833
ECA723	g6127
ECA723	g9308
ECA723	g14847
ECA723	g10913
ECA723	g3668
ECA723	g1993
ECA723	g6336
ECA723	g15841
ECA723	g9145
ECA723	g21529
ECA723	g11766
ECA723	g14539
ECA723	g10910
ECA723	g6348
ECA723	g10907
ECA723	g15800
ECA723	g13665
ECA723	g19934
ECA723	g14304
ECA723	g19064
ECA723	g16478
ECA723	g8906
ECA723	g1989
ECA723	g10904
ECA723	g13905
ECA723	g1094
ECA723	g2008
ECA723	g7426
ECA723	g1043
ECA723	g6478
ECA723	g22164
ECA723	g3023
ECA723	g21527
ECA723	g22098
ECA723	g4250
ECA723	g466
ECA723	g21531
ECA723	g22162
ECA723	g965
ECA723	g1009
ECA723	g19851
ECA723	g16636
ECA723	g12639
ECA723	g15946
ECA723	g21653
ECA723	g13901
ECA723	g3288
ECA723	g12468
ECA723	g6621
ECA723	g3334
ECA723	g9236
ECA723	g15429
ECA723	g18368
ECA723	g19938
ECA723	g9146
ECA723	g6108
ECA723	g2198
ECA723	g5870
ECA723	g2113
ECA723	g9371
ECA723	g3708
ECA723	g21460
ECA723	g13773
ECA723	g6183
ECA723	g6341
ECA723	g22099
ECA723	g599
ECA723	g3707
ECA723	g13771
ECA723	g13667
ECA723	g2199
ECA723	g13790
ECA723	g3397
ECA723	g2673
ECA723	g2178
ECA723	g6112
ECA723	g9141
ECA723	g467
ECA723	g4307
ECA723	g3437
ECA723	g22163
ECA723	g13552
ECA723	g6121
ECA723	g9356
ECA723	g20050
ECA723	g9416
ECA723	g6349
ECA723	g9127
ECA723	g1603
ECA723	g8594
ECA723	g19091
ECA723	g7463
ECA723	g1004
ECA723	g296
ECA723	g2864
ECA723	g1606
ECA723	g1005
ECA723	g20053
ECA723	g20052
ECA723	g943
ECA723	g1012
ECA723	g3274
ECA723	g6120
ECA723	g6356
ECA723	g9142
ECA723	g20262
ECA723	g21530
ECA723	g15889
ECA723	g2007
ECA723	g15346
ECA723	g19933
ECA723	g3287
ECA723	g12788
ECA723	g6364
ECA723	g1031
ECA723	g11453
ECA723	g1000
ECA723	g3627
ECA723	g3319
ECA723	g20654
ECA723	g18988
ECA723	g5769
ECA723	g20049
ECA723	g3466
ECA723	g462
ECA723	g1990
ECA723	g463
ECA723	g8957
ECA723	g3706
ECA723	g2174
ECA723	g13760
ECA723	g3930
ECA723	g15811
ECA723	g21461
ECA723	g2545
ECA723	g11533
ECA723	g20263
ECA723	g5875
ECA723	g6110
ECA723	g1010
ECA723	g17582
ECA723	g3394
ECA723	g2668
ECA723	g3317
ECA723	g15897
ECA723	g1003
ECA723	g6363
ECA723	g9581
ECA723	g9143
ECA723	g3439
ECA723	g3441
ECA723	g9856
ECA723	g17583
ECA723	g16528
ECA723	g20054
ECA723	g10909
ECA723	g18029
ECA723	g13776
ECA723	g20027
ECA723	g1602
ECA723	g8374
ECA723	g18732
ECA723	g16557
ECA723	g6119
ECA723	g11454
ECA723	g855
ECA723	g2177
ECA723	g6111
ECA723	g6109
ECA723	g9358
ECA723	g6124
ECA723	g20483
ECA723	g6352
ECA723	g20791
ECA723	g3331
ECA723	g13549
ECA723	g9144
ECA723	g9359
ECA723	g465
ECA723	g479
ECA723	g483
ECA723	g6362
ECA723	g1029
ECA723	g1001
ECA723	g488
ECA723	g473
ECA723	g3321
ECA723	g9357
ECA723	g6360
ECA723	g3473
ECA723	g1007
ECA723	g1011
ECA723	g3050
ECA723	g1547
ECA723	g1684
ECA723	g14751
ECA723	g1991
ECA723	g3349
ECA723	g15809
ECA723	g11242
ECA723	g1006
ECA723	g1002
ECA723	g20655
ECA723	g2973
ECA723	g22079
ECA723	g487
ECA723	g474
ECA723	g593
ECA723	g594
ECA723	g2870
ECA723	g1008
ECA723	g4163
ECA723	g20056
ECA723	g11534
ECA723	g2235
ECA723	g3463
ECA723	g19358
ECA723	g1992
ECA723	g3273
ECA723	g22149
ECA723	g6350
ECA723	g9160
ECA723	g464
ECA723	g12341
ECA723	g18369
ECA723	g580
ECA723	g595
ECA723	g2278
ECA723	g11536
ECA723	g8652
ECA723	g16836
ECA723	g481
ECA723	g3469
ECA723	g5775
ECA723	g16556
ECA723	g15810
ECA723	g17701
ECA723	g19976
ECA723	g4305
ECA723	g6340
ECA723	g1803
ECA723	g4933
ECA723	g22300
ECA723	g998
ECA723	g12880
ECA723	g6354
ECA723	g6365
ECA723	g12530
ECA723	g8551
ECA723	g486
ECA723	g475
ECA723	g3396
ECA723	g6359
ECA723	g3626
ECA723	g6355
ECA723	g967
ECA723	g4165
ECA723	g5874
ECA723	g856
ECA723	g5878
ECA723	g4306
ECA723	g9147
ECA723	g13528
ECA723	g5481
ECA723	g9695
ECA723	g6335
ECA723	g14041
ECA723	g600
ECA723	g5917
ECA723	g6353
ECA723	g6343
ECA723	g6346
ECA723	g3472
ECA723	g3703
ECA723	g12647
ECA723	g15793
ECA723	g2863
ECA723	g21528
ECA723	g476
ECA723	g485
ECA723	g6361
ECA723	g1994
ECA723	g1995
ECA723	g999
ECA723	g13775
ECA723	g3275
ECA723	g14647
ECA723	g6369
ECA723	g1607
ECA723	g1987
ECA723	g22165
ECA723	g16477
ECA723	g20657
ECA723	g6122
ECA723	g13661
ECA723	g1038
ECA723	g2760
ECA723	g5876
ECA723	g294
ECA723	g3732
ECA723	g6338
ECA723	g1032
ECA723	g13770
ECA723	g16335
ECA723	g15969
ECA723	g20653
ECA723	g3333
ECA723	g3332
ECA723	g22078
ECA723	g6339
ECA723	g1331
ECA723	g13772
ECA723	g2674
ECA723	g3436
ECA723	g3293
ECA723	g1140
ECA723	g12649
ECA723	g20055
ECA723	g20656
ECA723	g1136
ECA723	g20051
ECA723	g5872
ECA1237	g16982
ECA1237	g5528
ECA1237	g3955
ECA1237	g2785
ECA1237	g17584
ECA1237	g9867
ECA1237	g8160
ECA1237	g7443
ECA1237	g1946
ECA1237	g9342
ECA1237	g9779
ECA1237	g1146
ECA1237	g22614
ECA1237	g22175
ECA1237	g21636
ECA1237	g4938
ECA1237	g21583
ECA1237	g8645
ECA1237	g1512
ECA1237	g875
ECA1237	g17304
ECA1237	g22208
ECA1237	g15573
ECA1237	g18585
ECA1237	g2193
ECA1237	g12758
ECA1237	g10579
ECA1237	g12584
ECA1237	g8642
ECA1237	g22197
ECA1237	g8639
ECA1237	g18625
ECA1237	g4704
ECA1237	g7932
ECA1237	g5345
ECA1237	g16807
ECA1237	g11769
ECA1237	g2430
ECA1237	g1847
ECA1237	g17300
ECA1237	g22195
ECA1237	g8636
ECA1237	g4942
ECA1237	g17319
ECA1237	g18513
ECA1237	g9766
ECA1237	g20831
ECA1237	g15575
ECA1237	g18321
ECA1237	g15506
ECA1237	g13850
ECA1237	g18826
ECA1237	g12756
ECA1237	g17971
ECA1237	g9844
ECA1237	g11927
ECA1237	g17071
ECA1237	g5529
ECA1237	g17572
ECA1237	g1881
ECA1237	g11278
ECA1237	g1834
ECA1237	g2101
ECA1237	g19089
ECA1237	g14686
ECA1237	g2192
ECA1237	g17506
ECA1237	g1108
ECA1237	g17422
ECA1237	g125
ECA1237	g7646
ECA1237	g1471
ECA1237	g12827
ECA1237	g20864
ECA1237	g17131
ECA1237	g15507
ECA1237	g21743
ECA1237	g1472
ECA1237	g15560
ECA1237	g4810
ECA1237	g17507
ECA1237	g4828
ECA1237	g1767
ECA1237	g17486
ECA1237	g872
ECA1237	g2197
ECA1237	g18827
ECA1237	g13793
ECA1237	g1727
ECA1237	g15574
ECA1237	g4592
ECA1237	g22608
ECA1237	g21682
ECA1237	g7815
ECA1237	g7691
ECA1237	g2211
ECA1237	g9214
ECA1237	g2742
ECA1237	g1700
ECA1237	g16834
ECA1237	g18477
ECA1237	g9805
ECA1237	g8157
ECA1237	g18162
ECA1237	g9211
ECA1237	g9804
ECA1237	g7812
ECA1237	g12760
ECA1237	g1770
ECA1237	g9866
ECA1237	g6074
ECA1237	g22196
ECA1237	g9797
ECA1237	g22607
ECA1237	g22189
ECA1237	g14421
ECA1237	g12757
ECA1237	g17585
ECA1237	g17318
ECA1237	g2196
ECA1237	g19176
ECA1237	g7933
ECA1237	g1882
ECA1237	g15096
ECA1237	g13934
ECA1237	g9778
ECA1237	g5994
ECA1237	g9809
ECA1237	g1555
ECA1237	g15925
ECA1237	g16732
ECA1237	g1206
ECA1237	g7816
ECA1237	g1697
ECA1237	g17482
ECA1237	g18822
ECA1237	g9800
ECA1237	g17298
ECA1237	g17301
ECA1237	g18823
ECA1237	g2379
ECA1237	g1473
ECA1237	g4799
ECA1237	g14167
ECA1237	g12826
ECA1237	g17848
ECA1237	g6073
ECA1237	g14422
ECA1237	g1103
ECA1237	g9799
ECA1237	g3988
ECA1237	g17967
ECA1237	g22180
ECA1237	g1849
ECA1237	g17972
ECA1237	g17123
ECA1237	g4812
ECA1237	g9806
ECA1237	g22181
ECA1237	g7557
ECA1237	g2195
ECA1237	g1723
ECA1237	g7287
ECA1237	g7813
ECA1237	g3987
ECA1237	g11820
ECA1237	g7811
ECA1237	g8641
ECA1237	g13233
ECA1237	g4815
ECA1237	g7838
ECA1237	g9215
ECA1237	g2962
ECA1237	g16479
ECA1237	g11849
ECA1237	g22606
ECA1237	g5995
ECA1237	g22000
ECA1237	g17485
ECA1237	g873
ECA1237	g874
ECA1237	g21684
ECA1237	g22611
ECA1237	g16094
ECA1237	g22194
ECA1237	g19941
ECA1237	g1831
ECA1237	g4589
ECA1237	g2194
ECA1237	g21685
ECA1237	g18825
ECA1237	g18839
ECA1237	g18843
ECA1237	g22182
ECA1237	g9780
ECA1237	g9808
ECA1237	g18848
ECA1237	g18833
ECA1237	g1844
ECA1237	g21683
ECA1237	g22184
ECA1237	g1690
ECA1237	g9802
ECA1237	g18348
ECA1237	g9270
ECA1237	g9132
ECA1237	g20033
ECA1237	g17302
ECA1237	g1816
ECA1237	g18616
ECA1237	g8974
ECA1237	g9803
ECA1237	g9807
ECA1237	g15924
ECA1237	g18272
ECA1237	g15486
ECA1237	g18834
ECA1237	g18847
ECA1237	g21737
ECA1237	g21738
ECA1237	g18169
ECA1237	g9801
ECA1237	g7809
ECA1237	g17543
ECA1237	g10412
ECA1237	g5725
ECA1237	g17303
ECA1237	g1896
ECA1237	g2176
ECA1237	g18824
ECA1237	g11152
ECA1237	g21725
ECA1237	g21739
ECA1237	g6076
ECA1237	g2685
ECA1237	g12126
ECA1237	g18841
ECA1237	g1694
ECA1237	g9810
ECA1237	g1728
ECA1237	g1200
ECA1237	g11848
ECA1237	g18615
ECA1237	g3871
ECA1237	g7890
ECA1237	g13795
ECA1237	g22205
ECA1237	g1725
ECA1237	g13325
ECA1237	g15711
ECA1237	g9812
ECA1237	g15188
ECA1237	g22191
ECA1237	g22179
ECA1237	g11339
ECA1237	g18846
ECA1237	g18835
ECA1237	g1768
ECA1237	g1556
ECA1237	g22190
ECA1237	g9842
ECA1237	g13933
ECA1237	g1104
ECA1237	g22001
ECA1237	g15559
ECA1237	g9798
ECA1237	g1100
ECA1237	g22185
ECA1237	g13794
ECA1237	g18632
ECA1237	g14947
ECA1237	g9771
ECA1237	g2191
ECA1237	g18614
ECA1237	g4569
ECA1237	g7810
ECA1237	g22209
ECA1237	g5077
ECA1237	g21744
ECA1237	g1064
ECA1237	g22193
ECA1237	g22202
ECA1237	g22199
ECA1237	g1895
ECA1237	g1691
ECA1237	g22204
ECA1237	g14955
ECA1237	g17586
ECA1237	g14687
ECA1237	g18161
ECA1237	g12759
ECA1237	g18845
ECA1237	g18836
ECA1237	g22183
ECA1237	g17305
ECA1237	g17306
ECA1237	g9714
ECA1237	g9811
ECA1237	g4814
ECA1237	g1894
ECA1237	g20135
ECA1237	g667
ECA1237	g9210
ECA1237	g15576
ECA1237	g11768
ECA1237	g15922
ECA1237	g22609
ECA1237	g4700
ECA1237	g18055
ECA1237	g1102
ECA1237	g8159
ECA1237	g1448
ECA1237	g22207
ECA1237	g9777
ECA1237	g4809
ECA1237	g11624
ECA1237	g17048
ECA1237	g15926
ECA1237	g1833
ECA1237	g1832
ECA1237	g15485
ECA1237	g22206
ECA1237	g9478
ECA1237	g4811
ECA1237	g1876
ECA1237	g9670
ECA1237	g14957
ECA1237	g7928
ECA1237	g15923
ECA1237	g9674
ECA1237	g7814
ECA1237	g1106
ECA259	g708
ECA259	g20967
ECA259	g11420
ECA259	g14950
ECA259	g669
ECA259	g705
ECA259	g19320
ECA259	g12859
ECA259	g12404
ECA259	g1516
ECA259	g889
ECA259	g3750
ECA259	g929
ECA259	g19106
ECA259	g22232
ECA259	g19105
ECA259	g20662
ECA259	g6795
ECA259	g711
ECA259	g15465
ECA259	g12521
ECA259	g1211
ECA259	g6282
ECA259	g6279
ECA259	g8686
ECA259	g1118
ECA259	g3646
ECA259	g216
ECA259	g14806
ECA259	g12870
ECA259	g19322
ECA259	g22525
ECA259	g630
ECA259	g13541
ECA259	g1154
ECA259	g22237
ECA259	g39
ECA259	g713
ECA259	g21344
ECA259	g10407
ECA259	g6801
ECA259	g22048
ECA259	g519
ECA259	g18492
ECA259	g1316
ECA259	g562
ECA259	g213
ECA259	g531
ECA259	g22216
ECA259	g20466
ECA259	g1067
ECA259	g5352
ECA259	g9291
ECA259	g19091
ECA259	g2809
ECA259	g18912
ECA259	g574
ECA259	g578
ECA259	g20665
ECA259	g22234
ECA259	g18910
ECA259	g18628
ECA259	g3754
ECA259	g12860
ECA259	g21493
ECA259	g702
ECA259	g21329
ECA259	g14642
ECA259	g6465
ECA259	g10364
ECA259	g3536
ECA259	g13068
ECA259	g12361
ECA259	g20783
ECA259	g928
ECA259	g17490
ECA259	g8354
ECA259	g12726
ECA259	g20086
ECA259	g850
ECA259	g8339
ECA259	g849
ECA259	g15934
ECA259	g12737
ECA259	g8798
ECA259	g3751
ECA259	g13614
ECA259	g9647
ECA259	g12735
ECA259	g12411
ECA259	g6792
ECA259	g3749
ECA259	g218
ECA259	g2017
ECA259	g19259
ECA259	g21095
ECA259	g20592
ECA259	g9067
ECA259	g21098
ECA259	g9646
ECA259	g3652
ECA259	g4260
ECA259	g20191
ECA259	g3539
ECA259	g8962
ECA259	g9064
ECA259	g12733
ECA259	g670
ECA259	g21337
ECA259	g8795
ECA259	g6284
ECA259	g8800
ECA259	g3738
ECA259	g3767
ECA259	g3748
ECA259	g1576
ECA259	g12734
ECA259	g672
ECA259	g12730
ECA259	g8685
ECA259	g11930
ECA259	g1579
ECA259	g5503
ECA259	g20661
ECA259	g21376
ECA259	g20268
ECA259	g22026
ECA259	g22238
ECA259	g20085
ECA259	g14432
ECA259	g3516
ECA259	g8400
ECA259	g19099
ECA259	g2235
ECA259	g1846
ECA259	g15505
ECA259	g5058
ECA259	g9558
ECA259	g16726
ECA259	g530
ECA259	g591
ECA259	g21336
ECA259	g19090
ECA259	g14728
ECA259	g11845
ECA259	g19314
ECA259	g8794
ECA259	g21384
ECA259	g9559
ECA259	g10580
ECA259	g633
ECA259	g927
ECA259	g8478
ECA259	g9292
ECA259	g19327
ECA259	g14807
ECA259	g2493
ECA259	g20664
ECA259	g5246
ECA259	g9062
ECA259	g11927
ECA259	g21335
ECA259	g17971
ECA259	g9627
ECA259	g2234
ECA259	g3753
ECA259	g14754
ECA259	g22499
ECA259	g20426
ECA259	g19980
ECA259	g21310
ECA259	g577
ECA259	g20077
ECA259	g21608
ECA259	g473
ECA259	g3739
ECA259	g6277
ECA259	g22231
ECA259	g15538
ECA259	g6798
ECA259	g8128
ECA259	g217
ECA259	g924
ECA259	g13096
ECA259	g518
ECA259	g7855
ECA259	g6278
ECA259	g6796
ECA259	g6283
ECA259	g12871
ECA259	g8772
ECA259	g12731
ECA259	g1575
ECA259	g2860
ECA259	g22027
ECA259	g8722
ECA259	g307
ECA259	g12728
ECA259	g9424
ECA259	g2723
ECA259	g12511
ECA259	g14729
ECA259	g9105
ECA259	g19317
ECA259	g21341
ECA259	g22051
ECA259	g21334
ECA259	g1150
ECA259	g8351
ECA259	g19092
ECA259	g21311
ECA259	g9561
ECA259	g21340
ECA259	g22229
ECA259	g21309
ECA259	g21406
ECA259	g8353
ECA259	g19094
ECA259	g18911
ECA259	g575
ECA259	g11846
ECA259	g576
ECA259	g17970
ECA259	g1654
ECA259	g21333
ECA259	g221
ECA259	g5597
ECA259	g8480
ECA259	g8691
ECA259	g13515
ECA259	g22236
ECA259	g19085
ECA259	g19321
ECA259	g1844
ECA259	g3650
ECA259	g9560
ECA259	g19328
ECA259	g19455
ECA259	g22233
ECA259	g517
ECA259	g13863
ECA259	g19107
ECA259	g21492
ECA259	g21331
ECA259	g1845
ECA259	g21330
ECA259	g12861
ECA259	g10312
ECA259	g12736
ECA259	g21338
ECA259	g12512
ECA259	g9626
ECA259	g22114
ECA259	g8295
ECA259	g3873
ECA259	g19101
ECA259	g12527
ECA259	g2724
ECA259	g12729
ECA259	g21386
ECA259	g8797
ECA259	g8477
ECA259	g19089
ECA259	g888
ECA259	g632
ECA259	g19319
ECA259	g12732
ECA259	g6222
ECA259	g19100
ECA259	g21302
ECA259	g21097
ECA259	g21709
ECA259	g9562
ECA259	g8338
ECA259	g2861
ECA259	g1843
ECA259	g20663
ECA259	g22047
ECA259	g2859
ECA259	g233
ECA259	g9068
ECA259	g564
ECA259	g11928
ECA259	g21096
ECA259	g21339
ECA259	g19102
ECA259	g21308
ECA259	g21405
ECA259	g5360
ECA259	g15537
ECA259	g5362
ECA259	g8616
ECA259	g1580
ECA259	g219
ECA259	g19093
ECA259	g12469
ECA259	g21343
ECA259	g220
ECA259	g3998
ECA259	g22217
ECA259	g9574
ECA259	g16485
ECA259	g12830
ECA259	g1842
ECA259	g6293
ECA259	g12828
ECA259	g12727
ECA259	g9066
ECA259	g19103
ECA259	g21342
ECA259	g6292
ECA259	g8968
ECA259	g5183
ECA259	g202
ECA259	g19095
ECA259	g9070
ECA259	g12338
ECA259	g9293
ECA259	g19326
ECA259	g8352
ECA259	g712
ECA259	g536
ECA259	g8799
ECA259	g675
ECA259	g4497
ECA259	g18949
ECA259	g22235
ECA259	g12160
ECA259	g12273
ECA259	g20782
ECA259	g10371
ECA259	g8796
JU258	g16404
JU258	g11891
JU258	g20137
JU258	g22308
JU258	g21110
JU258	g16513
JU258	g1257
JU258	g15360
JU258	g3547
JU258	g14152
JU258	g14736
JU258	g22115
JU258	g4156
JU258	g16233
JU258	g13896
JU258	g20305
JU258	g10304
JU258	g4125
JU258	g11706
JU258	g91
JU258	g11928
JU258	g19972
JU258	g712
JU258	g17261
JU258	g8688
JU258	g17115
JU258	g8672
JU258	g3052
JU258	g16537
JU258	g11894
JU258	g15472
JU258	g15349
JU258	g955
JU258	g18531
JU258	g4394
JU258	g14737
JU258	g16315
JU258	g20513
JU258	g8619
JU258	g22113
JU258	g20945
JU258	g717
JU258	g11896
JU258	g15467
JU258	g4114
JU258	g4620
JU258	g21014
JU258	g11178
JU258	g16405
JU258	g4633
JU258	g11176
JU258	g19493
JU258	g16406
JU258	g4132
JU258	g3968
JU258	g12920
JU258	g90
JU258	g22107
JU258	g13676
JU258	g15742
JU258	g12780
JU258	g19958
JU258	g13365
JU258	g2208
JU258	g17269
JU258	g4632
JU258	g17112
JU258	g714
JU258	g4118
JU258	g95
JU258	g11885
JU258	g3382
JU258	g4931
JU258	g10736
JU258	g11888
JU258	g21111
JU258	g10346
JU258	g7296
JU258	g8415
JU258	g18735
JU258	g17265
JU258	g4385
JU258	g20123
JU258	g19354
JU258	g20373
JU258	g5155
JU258	g20372
JU258	g14738
JU258	g19367
JU258	g92
JU258	g19957
JU258	g8599
JU258	g19365
JU258	g10297
JU258	g4115
JU258	g1427
JU258	g20895
JU258	g8620
JU258	g4122
JU258	g21024
JU258	g4083
JU258	g8600
JU258	g600
JU258	g4277
JU258	g10739
JU258	g10200
JU258	g13653
JU258	g19359
JU258	g13725
JU258	g19363
JU258	g11854
JU258	g4130
JU258	g5200
JU258	g79
JU258	g108
JU258	g89
JU258	g15681
JU258	g19364
JU258	g11856
JU258	g16163
JU258	g19358
JU258	g4127
JU258	g11926
JU258	g15678
JU258	g10042
JU258	g13071
JU258	g17116
JU258	g20327
JU258	g10716
JU258	g4155
JU258	g4063
JU258	g4619
JU258	g19966
JU258	g1644
JU258	g17267
JU258	g17113
JU258	g17706
JU258	g8979
JU258	g3950
JU258	g9798
JU258	g11151
JU258	g21480
JU258	g16660
JU258	g13652
JU258	g12010
JU258	g16410
JU258	g3952
JU258	g6598
JU258	g4154
JU258	g19968
JU258	g21020
JU258	g17264
JU258	g8687
JU258	g4151
JU258	g5145
JU258	g16314
JU258	g21785
JU258	g14760
JU258	g20136
JU258	g14153
JU258	g22108
JU258	g16320
JU258	g16533
JU258	g1894
JU258	g18520
JU258	g13967
JU258	g716
JU258	g4124
JU258	g4158
JU258	g11929
JU258	g4152
JU258	g15471
JU258	g1643
JU258	g94
JU258	g9815
JU258	g13726
JU258	g14739
JU258	g17114
JU258	g4150
JU258	g15351
JU258	g19971
JU258	g80
JU258	g4153
JU258	g711
JU258	g17672
JU258	g15348
JU258	g3049
JU258	g15470
JU258	g5364
JU258	g16408
JU258	g5638
JU258	g16049
JU258	g3051
JU258	g15682
JU258	g2258
JU258	g13564
JU258	g6667
JU258	g20326
JU258	g18052
JU258	g19356
JU258	g8825
JU258	g4123
JU258	g4120
JU258	g696
JU258	g15943
JU258	g4157
JU258	g11810
JU258	g3967
JU258	g22118
JU258	g4129
JU258	g16121
JU258	g18738
JU258	g19959
JU258	g12338
JU258	g8685
JU258	g718
JU258	g11164
JU258	g20302
JU258	g3887
JU258	g18736
JU258	g19961
JU258	g4974
JU258	g12753
JU258	g14734
JU258	g2257
JU258	g4570
JU258	g12339
JU258	g4128
JU258	g15607
JU258	g10906
JU258	g4126
JU258	g17263
JU258	g14154
JU258	g15352
JU258	g13165
JU258	g6693
JU258	g14155
JU258	g22114
JU258	g20509
JU258	g8686
JU258	g4117
JU258	g1256
JU258	g20135
JU258	g19746
JU258	g713
JU258	g4618
JU258	g8684
JU258	g14735
JU258	g2976
JU258	g6346
JU258	g14733
JU258	g21646
JU258	g4131
JU258	g19952
JU258	g16534
JU258	g4877
JU258	g19366
JU258	g18521
JU258	g214
JU258	g7295
JU258	g20306
JU258	g2125
JU258	g20896
JU258	g16512
JU258	g11813
JU258	g19357
JU258	g4081
JU258	g16407
JU258	g15350
JU258	g19360
JU258	g19956
JU258	g22116
JU258	g4638
JU258	g1258
JU258	g19362
JU258	g15183
JU258	g19967
JU258	g22121
JU258	g2124
JU258	g19969
JU258	g20104
JU258	g19973
JU258	g4062
JU258	g4116
JU258	g11853
JU258	g5156
JU258	g2259
JU258	g21702
JU258	g1259
JU258	g9944
JU258	g3046
JU258	g19330
JU258	g14214
JU258	g4133
JU258	g12928
JU258	g17673
JU258	g12930
JU258	g15819
JU258	g19960
JU258	g20856
JU258	g710
JU258	g4121
JU258	g339
JU258	g6977
JU258	g22189
JU258	g15677
JU258	g697
JU258	g11812
JU258	g19355
JU258	g16411
JU258	g21005
JU258	g10206
JU258	g14030
JU258	g16117
JU258	g19962
JU258	g10369
JU258	g22109
JU258	g18737
JU258	g4164
JU258	g1260
JU258	g11895
JU258	g11859
JU258	g11541
JU258	g715
JU258	g17885
JU258	g18141
JU258	g10432
JU258	g12009
JU258	g16424
JU258	g15365
JU258	g4938
JU258	g3055
JU311	g10184
JU311	g4758
JU311	g6061
JU311	g4974
JU311	g9806
JU311	g13352
JU311	g5681
JU311	g21856
JU311	g5587
JU311	g12657
JU311	g417
JU311	g6300
JU311	g14477
JU311	g6260
JU311	g16588
JU311	g494
JU311	g13461
JU311	g14004
JU311	g468
JU311	g9869
JU311	g9295
JU311	g6981
JU311	g6475
JU311	g5670
JU311	g10589
JU311	g21637
JU311	g7246
JU311	g14002
JU311	g13347
JU311	g6611
JU311	g2140
JU311	g7213
JU311	g6558
JU311	g7447
JU311	g7165
JU311	g6473
JU311	g4772
JU311	g7267
JU311	g6669
JU311	g13123
JU311	g6625
JU311	g6657
JU311	g20330
JU311	g4727
JU311	g15593
JU311	g5343
JU311	g9868
JU311	g16573
JU311	g2975
JU311	g9872
JU311	g13460
JU311	g7444
JU311	g21848
JU311	g21840
JU311	g5671
JU311	g7427
JU311	g2030
JU311	g5187
JU311	g6485
JU311	g4757
JU311	g3770
JU311	g9627
JU311	g2251
JU311	g6482
JU311	g9805
JU311	g21473
JU311	g9996
JU311	g6261
JU311	g11436
JU311	g7721
JU311	g6338
JU311	g4732
JU311	g7736
JU311	g6339
JU311	g13346
JU311	g9995
JU311	g2033
JU311	g16572
JU311	g18167
JU311	g14089
JU311	g13458
JU311	g16814
JU311	g2035
JU311	g4272
JU311	g16738
JU311	g21646
JU311	g6987
JU311	g14068
JU311	g3060
JU311	g14088
JU311	g1513
JU311	g16805
JU311	g2248
JU311	g17150
JU311	g16567
JU311	g6076
JU311	g2924
JU311	g17042
JU311	g6516
JU311	g4765
JU311	g21517
JU311	g416
JU311	g2046
JU311	g2016
JU311	g2036
JU311	g4212
JU311	g21839
JU311	g4668
JU311	g5179
JU311	g14479
JU311	g4209
JU311	g21988
JU311	g15746
JU311	g4803
JU311	g7245
JU311	g804
JU311	g2271
JU311	g6595
JU311	g5396
JU311	g16581
JU311	g3549
JU311	g9871
JU311	g18865
JU311	g15301
JU311	g6612
JU311	g6609
JU311	g10674
JU311	g6658
JU311	g16587
JU311	g4764
JU311	g18831
JU311	g17036
JU311	g6984
JU311	g2926
JU311	g13456
JU311	g19203
JU311	g14001
JU311	g7446
JU311	g19374
JU311	g5792
JU311	g6555
JU311	g21841
JU311	g6062
JU311	g6262
JU311	g13124
JU311	g16813
JU311	g7441
JU311	g3295
JU311	g15489
JU311	g17044
JU311	g19160
JU311	g14476
JU311	g4763
JU311	g14069
JU311	g21847
JU311	g7001
JU311	g2031
JU311	g20287
JU311	g4630
JU311	g9870
JU311	g5672
JU311	g4740
JU311	g6610
JU311	g6715
JU311	g2045
JU311	g7270
JU311	g5669
JU311	g9292
JU311	g7946
JU311	g14000
JU311	g6983
JU311	g6265
JU311	g22335
JU311	g8222
JU311	g13459
JU311	g9294
JU311	g13434
JU311	g15428
JU311	g13312
JU311	g4213
JU311	g2925
JU311	g6478
JU311	g6889
JU311	g13863
JU311	g21625
JU311	g21853
JU311	g4455
JU311	g4811
JU311	g16999
JU311	g5186
JU311	g16803
JU311	g5205
JU311	g21843
JU311	g4769
JU311	g16806
JU311	g4762
JU311	g4635
JU311	g7724
JU311	g21842
JU311	g16574
JU311	g5207
JU311	g21139
JU311	g493
JU311	g4741
JU311	g14003
JU311	g4768
JU311	g14399
JU311	g4739
JU311	g4834
JU311	g7722
JU311	g16576
JU311	g21451
JU311	g17804
JU311	g6980
JU311	g5315
JU311	g21638
JU311	g13457
JU311	g21140
JU311	g4134
JU311	g6514
JU311	g13125
JU311	g4761
JU311	g6979
JU311	g5673
JU311	g15838
JU311	g13385
JU311	g18071
JU311	g13126
JU311	g3941
JU311	g21626
JU311	g2136
JU311	g2034
JU311	g3942
JU311	g7428
JU311	g6063
JU311	g7443
JU311	g6671
JU311	g18419
JU311	g16589
JU311	g4919
JU311	g4759
JU311	g7322
JU311	g5188
JU311	g19106
JU311	g21855
JU311	g3550
JU311	g16158
JU311	g4766
JU311	g7779
JU311	g1909
JU311	g3059
JU311	g5586
JU311	g6075
JU311	g7653
JU311	g4813
JU311	g12709
JU311	g6982
JU311	g6623
JU311	g16571
JU311	g6556
JU311	g3940
JU311	g16461
JU311	g16582
JU311	g6094
JU311	g5180
JU311	g6517
JU311	g7737
JU311	g13462
JU311	g7442
JU311	g17039
JU311	g7266
JU311	g3939
JU311	g6967
JU311	g9289
JU311	g17038
JU311	g7450
JU311	g5503
JU311	g4767
JU311	g16584
JU311	g4738
JU311	g6670
JU311	g4833
JU311	g16583
JU311	g15601
JU311	g4563
JU311	g18832
JU311	g21524
JU311	g15603
JU311	g21850
JU311	g5495
JU311	g16575
JU311	g21578
JU311	g587
JU311	g4920
JU311	g4771
JU311	g1784
JU311	g16799
JU311	g12812
JU311	g11744
JU311	g4208
JU311	g16808
JU311	g14016
JU311	g12292
JU311	g21854
JU311	g16807
JU311	g5204
JU311	g17085
JU311	g17040
JU311	g16585
JU311	g4770
JU311	g274
JU311	g7675
JU311	g17143
JU311	g16812
JU311	g16577
JU311	g7723
JU311	g3938
JU311	g6474
JU311	g6652
JU311	g6511
JU311	g14398
JU311	g1277
JU311	g7445
JU311	g14718
JU311	g13264
JU311	g21386
JU311	g5686
JU311	g19166
JU311	g7440
JU311	g9298
JU311	g18097
ECA1260	g13854
ECA1260	g21631
ECA1260	g1422
ECA1260	g16612
ECA1260	g21261
ECA1260	g3062
ECA1260	g2212
ECA1260	g15716
ECA1260	g332
ECA1260	g21171
ECA1260	g19213
ECA1260	g13850
ECA1260	g565
ECA1260	g20198
ECA1260	g524
ECA1260	g13669
ECA1260	g16406
ECA1260	g102
ECA1260	g108
ECA1260	g111
ECA1260	g7568
ECA1260	g6985
ECA1260	g13627
ECA1260	g12463
ECA1260	g12466
ECA1260	g13256
ECA1260	g12473
ECA1260	g21238
ECA1260	g21192
ECA1260	g3288
ECA1260	g7570
ECA1260	g19100
ECA1260	g3058
ECA1260	g22812
ECA1260	g18739
ECA1260	g19210
ECA1260	g13890
ECA1260	g14738
ECA1260	g12288
ECA1260	g14365
ECA1260	g6979
ECA1260	g609
ECA1260	g21350
ECA1260	g14041
ECA1260	g10080
ECA1260	g11198
ECA1260	g13711
ECA1260	g21190
ECA1260	g104
ECA1260	g100
ECA1260	g21163
ECA1260	g12293
ECA1260	g7571
ECA1260	g21204
ECA1260	g14053
ECA1260	g14741
ECA1260	g3184
ECA1260	g12174
ECA1260	g20035
ECA1260	g13860
ECA1260	g13851
ECA1260	g7317
ECA1260	g3161
ECA1260	g12289
ECA1260	g20918
ECA1260	g8489
ECA1260	g7691
ECA1260	g3538
ECA1260	g12295
ECA1260	g19208
ECA1260	g19099
ECA1260	g8317
ECA1260	g7690
ECA1260	g99
ECA1260	g14743
ECA1260	g14929
ECA1260	g18747
ECA1260	g9225
ECA1260	g20666
ECA1260	g12596
ECA1260	g21169
ECA1260	g21200
ECA1260	g20645
ECA1260	g3151
ECA1260	g340
ECA1260	g15714
ECA1260	g15509
ECA1260	g12164
ECA1260	g564
ECA1260	g20665
ECA1260	g10510
ECA1260	g3182
ECA1260	g13976
ECA1260	g2950
ECA1260	g14367
ECA1260	g567
ECA1260	g12287
ECA1260	g13892
ECA1260	g20199
ECA1260	g16342
ECA1260	g19211
ECA1260	g105
ECA1260	g12291
ECA1260	g18750
ECA1260	g21193
ECA1260	g16339
ECA1260	g11046
ECA1260	g7567
ECA1260	g21195
ECA1260	g2925
ECA1260	g21260
ECA1260	g8595
ECA1260	g115
ECA1260	g1640
ECA1260	g5429
ECA1260	g1254
ECA1260	g22120
ECA1260	g13993
ECA1260	g11493
ECA1260	g22608
ECA1260	g22154
ECA1260	g13172
ECA1260	g7845
ECA1260	g114
ECA1260	g22690
ECA1260	g561
ECA1260	g21170
ECA1260	g13857
ECA1260	g326
ECA1260	g14951
ECA1260	g7496
ECA1260	g13888
ECA1260	g20578
ECA1260	g4867
ECA1260	g19186
ECA1260	g13629
ECA1260	g20148
ECA1260	g15715
ECA1260	g7843
ECA1260	g339
ECA1260	g1898
ECA1260	g14739
ECA1260	g5086
ECA1260	g569
ECA1260	g16836
ECA1260	g16898
ECA1260	g20646
ECA1260	g14042
ECA1260	g13628
ECA1260	g1639
ECA1260	g268
ECA1260	g16721
ECA1260	g2947
ECA1260	g5359
ECA1260	g22611
ECA1260	g10121
ECA1260	g12285
ECA1260	g14737
ECA1260	g8316
ECA1260	g8310
ECA1260	g21194
ECA1260	g14364
ECA1260	g14950
ECA1260	g14744
ECA1260	g6982
ECA1260	g11302
ECA1260	g5650
ECA1260	g1077
ECA1260	g5923
ECA1260	g14930
ECA1260	g21196
ECA1260	g6984
ECA1260	g14757
ECA1260	g110
ECA1260	g16343
ECA1260	g21198
ECA1260	g14926
ECA1260	g2264
ECA1260	g12290
ECA1260	g10778
ECA1260	g19138
ECA1260	g14273
ECA1260	g20444
ECA1260	g14035
ECA1260	g22689
ECA1260	g12489
ECA1260	g13935
ECA1260	g19510
ECA1260	g14007
ECA1260	g12173
ECA1260	g329
ECA1260	g16790
ECA1260	g5430
ECA1260	g7569
ECA1260	g101
ECA1260	g12294
ECA1260	g14740
ECA1260	g20580
ECA1260	g5042
ECA1260	g5428
ECA1260	g7844
ECA1260	g8675
ECA1260	g3163
ECA1260	g19212
ECA1260	g9226
ECA1260	g12668
ECA1260	g16256
ECA1260	g14360
ECA1260	g10955
ECA1260	g19105
ECA1260	g21015
ECA1260	g19024
ECA1260	g15713
ECA1260	g12190
ECA1260	g21191
ECA1260	g21189
ECA1260	g333
ECA1260	g1252
ECA1260	g14366
ECA1260	g12649
ECA1260	g20579
ECA1260	g1250
ECA1260	g14099
ECA1260	g19209
ECA1260	g7802
ECA1260	g17938
ECA1260	g14742
ECA1260	g8402
ECA1260	g14055
ECA1260	g14545
ECA1260	g8867
ECA1260	g117
ECA1260	g8206
ECA1260	g21461
ECA1260	g14877
ECA1260	g3165
ECA1260	g94
ECA1260	g1253
ECA1260	g19336
ECA1260	g5139
ECA1260	g12284
ECA1260	g9876
ECA1260	g8401
ECA1260	g12488
ECA1260	g2129
ECA1260	g21172
ECA1260	g21400
ECA1260	g12487
ECA1260	g13932
ECA1260	g12292
ECA1260	g17630
ECA1260	g18931
ECA1260	g14363
ECA1260	g7832
ECA1260	g11980
ECA1260	g19035
ECA1260	g98
ECA1260	g14745
ECA1260	g20123
ECA1260	g331
ECA1260	g2263
ECA1260	g9573
ECA1260	g13712
ECA1260	g2127
ECA1260	g21236
ECA1260	g668
ECA1260	g20581
ECA1260	g13893
ECA1260	g334
ECA1260	g2265
ECA1260	g13991
ECA1260	g14362
ECA1260	g3166
ECA1260	g12163
ECA1260	g21201
ECA1260	g19207
ECA1260	g14349
ECA1260	g563
ECA1260	g22610
ECA1260	g5487
ECA1260	g21199
ECA1260	g5427
ECA1260	g14054
ECA1260	g13990
ECA1260	g11191
ECA1260	g22153
ECA1260	g11189
ECA1260	g16482
ECA1260	g5442
ECA1260	g12532
ECA1260	g21462
ECA1260	g12283
ECA1260	g21203
ECA1260	g14361
ECA1260	g18830
ECA1260	g16338
ECA1260	g6988
ECA1260	g13992
ECA1260	g21202
ECA1260	g20593
ECA1260	g17093
ECA1260	g14381
ECA1260	g13933
ECA1260	g12599
ECA1260	g21197
ECA1260	g112
ECA1260	g20577
ECA1260	g7497
ECA1260	g106
ECA1260	g18729
ECA1260	g5381
ECA1260	g103
ECA1260	g20124
ECA1260	g3160
ECA1260	g338
ECA1260	g11365
ECA1260	g16786
ECA1260	g3162
ECA1260	g8497
ECA1260	g14758
ECA1260	g12175
ECA1260	g19830
ECA1260	g8315
ECA1260	g4020
ECA1260	g12735
ECA1260	g12286
ECA1260	g21351
ECA1260	g5080
ECA1260	g1251
ECA1260	g20989
ECA1286	g3128
ECA1286	g16425
ECA1286	g8169
ECA1286	g374
ECA1286	g8048
ECA1286	g3542
ECA1286	g15613
ECA1286	g19515
ECA1286	g620
ECA1286	g141
ECA1286	g5187
ECA1286	g12801
ECA1286	g16646
ECA1286	g16414
ECA1286	g13802
ECA1286	g18406
ECA1286	g12137
ECA1286	g8085
ECA1286	g182
ECA1286	g20810
ECA1286	g862
ECA1286	g11001
ECA1286	g15282
ECA1286	g15279
ECA1286	g18773
ECA1286	g8142
ECA1286	g505
ECA1286	g8078
ECA1286	g8095
ECA1286	g11989
ECA1286	g19007
ECA1286	g1043
ECA1286	g865
ECA1286	g12098
ECA1286	g16424
ECA1286	g1093
ECA1286	g18816
ECA1286	g8108
ECA1286	g559
ECA1286	g13472
ECA1286	g222
ECA1286	g860
ECA1286	g15276
ECA1286	g570
ECA1286	g558
ECA1286	g13453
ECA1286	g2553
ECA1286	g13470
ECA1286	g8099
ECA1286	g8074
ECA1286	g16179
ECA1286	g16640
ECA1286	g16654
ECA1286	g11993
ECA1286	g12097
ECA1286	g221
ECA1286	g20743
ECA1286	g6255
ECA1286	g4070
ECA1286	g3160
ECA1286	g522
ECA1286	g15858
ECA1286	g13289
ECA1286	g8083
ECA1286	g8090
ECA1286	g8107
ECA1286	g12709
ECA1286	g15792
ECA1286	g15986
ECA1286	g10301
ECA1286	g3703
ECA1286	g16423
ECA1286	g3531
ECA1286	g8822
ECA1286	g8091
ECA1286	g8082
ECA1286	g12096
ECA1286	g6339
ECA1286	g8089
ECA1286	g8084
ECA1286	g490
ECA1286	g398
ECA1286	g13293
ECA1286	g18561
ECA1286	g9410
ECA1286	g16583
ECA1286	g848
ECA1286	g12101
ECA1286	g572
ECA1286	g20744
ECA1286	g21836
ECA1286	g5319
ECA1286	g866
ECA1286	g3556
ECA1286	g20797
ECA1286	g4783
ECA1286	g8094
ECA1286	g8079
ECA1286	g13466
ECA1286	g8076
ECA1286	g8097
ECA1286	g12506
ECA1286	g8488
ECA1286	g447
ECA1286	g16995
ECA1286	g8101
ECA1286	g8072
ECA1286	g867
ECA1286	g12619
ECA1286	g402
ECA1286	g5528
ECA1286	g13744
ECA1286	g18883
ECA1286	g7501
ECA1286	g1404
ECA1286	g19251
ECA1286	g2518
ECA1286	g142
ECA1286	g12792
ECA1286	g11231
ECA1286	g7498
ECA1286	g5316
ECA1286	g3863
ECA1286	g15854
ECA1286	g5299
ECA1286	g8096
ECA1286	g504
ECA1286	g861
ECA1286	g8168
ECA1286	g7561
ECA1286	g571
ECA1286	g8049
ECA1286	g12789
ECA1286	g6832
ECA1286	g15857
ECA1286	g20813
ECA1286	g8907
ECA1286	g11988
ECA1286	g13467
ECA1286	g3779
ECA1286	g1623
ECA1286	g16883
ECA1286	g5318
ECA1286	g11310
ECA1286	g7225
ECA1286	g15855
ECA1286	g3551
ECA1286	g19151
ECA1286	g8087
ECA1286	g8086
ECA1286	g8041
ECA1286	g18563
ECA1286	g14081
ECA1286	g13471
ECA1286	g10129
ECA1286	g12074
ECA1286	g8098
ECA1286	g8075
ECA1286	g11762
ECA1286	g13354
ECA1286	g13195
ECA1286	g143
ECA1286	g11763
ECA1286	g13196
ECA1286	g16653
ECA1286	g863
ECA1286	g5329
ECA1286	g6574
ECA1286	g11234
ECA1286	g20811
ECA1286	g11233
ECA1286	g6833
ECA1286	g8106
ECA1286	g881
ECA1286	g7635
ECA1286	g15856
ECA1286	g18559
ECA1286	g12611
ECA1286	g13269
ECA1286	g8080
ECA1286	g525
ECA1286	g13967
ECA1286	g864
ECA1286	g8093
ECA1286	g5313
ECA1286	g7502
ECA1286	g13454
ECA1286	g12807
ECA1286	g16885
ECA1286	g18766
ECA1286	g22192
ECA1286	g12026
ECA1286	g3780
ECA1286	g776
ECA1286	g16426
ECA1286	g506
ECA1286	g19226
ECA1286	g365
ECA1286	g11309
ECA1286	g10120
ECA1286	g16420
ECA1286	g17279
ECA1286	g13746
ECA1286	g16643
ECA1286	g12921
ECA1286	g5531
ECA1286	g13747
ECA1286	g18560
ECA1286	g6200
ECA1286	g8051
ECA1286	g15985
ECA1286	g8100
ECA1286	g20796
ECA1286	g13268
ECA1286	g16428
ECA1286	g364
ECA1286	g12429
ECA1286	g8081
ECA1286	g8092
ECA1286	g16430
ECA1286	g16419
ECA1286	g16887
ECA1286	g18942
ECA1286	g7420
ECA1286	g8073
ECA1286	g6198
ECA1286	g16418
ECA1286	g15793
ECA1286	g16927
ECA1286	g16647
ECA1286	g20812
ECA1286	g7226
ECA1286	g18562
ECA1286	g20723
ECA1286	g18923
ECA1286	g8487
ECA1286	g8103
ECA1286	g8070
ECA1286	g13469
ECA1286	g12708
ECA1286	g12099
ECA1286	g12095
ECA1286	g510
ECA1286	g7224
ECA1286	g10432
ECA1286	g8500
ECA1286	g8486
ECA1286	g1346
ECA1286	g368
ECA1286	g403
ECA1286	g18784
ECA1286	g12207
ECA1286	g3045
ECA1286	g12790
ECA1286	g8088
ECA1286	g11911
ECA1286	g13669
ECA1286	g401
ECA1286	g9273
ECA1286	g13232
ECA1286	g20946
ECA1286	g9887
ECA1286	g10237
ECA1286	g448
ECA1286	g16645
ECA1286	g13290
ECA1286	g119
ECA1286	g8050
ECA1286	g8140
ECA1286	g8069
ECA1286	g8104
ECA1286	g6338
ECA1286	g3702
ECA1286	g16879
ECA1286	g6199
ECA1286	g13745
ECA1286	g12613
ECA1286	g16648
ECA1286	g13760
ECA1286	g5553
ECA1286	g450
ECA1286	g16881
ECA1286	g8035
ECA1286	g14241
ECA1286	g16431
ECA1286	g13468
ECA1286	g3161
ECA1286	g10122
ECA1286	g13695
ECA1286	g18875
ECA1286	g5052
ECA1286	g12791
ECA1286	g16421
ECA1286	g16844
ECA1286	g12310
ECA1286	g7497
ECA1286	g12100
ECA1286	g15285
ECA1286	g371
ECA1286	g17819
ECA1286	g7228
ECA1286	g5421
ECA1286	g16427
ECA1286	g5417
ECA1286	g9979
ECA1286	g13474
ECA1286	g16429
ECA1286	g13759
ECA1286	g7977
ECA1286	g16989
ECA1286	g8477
ECA1286	g8077
ECA1286	g7929
ECA1286	g20722
ECA1286	g1448
ECA1286	g16652
ECA1286	g7752
ECA1286	g5317
ECA1286	g15281
ECA1286	g8071
ECA1286	g8102
ECA1286	g7933
ECA1286	g553
ECA1286	g3751
ECA1286	g16882
ECA1286	g4541
ECA1286	g11765
ECA1286	g7227
ECA1286	g8476
ECA1286	g2698
ECA1725	g3908
ECA1725	g4042
ECA1725	g21759
ECA1725	g14981
ECA1725	g2306
ECA1725	g18610
ECA1725	g21862
ECA1725	g4034
ECA1725	g9641
ECA1725	g8824
ECA1725	g15125
ECA1725	g19640
ECA1725	g15240
ECA1725	g20443
ECA1725	g22051
ECA1725	g15705
ECA1725	g17882
ECA1725	g4033
ECA1725	g22488
ECA1725	g19826
ECA1725	g9276
ECA1725	g19289
ECA1725	g19828
ECA1725	g8337
ECA1725	g8825
ECA1725	g4003
ECA1725	g22056
ECA1725	g3214
ECA1725	g18793
ECA1725	g6932
ECA1725	g18684
ECA1725	g4036
ECA1725	g18333
ECA1725	g18565
ECA1725	g21857
ECA1725	g4039
ECA1725	g4002
ECA1725	g12708
ECA1725	g8388
ECA1725	g15702
ECA1725	g10211
ECA1725	g9535
ECA1725	g2886
ECA1725	g19832
ECA1725	g10531
ECA1725	g15697
ECA1725	g19639
ECA1725	g19812
ECA1725	g4015
ECA1725	g18864
ECA1725	g8819
ECA1725	g9969
ECA1725	g16697
ECA1725	g740
ECA1725	g18569
ECA1725	g13330
ECA1725	g4117
ECA1725	g9312
ECA1725	g2626
ECA1725	g9964
ECA1725	g9961
ECA1725	g5874
ECA1725	g15474
ECA1725	g14949
ECA1725	g2622
ECA1725	g18686
ECA1725	g19704
ECA1725	g4622
ECA1725	g15696
ECA1725	g19182
ECA1725	g9460
ECA1725	g9237
ECA1725	g6705
ECA1725	g15703
ECA1725	g21611
ECA1725	g2505
ECA1725	g15471
ECA1725	g21865
ECA1725	g9595
ECA1725	g9592
ECA1725	g1899
ECA1725	g2506
ECA1725	g18976
ECA1725	g4621
ECA1725	g15464
ECA1725	g6809
ECA1725	g1055
ECA1725	g14170
ECA1725	g4032
ECA1725	g21866
ECA1725	g20122
ECA1725	g21520
ECA1725	g15536
ECA1725	g15706
ECA1725	g5790
ECA1725	g15704
ECA1725	g21757
ECA1725	g7319
ECA1725	g4005
ECA1725	g19831
ECA1725	g10568
ECA1725	g9991
ECA1725	g9609
ECA1725	g18968
ECA1725	g9968
ECA1725	g6808
ECA1725	g9532
ECA1725	g19643
ECA1725	g7559
ECA1725	g8307
ECA1725	g6593
ECA1725	g20107
ECA1725	g18683
ECA1725	g21592
ECA1725	g15694
ECA1725	g4907
ECA1725	g6826
ECA1725	g6701
ECA1725	g17575
ECA1725	g12973
ECA1725	g8308
ECA1725	g11665
ECA1725	g22050
ECA1725	g15701
ECA1725	g18564
ECA1725	g19169
ECA1725	g17803
ECA1725	g19176
ECA1725	g18685
ECA1725	g8024
ECA1725	g6798
ECA1725	g9654
ECA1725	g19166
ECA1725	g3966
ECA1725	g22559
ECA1725	g15710
ECA1725	g4909
ECA1725	g3211
ECA1725	g5300
ECA1725	g14256
ECA1725	g2623
ECA1725	g1814
ECA1725	g14253
ECA1725	g4004
ECA1725	g2696
ECA1725	g3964
ECA1725	g4000
ECA1725	g16997
ECA1725	g6569
ECA1725	g2625
ECA1725	g15479
ECA1725	g3217
ECA1725	g18682
ECA1725	g21867
ECA1725	g19619
ECA1725	g14255
ECA1725	g4554
ECA1725	g4051
ECA1725	g9238
ECA1725	g19551
ECA1725	g15465
ECA1725	g21860
ECA1725	g5551
ECA1725	g21094
ECA1725	g17806
ECA1725	g14190
ECA1725	g17805
ECA1725	g21714
ECA1725	g9594
ECA1725	g9593
ECA1725	g21863
ECA1725	g4041
ECA1725	g19833
ECA1725	g2624
ECA1725	g14241
ECA1725	g11703
ECA1725	g15243
ECA1725	g15954
ECA1725	g15699
ECA1725	g9488
ECA1725	g19827
ECA1725	g20329
ECA1725	g5079
ECA1725	g9311
ECA1725	g14254
ECA1725	g19168
ECA1725	g15245
ECA1725	g20605
ECA1725	g3215
ECA1725	g5299
ECA1725	g8226
ECA1725	g9868
ECA1725	g9642
ECA1725	g3219
ECA1725	g3997
ECA1725	g4007
ECA1725	g21854
ECA1725	g15278
ECA1725	g4626
ECA1725	g15118
ECA1725	g19549
ECA1725	g5924
ECA1725	g15476
ECA1725	g6590
ECA1725	g20110
ECA1725	g20109
ECA1725	g19179
ECA1725	g9241
ECA1725	g3943
ECA1725	g14191
ECA1725	g18332
ECA1725	g20108
ECA1725	g15698
ECA1725	g19550
ECA1725	g15238
ECA1725	g9236
ECA1725	g9972
ECA1725	g13693
ECA1725	g4014
ECA1725	g20036
ECA1725	g18478
ECA1725	g18477
ECA1725	g19085
ECA1725	g21864
ECA1725	g8389
ECA1725	g17883
ECA1725	g15695
ECA1725	g15472
ECA1725	g4037
ECA1725	g4908
ECA1725	g3998
ECA1725	g21758
ECA1725	g8820
ECA1725	g9971
ECA1725	g16457
ECA1725	g5925
ECA1725	g9699
ECA1725	g9451
ECA1725	g4038
ECA1725	g21852
ECA1725	g19829
ECA1725	g9655
ECA1725	g9975
ECA1725	g15700
ECA1725	g15242
ECA1725	g22055
ECA1725	g8821
ECA1725	g10467
ECA1725	g14390
ECA1725	g9454
ECA1725	g10524
ECA1725	g16871
ECA1725	g19830
ECA1725	g21434
ECA1725	g19167
ECA1725	g5791
ECA1725	g3999
ECA1725	g9970
ECA1725	g16808
ECA1725	g9965
ECA1725	g6807
ECA1725	g4362
ECA1725	g9967
ECA1725	g9533
ECA1725	g15201
ECA1725	g19561
ECA1725	g9212
ECA1725	g2697
ECA1725	g19581
ECA1725	g10161
ECA1725	g3942
ECA1725	g4625
ECA1725	g13073
ECA1725	g15466
ECA1725	g9636
ECA1725	g18688
ECA1725	g9482
ECA1725	g19177
ECA1725	g18687
ECA1725	g18969
ECA1725	g4167
ECA1725	g9949
ECA1725	g4035
ECA1725	g4006
ECA1725	g7054
ECA1725	g14948
ECA1725	g21662
ECA1725	g21856
ECA1725	g20167
ECA1725	g16690
ECA1725	g4001
ECA1725	g13692
ECA1725	g10740
ECA1725	g9611
ECA1725	g12999
ECA1725	g9277
ECA1725	g9653
ECA1725	g19813
ECA1725	g4012
ECA1725	g194
ECA1725	g4906
ECA1725	g22666
ECA1725	g9607
ECA1725	g19178
ECA1725	g15473
ECA1725	g21861
ECA1725	g9489
ECA1725	g18334
ECA1725	g16549
ECA1725	g20059
ECA1725	g4242
ECA1725	g4010
ECA1725	g4703
ECA1725	g9003
ECA1725	g19618
ECA1725	g4040
ECA1725	g4910
ECA1725	g21666
ECA1725	g9060
ECA1725	g4160
ECA1725	g4011
ECA1725	g15812
ECA1725	g16688
ECA1725	g18660
ECA1725	g14171
ECA1725	g5926
ECA1725	g9576
ECA1725	g9457
ECA1725	g4048
ECA1725	g6810
ECA248	g17069
ECA248	g6901
ECA248	g4247
ECA248	g22515
ECA248	g7945
ECA248	g4462
ECA248	g4920
ECA248	g12678
ECA248	g7729
ECA248	g14276
ECA248	g7689
ECA248	g12755
ECA248	g21257
ECA248	g12728
ECA248	g16759
ECA248	g16174
ECA248	g7902
ECA248	g1908
ECA248	g4799
ECA248	g16688
ECA248	g16691
ECA248	g4587
ECA248	g15845
ECA248	g3939
ECA248	g14378
ECA248	g8401
ECA248	g4451
ECA248	g8629
ECA248	g7984
ECA248	g21252
ECA248	g15340
ECA248	g4044
ECA248	g16168
ECA248	g15343
ECA248	g8096
ECA248	g21962
ECA248	g8052
ECA248	g8404
ECA248	g8084
ECA248	g21273
ECA248	g22268
ECA248	g3998
ECA248	g19506
ECA248	g8097
ECA248	g20791
ECA248	g2259
ECA248	g22512
ECA248	g8040
ECA248	g8036
ECA248	g16762
ECA248	g21255
ECA248	g21822
ECA248	g14272
ECA248	g2209
ECA248	g4461
ECA248	g4030
ECA248	g4192
ECA248	g7912
ECA248	g4029
ECA248	g21501
ECA248	g3049
ECA248	g14487
ECA248	g7909
ECA248	g21527
ECA248	g4961
ECA248	g16884
ECA248	g7690
ECA248	g1056
ECA248	g6431
ECA248	g7494
ECA248	g4592
ECA248	g7390
ECA248	g7764
ECA248	g6416
ECA248	g7765
ECA248	g751
ECA248	g6371
ECA248	g4581
ECA248	g15957
ECA248	g7901
ECA248	g14275
ECA248	g10838
ECA248	g11909
ECA248	g4583
ECA248	g4913
ECA248	g8399
ECA248	g3546
ECA248	g20949
ECA248	g11930
ECA248	g7594
ECA248	g16686
ECA248	g7591
ECA248	g11910
ECA248	g14372
ECA248	g13763
ECA248	g14277
ECA248	g7287
ECA248	g14484
ECA248	g15449
ECA248	g20785
ECA248	g21441
ECA248	g15346
ECA248	g4585
ECA248	g7944
ECA248	g4037
ECA248	g15954
ECA248	g15959
ECA248	g12677
ECA248	g14288
ECA248	g14257
ECA248	g14278
ECA248	g3488
ECA248	g4584
ECA248	g4588
ECA248	g15844
ECA248	g17658
ECA248	g3485
ECA248	g19657
ECA248	g16758
ECA248	g21465
ECA248	g4075
ECA248	g21251
ECA248	g7391
ECA248	g13061
ECA248	g14507
ECA248	g8050
ECA248	g20795
ECA248	g2830
ECA248	g18142
ECA248	g19213
ECA248	g11998
ECA248	g1824
ECA248	g8085
ECA248	g8023
ECA248	g4036
ECA248	g17573
ECA248	g15953
ECA248	g21445
ECA248	g11997
ECA248	g9146
ECA248	g7981
ECA248	g20793
ECA248	g10766
ECA248	g7691
ECA248	g15637
ECA248	g21539
ECA248	g15125
ECA248	g2574
ECA248	g16761
ECA248	g19402
ECA248	g15348
ECA248	g8932
ECA248	g17655
ECA248	g4035
ECA248	g11929
ECA248	g14273
ECA248	g22309
ECA248	g3902
ECA248	g7593
ECA248	g4011
ECA248	g20790
ECA248	g8037
ECA248	g7399
ECA248	g6994
ECA248	g8145
ECA248	g14287
ECA248	g16693
ECA248	g21258
ECA248	g2343
ECA248	g18175
ECA248	g16171
ECA248	g6205
ECA248	g8400
ECA248	g7694
ECA248	g18693
ECA248	g5934
ECA248	g16692
ECA248	g16687
ECA248	g4450
ECA248	g15931
ECA248	g3489
ECA248	g2208
ECA248	g7905
ECA248	g15881
ECA248	g8311
ECA248	g4590
ECA248	g12132
ECA248	g4811
ECA248	g3729
ECA248	g15306
ECA248	g11982
ECA248	g22510
ECA248	g4041
ECA248	g22518
ECA248	g22513
ECA248	g4034
ECA248	g3907
ECA248	g6428
ECA248	g20792
ECA248	g11443
ECA248	g12754
ECA248	g4012
ECA248	g11995
ECA248	g4003
ECA248	g4040
ECA248	g21260
ECA248	g21444
ECA248	g4010
ECA248	g4106
ECA248	g21528
ECA248	g6430
ECA248	g20794
ECA248	g21540
ECA248	g10474
ECA248	g8039
ECA248	g8974
ECA248	g7210
ECA248	g17574
ECA248	g8038
ECA248	g11444
ECA248	g16883
ECA248	g3413
ECA248	g4033
ECA248	g8396
ECA248	g19749
ECA248	g15639
ECA248	g15850
ECA248	g10740
ECA248	g21253
ECA248	g3222
ECA248	g22520
ECA248	g14374
ECA248	g18056
ECA248	g11996
ECA248	g3223
ECA248	g21256
ECA248	g8098
ECA248	g8581
ECA248	g11088
ECA248	g16504
ECA248	g4191
ECA248	g4031
ECA248	g21383
ECA248	g4460
ECA248	g8878
ECA248	g4582
ECA248	g2831
ECA248	g4038
ECA248	g4810
ECA248	g20797
ECA248	g4083
ECA248	g14152
ECA248	g15126
ECA248	g2342
ECA248	g21045
ECA248	g4589
ECA248	g4085
ECA248	g15956
ECA248	g15636
ECA248	g20789
ECA248	g7730
ECA248	g7982
ECA248	g11994
ECA248	g3221
ECA248	g4586
ECA248	g20367
ECA248	g7942
ECA248	g20796
ECA248	g7592
ECA248	g22507
ECA248	g21466
ECA248	g7094
ECA248	g6415
ECA248	g2207
ECA248	g16760
ECA248	g4793
ECA248	g15958
ECA248	g3220
ECA248	g8384
ECA248	g15342
ECA248	g17656
ECA248	g20800
ECA248	g4039
ECA248	g20798
ECA248	g4009
ECA248	g4105
ECA248	g19514
ECA248	g3835
ECA248	g18174
ECA248	g19516
ECA248	g15773
ECA248	g8398
ECA248	g4854
ECA248	g12847
ECA248	g4043
ECA248	g8397
ECA248	g14028
ECA248	g3484
ECA248	g21272
ECA248	g16177
ECA248	g203
ECA248	g4491
ECA248	g16677
ECA248	g22519
ECA248	g22514
ECA248	g21541
ECA248	g4493
ECA248	g4591
ECA248	g15344
ECA248	g20799
ECA248	g4042
ECA248	g16678
ECA248	g12533
ECA248	g6477
ECA248	g15442
ECA248	g16173
ECA248	g19340
ECA248	g8417
ECA248	g4984
ECA248	g15124
ECA248	g6429
ECA248	g3219
ECA248	g8079
ECA248	g7939
ECA248	g13527
ECA248	g21254
ECA248	g17890
ECA248	g5048
ECA248	g8938
ECA248	g15955
ECA3005	g10111
ECA3005	g4902
ECA3005	g4692
ECA3005	g8792
ECA3005	g2514
ECA3005	g22606
ECA3005	g8868
ECA3005	g3088
ECA3005	g15662
ECA3005	g15767
ECA3005	g18872
ECA3005	g6940
ECA3005	g16231
ECA3005	g18412
ECA3005	g8136
ECA3005	g21973
ECA3005	g7522
ECA3005	g9431
ECA3005	g8848
ECA3005	g22616
ECA3005	g22472
ECA3005	g7864
ECA3005	g9691
ECA3005	g22924
ECA3005	g1615
ECA3005	g8496
ECA3005	g7493
ECA3005	g19104
ECA3005	g13234
ECA3005	g7490
ECA3005	g19220
ECA3005	g7142
ECA3005	g3089
ECA3005	g7340
ECA3005	g16228
ECA3005	g10367
ECA3005	g9693
ECA3005	g9800
ECA3005	g1946
ECA3005	g15655
ECA3005	g8363
ECA3005	g9616
ECA3005	g10686
ECA3005	g16223
ECA3005	g4560
ECA3005	g9811
ECA3005	g14135
ECA3005	g3134
ECA3005	g9799
ECA3005	g10130
ECA3005	g17218
ECA3005	g17392
ECA3005	g4703
ECA3005	g20382
ECA3005	g2919
ECA3005	g8274
ECA3005	g2200
ECA3005	g7988
ECA3005	g22605
ECA3005	g2202
ECA3005	g10125
ECA3005	g10122
ECA3005	g10128
ECA3005	g6209
ECA3005	g16002
ECA3005	g9646
ECA3005	g22409
ECA3005	g2204
ECA3005	g9610
ECA3005	g16222
ECA3005	g7871
ECA3005	g9619
ECA3005	g7523
ECA3005	g5722
ECA3005	g4905
ECA3005	g16229
ECA3005	g9736
ECA3005	g22615
ECA3005	g22356
ECA3005	g2322
ECA3005	g15999
ECA3005	g19221
ECA3005	g4564
ECA3005	g7526
ECA3005	g7257
ECA3005	g9754
ECA3005	g9751
ECA3005	g7492
ECA3005	g7516
ECA3005	g2321
ECA3005	g4791
ECA3005	g15992
ECA3005	g21226
ECA3005	g7562
ECA3005	g78
ECA3005	g7519
ECA3005	g7612
ECA3005	g22267
ECA3005	g19144
ECA3005	g22612
ECA3005	g16066
ECA3005	g16232
ECA3005	g9051
ECA3005	g9471
ECA3005	g16230
ECA3005	g4160
ECA3005	g22412
ECA3005	g10152
ECA3005	g10129
ECA3005	g9690
ECA3005	g14589
ECA3005	g13540
ECA3005	g7518
ECA3005	g6605
ECA3005	g5581
ECA3005	g9645
ECA3005	g63
ECA3005	g19219
ECA3005	g22337
ECA3005	g16220
ECA3005	g22922
ECA3005	g4690
ECA3005	g19222
ECA3005	g18098
ECA3005	g6790
ECA3005	g22604
ECA3005	g20028
ECA3005	g4795
ECA3005	g11808
ECA3005	g9391
ECA3005	g16227
ECA3005	g18331
ECA3005	g14469
ECA3005	g4926
ECA3005	g8361
ECA3005	g9812
ECA3005	g7528
ECA3005	g7559
ECA3005	g16236
ECA3005	g7872
ECA3005	g1618
ECA3005	g6208
ECA3005	g14555
ECA3005	g4688
ECA3005	g15166
ECA3005	g15250
ECA3005	g7495
ECA3005	g19103
ECA3005	g16226
ECA3005	g21309
ECA3005	g7530
ECA3005	g17519
ECA3005	g9369
ECA3005	g7520
ECA3005	g9395
ECA3005	g9470
ECA3005	g18870
ECA3005	g2201
ECA3005	g16007
ECA3005	g1612
ECA3005	g19218
ECA3005	g21312
ECA3005	g9641
ECA3005	g21311
ECA3005	g9056
ECA3005	g7477
ECA3005	g18869
ECA3005	g8934
ECA3005	g9392
ECA3005	g8782
ECA3005	g5954
ECA3005	g15993
ECA3005	g7865
ECA3005	g6872
ECA3005	g21246
ECA3005	g7521
ECA3005	g18333
ECA3005	g9753
ECA3005	g9752
ECA3005	g19100
ECA3005	g7488
ECA3005	g6871
ECA3005	g7525
ECA3005	g21297
ECA3005	g11843
ECA3005	g15770
ECA3005	g16478
ECA3005	g9769
ECA3005	g22105
ECA3005	g16225
ECA3005	g283
ECA3005	g15772
ECA3005	g560
ECA3005	g19223
ECA3005	g1614
ECA3005	g19196
ECA3005	g21446
ECA3005	g8872
ECA3005	g19097
ECA3005	g7524
ECA3005	g9052
ECA3005	g3170
ECA3005	g10032
ECA3005	g1610
ECA3005	g7531
ECA3005	g7527
ECA3005	g15805
ECA3005	g8780
ECA3005	g7870
ECA3005	g16004
ECA3005	g6433
ECA3005	g66
ECA3005	g65
ECA3005	g7583
ECA3005	g21247
ECA3005	g64
ECA3005	g2928
ECA3005	g6868
ECA3005	g16224
ECA3005	g14588
ECA3005	g8781
ECA3005	g15765
ECA3005	g7961
ECA3005	g10133
ECA3005	g20756
ECA3005	g9245
ECA3005	g18413
ECA3005	g16221
ECA3005	g7677
ECA3005	g16000
ECA3005	g6604
ECA3005	g2137
ECA3005	g22504
ECA3005	g10132
ECA3005	g16979
ECA3005	g5637
ECA3005	g8130
ECA3005	g19225
ECA3005	g9863
ECA3005	g19765
ECA3005	g9813
ECA3005	g10136
ECA3005	g9058
ECA3005	g15769
ECA3005	g20755
ECA3005	g9767
ECA3005	g10622
ECA3005	g9613
ECA3005	g2136
ECA3005	g3169
ECA3005	g10679
ECA3005	g7491
ECA3005	g9050
ECA3005	g8360
ECA3005	g22611
ECA3005	g10131
ECA3005	g5582
ECA3005	g18871
ECA3005	g17331
ECA3005	g10126
ECA3005	g22607
ECA3005	g2203
ECA3005	g22609
ECA3005	g15727
ECA3005	g7397
ECA3005	g4790
ECA3005	g8812
ECA3005	g10317
ECA3005	g5721
ECA3005	g7517
ECA3005	g7584
ECA3005	g8869
ECA3005	g4691
ECA3005	g3468
ECA3005	g20125
ECA3005	g8041
ECA3005	g15994
ECA3005	g7494
ECA3005	g4672
ECA3005	g7496
ECA3005	g9036
ECA3005	g399
ECA3005	g18334
ECA3005	g12681
ECA3005	g3255
ECA3005	g7529
ECA3005	g123
ECA3005	g9643
ECA3005	g17211
ECA3005	g2920
ECA3005	g8137
ECA3005	g7678
ECA3005	g10894
ECA3005	g4687
ECA3005	g7481
ECA3005	g9049
ECA3005	g20053
ECA3005	g22206
ECA3005	g9037
ECA3005	g21310
ECA3005	g6606
ECA3005	g16001
ECA3005	g19109
ECA3005	g7487
ECA3005	g22503
ECA3005	g17071
ECA3005	g2910
ECA3005	g9765
ECA3005	g15
ECA3005	g4693
ECA3005	g4424
ECA3005	g7497
ECA3005	g10722
ECA3005	g7515
ECA3005	g8847
ECA3005	g19017
ECA3005	g9057
ECA3005	g7489
ECA3005	g9794
ECA3005	g16338
ECA3005	g17209
ECA3005	g19224
ECA3005	g3920
ECA3005	g6867
ECA3005	g21227
ECA3005	g9390
ECA3005	g9055
ECA3005	g7347
ECA3005	g6603
ECA3005	g22923
ECA730	g6263
ECA730	g20326
ECA730	g17963
ECA730	g5831
ECA730	g2769
ECA730	g5816
ECA730	g11228
ECA730	g4761
ECA730	g4830
ECA730	g11710
ECA730	g2453
ECA730	g17716
ECA730	g17475
ECA730	g21542
ECA730	g5286
ECA730	g18808
ECA730	g11669
ECA730	g21200
ECA730	g6069
ECA730	g11476
ECA730	g10983
ECA730	g16411
ECA730	g18805
ECA730	g5279
ECA730	g5246
ECA730	g17496
ECA730	g6010
ECA730	g2465
ECA730	g18802
ECA730	g6017
ECA730	g22089
ECA730	g5320
ECA730	g12401
ECA730	g2447
ECA730	g2991
ECA730	g2066
ECA730	g7090
ECA730	g5284
ECA730	g10743
ECA730	g1779
ECA730	g11625
ECA730	g5289
ECA730	g18799
ECA730	g1780
ECA730	g4942
ECA730	g1798
ECA730	g1781
ECA730	g5430
ECA730	g17366
ECA730	g11626
ECA730	g21198
ECA730	g3450
ECA730	g20358
ECA730	g19383
ECA730	g11736
ECA730	g15542
ECA730	g6175
ECA730	g19503
ECA730	g11291
ECA730	g15717
ECA730	g22098
ECA730	g11338
ECA730	g11075
ECA730	g8311
ECA730	g7785
ECA730	g2995
ECA730	g1453
ECA730	g10984
ECA730	g18001
ECA730	g5280
ECA730	g11482
ECA730	g17494
ECA730	g1497
ECA730	g17221
ECA730	g12505
ECA730	g17660
ECA730	g21266
ECA730	g17959
ECA730	g17504
ECA730	g21265
ECA730	g13028
ECA730	g5283
ECA730	g10385
ECA730	g2003
ECA730	g12521
ECA730	g5714
ECA730	g11401
ECA730	g2910
ECA730	g17730
ECA730	g10979
ECA730	g12632
ECA730	g11441
ECA730	g21199
ECA730	g12289
ECA730	g12402
ECA730	g17722
ECA730	g1512
ECA730	g3107
ECA730	g4246
ECA730	g17495
ECA730	g11709
ECA730	g4700
ECA730	g10429
ECA730	g7063
ECA730	g9299
ECA730	g2772
ECA730	g5278
ECA730	g4697
ECA730	g5180
ECA730	g19379
ECA730	g13746
ECA730	g5341
ECA730	g5281
ECA730	g19502
ECA730	g5274
ECA730	g11278
ECA730	g17723
ECA730	g17489
ECA730	g10980
ECA730	g4029
ECA730	g19132
ECA730	g19382
ECA730	g6122
ECA730	g8396
ECA730	g2990
ECA730	g1784
ECA730	g11290
ECA730	g15394
ECA730	g12503
ECA730	g16724
ECA730	g4419
ECA730	g7166
ECA730	g17956
ECA730	g3106
ECA730	g5833
ECA730	g1914
ECA730	g11467
ECA730	g11470
ECA730	g2345
ECA730	g5832
ECA730	g10794
ECA730	g11708
ECA730	g2078
ECA730	g14096
ECA730	g12492
ECA730	g3771
ECA730	g16644
ECA730	g4030
ECA730	g5288
ECA730	g2463
ECA730	g11398
ECA730	g17480
ECA730	g11321
ECA730	g5287
ECA730	g2466
ECA730	g17481
ECA730	g1288
ECA730	g10981
ECA730	g11445
ECA730	g3109
ECA730	g5429
ECA730	g3111
ECA730	g18804
ECA730	g20234
ECA730	g12508
ECA730	g6039
ECA730	g18058
ECA730	g3084
ECA730	g5282
ECA730	g4701
ECA730	g1797
ECA730	g1982
ECA730	g1978
ECA730	g17506
ECA730	g7421
ECA730	g14026
ECA730	g17724
ECA730	g14097
ECA730	g16723
ECA730	g10207
ECA730	g17733
ECA730	g14388
ECA730	g17732
ECA730	g17731
ECA730	g1510
ECA730	g17719
ECA730	g17493
ECA730	g9153
ECA730	g11335
ECA730	g12286
ECA730	g10982
ECA730	g1509
ECA730	g5830
ECA730	g5822
ECA730	g17482
ECA730	g5256
ECA730	g5817
ECA730	g11325
ECA730	g5342
ECA730	g1511
ECA730	g17484
ECA730	g22286
ECA730	g5825
ECA730	g6016
ECA730	g5277
ECA730	g6130
ECA730	g4620
ECA730	g21640
ECA730	g11353
ECA730	g2462
ECA730	g5829
ECA730	g5276
ECA730	g11483
ECA730	g4420
ECA730	g21285
ECA730	g5713
ECA730	g3113
ECA730	g16643
ECA730	g6798
ECA730	g1782
ECA730	g11277
ECA730	g3392
ECA730	g2080
ECA730	g5255
ECA730	g10999
ECA730	g5828
ECA730	g15842
ECA730	g5725
ECA730	g5712
ECA730	g16641
ECA730	g10487
ECA730	g11479
ECA730	g5241
ECA730	g14027
ECA730	g19898
ECA730	g3032
ECA730	g3394
ECA730	g17505
ECA730	g21992
ECA730	g14937
ECA730	g2464
ECA730	g21064
ECA730	g12264
ECA730	g15303
ECA730	g17491
ECA730	g17479
ECA730	g15655
ECA730	g5818
ECA730	g11400
ECA730	g9260
ECA730	g10965
ECA730	g17490
ECA730	g5824
ECA730	g19313
ECA730	g5318
ECA730	g2039
ECA730	g3538
ECA730	g2079
ECA730	g5275
ECA730	g17485
ECA730	g3393
ECA730	g22206
ECA730	g4421
ECA730	g10985
ECA730	g11443
ECA730	g11323
ECA730	g1014
ECA730	g1981
ECA730	g17509
ECA730	g12760
ECA730	g20359
ECA730	g1173
ECA730	g17922
ECA730	g5254
ECA730	g17492
ECA730	g5253
ECA730	g13266
ECA730	g17502
ECA730	g17498
ECA730	g11705
ECA730	g15535
ECA730	g7784
ECA730	g19380
ECA730	g17483
ECA730	g5285
ECA730	g12507
ECA730	g11279
ECA730	g21744
ECA730	g4696
ECA730	g21197
ECA730	g4422
ECA730	g17721
ECA730	g12397
ECA730	g13943
ECA730	g19381
ECA730	g5703
ECA730	g2770
ECA730	g1785
ECA730	g17960
ECA730	g17507
ECA730	g14048
ECA730	g17958
ECA730	g5702
ECA730	g12502
ECA730	g14242
ECA730	g1777
ECA730	g19314
ECA730	g1560
ECA730	g18064
ECA730	g6196
ECA730	g3539
ECA730	g4418
ECA730	g11337
ECA730	g11336
ECA730	g5141
ECA730	g21213
ECA730	g21286
ECA730	g6040
ECA730	g3110
ECA730	g12504
ECA730	g17508
ECA730	g11440
ECA730	g11296
ECA730	g15533
ECA730	g3112
ECA730	g1783
ECA730	g5145
ECA730	g3108
ECA730	g2002
ECA730	g17962
JU2526	g15066
JU2526	g3811
JU2526	g14130
JU2526	g4651
JU2526	g1915
JU2526	g20194
JU2526	g3810
JU2526	g5008
JU2526	g7627
JU2526	g12772
JU2526	g16598
JU2526	g12540
JU2526	g4627
JU2526	g21291
JU2526	g11794
JU2526	g21496
JU2526	g2792
JU2526	g16911
JU2526	g12988
JU2526	g11604
JU2526	g10897
JU2526	g15675
JU2526	g9877
JU2526	g12989
JU2526	g20005
JU2526	g4658
JU2526	g10831
JU2526	g16580
JU2526	g11405
JU2526	g16231
JU2526	g15651
JU2526	g16951
JU2526	g20012
JU2526	g20897
JU2526	g18228
JU2526	g4562
JU2526	g2005
JU2526	g7275
JU2526	g11599
JU2526	g16046
JU2526	g4448
JU2526	g11412
JU2526	g16534
JU2526	g237
JU2526	g16546
JU2526	g18887
JU2526	g1903
JU2526	g4661
JU2526	g12764
JU2526	g442
JU2526	g21578
JU2526	g3638
JU2526	g15924
JU2526	g10832
JU2526	g18025
JU2526	g1785
JU2526	g13003
JU2526	g748
JU2526	g4662
JU2526	g7022
JU2526	g10828
JU2526	g11602
JU2526	g19782
JU2526	g19995
JU2526	g4699
JU2526	g5018
JU2526	g15064
JU2526	g16727
JU2526	g11073
JU2526	g7582
JU2526	g4659
JU2526	g2114
JU2526	g10706
JU2526	g12443
JU2526	g21947
JU2526	g22280
JU2526	g16874
JU2526	g6560
JU2526	g16873
JU2526	g9879
JU2526	g6515
JU2526	g4337
JU2526	g5019
JU2526	g19912
JU2526	g4663
JU2526	g4653
JU2526	g21574
JU2526	g16226
JU2526	g9813
JU2526	g246
JU2526	g1398
JU2526	g2111
JU2526	g21391
JU2526	g465
JU2526	g12537
JU2526	g391
JU2526	g16695
JU2526	g19905
JU2526	g4749
JU2526	g4655
JU2526	g15825
JU2526	g1886
JU2526	g4079
JU2526	g4719
JU2526	g18027
JU2526	g4076
JU2526	g17456
JU2526	g19994
JU2526	g13813
JU2526	g11816
JU2526	g4667
JU2526	g2135
JU2526	g4628
JU2526	g12175
JU2526	g2929
JU2526	g16533
JU2526	g3416
JU2526	g10829
JU2526	g17541
JU2526	g18233
JU2526	g20188
JU2526	g14255
JU2526	g20179
JU2526	g16597
JU2526	g16545
JU2526	g4141
JU2526	g17109
JU2526	g16576
JU2526	g466
JU2526	g15826
JU2526	g15153
JU2526	g16228
JU2526	g16731
JU2526	g4665
JU2526	g15832
JU2526	g8710
JU2526	g4629
JU2526	g4669
JU2526	g12993
JU2526	g242
JU2526	g20175
JU2526	g2000
JU2526	g4652
JU2526	g4632
JU2526	g7801
JU2526	g18227
JU2526	g21602
JU2526	g18024
JU2526	g4697
JU2526	g12995
JU2526	g20177
JU2526	g10896
JU2526	g16949
JU2526	g11886
JU2526	g12765
JU2526	g5033
JU2526	g3161
JU2526	g11600
JU2526	g4625
JU2526	g12535
JU2526	g4613
JU2526	g9812
JU2526	g4631
JU2526	g18168
JU2526	g16950
JU2526	g12437
JU2526	g16212
JU2526	g20006
JU2526	g22295
JU2526	g8640
JU2526	g390
JU2526	g18928
JU2526	g10830
JU2526	g4633
JU2526	g16734
JU2526	g20176
JU2526	g13004
JU2526	g3417
JU2526	g16487
JU2526	g4630
JU2526	g11605
JU2526	g9865
JU2526	g11887
JU2526	g17575
JU2526	g16593
JU2526	g11408
JU2526	g6350
JU2526	g16614
JU2526	g20191
JU2526	g16229
JU2526	g16946
JU2526	g6080
JU2526	g4829
JU2526	g11406
JU2526	g15067
JU2526	g4080
JU2526	g553
JU2526	g4664
JU2526	g2793
JU2526	g9793
JU2526	g12495
JU2526	g11815
JU2526	g18262
JU2526	g16322
JU2526	g11619
JU2526	g4626
JU2526	g16653
JU2526	g4830
JU2526	g12581
JU2526	g5017
JU2526	g12775
JU2526	g20811
JU2526	g20192
JU2526	g4519
JU2526	g22283
JU2526	g20178
JU2526	g13002
JU2526	g9878
JU2526	g11597
JU2526	g11791
JU2526	g9880
JU2526	g22281
JU2526	g9792
JU2526	g13000
JU2526	g21576
JU2526	g16002
JU2526	g19253
JU2526	g12999
JU2526	g16232
JU2526	g4660
JU2526	g9320
JU2526	g19846
JU2526	g4000
JU2526	g16233
JU2526	g13719
JU2526	g8614
JU2526	g2844
JU2526	g4666
JU2526	g4657
JU2526	g16737
JU2526	g12771
JU2526	g9881
JU2526	g19865
JU2526	g2001
JU2526	g16003
JU2526	g5007
JU2526	g11603
JU2526	g12543
JU2526	g16532
JU2526	g16595
JU2526	g21580
JU2526	g8960
JU2526	g11735
JU2526	g13009
JU2526	g7529
JU2526	g19961
JU2526	g5034
JU2526	g3813
JU2526	g10707
JU2526	g11795
JU2526	g2928
JU2526	g11874
JU2526	g16656
JU2526	g20180
JU2526	g16230
JU2526	g11402
JU2526	g13005
JU2526	g14067
JU2526	g12773
JU2526	g21577
JU2526	g20186
JU2526	g13098
JU2526	g4668
JU2526	g12994
JU2526	g12778
JU2526	g12991
JU2526	g11854
JU2526	g12987
JU2526	g5037
JU2526	g16694
JU2526	g12770
JU2526	g6559
JU2526	g2791
JU2526	g9319
JU2526	g10517
JU2526	g16244
JU2526	g12541
JU2526	g12837
JU2526	g12992
JU2526	g13956
JU2526	g17574
JU2526	g4216
JU2526	g4656
JU2526	g13001
JU2526	g11606
JU2526	g1663
JU2526	g4075
JU2526	g11618
JU2526	g21575
JU2526	g16596
JU2526	g20184
JU2526	g15383
JU2526	g3814
JU2526	g3812
JU2526	g21579
JU2526	g16655
JU2526	g12539
JU2526	g228
JU2526	g22233
JU2526	g4654
JU2526	g1906
JU2526	g20193
JU2526	g4515
JU2526	g12766
JU2526	g1904
JU2526	g16005
JU2526	g22282
JU2526	g4618
JU2526	g16551
JU2526	g13954
JU2526	g16699
JU2526	g1156
JU2526	g4720
JU2526	g11601
JU2526	g1905
JU2526	g14831
JU2526	g15152
JU2526	g7589
JU2526	g16004
JU2526	g16738
NIC1790	g17808
NIC1790	g3965
NIC1790	g18314
NIC1790	g8860
NIC1790	g9143
NIC1790	g19508
NIC1790	g6276
NIC1790	g3081
NIC1790	g3472
NIC1790	g18285
NIC1790	g19140
NIC1790	g4339
NIC1790	g3936
NIC1790	g22516
NIC1790	g18117
NIC1790	g451
NIC1790	g15644
NIC1790	g3929
NIC1790	g18490
NIC1790	g1202
NIC1790	g14669
NIC1790	g22329
NIC1790	g14663
NIC1790	g4675
NIC1790	g21318
NIC1790	g6339
NIC1790	g18318
NIC1790	g19129
NIC1790	g7974
NIC1790	g21316
NIC1790	g15879
NIC1790	g3927
NIC1790	g19145
NIC1790	g1303
NIC1790	g21249
NIC1790	g15854
NIC1790	g4328
NIC1790	g18182
NIC1790	g21598
NIC1790	g22324
NIC1790	g15124
NIC1790	g9864
NIC1790	g3598
NIC1790	g17807
NIC1790	g18130
NIC1790	g18180
NIC1790	g10979
NIC1790	g17806
NIC1790	g18163
NIC1790	g13660
NIC1790	g4465
NIC1790	g6338
NIC1790	g14648
NIC1790	g39
NIC1790	g2141
NIC1790	g3938
NIC1790	g6828
NIC1790	g6342
NIC1790	g14647
NIC1790	g5770
NIC1790	g22327
NIC1790	g4899
NIC1790	g4683
NIC1790	g1198
NIC1790	g4338
NIC1790	g18308
NIC1790	g6100
NIC1790	g9821
NIC1790	g1413
NIC1790	g6275
NIC1790	g4466
NIC1790	g18926
NIC1790	g6461
NIC1790	g18116
NIC1790	g7130
NIC1790	g16205
NIC1790	g3930
NIC1790	g18454
NIC1790	g16221
NIC1790	g14665
NIC1790	g4459
NIC1790	g5553
NIC1790	g1201
NIC1790	g14652
NIC1790	g21229
NIC1790	g4461
NIC1790	g4767
NIC1790	g22517
NIC1790	g14902
NIC1790	g2914
NIC1790	g14825
NIC1790	g21250
NIC1790	g18453
NIC1790	g17802
NIC1790	g14658
NIC1790	g21230
NIC1790	g689
NIC1790	g14659
NIC1790	g14893
NIC1790	g1410
NIC1790	g2090
NIC1790	g15130
NIC1790	g15807
NIC1790	g4463
NIC1790	g18280
NIC1790	g5550
NIC1790	g3784
NIC1790	g4774
NIC1790	g4016
NIC1790	g5555
NIC1790	g1214
NIC1790	g18815
NIC1790	g1184
NIC1790	g1204
NIC1790	g3355
NIC1790	g14660
NIC1790	g4462
NIC1790	g5441
NIC1790	g3928
NIC1790	g12533
NIC1790	g3352
NIC1790	g20670
NIC1790	g4684
NIC1790	g14667
NIC1790	g13812
NIC1790	g3826
NIC1790	g18531
NIC1790	g22538
NIC1790	g1433
NIC1790	g3987
NIC1790	g3905
NIC1790	g14656
NIC1790	g15231
NIC1790	g2707
NIC1790	g3939
NIC1790	g6341
NIC1790	g20583
NIC1790	g4098
NIC1790	g13355
NIC1790	g22326
NIC1790	g7890
NIC1790	g15127
NIC1790	g3780
NIC1790	g12449
NIC1790	g18311
NIC1790	g11358
NIC1790	g5549
NIC1790	g15658
NIC1790	g14661
NIC1790	g1298
NIC1790	g21317
NIC1790	g14666
NIC1790	g10037
NIC1790	g19248
NIC1790	g19509
NIC1790	g18529
NIC1790	g5225
NIC1790	g14901
NIC1790	g2454
NIC1790	g22325
NIC1790	g15132
NIC1790	g18161
NIC1790	g15662
NIC1790	g18530
NIC1790	g2708
NIC1790	g1199
NIC1790	g22116
NIC1790	g12530
NIC1790	g6340
NIC1790	g13668
NIC1790	g18918
NIC1790	g18236
NIC1790	g19131
NIC1790	g4469
NIC1790	g15652
NIC1790	g3967
NIC1790	g9052
NIC1790	g3907
NIC1790	g1213
NIC1790	g2225
NIC1790	g22330
NIC1790	g20549
NIC1790	g19128
NIC1790	g5767
NIC1790	g16439
NIC1790	g17804
NIC1790	g16715
NIC1790	g5769
NIC1790	g4327
NIC1790	g5527
NIC1790	g3356
NIC1790	g2089
NIC1790	g15961
NIC1790	g11289
NIC1790	g22537
NIC1790	g5478
NIC1790	g17891
NIC1790	g4467
NIC1790	g3937
NIC1790	g3932
NIC1790	g22344
NIC1790	g15089
NIC1790	g14891
NIC1790	g14894
NIC1790	g3892
NIC1790	g16208
NIC1790	g14649
NIC1790	g21315
NIC1790	g22322
NIC1790	g4669
NIC1790	g3935
NIC1790	g15126
NIC1790	g22513
NIC1790	g3988
NIC1790	g5442
NIC1790	g16206
NIC1790	g14651
NIC1790	g15806
NIC1790	g18736
NIC1790	g11972
NIC1790	g4833
NIC1790	g452
NIC1790	g3281
NIC1790	g4674
NIC1790	g19132
NIC1790	g13904
NIC1790	g5227
NIC1790	g5447
NIC1790	g11263
NIC1790	g3898
NIC1790	g3926
NIC1790	g4814
NIC1790	g20826
NIC1790	g1299
NIC1790	g14668
NIC1790	g15878
NIC1790	g3082
NIC1790	g3710
NIC1790	g19510
NIC1790	g20092
NIC1790	g22328
NIC1790	g17624
NIC1790	g11616
NIC1790	g14671
NIC1790	g22459
NIC1790	g14642
NIC1790	g3934
NIC1790	g15237
NIC1790	g4337
NIC1790	g9768
NIC1790	g18279
NIC1790	g4460
NIC1790	g14223
NIC1790	g1083
NIC1790	g6460
NIC1790	g2224
NIC1790	g19522
NIC1790	g18176
NIC1790	g3933
NIC1790	g13485
NIC1790	g5552
NIC1790	g17805
NIC1790	g19130
NIC1790	g5224
NIC1790	g14646
NIC1790	g3924
NIC1790	g3931
NIC1790	g18181
NIC1790	g3080
NIC1790	g4464
NIC1790	g14527
NIC1790	g14657
NIC1790	g19541
NIC1790	g21314
NIC1790	g16222
NIC1790	g2088
NIC1790	g18165
NIC1790	g5764
NIC1790	g5554
NIC1790	g3079
NIC1790	g19047
NIC1790	g12531
NIC1790	g1203
NIC1790	g18196
NIC1790	g3904
NIC1790	g18064
NIC1790	g20550
NIC1790	g13670
NIC1790	g4099
NIC1790	g11971
NIC1790	g16269
NIC1790	g14650
NIC1790	g3925
NIC1790	g4718
NIC1790	g22331
NIC1790	g18239
NIC1790	g18319
NIC1790	g960
NIC1790	g8534
NIC1790	g14888
NIC1790	g8953
NIC1790	g3351
NIC1790	g14896
NIC1790	g22343
NIC1790	g5775
NIC1790	g21302
NIC1790	g4368
NIC1790	g14895
NIC1790	g13549
NIC1790	g4370
NIC1790	g16551
NIC1790	g18238
NIC1790	g4468
NIC1790	g18129
NIC1790	g15128
NIC1790	g17801
NIC1790	g16159
NIC1790	g14900
NIC1790	g18282
NIC1790	g16207
NIC1790	g3078
NIC1790	g18135
NIC1790	g3411
NIC1790	g12772
NIC1790	g5366
NIC1790	g12450
NIC1790	g17787
NIC1790	g3906
NIC1790	g9828
NIC1790	g5551
CX11314	g15009
CX11314	g13540
CX11314	g14058
CX11314	g5353
CX11314	g22236
CX11314	g20995
CX11314	g16708
CX11314	g4883
CX11314	g20514
CX11314	g6408
CX11314	g13837
CX11314	g13797
CX11314	g22023
CX11314	g6484
CX11314	g18332
CX11314	g6458
CX11314	g21144
CX11314	g4164
CX11314	g14016
CX11314	g2077
CX11314	g5001
CX11314	g4683
CX11314	g4680
CX11314	g16126
CX11314	g5342
CX11314	g8124
CX11314	g14514
CX11314	g22238
CX11314	g9354
CX11314	g14099
CX11314	g18337
CX11314	g14014
CX11314	g9115
CX11314	g21028
CX11314	g4158
CX11314	g14212
CX11314	g17623
CX11314	g20709
CX11314	g14169
CX11314	g14517
CX11314	g14200
CX11314	g18316
CX11314	g14167
CX11314	g18934
CX11314	g3371
CX11314	g20927
CX11314	g14213
CX11314	g9340
CX11314	g5213
CX11314	g21143
CX11314	g22008
CX11314	g12578
CX11314	g14152
CX11314	g14156
CX11314	g21147
CX11314	g18334
CX11314	g17761
CX11314	g5343
CX11314	g14026
CX11314	g21013
CX11314	g18088
CX11314	g13372
CX11314	g20994
CX11314	g4496
CX11314	g8232
CX11314	g14023
CX11314	g18061
CX11314	g4840
CX11314	g21271
CX11314	g13798
CX11314	g5557
CX11314	g12087
CX11314	g5208
CX11314	g17409
CX11314	g13874
CX11314	g12072
CX11314	g13875
CX11314	g5219
CX11314	g16239
CX11314	g899
CX11314	g22364
CX11314	g5217
CX11314	g4890
CX11314	g4167
CX11314	g14512
CX11314	g22175
CX11314	g22385
CX11314	g17619
CX11314	g8019
CX11314	g9112
CX11314	g17616
CX11314	g22365
CX11314	g7501
CX11314	g18060
CX11314	g17303
CX11314	g8229
CX11314	g9004
CX11314	g22002
CX11314	g18149
CX11314	g12525
CX11314	g9109
CX11314	g5215
CX11314	g14057
CX11314	g21021
CX11314	g16236
CX11314	g4678
CX11314	g16241
CX11314	g6407
CX11314	g8001
CX11314	g20450
CX11314	g5309
CX11314	g5216
CX11314	g5212
CX11314	g16125
CX11314	g15388
CX11314	g20447
CX11314	g3220
CX11314	g8018
CX11314	g21059
CX11314	g17224
CX11314	g18338
CX11314	g17410
CX11314	g6793
CX11314	g8252
CX11314	g21087
CX11314	g12133
CX11314	g8030
CX11314	g21022
CX11314	g22016
CX11314	g13153
CX11314	g13537
CX11314	g19544
CX11314	g3669
CX11314	g22453
CX11314	g2161
CX11314	g14201
CX11314	g14138
CX11314	g22022
CX11314	g21020
CX11314	g15469
CX11314	g22230
CX11314	g16235
CX11314	g18145
CX11314	g22452
CX11314	g9877
CX11314	g14096
CX11314	g828
CX11314	g13799
CX11314	g15916
CX11314	g18049
CX11314	g9341
CX11314	g9344
CX11314	g12897
CX11314	g21146
CX11314	g4989
CX11314	g3479
CX11314	g9107
CX11314	g9662
CX11314	g15391
CX11314	g21019
CX11314	g22384
CX11314	g20883
CX11314	g7891
CX11314	g13154
CX11314	g12155
CX11314	g22588
CX11314	g18974
CX11314	g17518
CX11314	g22007
CX11314	g14153
CX11314	g21460
CX11314	g17419
CX11314	g20813
CX11314	g14259
CX11314	g4685
CX11314	g18331
CX11314	g19510
CX11314	g4161
CX11314	g11860
CX11314	g14513
CX11314	g13802
CX11314	g20020
CX11314	g14055
CX11314	g11586
CX11314	g4679
CX11314	g4163
CX11314	g4684
CX11314	g16213
CX11314	g20451
CX11314	g12526
CX11314	g14019
CX11314	g16164
CX11314	g14423
CX11314	g5210
CX11314	g21067
CX11314	g9149
CX11314	g5344
CX11314	g22233
CX11314	g5312
CX11314	g21018
CX11314	g12084
CX11314	g22009
CX11314	g1506
CX11314	g6483
CX11314	g22450
CX11314	g21024
CX11314	g21026
CX11314	g18329
CX11314	g22449
CX11314	g18146
CX11314	g21088
CX11314	g12086
CX11314	g22011
CX11314	g18048
CX11314	g14155
CX11314	g8020
CX11314	g9705
CX11314	g15468
CX11314	g14154
CX11314	g12527
CX11314	g1507
CX11314	g21270
CX11314	g20996
CX11314	g20369
CX11314	g21017
CX11314	g14509
CX11314	g3126
CX11314	g15918
CX11314	g16131
CX11314	g16135
CX11314	g802
CX11314	g18336
CX11314	g22237
CX11314	g13539
CX11314	g8120
CX11314	g16382
CX11314	g22451
CX11314	g5354
CX11314	g529
CX11314	g18333
CX11314	g14214
CX11314	g14690
CX11314	g1147
CX11314	g22024
CX11314	g14015
CX11314	g21015
CX11314	g13538
CX11314	g18207
CX11314	g20987
CX11314	g9610
CX11314	g5218
CX11314	g4990
CX11314	g12028
CX11314	g22018
CX11314	g12662
CX11314	g5313
CX11314	g5211
CX11314	g21069
CX11314	g19618
CX11314	g16238
CX11314	g15915
CX11314	g22006
CX11314	g14097
CX11314	g22235
CX11314	g5214
CX11314	g2494
CX11314	g22017
CX11314	g17617
CX11314	g18124
CX11314	g19717
CX11314	g12071
CX11314	g18125
CX11314	g20993
CX11314	g21145
CX11314	g5007
CX11314	g14496
CX11314	g9343
CX11314	g9113
CX11314	g21023
CX11314	g15390
CX11314	g17618
CX11314	g22019
CX11314	g3364
CX11314	g19511
CX11314	g3362
CX11314	g16055
CX11314	g21025
CX11314	g20446
CX11314	g14511
CX11314	g22010
CX11314	g4948
CX11314	g6579
CX11314	g21027
CX11314	g14510
CX11314	g7767
CX11314	g12295
CX11314	g12663
CX11314	g18317
CX11314	g22437
CX11314	g13541
CX11314	g4669
CX11314	g18047
CX11314	g5209
CX11314	g9111
CX11314	g22020
CX11314	g4670
CX11314	g6268
CX11314	g9011
CX11314	g8021
CX11314	g3542
CX11314	g14531
CX11314	g20879
CX11314	g22012
CX11314	g4817
CX11314	g9342
CX11314	g9345
CX11314	g12085
CX11314	g14195
CX11314	g16240
CX11314	g14052
CX11314	g7265
CX11314	g18335
CX11314	g15155
CX11314	g4753
CX11314	g21014
CX11314	g20982
CX11314	g9668
CX11314	g16237
CX11314	g22586
ECA2199	g7744
ECA2199	g20324
ECA2199	g20011
ECA2199	g4176
ECA2199	g3573
ECA2199	g17588
ECA2199	g13147
ECA2199	g7872
ECA2199	g6866
ECA2199	g7920
ECA2199	g3580
ECA2199	g12150
ECA2199	g8182
ECA2199	g14511
ECA2199	g15067
ECA2199	g3578
ECA2199	g2721
ECA2199	g3566
ECA2199	g800
ECA2199	g17586
ECA2199	g8092
ECA2199	g20325
ECA2199	g803
ECA2199	g17589
ECA2199	g14258
ECA2199	g11683
ECA2199	g17407
ECA2199	g8166
ECA2199	g4166
ECA2199	g3931
ECA2199	g17583
ECA2199	g7667
ECA2199	g9885
ECA2199	g16020
ECA2199	g16182
ECA2199	g20921
ECA2199	g10594
ECA2199	g802
ECA2199	g6169
ECA2199	g3569
ECA2199	g7694
ECA2199	g17584
ECA2199	g8185
ECA2199	g8408
ECA2199	g8731
ECA2199	g20927
ECA2199	g10618
ECA2199	g11008
ECA2199	g3584
ECA2199	g3547
ECA2199	g13254
ECA2199	g3474
ECA2199	g16231
ECA2199	g4177
ECA2199	g16339
ECA2199	g20321
ECA2199	g11684
ECA2199	g12152
ECA2199	g2986
ECA2199	g1690
ECA2199	g3614
ECA2199	g2541
ECA2199	g22160
ECA2199	g14272
ECA2199	g19670
ECA2199	g18393
ECA2199	g7480
ECA2199	g3980
ECA2199	g14509
ECA2199	g4167
ECA2199	g10786
ECA2199	g3944
ECA2199	g22736
ECA2199	g20199
ECA2199	g6086
ECA2199	g17249
ECA2199	g19108
ECA2199	g13086
ECA2199	g12068
ECA2199	g7516
ECA2199	g19668
ECA2199	g11014
ECA2199	g15187
ECA2199	g19582
ECA2199	g14739
ECA2199	g7809
ECA2199	g8181
ECA2199	g14746
ECA2199	g22828
ECA2199	g816
ECA2199	g4170
ECA2199	g14443
ECA2199	g8768
ECA2199	g7517
ECA2199	g293
ECA2199	g3432
ECA2199	g17472
ECA2199	g1018
ECA2199	g4178
ECA2199	g3567
ECA2199	g18418
ECA2199	g11410
ECA2199	g3431
ECA2199	g22755
ECA2199	g16253
ECA2199	g22448
ECA2199	g14874
ECA2199	g10679
ECA2199	g10924
ECA2199	g3576
ECA2199	g9849
ECA2199	g22682
ECA2199	g3577
ECA2199	g11508
ECA2199	g22508
ECA2199	g682
ECA2199	g1742
ECA2199	g2987
ECA2199	g1045
ECA2199	g16575
ECA2199	g908
ECA2199	g20200
ECA2199	g805
ECA2199	g11485
ECA2199	g22493
ECA2199	g12960
ECA2199	g14744
ECA2199	g15058
ECA2199	g6778
ECA2199	g11689
ECA2199	g14273
ECA2199	g11512
ECA2199	g7704
ECA2199	g1021
ECA2199	g11896
ECA2199	g15274
ECA2199	g677
ECA2199	g5310
ECA2199	g19806
ECA2199	g16035
ECA2199	g14498
ECA2199	g18486
ECA2199	g6745
ECA2199	g16252
ECA2199	g11687
ECA2199	g17562
ECA2199	g3536
ECA2199	g17246
ECA2199	g11669
ECA2199	g7441
ECA2199	g3932
ECA2199	g2070
ECA2199	g7811
ECA2199	g14704
ECA2199	g7743
ECA2199	g20322
ECA2199	g7825
ECA2199	g22600
ECA2199	g7440
ECA2199	g1689
ECA2199	g3581
ECA2199	g10780
ECA2199	g2325
ECA2199	g14424
ECA2199	g3636
ECA2199	g17514
ECA2199	g14263
ECA2199	g8196
ECA2199	g14505
ECA2199	g2914
ECA2199	g815
ECA2199	g7671
ECA2199	g13403
ECA2199	g7658
ECA2199	g10997
ECA2199	g20924
ECA2199	g22277
ECA2199	g21997
ECA2199	g1826
ECA2199	g15055
ECA2199	g7823
ECA2199	g14270
ECA2199	g11682
ECA2199	g10998
ECA2199	g7663
ECA2199	g18740
ECA2199	g5005
ECA2199	g18135
ECA2199	g2720
ECA2199	g6744
ECA2199	g8941
ECA2199	g19602
ECA2199	g3582
ECA2199	g3545
ECA2199	g7444
ECA2199	g14500
ECA2199	g20574
ECA2199	g22505
ECA2199	g1827
ECA2199	g3548
ECA2199	g7827
ECA2199	g14266
ECA2199	g11408
ECA2199	g16031
ECA2199	g19655
ECA2199	g3935
ECA2199	g17247
ECA2199	g22507
ECA2199	g17587
ECA2199	g7813
ECA2199	g8358
ECA2199	g19671
ECA2199	g3565
ECA2199	g17248
ECA2199	g2324
ECA2199	g8179
ECA2199	g11484
ECA2199	g3570
ECA2199	g13496
ECA2199	g7785
ECA2199	g3358
ECA2199	g14154
ECA2199	g14867
ECA2199	g20392
ECA2199	g3943
ECA2199	g11681
ECA2199	g11487
ECA2199	g785
ECA2199	g14740
ECA2199	g7420
ECA2199	g14502
ECA2199	g14276
ECA2199	g22633
ECA2199	g2722
ECA2199	g22599
ECA2199	g7209
ECA2199	g11668
ECA2199	g11569
ECA2199	g7439
ECA2199	g8667
ECA2199	g11688
ECA2199	g11685
ECA2199	g4446
ECA2199	g904
ECA2199	g7746
ECA2199	g4171
ECA2199	g3062
ECA2199	g14262
ECA2199	g17585
ECA2199	g4175
ECA2199	g19669
ECA2199	g7703
ECA2199	g11000
ECA2199	g7859
ECA2199	g19603
ECA2199	g14264
ECA2199	g4173
ECA2199	g7659
ECA2199	g11447
ECA2199	g14741
ECA2199	g7870
ECA2199	g3568
ECA2199	g3546
ECA2199	g14737
ECA2199	g3574
ECA2199	g799
ECA2199	g3945
ECA2199	g16183
ECA2199	g8180
ECA2199	g2983
ECA2199	g2719
ECA2199	g3255
ECA2199	g14784
ECA2199	g11421
ECA2199	g8178
ECA2199	g554
ECA2199	g22598
ECA2199	g14267
ECA2199	g22686
ECA2199	g7812
ECA2199	g11132
ECA2199	g11409
ECA2199	g3572
ECA2199	g3637
ECA2199	g14742
ECA2199	g3979
ECA2199	g13263
ECA2199	g13265
ECA2199	g16400
ECA2199	g19107
ECA2199	g12149
ECA2199	g3579
ECA2199	g14265
ECA2199	g806
ECA2199	g2982
ECA2199	g20918
ECA2199	g3539
ECA2199	g7871
ECA2199	g7481
ECA2199	g11507
ECA2199	g20323
ECA2199	g14503
ECA2199	g10779
ECA2199	g10999
ECA2199	g8183
ECA2199	g20391
ECA2199	g16011
ECA2199	g8724
ECA2199	g22555
ECA2199	g7853
ECA2199	g17478
ECA2199	g14268
ECA2199	g14510
ECA2199	g3658
ECA2199	g20922
ECA2199	g3611
ECA2199	g12067
ECA2199	g22506
ECA2199	g7810
ECA2199	g2718
ECA2199	g14504
ECA2199	g14271
ECA2199	g3583
ECA2199	g56
ECA2199	g14274
ECA2199	g19583
ECA2199	g7858
ECA2199	g12387
ECA2199	g17473
ECA250	g5774
ECA250	g19203
ECA250	g9882
ECA250	g5777
ECA250	g10591
ECA250	g10583
ECA250	g20150
ECA250	g19693
ECA250	g2068
ECA250	g5595
ECA250	g465
ECA250	g5555
ECA250	g13781
ECA250	g10804
ECA250	g1993
ECA250	g5241
ECA250	g10805
ECA250	g2019
ECA250	g22367
ECA250	g21586
ECA250	g15737
ECA250	g5771
ECA250	g8076
ECA250	g19810
ECA250	g22435
ECA250	g22438
ECA250	g13669
ECA250	g15818
ECA250	g360
ECA250	g6268
ECA250	g20161
ECA250	g10589
ECA250	g6496
ECA250	g20117
ECA250	g5853
ECA250	g15853
ECA250	g5246
ECA250	g5769
ECA250	g10357
ECA250	g15726
ECA250	g21580
ECA250	g5057
ECA250	g5964
ECA250	g4535
ECA250	g5921
ECA250	g6271
ECA250	g5952
ECA250	g5225
ECA250	g20771
ECA250	g15769
ECA250	g22440
ECA250	g11818
ECA250	g10580
ECA250	g10818
ECA250	g20119
ECA250	g17505
ECA250	g4960
ECA250	g5905
ECA250	g5908
ECA250	g22364
ECA250	g5243
ECA250	g4958
ECA250	g4673
ECA250	g469
ECA250	g20151
ECA250	g15695
ECA250	g20417
ECA250	g14228
ECA250	g5780
ECA250	g15740
ECA250	g21916
ECA250	g248
ECA250	g20364
ECA250	g19650
ECA250	g22238
ECA250	g5556
ECA250	g8942
ECA250	g4012
ECA250	g20016
ECA250	g5632
ECA250	g3997
ECA250	g5633
ECA250	g20027
ECA250	g13782
ECA250	g466
ECA250	g15387
ECA250	g14314
ECA250	g20025
ECA250	g19700
ECA250	g6266
ECA250	g16198
ECA250	g10651
ECA250	g14293
ECA250	g4532
ECA250	g10354
ECA250	g4529
ECA250	g14313
ECA250	g366
ECA250	g975
ECA250	g4218
ECA250	g251
ECA250	g10245
ECA250	g10824
ECA250	g15739
ECA250	g17557
ECA250	g10351
ECA250	g20023
ECA250	g5812
ECA250	g15849
ECA250	g13779
ECA250	g13784
ECA250	g2069
ECA250	g453
ECA250	g482
ECA250	g463
ECA250	g16259
ECA250	g20024
ECA250	g20020
ECA250	g12922
ECA250	g16262
ECA250	g11666
ECA250	g17555
ECA250	g22368
ECA250	g4142
ECA250	g5035
ECA250	g5247
ECA250	g4324
ECA250	g1686
ECA250	g228
ECA250	g4058
ECA250	g10811
ECA250	g16930
ECA250	g18802
ECA250	g12112
ECA250	g14224
ECA250	g8163
ECA250	g13668
ECA250	g5953
ECA250	g5892
ECA250	g15733
ECA250	g10819
ECA250	g13007
ECA250	g10597
ECA250	g13778
ECA250	g14225
ECA250	g7021
ECA250	g5850
ECA250	g15460
ECA250	g5557
ECA250	g13458
ECA250	g19627
ECA250	g10584
ECA250	g10581
ECA250	g17185
ECA250	g22365
ECA250	g11925
ECA250	g10349
ECA250	g6805
ECA250	g12925
ECA250	g15734
ECA250	g14294
ECA250	g468
ECA250	g5457
ECA250	g20811
ECA250	g4432
ECA250	g5906
ECA250	g4332
ECA250	g9971
ECA250	g6012
ECA250	g454
ECA250	g22433
ECA250	g17418
ECA250	g18836
ECA250	g21583
ECA250	g5907
ECA250	g3787
ECA250	g15684
ECA250	g6267
ECA250	g5560
ECA250	g14092
ECA250	g5965
ECA250	g5810
ECA250	g3514
ECA250	g22439
ECA250	g21585
ECA250	g22434
ECA250	g20162
ECA250	g13756
ECA250	g16258
ECA250	g17556
ECA250	g5036
ECA250	g13707
ECA250	g6177
ECA250	g20018
ECA250	g15759
ECA250	g19442
ECA250	g19799
ECA250	g16016
ECA250	g17901
ECA250	g10392
ECA250	g10594
ECA250	g5060
ECA250	g15735
ECA250	g4009
ECA250	g10817
ECA250	g14780
ECA250	g1994
ECA250	g15757
ECA250	g14227
ECA250	g15729
ECA250	g5238
ECA250	g15666
ECA250	g4011
ECA250	g10815
ECA250	g4959
ECA250	g21424
ECA250	g6848
ECA250	g15736
ECA250	g13006
ECA250	g14779
ECA250	g22239
ECA250	g16338
ECA250	g6263
ECA250	g11572
ECA250	g13460
ECA250	g13674
ECA250	g15486
ECA250	g5245
ECA250	g16533
ECA250	g15728
ECA250	g10590
ECA250	g364
ECA250	g18716
ECA250	g14226
ECA250	g16532
ECA250	g5242
ECA250	g5966
ECA250	g6448
ECA250	g15140
ECA250	g10803
ECA250	g20418
ECA250	g15738
ECA250	g5240
ECA250	g20152
ECA250	g6751
ECA250	g20026
ECA250	g16929
ECA250	g15731
ECA250	g19800
ECA250	g15687
ECA250	g5123
ECA250	g3952
ECA250	g15732
ECA250	g587
ECA250	g10809
ECA250	g17420
ECA250	g20019
ECA250	g13457
ECA250	g10820
ECA250	g5851
ECA250	g10592
ECA250	g16534
ECA250	g20022
ECA250	g10940
ECA250	g10810
ECA250	g15765
ECA250	g4530
ECA250	g10071
ECA250	g5813
ECA250	g3996
ECA250	g14240
ECA250	g22366
ECA250	g19816
ECA250	g5056
ECA250	g16535
ECA250	g6252
ECA250	g10355
ECA250	g5919
ECA250	g12924
ECA250	g21589
ECA250	g464
ECA250	g15730
ECA250	g10808
ECA250	g15760
ECA250	g15667
ECA250	g11811
ECA250	g15912
ECA250	g18835
ECA250	g11809
ECA250	g13596
ECA250	g6265
ECA250	g10816
ECA250	g19758
ECA250	g15758
ECA250	g1901
ECA250	g15727
ECA250	g6264
ECA250	g710
ECA250	g16263
ECA250	g5226
ECA250	g18453
ECA250	g22449
ECA250	g20017
ECA250	g10353
ECA250	g4531
ECA250	g10807
ECA250	g20021
ECA250	g4323
ECA250	g22448
ECA250	g2208
ECA250	g10251
ECA250	g11985
ECA250	g6285
ECA250	g10814
ECA250	g10582
ECA250	g10585
ECA250	g4010
ECA250	g16536
ECA250	g5770
ECA250	g5947
ECA250	g13783
ECA250	g5807
ECA250	g1213
ECA250	g4997
ECA250	g5244
ECA250	g12690
ECA250	g19562
ECA250	g6812
ECA250	g13780
JU1400	g15294
JU1400	g17930
JU1400	g19648
JU1400	g19323
JU1400	g16940
JU1400	g16952
JU1400	g1995
JU1400	g6897
JU1400	g16875
JU1400	g19625
JU1400	g20056
JU1400	g19611
JU1400	g9202
JU1400	g21469
JU1400	g21632
JU1400	g6682
JU1400	g4411
JU1400	g2215
JU1400	g21394
JU1400	g16663
JU1400	g21420
JU1400	g6644
JU1400	g19655
JU1400	g18251
JU1400	g18822
JU1400	g7364
JU1400	g6642
JU1400	g20397
JU1400	g5488
JU1400	g20404
JU1400	g20186
JU1400	g4306
JU1400	g20045
JU1400	g1993
JU1400	g7596
JU1400	g16252
JU1400	g16658
JU1400	g6647
JU1400	g18829
JU1400	g7056
JU1400	g7011
JU1400	g7043
JU1400	g22413
JU1400	g13656
JU1400	g19658
JU1400	g1987
JU1400	g15913
JU1400	g19662
JU1400	g2230
JU1400	g480
JU1400	g19659
JU1400	g18248
JU1400	g16661
JU1400	g4415
JU1400	g20055
JU1400	g19663
JU1400	g1267
JU1400	g18485
JU1400	g7903
JU1400	g19656
JU1400	g4196
JU1400	g20590
JU1400	g20566
JU1400	g18123
JU1400	g6342
JU1400	g3888
JU1400	g20191
JU1400	g6720
JU1400	g3873
JU1400	g6721
JU1400	g9876
JU1400	g3827
JU1400	g20180
JU1400	g15617
JU1400	g4412
JU1400	g16339
JU1400	g20182
JU1400	g20516
JU1400	g2063
JU1400	g19660
JU1400	g7370
JU1400	g9944
JU1400	g20403
JU1400	g4923
JU1400	g4199
JU1400	g2236
JU1400	g9104
JU1400	g20184
JU1400	g6899
JU1400	g15614
JU1400	g19745
JU1400	g15619
JU1400	g21470
JU1400	g4398
JU1400	g19652
JU1400	g4428
JU1400	g4408
JU1400	g19052
JU1400	g19716
JU1400	g20183
JU1400	g16249
JU1400	g20187
JU1400	g15504
JU1400	g14758
JU1400	g19049
JU1400	g13504
JU1400	g18252
JU1400	g16876
JU1400	g21107
JU1400	g4175
JU1400	g19626
JU1400	g6984
JU1400	g4409
JU1400	g15966
JU1400	g2222
JU1400	g1653
JU1400	g1052
JU1400	g18249
JU1400	g17630
JU1400	g13953
JU1400	g19649
JU1400	g5571
JU1400	g2216
JU1400	g3934
JU1400	g18320
JU1400	g19115
JU1400	g14843
JU1400	g7367
JU1400	g6864
JU1400	g18321
JU1400	g2001
JU1400	g11049
JU1400	g6943
JU1400	g19627
JU1400	g15613
JU1400	g19665
JU1400	g21616
JU1400	g16853
JU1400	g16873
JU1400	g6894
JU1400	g19630
JU1400	g8119
JU1400	g19694
JU1400	g1756
JU1400	g16950
JU1400	g1988
JU1400	g795
JU1400	g13763
JU1400	g19623
JU1400	g1751
JU1400	g14761
JU1400	g9945
JU1400	g21612
JU1400	g19629
JU1400	g1753
JU1400	g19696
JU1400	g6643
JU1400	g7057
JU1400	g7383
JU1400	g4414
JU1400	g17165
JU1400	g22373
JU1400	g18250
JU1400	g19631
JU1400	g20416
JU1400	g16656
JU1400	g6861
JU1400	g20523
JU1400	g2231
JU1400	g16067
JU1400	g21624
JU1400	g4399
JU1400	g19628
JU1400	g16664
JU1400	g9891
JU1400	g17664
JU1400	g18825
JU1400	g3664
JU1400	g7366
JU1400	g17192
JU1400	g3391
JU1400	g19828
JU1400	g18823
JU1400	g20044
JU1400	g15591
JU1400	g19053
JU1400	g430
JU1400	g21306
JU1400	g19661
JU1400	g9964
JU1400	g11121
JU1400	g15540
JU1400	g7267
JU1400	g20189
JU1400	g9738
JU1400	g19624
JU1400	g19829
JU1400	g1796
JU1400	g1998
JU1400	g19496
JU1400	g3885
JU1400	g2229
JU1400	g21395
JU1400	g9877
JU1400	g6997
JU1400	g9875
JU1400	g16951
JU1400	g15505
JU1400	g3887
JU1400	g9965
JU1400	g2227
JU1400	g7044
JU1400	g7946
JU1400	g7363
JU1400	g15886
JU1400	g14842
JU1400	g19657
JU1400	g431
JU1400	g7105
JU1400	g10438
JU1400	g18124
JU1400	g18973
JU1400	g7362
JU1400	g566
JU1400	g13410
JU1400	g15296
JU1400	g15510
JU1400	g11147
JU1400	g19654
JU1400	g6858
JU1400	g1994
JU1400	g9874
JU1400	g1436
JU1400	g8996
JU1400	g4310
JU1400	g6867
JU1400	g17544
JU1400	g11413
JU1400	g16662
JU1400	g16165
JU1400	g7548
JU1400	g10802
JU1400	g2214
JU1400	g16801
JU1400	g1435
JU1400	g1646
JU1400	g20054
JU1400	g7850
JU1400	g20181
JU1400	g1053
JU1400	g16166
JU1400	g19650
JU1400	g4534
JU1400	g2220
JU1400	g565
JU1400	g6940
JU1400	g16248
JU1400	g20188
JU1400	g15616
JU1400	g7365
JU1400	g16914
JU1400	g15293
JU1400	g18819
JU1400	g2232
JU1400	g6941
JU1400	g1996
JU1400	g7038
JU1400	g20185
JU1400	g12778
JU1400	g2221
JU1400	g19427
JU1400	g16849
JU1400	g6900
JU1400	g16678
JU1400	g3872
JU1400	g15618
JU1400	g10439
JU1400	g7351
JU1400	g7009
JU1400	g14760
JU1400	g16075
JU1400	g2219
JU1400	g13649
JU1400	g17663
JU1400	g13647
JU1400	g19190
JU1400	g15433
JU1400	g19653
JU1400	g2228
JU1400	g16665
JU1400	g16659
JU1400	g19664
JU1400	g20414
JU1400	g4658
JU1400	g12031
JU1400	g19048
JU1400	g9878
JU1400	g12578
JU1400	g20087
JU1400	g1438
JU1400	g16677
JU1400	g19616
JU1400	g20089
JU1400	g20190
JU1400	g1713
JU1400	g2218
JU1400	g19886
JU1400	g20415
JU1400	g16852
JU1400	g19651
JU1400	g13827
JU1400	g19492
JU1400	g2226
JU1400	g1989
JU1400	g3886
JU1400	g1434
JU1400	g1761
JU1400	g20464
JU1400	g19538
JU1400	g5157
JU1400	g19717
JU1400	g16660
JU1400	g14525
JU1400	g20657
JU1400	g429
JU1400	g7909
JU1400	g1437
JU1400	g6857
JU1400	g15615
JU775	g10127
JU775	g5912
JU775	g15266
JU775	g1321
JU775	g19132
JU775	g14130
JU775	g464
JU775	g3219
JU775	g19909
JU775	g1322
JU775	g55
JU775	g15711
JU775	g20649
JU775	g10492
JU775	g16066
JU775	g487
JU775	g13177
JU775	g4780
JU775	g2346
JU775	g2209
JU775	g10812
JU775	g20434
JU775	g4704
JU775	g13368
JU775	g16380
JU775	g4731
JU775	g16313
JU775	g10473
JU775	g16892
JU775	g21861
JU775	g10852
JU775	g20090
JU775	g17163
JU775	g20096
JU775	g557
JU775	g3129
JU775	g20651
JU775	g8338
JU775	g10550
JU775	g13373
JU775	g7992
JU775	g16899
JU775	g10427
JU775	g10126
JU775	g10439
JU775	g6871
JU775	g10125
JU775	g20875
JU775	g3231
JU775	g454
JU775	g20657
JU775	g1496
JU775	g20143
JU775	g9298
JU775	g450
JU775	g3355
JU775	g4409
JU775	g15937
JU775	g453
JU775	g16310
JU775	g16065
JU775	g13370
JU775	g22538
JU775	g20106
JU775	g417
JU775	g45
JU775	g5914
JU775	g10624
JU775	g16558
JU775	g8034
JU775	g456
JU775	g3018
JU775	g16184
JU775	g20981
JU775	g18014
JU775	g22398
JU775	g16064
JU775	g10774
JU775	g13135
JU775	g10773
JU775	g19639
JU775	g13090
JU775	g784
JU775	g44
JU775	g20194
JU775	g452
JU775	g10120
JU775	g19707
JU775	g3752
JU775	g3021
JU775	g15948
JU775	g10591
JU775	g16062
JU775	g20201
JU775	g4781
JU775	g460
JU775	g3247
JU775	g1049
JU775	g397
JU775	g1052
JU775	g11358
JU775	g20107
JU775	g14446
JU775	g16314
JU775	g13155
JU775	g448
JU775	g2997
JU775	g486
JU775	g9625
JU775	g9353
JU775	g20427
JU775	g1720
JU775	g16311
JU775	g11445
JU775	g19915
JU775	g14004
JU775	g463
JU775	g10491
JU775	g10438
JU775	g20433
JU775	g987
JU775	g11012
JU775	g10469
JU775	g5826
JU775	g10628
JU775	g8965
JU775	g485
JU775	g446
JU775	g20429
JU775	g19927
JU775	g482
JU775	g7821
JU775	g2295
JU775	g419
JU775	g10553
JU775	g19925
JU775	g16379
JU775	g10850
JU775	g15712
JU775	g10039
JU775	g20656
JU775	g30
JU775	g3233
JU775	g1973
JU775	g13372
JU775	g20877
JU775	g489
JU775	g502
JU775	g19708
JU775	g483
JU775	g10851
JU775	g20987
JU775	g10107
JU775	g19654
JU775	g22467
JU775	g9036
JU775	g6911
JU775	g16312
JU775	g481
JU775	g19655
JU775	g10631
JU775	g19926
JU775	g16039
JU775	g20419
JU775	g1719
JU775	g20919
JU775	g19222
JU775	g10381
JU775	g484
JU775	g11479
JU775	g10485
JU775	g16895
JU775	g9705
JU775	g12922
JU775	g10507
JU775	g19912
JU775	g10123
JU775	g10593
JU775	g10847
JU775	g12644
JU775	g670
JU775	g287
JU775	g16893
JU775	g5911
JU775	g1048
JU775	g19923
JU775	g451
JU775	g2345
JU775	g15938
JU775	g19727
JU775	g13156
JU775	g10211
JU775	g19499
JU775	g13353
JU775	g488
JU775	g286
JU775	g20837
JU775	g10037
JU775	g10051
JU775	g46
JU775	g20646
JU775	g17250
JU775	g19911
JU775	g599
JU775	g22395
JU775	g19924
JU775	g4705
JU775	g19640
JU775	g13374
JU775	g13180
JU775	g19638
JU775	g22397
JU775	g19728
JU775	g20422
JU775	g9271
JU775	g20876
JU775	g455
JU775	g5347
JU775	g20260
JU775	g16185
JU775	g1132
JU775	g14540
JU775	g9062
JU775	g15714
JU775	g449
JU775	g458
JU775	g10634
JU775	g20650
JU775	g19637
JU775	g20241
JU775	g3133
JU775	g20420
JU775	g56
JU775	g18197
JU775	g13369
JU775	g10425
JU775	g10489
JU775	g8385
JU775	g8715
JU775	g13237
JU775	g20414
JU775	g29
JU775	g13367
JU775	g8088
JU775	g1319
JU775	g462
JU775	g13176
JU775	g2211
JU775	g9624
JU775	g15985
JU775	g19922
JU775	g10124
JU775	g16889
JU775	g20418
JU775	g14193
JU775	g10811
JU775	g9629
JU775	g20873
JU775	g10552
JU775	g20648
JU775	g19917
JU775	g15165
JU775	g447
JU775	g20428
JU775	g20643
JU775	g20431
JU775	g10069
JU775	g20435
JU775	g26
JU775	g10590
JU775	g13134
JU775	g2347
JU775	g20881
JU775	g16067
JU775	g5346
JU775	g20583
JU775	g9461
JU775	g20430
JU775	g10426
JU775	g14304
JU775	g11478
JU775	g909
JU775	g459
JU775	g20421
JU775	g13366
JU775	g9453
JU775	g4612
JU775	g3481
JU775	g21309
JU775	g19322
JU775	g457
JU775	g1053
JU775	g13354
JU775	g9539
JU775	g10490
JU775	g19641
JU775	g19919
JU775	g1318
JU775	g1320
JU775	g20878
JU775	g368
JU775	g4921
JU775	g227
JU775	g22444
JU775	g461
JU775	g3228
JU775	g19910
JU775	g603
JU775	g20423
JU775	g20655
JU775	g14295
JU775	g3230
JU775	g22396
JU775	g16061
JU775	g496
JU775	g10444
JU775	g14306
JU775	g10596
JU775	g3994
JU775	g396
JU775	g13371
JU775	g3229
JU775	g6147
JU775	g15858
JU775	g15943
JU775	g5827
JU775	g8028
JU775	g10635
JU775	g16063
NIC259	g21029
NIC259	g22360
NIC259	g20233
NIC259	g18741
NIC259	g12856
NIC259	g15155
NIC259	g6807
NIC259	g20326
NIC259	g20848
NIC259	g15369
NIC259	g11989
NIC259	g20514
NIC259	g19780
NIC259	g6136
NIC259	g20810
NIC259	g19846
NIC259	g19275
NIC259	g21524
NIC259	g2320
NIC259	g21026
NIC259	g20808
NIC259	g4339
NIC259	g18375
NIC259	g22070
NIC259	g21160
NIC259	g10400
NIC259	g21939
NIC259	g15153
NIC259	g12509
NIC259	g21108
NIC259	g3344
NIC259	g20519
NIC259	g21708
NIC259	g21024
NIC259	g18600
NIC259	g20813
NIC259	g14926
NIC259	g7779
NIC259	g19268
NIC259	g21217
NIC259	g21174
NIC259	g21205
NIC259	g21172
NIC259	g13977
NIC259	g7824
NIC259	g17239
NIC259	g10504
NIC259	g15147
NIC259	g3676
NIC259	g15384
NIC259	g9574
NIC259	g19849
NIC259	g22197
NIC259	g20516
NIC259	g10509
NIC259	g7793
NIC259	g15618
NIC259	g21035
NIC259	g7794
NIC259	g11909
NIC259	g8786
NIC259	g19603
NIC259	g12813
NIC259	g10291
NIC259	g18192
NIC259	g18943
NIC259	g18216
NIC259	g19973
NIC259	g22196
NIC259	g2616
NIC259	g1525
NIC259	g18593
NIC259	g16061
NIC259	g20888
NIC259	g15617
NIC259	g1510
NIC259	g20889
NIC259	g6138
NIC259	g18365
NIC259	g18605
NIC259	g10506
NIC259	g18603
NIC259	g18264
NIC259	g18728
NIC259	g12015
NIC259	g8284
NIC259	g7820
NIC259	g21530
NIC259	g6070
NIC259	g12204
NIC259	g18595
NIC259	g18376
NIC259	g11018
NIC259	g12216
NIC259	g12208
NIC259	g10294
NIC259	g14817
NIC259	g20248
NIC259	g9623
NIC259	g14920
NIC259	g18601
NIC259	g21067
NIC259	g7786
NIC259	g22194
NIC259	g1465
NIC259	g10493
NIC259	g10522
NIC259	g10503
NIC259	g8343
NIC259	g18602
NIC259	g21065
NIC259	g7886
NIC259	g18598
NIC259	g18599
NIC259	g16144
NIC259	g8346
NIC259	g17389
NIC259	g19845
NIC259	g20304
NIC259	g11700
NIC259	g10271
NIC259	g3347
NIC259	g21145
NIC259	g21218
NIC259	g3621
NIC259	g7748
NIC259	g15376
NIC259	g9005
NIC259	g3225
NIC259	g19848
NIC259	g19229
NIC259	g16946
NIC259	g20517
NIC259	g21158
NIC259	g21161
NIC259	g4423
NIC259	g21032
NIC259	g21206
NIC259	g7787
NIC259	g14923
NIC259	g21527
NIC259	g4981
NIC259	g22193
NIC259	g22074
NIC259	g15374
NIC259	g13026
NIC259	g22069
NIC259	g21105
NIC259	g19781
NIC259	g20234
NIC259	g15148
NIC259	g12065
NIC259	g9257
NIC259	g17132
NIC259	g20518
NIC259	g1782
NIC259	g14918
NIC259	g16141
NIC259	g7788
NIC259	g6069
NIC259	g16142
NIC259	g20809
NIC259	g21544
NIC259	g10508
NIC259	g22470
NIC259	g4912
NIC259	g13936
NIC259	g7924
NIC259	g19847
NIC259	g18363
NIC259	g7812
NIC259	g18257
NIC259	g15385
NIC259	g21159
NIC259	g21264
NIC259	g10494
NIC259	g18698
NIC259	g20513
NIC259	g6123
NIC259	g19195
NIC259	g19272
NIC259	g1300
NIC259	g21526
NIC259	g15619
NIC259	g4053
NIC259	g1020
NIC259	g19274
NIC259	g22171
NIC259	g17070
NIC259	g8342
NIC259	g9624
NIC259	g6050
NIC259	g20305
NIC259	g22115
NIC259	g22113
NIC259	g21431
NIC259	g18729
NIC259	g20499
NIC259	g8101
NIC259	g16060
NIC259	g14961
NIC259	g15158
NIC259	g7782
NIC259	g7789
NIC259	g7919
NIC259	g1522
NIC259	g15383
NIC259	g11990
NIC259	g7811
NIC259	g6137
NIC259	g20520
NIC259	g7783
NIC259	g14924
NIC259	g20329
NIC259	g6139
NIC259	g7813
NIC259	g7718
NIC259	g1524
NIC259	g6049
NIC259	g15381
NIC259	g7129
NIC259	g21523
NIC259	g3703
NIC259	g5583
NIC259	g19972
NIC259	g9487
NIC259	g8420
NIC259	g7790
NIC259	g21522
NIC259	g17480
NIC259	g4886
NIC259	g15616
NIC259	g8614
NIC259	g15154
NIC259	g6140
NIC259	g10404
NIC259	g21813
NIC259	g10505
NIC259	g8613
NIC259	g18742
NIC259	g20235
NIC259	g20515
NIC259	g21219
NIC259	g5229
NIC259	g21940
NIC259	g7792
NIC259	g20386
NIC259	g15390
NIC259	g12758
NIC259	g18604
NIC259	g9004
NIC259	g17803
NIC259	g7785
NIC259	g7741
NIC259	g10629
NIC259	g20325
NIC259	g9490
NIC259	g20247
NIC259	g3348
NIC259	g18597
NIC259	g7739
NIC259	g6858
NIC259	g21525
NIC259	g19278
NIC259	g15386
NIC259	g20849
NIC259	g21106
NIC259	g15156
NIC259	g8615
NIC259	g18104
NIC259	g15375
NIC259	g15161
NIC259	g15372
NIC259	g20266
NIC259	g15368
NIC259	g18695
NIC259	g21068
NIC259	g1509
NIC259	g9625
NIC259	g22199
NIC259	g8616
NIC259	g21991
NIC259	g21511
NIC259	g15220
NIC259	g3515
NIC259	g12066
NIC259	g7784
NIC259	g15373
NIC259	g7814
NIC259	g18727
NIC259	g7719
NIC259	g17247
NIC259	g18383
NIC259	g7992
NIC259	g19196
NIC259	g17249
NIC259	g5582
NIC259	g15382
NIC259	g20512
NIC259	g3523
NIC259	g7780
NIC259	g10752
NIC259	g6960
NIC259	g8347
NIC259	g20500
NIC259	g3432
NIC259	g14922
NIC259	g7781
NIC259	g12226
NIC259	g18364
NIC259	g1571
NIC259	g14823
NIC259	g15380
NIC259	g15149
NIC259	g1523
NIC259	g18594
NIC259	g8617
NIC259	g21025
NIC259	g18317
NIC259	g21200
NIC259	g6275
NIC259	g15370
NIC259	g22198
NIC259	g21061
NIC259	g11257
NIC259	g16370
NIC259	g18127
NIC259	g12819
NIC259	g22195
QX1794	g22256
QX1794	g22259
QX1794	g12641
QX1794	g2590
QX1794	g20417
QX1794	g18304
QX1794	g11163
QX1794	g12706
QX1794	g12640
QX1794	g12900
QX1794	g17358
QX1794	g16751
QX1794	g20213
QX1794	g5108
QX1794	g12117
QX1794	g21319
QX1794	g19544
QX1794	g12649
QX1794	g8346
QX1794	g20209
QX1794	g7850
QX1794	g21356
QX1794	g12609
QX1794	g22492
QX1794	g8853
QX1794	g12615
QX1794	g2593
QX1794	g21358
QX1794	g4056
QX1794	g5127
QX1794	g17739
QX1794	g12432
QX1794	g8850
QX1794	g15223
QX1794	g20324
QX1794	g11055
QX1794	g11230
QX1794	g2458
QX1794	g18196
QX1794	g2411
QX1794	g22703
QX1794	g2511
QX1794	g12644
QX1794	g11051
QX1794	g15224
QX1794	g20602
QX1794	g181
QX1794	g21353
QX1794	g8859
QX1794	g2400
QX1794	g3829
QX1794	g12318
QX1794	g18752
QX1794	g22260
QX1794	g2412
QX1794	g9297
QX1794	g22261
QX1794	g15227
QX1794	g5232
QX1794	g22489
QX1794	g4992
QX1794	g20210
QX1794	g17348
QX1794	g3688
QX1794	g192
QX1794	g18643
QX1794	g2584
QX1794	g7739
QX1794	g1112
QX1794	g10645
QX1794	g16795
QX1794	g18307
QX1794	g17364
QX1794	g4914
QX1794	g1817
QX1794	g22086
QX1794	g17356
QX1794	g14994
QX1794	g10784
QX1794	g12191
QX1794	g21278
QX1794	g12639
QX1794	g13134
QX1794	g14405
QX1794	g5133
QX1794	g2829
QX1794	g20212
QX1794	g12614
QX1794	g15057
QX1794	g17362
QX1794	g21277
QX1794	g22293
QX1794	g8039
QX1794	g15889
QX1794	g22296
QX1794	g2830
QX1794	g5964
QX1794	g2594
QX1794	g8051
QX1794	g17616
QX1794	g2159
QX1794	g15233
QX1794	g3141
QX1794	g12610
QX1794	g7898
QX1794	g2552
QX1794	g22490
QX1794	g5182
QX1794	g17633
QX1794	g12053
QX1794	g12612
QX1794	g19542
QX1794	g15217
QX1794	g12050
QX1794	g5316
QX1794	g22493
QX1794	g12888
QX1794	g12647
QX1794	g8
QX1794	g20211
QX1794	g7528
QX1794	g18327
QX1794	g12705
QX1794	g12637
QX1794	g2473
QX1794	g17605
QX1794	g22265
QX1794	g2446
QX1794	g1921
QX1794	g15219
QX1794	g1329
QX1794	g945
QX1794	g18134
QX1794	g21809
QX1794	g12618
QX1794	g19734
QX1794	g2918
QX1794	g2460
QX1794	g4141
QX1794	g15216
QX1794	g12890
QX1794	g20387
QX1794	g15213
QX1794	g19624
QX1794	g20214
QX1794	g8043
QX1794	g17347
QX1794	g2917
QX1794	g15516
QX1794	g11052
QX1794	g16581
QX1794	g20325
QX1794	g12683
QX1794	g645
QX1794	g21776
QX1794	g2514
QX1794	g182
QX1794	g17349
QX1794	g8345
QX1794	g11053
QX1794	g14476
QX1794	g15660
QX1794	g12617
QX1794	g5547
QX1794	g12619
QX1794	g20648
QX1794	g15894
QX1794	g11056
QX1794	g19545
QX1794	g2849
QX1794	g11231
QX1794	g21357
QX1794	g1328
QX1794	g12681
QX1794	g9338
QX1794	g22491
QX1794	g22294
QX1794	g2587
QX1794	g1727
QX1794	g1824
QX1794	g12642
QX1794	g15228
QX1794	g2459
QX1794	g1631
QX1794	g19118
QX1794	g8856
QX1794	g6264
QX1794	g22263
QX1794	g6537
QX1794	g8854
QX1794	g20236
QX1794	g20708
QX1794	g12054
QX1794	g11227
QX1794	g5181
QX1794	g7825
QX1794	g12502
QX1794	g22657
QX1794	g3053
QX1794	g19623
QX1794	g9497
QX1794	g17361
QX1794	g15852
QX1794	g14996
QX1794	g10781
QX1794	g15226
QX1794	g10300
QX1794	g2915
QX1794	g12648
QX1794	g22741
QX1794	g10783
QX1794	g12889
QX1794	g7899
QX1794	g2000
QX1794	g14997
QX1794	g10301
QX1794	g10581
QX1794	g22087
QX1794	g11974
QX1794	g2554
QX1794	g5110
QX1794	g18573
QX1794	g20285
QX1794	g20319
QX1794	g14502
QX1794	g12652
QX1794	g642
QX1794	g943
QX1794	g10562
QX1794	g18192
QX1794	g2916
QX1794	g7826
QX1794	g2457
QX1794	g12927
QX1794	g13447
QX1794	g15661
QX1794	g11054
QX1794	g2398
QX1794	g21775
QX1794	g17359
QX1794	g15211
QX1794	g8524
QX1794	g18644
QX1794	g5180
QX1794	g944
QX1794	g9648
QX1794	g191
QX1794	g16848
QX1794	g2850
QX1794	g15892
QX1794	g13089
QX1794	g5315
QX1794	g12611
QX1794	g644
QX1794	g11069
QX1794	g12542
QX1794	g17365
QX1794	g5109
QX1794	g11564
QX1794	g17351
QX1794	g22262
QX1794	g20208
QX1794	g15229
QX1794	g17614
QX1794	g2513
QX1794	g15218
QX1794	g22295
QX1794	g15000
QX1794	g2352
QX1794	g12603
QX1794	g2442
QX1794	g2914
QX1794	g12616
QX1794	g11050
QX1794	g22280
QX1794	g2551
QX1794	g18701
QX1794	g13133
QX1794	g942
QX1794	g12638
QX1794	g15888
QX1794	g5128
QX1794	g17363
QX1794	g12596
QX1794	g22742
QX1794	g10767
QX1794	g14148
QX1794	g15212
QX1794	g2399
QX1794	g12643
QX1794	g17350
QX1794	g9641
QX1794	g9639
QX1794	g12049
QX1794	g14926
QX1794	g15225
QX1794	g11057
QX1794	g12651
QX1794	g2902
QX1794	g315
QX1794	g941
QX1794	g14995
QX1794	g12613
QX1794	g2095
QX1794	g11070
QX1794	g15890
QX1794	g15215
QX1794	g22266
QX1794	g8061
QX1794	g12646
QX1794	g13191
QX1794	g10830
QX1794	g2153
QX1794	g5056
QX1794	g12650
QX1794	g12498
QX1794	g12645
QX1794	g15886
QX1794	g15659
QX1794	g10782
QX1794	g4999
QX1794	g2417
QX1794	g193
QX1794	g2558
QX1794	g17615
QX1794	g19310
QX1794	g18751
QX1794	g16789
QX1794	g17617
ECA1751	g5722
ECA1751	g6208
ECA1751	g4450
ECA1751	g19977
ECA1751	g6674
ECA1751	g4632
ECA1751	g17405
ECA1751	g7165
ECA1751	g7095
ECA1751	g15225
ECA1751	g9839
ECA1751	g6685
ECA1751	g5329
ECA1751	g14962
ECA1751	g14293
ECA1751	g6638
ECA1751	g4487
ECA1751	g2467
ECA1751	g6309
ECA1751	g4272
ECA1751	g4937
ECA1751	g4232
ECA1751	g8914
ECA1751	g9132
ECA1751	g6639
ECA1751	g3798
ECA1751	g6196
ECA1751	g18804
ECA1751	g14307
ECA1751	g691
ECA1751	g18230
ECA1751	g11501
ECA1751	g9187
ECA1751	g6680
ECA1751	g16397
ECA1751	g4071
ECA1751	g2470
ECA1751	g4447
ECA1751	g5998
ECA1751	g9482
ECA1751	g2473
ECA1751	g5990
ECA1751	g6604
ECA1751	g5945
ECA1751	g15417
ECA1751	g293
ECA1751	g9199
ECA1751	g6782
ECA1751	g11552
ECA1751	g6320
ECA1751	g19635
ECA1751	g5161
ECA1751	g4528
ECA1751	g6671
ECA1751	g9616
ECA1751	g8910
ECA1751	g5114
ECA1751	g4633
ECA1751	g6645
ECA1751	g6635
ECA1751	g6650
ECA1751	g12358
ECA1751	g2476
ECA1751	g687
ECA1751	g18245
ECA1751	g4644
ECA1751	g6974
ECA1751	g4596
ECA1751	g6496
ECA1751	g13474
ECA1751	g15228
ECA1751	g4934
ECA1751	g1579
ECA1751	g15226
ECA1751	g18810
ECA1751	g9703
ECA1751	g9992
ECA1751	g18232
ECA1751	g14241
ECA1751	g8452
ECA1751	g20009
ECA1751	g1885
ECA1751	g6193
ECA1751	g18242
ECA1751	g6310
ECA1751	g4456
ECA1751	g6652
ECA1751	g8916
ECA1751	g12314
ECA1751	g9109
ECA1751	g17255
ECA1751	g4446
ECA1751	g4624
ECA1751	g5811
ECA1751	g1768
ECA1751	g4233
ECA1751	g17091
ECA1751	g4918
ECA1751	g15632
ECA1751	g10544
ECA1751	g21523
ECA1751	g1769
ECA1751	g18246
ECA1751	g5860
ECA1751	g9110
ECA1751	g18410
ECA1751	g14242
ECA1751	g6640
ECA1751	g15633
ECA1751	g6200
ECA1751	g14294
ECA1751	g813
ECA1751	g16166
ECA1751	g6641
ECA1751	g794
ECA1751	g18226
ECA1751	g4939
ECA1751	g57
ECA1751	g11473
ECA1751	g18702
ECA1751	g18703
ECA1751	g4486
ECA1751	g1030
ECA1751	g18469
ECA1751	g4023
ECA1751	g7671
ECA1751	g4952
ECA1751	g7220
ECA1751	g3962
ECA1751	g18244
ECA1751	g6192
ECA1751	g20891
ECA1751	g11474
ECA1751	g15630
ECA1751	g15418
ECA1751	g7223
ECA1751	g811
ECA1751	g1889
ECA1751	g11191
ECA1751	g6582
ECA1751	g9619
ECA1751	g18470
ECA1751	g5981
ECA1751	g6673
ECA1751	g15030
ECA1751	g18240
ECA1751	g18705
ECA1751	g7887
ECA1751	g1886
ECA1751	g4581
ECA1751	g4584
ECA1751	g10457
ECA1751	g4567
ECA1751	g18249
ECA1751	g1958
ECA1751	g8503
ECA1751	g1054
ECA1751	g16087
ECA1751	g4938
ECA1751	g7502
ECA1751	g1888
ECA1751	g20993
ECA1751	g6850
ECA1751	g4482
ECA1751	g12530
ECA1751	g15249
ECA1751	g9046
ECA1751	g6194
ECA1751	g6653
ECA1751	g4234
ECA1751	g9198
ECA1751	g6651
ECA1751	g824
ECA1751	g8139
ECA1751	g16165
ECA1751	g14308
ECA1751	g7886
ECA1751	g6636
ECA1751	g18250
ECA1751	g14309
ECA1751	g13434
ECA1751	g1887
ECA1751	g18745
ECA1751	g4583
ECA1751	g4582
ECA1751	g4688
ECA1751	g4645
ECA1751	g8915
ECA1751	g4933
ECA1751	g6206
ECA1751	g4936
ECA1751	g4237
ECA1751	g22041
ECA1751	g808
ECA1751	g4484
ECA1751	g6642
ECA1751	g7219
ECA1751	g3686
ECA1751	g9106
ECA1751	g11392
ECA1751	g21881
ECA1751	g4852
ECA1751	g8913
ECA1751	g18471
ECA1751	g18247
ECA1751	g16088
ECA1751	g5979
ECA1751	g15366
ECA1751	g8912
ECA1751	g18243
ECA1751	g19092
ECA1751	g18477
ECA1751	g6321
ECA1751	g4021
ECA1751	g18466
ECA1751	g1033
ECA1751	g15497
ECA1751	g6195
ECA1751	g6204
ECA1751	g18233
ECA1751	g18708
ECA1751	g6209
ECA1751	g18478
ECA1751	g6581
ECA1751	g4022
ECA1751	g18235
ECA1751	g5991
ECA1751	g15224
ECA1751	g14310
ECA1751	g6297
ECA1751	g10019
ECA1751	g15223
ECA1751	g6647
ECA1751	g7305
ECA1751	g2136
ECA1751	g4932
ECA1751	g4307
ECA1751	g11553
ECA1751	g4453
ECA1751	g18700
ECA1751	g7501
ECA1751	g9845
ECA1751	g5788
ECA1751	g20629
ECA1751	g18252
ECA1751	g18236
ECA1751	g8367
ECA1751	g6197
ECA1751	g16964
ECA1751	g6311
ECA1751	g16168
ECA1751	g12261
ECA1751	g5980
ECA1751	g5857
ECA1751	g19894
ECA1751	g9620
ECA1751	g11983
ECA1751	g20916
ECA1751	g4935
ECA1751	g4020
ECA1751	g18120
ECA1751	g14441
ECA1751	g18231
ECA1751	g18476
ECA1751	g17151
ECA1751	g2471
ECA1751	g4526
ECA1751	g8929
ECA1751	g9188
ECA1751	g4308
ECA1751	g18241
ECA1751	g6202
ECA1751	g6672
ECA1751	g1959
ECA1751	g6606
ECA1751	g9168
ECA1751	g18704
ECA1751	g8369
ECA1751	g6646
ECA1751	g4594
ECA1751	g8504
ECA1751	g9938
ECA1751	g4006
ECA1751	g8505
ECA1751	g17263
ECA1751	g3522
ECA1751	g555
ECA1751	g20010
ECA1751	g6643
ECA1751	g6207
ECA1751	g8911
ECA1751	g4525
ECA1751	g21524
ECA1751	g9838
ECA1751	g18463
ECA1751	g18234
ECA1751	g6649
ECA1751	g809
ECA1751	g18666
ECA1751	g7224
ECA1751	g6741
ECA1751	g8928
ECA1751	g6654
ECA1751	g7499
ECA1751	g18468
ECA1751	g923
ECA1751	g15227
ECA1751	g15412
ECA1751	g919
ECA1751	g814
ECA1751	g14222
ECA1751	g11701
ECA1751	g8907
ECA1751	g4007
ECA1751	g15222
ECA1751	g6637
ECA1751	g7503
ECA1751	g6786
ECA1751	g14221
ECA1751	g812
ECA1751	g15138
ECA1751	g17496
ECA1751	g9133
ECA1751	g4631
ECA1751	g17265
ECA1751	g6495
ECA1751	g12321
ECA1751	g7500
ECA2187	g3828
ECA2187	g3491
ECA2187	g6535
ECA2187	g21514
ECA2187	g18834
ECA2187	g3700
ECA2187	g4391
ECA2187	g14857
ECA2187	g15360
ECA2187	g14325
ECA2187	g15473
ECA2187	g8656
ECA2187	g21278
ECA2187	g15939
ECA2187	g18101
ECA2187	g19574
ECA2187	g3701
ECA2187	g8938
ECA2187	g9269
ECA2187	g15931
ECA2187	g4031
ECA2187	g14046
ECA2187	g21504
ECA2187	g4695
ECA2187	g21651
ECA2187	g3732
ECA2187	g7430
ECA2187	g14944
ECA2187	g18909
ECA2187	g21311
ECA2187	g3698
ECA2187	g14227
ECA2187	g18790
ECA2187	g760
ECA2187	g3695
ECA2187	g13847
ECA2187	g3733
ECA2187	g3566
ECA2187	g15936
ECA2187	g21284
ECA2187	g4945
ECA2187	g21280
ECA2187	g4287
ECA2187	g7105
ECA2187	g5258
ECA2187	g3720
ECA2187	g21282
ECA2187	g22125
ECA2187	g4709
ECA2187	g16921
ECA2187	g19563
ECA2187	g5251
ECA2187	g10840
ECA2187	g3614
ECA2187	g4064
ECA2187	g15119
ECA2187	g21515
ECA2187	g1853
ECA2187	g21320
ECA2187	g15706
ECA2187	g12527
ECA2187	g22716
ECA2187	g18911
ECA2187	g3111
ECA2187	g12743
ECA2187	g15930
ECA2187	g3737
ECA2187	g4710
ECA2187	g4212
ECA2187	g3992
ECA2187	g19362
ECA2187	g15937
ECA2187	g6915
ECA2187	g21505
ECA2187	g21757
ECA2187	g6725
ECA2187	g15703
ECA2187	g18910
ECA2187	g4345
ECA2187	g4342
ECA2187	g21318
ECA2187	g6726
ECA2187	g15149
ECA2187	g19475
ECA2187	g3112
ECA2187	g15696
ECA2187	g10003
ECA2187	g3702
ECA2187	g21848
ECA2187	g21508
ECA2187	g15769
ECA2187	g15940
ECA2187	g7435
ECA2187	g21615
ECA2187	g14758
ECA2187	g14774
ECA2187	g15938
ECA2187	g20086
ECA2187	g3730
ECA2187	g4729
ECA2187	g4358
ECA2187	g4708
ECA2187	g14231
ECA2187	g4284
ECA2187	g201
ECA2187	g1062
ECA2187	g8996
ECA2187	g18908
ECA2187	g3996
ECA2187	g21776
ECA2187	g15928
ECA2187	g12667
ECA2187	g2825
ECA2187	g15069
ECA2187	g19576
ECA2187	g17793
ECA2187	g18560
ECA2187	g21516
ECA2187	g11197
ECA2187	g21700
ECA2187	g18562
ECA2187	g15935
ECA2187	g18789
ECA2187	g18022
ECA2187	g19337
ECA2187	g4404
ECA2187	g3770
ECA2187	g15944
ECA2187	g2823
ECA2187	g2425
ECA2187	g12694
ECA2187	g6844
ECA2187	g12864
ECA2187	g19578
ECA2187	g13473
ECA2187	g13558
ECA2187	g9920
ECA2187	g3731
ECA2187	g3772
ECA2187	g3735
ECA2187	g17219
ECA2187	g8981
ECA2187	g6847
ECA2187	g15711
ECA2187	g18907
ECA2187	g14254
ECA2187	g18794
ECA2187	g9917
ECA2187	g9918
ECA2187	g14043
ECA2187	g3178
ECA2187	g3682
ECA2187	g18559
ECA2187	g14045
ECA2187	g14165
ECA2187	g14253
ECA2187	g3993
ECA2187	g15697
ECA2187	g19699
ECA2187	g14042
ECA2187	g2168
ECA2187	g18025
ECA2187	g21281
ECA2187	g9983
ECA2187	g18024
ECA2187	g21617
ECA2187	g4344
ECA2187	g4343
ECA2187	g2426
ECA2187	g14048
ECA2187	g14327
ECA2187	g3693
ECA2187	g14777
ECA2187	g19822
ECA2187	g9932
ECA2187	g15476
ECA2187	g16181
ECA2187	g14291
ECA2187	g6843
ECA2187	g9139
ECA2187	g15933
ECA2187	g4242
ECA2187	g15929
ECA2187	g21312
ECA2187	g14252
ECA2187	g8774
ECA2187	g4063
ECA2187	g15478
ECA2187	g8496
ECA2187	g9786
ECA2187	g21703
ECA2187	g14041
ECA2187	g4617
ECA2187	g14061
ECA2187	g4392
ECA2187	g14326
ECA2187	g3738
ECA2187	g3728
ECA2187	g15511
ECA2187	g3107
ECA2187	g15354
ECA2187	g15708
ECA2187	g19365
ECA2187	g2652
ECA2187	g8993
ECA2187	g8994
ECA2187	g3793
ECA2187	g9982
ECA2187	g8995
ECA2187	g15932
ECA2187	g15471
ECA2187	g3991
ECA2187	g4712
ECA2187	g10477
ECA2187	g3721
ECA2187	g18706
ECA2187	g18707
ECA2187	g18102
ECA2187	g15704
ECA2187	g3697
ECA2187	g2824
ECA2187	g4711
ECA2187	g16682
ECA2187	g4449
ECA2187	g4203
ECA2187	g3696
ECA2187	g11461
ECA2187	g19573
ECA2187	g4405
ECA2187	g14776
ECA2187	g4715
ECA2187	g1939
ECA2187	g15475
ECA2187	g5195
ECA2187	g4206
ECA2187	g9047
ECA2187	g17093
ECA2187	g14044
ECA2187	g21271
ECA2187	g1802
ECA2187	g3736
ECA2187	g21509
ECA2187	g7433
ECA2187	g14953
ECA2187	g12744
ECA2187	g17029
ECA2187	g21513
ECA2187	g3370
ECA2187	g4707
ECA2187	g4285
ECA2187	g3968
ECA2187	g21511
ECA2187	g15434
ECA2187	g19471
ECA2187	g1938
ECA2187	g3794
ECA2187	g3108
ECA2187	g1801
ECA2187	g11099
ECA2187	g15698
ECA2187	g4386
ECA2187	g1800
ECA2187	g4895
ECA2187	g21169
ECA2187	g18913
ECA2187	g4236
ECA2187	g21283
ECA2187	g21319
ECA2187	g3699
ECA2187	g3729
ECA2187	g19594
ECA2187	g12587
ECA2187	g12339
ECA2187	g12897
ECA2187	g12668
ECA2187	g15934
ECA2187	g16914
ECA2187	g21270
ECA2187	g3734
ECA2187	g10478
ECA2187	g14634
ECA2187	g14954
ECA2187	g5468
ECA2187	g19579
ECA2187	g3685
ECA2187	g14764
ECA2187	g4360
ECA2187	g14775
ECA2187	g11171
ECA2187	g21616
ECA2187	g4403
ECA2187	g22843
ECA2187	g14060
ECA2187	g3723
ECA2187	g9919
ECA2187	g2826
ECA2187	g4355
ECA2187	g15705
ECA2187	g19694
ECA2187	g6848
ECA2187	g3692
ECA2187	g4243
ECA2187	g19575
ECA2187	g6914
ECA2187	g12034
ECA2187	g16774
ECA2187	g12898
ECA2187	g14047
ECA2187	g3725
ECA2187	g3034
ECA2187	g6320
ECA2187	g7427
ECA2187	g14230
ECA2187	g5294
ECA2187	g3694
ECA2187	g2822
ECA2187	g6378
ECA2187	g3573
ECA2187	g3724
ECA2187	g16043
ECA2187	g16912
ECA2187	g18912
ECA2187	g20329
ECA2187	g18885
ECA2187	g10002
ECA2187	g6845
ECA2187	g4327
ECA2187	g4209
ECA2452	g17442
ECA2452	g9340
ECA2452	g4478
ECA2452	g2123
ECA2452	g6441
ECA2452	g2961
ECA2452	g6354
ECA2452	g22078
ECA2452	g14826
ECA2452	g17667
ECA2452	g4743
ECA2452	g7244
ECA2452	g14599
ECA2452	g5385
ECA2452	g1271
ECA2452	g430
ECA2452	g11794
ECA2452	g4274
ECA2452	g15349
ECA2452	g17448
ECA2452	g6964
ECA2452	g6355
ECA2452	g9039
ECA2452	g8456
ECA2452	g11835
ECA2452	g22576
ECA2452	g6445
ECA2452	g9627
ECA2452	g22568
ECA2452	g4806
ECA2452	g4763
ECA2452	g1906
ECA2452	g9041
ECA2452	g20916
ECA2452	g2127
ECA2452	g479
ECA2452	g22302
ECA2452	g11322
ECA2452	g17669
ECA2452	g14064
ECA2452	g6630
ECA2452	g17443
ECA2452	g5384
ECA2452	g2004
ECA2452	g8450
ECA2452	g4913
ECA2452	g6610
ECA2452	g12592
ECA2452	g14292
ECA2452	g17445
ECA2452	g16458
ECA2452	g2024
ECA2452	g14383
ECA2452	g20768
ECA2452	g17675
ECA2452	g4761
ECA2452	g17437
ECA2452	g17433
ECA2452	g4738
ECA2452	g20771
ECA2452	g5388
ECA2452	g9042
ECA2452	g4774
ECA2452	g6627
ECA2452	g6035
ECA2452	g6440
ECA2452	g5272
ECA2452	g5023
ECA2452	g11613
ECA2452	g592
ECA2452	g8790
ECA2452	g14611
ECA2452	g5784
ECA2452	g9162
ECA2452	g10468
ECA2452	g6899
ECA2452	g5873
ECA2452	g11758
ECA2452	g21400
ECA2452	g6914
ECA2452	g14291
ECA2452	g9161
ECA2452	g21384
ECA2452	g14610
ECA2452	g17432
ECA2452	g288
ECA2452	g21312
ECA2452	g4741
ECA2452	g4771
ECA2452	g3753
ECA2452	g21333
ECA2452	g2034
ECA2452	g11757
ECA2452	g14824
ECA2452	g18560
ECA2452	g5262
ECA2452	g11616
ECA2452	g20878
ECA2452	g21313
ECA2452	g1513
ECA2452	g2233
ECA2452	g17427
ECA2452	g5383
ECA2452	g11581
ECA2452	g4638
ECA2452	g6382
ECA2452	g22434
ECA2452	g14277
ECA2452	g429
ECA2452	g17899
ECA2452	g4209
ECA2452	g20766
ECA2452	g21398
ECA2452	g14657
ECA2452	g14660
ECA2452	g5386
ECA2452	g291
ECA2452	g20917
ECA2452	g6342
ECA2452	g4764
ECA2452	g15351
ECA2452	g4206
ECA2452	g16606
ECA2452	g9038
ECA2452	g6420
ECA2452	g4766
ECA2452	g22558
ECA2452	g2258
ECA2452	g4823
ECA2452	g5959
ECA2452	g5962
ECA2452	g5675
ECA2452	g17441
ECA2452	g3536
ECA2452	g3919
ECA2452	g18646
ECA2452	g16163
ECA2452	g18680
ECA2452	g9711
ECA2452	g14674
ECA2452	g17447
ECA2452	g15267
ECA2452	g4742
ECA2452	g2911
ECA2452	g17673
ECA2452	g19892
ECA2452	g22557
ECA2452	g8969
ECA2452	g11586
ECA2452	g281
ECA2452	g21399
ECA2452	g13541
ECA2452	g20792
ECA2452	g14646
ECA2452	g11833
ECA2452	g14825
ECA2452	g17674
ECA2452	g3280
ECA2452	g6629
ECA2452	g13755
ECA2452	g17903
ECA2452	g15348
ECA2452	g4682
ECA2452	g4734
ECA2452	g20767
ECA2452	g21332
ECA2452	g14658
ECA2452	g14659
ECA2452	g11834
ECA2452	g3537
ECA2452	g4580
ECA2452	g2236
ECA2452	g6831
ECA2452	g12632
ECA2452	g5381
ECA2452	g5390
ECA2452	g6631
ECA2452	g11619
ECA2452	g4765
ECA2452	g14597
ECA2452	g8453
ECA2452	g7130
ECA2452	g16352
ECA2452	g18216
ECA2452	g7401
ECA2452	g4767
ECA2452	g8455
ECA2452	g4210
ECA2452	g4769
ECA2452	g2910
ECA2452	g17901
ECA2452	g1777
ECA2452	g14643
ECA2452	g21396
ECA2452	g21535
ECA2452	g13713
ECA2452	g15268
ECA2452	g22555
ECA2452	g11535
ECA2452	g17862
ECA2452	g17941
ECA2452	g1103
ECA2452	g5271
ECA2452	g6344
ECA2452	g17664
ECA2452	g6902
ECA2452	g9040
ECA2452	g17434
ECA2452	g5389
ECA2452	g21397
ECA2452	g20959
ECA2452	g4824
ECA2452	g6900
ECA2452	g22510
ECA2452	g17436
ECA2452	g22366
ECA2452	g5596
ECA2452	g22569
ECA2452	g2022
ECA2452	g20765
ECA2452	g20501
ECA2452	g1272
ECA2452	g4125
ECA2452	g6343
ECA2452	g14294
ECA2452	g16700
ECA2452	g19795
ECA2452	g14823
ECA2452	g6628
ECA2452	g5287
ECA2452	g4762
ECA2452	g4760
ECA2452	g807
ECA2452	g11622
ECA2452	g17668
ECA2452	g3921
ECA2452	g20999
ECA2452	g3923
ECA2452	g14548
ECA2452	g6624
ECA2452	g19529
ECA2452	g6626
ECA2452	g14598
ECA2452	g14113
ECA2452	g20145
ECA2452	g17449
ECA2452	g5022
ECA2452	g6496
ECA2452	g2020
ECA2452	g3920
ECA2452	g13808
ECA2452	g5380
ECA2452	g22556
ECA2452	g3046
ECA2452	g4744
ECA2452	g5958
ECA2452	g11538
ECA2452	g5387
ECA2452	g10781
ECA2452	g22145
ECA2452	g5075
ECA2452	g17431
ECA2452	g504
ECA2452	g17895
ECA2452	g17666
ECA2452	g17324
ECA2452	g17661
ECA2452	g3047
ECA2452	g4804
ECA2452	g6419
ECA2452	g17994
ECA2452	g11580
ECA2452	g4963
ECA2452	g6915
ECA2452	g2909
ECA2452	g17897
ECA2452	g2019
ECA2452	g5261
ECA2452	g4772
ECA2452	g14305
ECA2452	g4770
ECA2452	g17599
ECA2452	g17444
ECA2452	g16466
ECA2452	g18679
ECA2452	g16468
ECA2452	g4349
ECA2452	g11583
ECA2452	g20500
ECA2452	g6623
ECA2452	g22441
ECA2452	g5379
ECA2452	g4773
ECA2452	g14293
ECA2452	g22247
ECA2452	g4205
ECA2452	g6611
ECA2452	g8459
ECA2452	g22389
ECA2452	g17435
ECA2452	g11537
ECA2452	g20769
ECA2452	g20911
ECA2452	g4768
ECA2452	g8970
ECA2452	g271
ECA2452	g20764
ECA2452	g6853
ECA2452	g503
ECA2452	g2025
ECA2452	g16290
ECA2452	g4634
ECA2452	g6442
ECA2452	g2023
ECA2452	g5776
ECA2452	g6901
ECA2452	g18000
ECA2452	g5273
ECA2452	g6625
ECA2452	g17898
ECA2452	g14616
ECA2452	g15586
ECA2452	g5382
ECA2452	g4914
ECA2452	g13749
ECA2452	g3922
ECA2452	g11623
ECA2452	g19821
ECA2529	g18802
ECA2529	g19230
ECA2529	g9951
ECA2529	g18765
ECA2529	g733
ECA2529	g15531
ECA2529	g6100
ECA2529	g6557
ECA2529	g1416
ECA2529	g18981
ECA2529	g2980
ECA2529	g19022
ECA2529	g15318
ECA2529	g1490
ECA2529	g7885
ECA2529	g10391
ECA2529	g11874
ECA2529	g6439
ECA2529	g12478
ECA2529	g7549
ECA2529	g3081
ECA2529	g18306
ECA2529	g6089
ECA2529	g3857
ECA2529	g15533
ECA2529	g18081
ECA2529	g18725
ECA2529	g7891
ECA2529	g15765
ECA2529	g5697
ECA2529	g17733
ECA2529	g7649
ECA2529	g18609
ECA2529	g7128
ECA2529	g18655
ECA2529	g18304
ECA2529	g18621
ECA2529	g18657
ECA2529	g18806
ECA2529	g16620
ECA2529	g1576
ECA2529	g5652
ECA2529	g14310
ECA2529	g2981
ECA2529	g18608
ECA2529	g15542
ECA2529	g6794
ECA2529	g10390
ECA2529	g15303
ECA2529	g3906
ECA2529	g4477
ECA2529	g7550
ECA2529	g18672
ECA2529	g18668
ECA2529	g10973
ECA2529	g7887
ECA2529	g7268
ECA2529	g7870
ECA2529	g2976
ECA2529	g6099
ECA2529	g18796
ECA2529	g5682
ECA2529	g18805
ECA2529	g4695
ECA2529	g17776
ECA2529	g3190
ECA2529	g5758
ECA2529	g18799
ECA2529	g10326
ECA2529	g7563
ECA2529	g5895
ECA2529	g6950
ECA2529	g6599
ECA2529	g10516
ECA2529	g19021
ECA2529	g11544
ECA2529	g8172
ECA2529	g6231
ECA2529	g18946
ECA2529	g8187
ECA2529	g18945
ECA2529	g10515
ECA2529	g6220
ECA2529	g12368
ECA2529	g2979
ECA2529	g20218
ECA2529	g21285
ECA2529	g6222
ECA2529	g6550
ECA2529	g5197
ECA2529	g15469
ECA2529	g21306
ECA2529	g7125
ECA2529	g15768
ECA2529	g7122
ECA2529	g21286
ECA2529	g2465
ECA2529	g3187
ECA2529	g15873
ECA2529	g15297
ECA2529	g15771
ECA2529	g6224
ECA2529	g18766
ECA2529	g5690
ECA2529	g12371
ECA2529	g12366
ECA2529	g1415
ECA2529	g2992
ECA2529	g6844
ECA2529	g2962
ECA2529	g2982
ECA2529	g5139
ECA2529	g6223
ECA2529	g5593
ECA2529	g6227
ECA2529	g12479
ECA2529	g13212
ECA2529	g5136
ECA2529	g14461
ECA2529	g5727
ECA2529	g7627
ECA2529	g1786
ECA2529	g3210
ECA2529	g10392
ECA2529	g15311
ECA2529	g22109
ECA2529	g14016
ECA2529	g21374
ECA2529	g11958
ECA2529	g18620
ECA2529	g18686
ECA2529	g15317
ECA2529	g5689
ECA2529	g13127
ECA2529	g6943
ECA2529	g15525
ECA2529	g12372
ECA2529	g1267
ECA2529	g21373
ECA2529	g7124
ECA2529	g7890
ECA2529	g17563
ECA2529	g1255
ECA2529	g18728
ECA2529	g1464
ECA2529	g20146
ECA2529	g19020
ECA2529	g12684
ECA2529	g15538
ECA2529	g15541
ECA2529	g4223
ECA2529	g14205
ECA2529	g1272
ECA2529	g15773
ECA2529	g13209
ECA2529	g5688
ECA2529	g21305
ECA2529	g8175
ECA2529	g2977
ECA2529	g16659
ECA2529	g5556
ECA2529	g7026
ECA2529	g5664
ECA2529	g15302
ECA2529	g18669
ECA2529	g5656
ECA2529	g10394
ECA2529	g10044
ECA2529	g18563
ECA2529	g2991
ECA2529	g7652
ECA2529	g7884
ECA2529	g3991
ECA2529	g22075
ECA2529	g10976
ECA2529	g8399
ECA2529	g18307
ECA2529	g19017
ECA2529	g21677
ECA2529	g8676
ECA2529	g10974
ECA2529	g6088
ECA2529	g12394
ECA2529	g5140
ECA2529	g3856
ECA2529	g7628
ECA2529	g12444
ECA2529	g18400
ECA2529	g6229
ECA2529	g22394
ECA2529	g6451
ECA2529	g5379
ECA2529	g21358
ECA2529	g15731
ECA2529	g7548
ECA2529	g15528
ECA2529	g5694
ECA2529	g5687
ECA2529	g5561
ECA2529	g15304
ECA2529	g1489
ECA2529	g5665
ECA2529	g21371
ECA2529	g5693
ECA2529	g21370
ECA2529	g5663
ECA2529	g8173
ECA2529	g15306
ECA2529	g19851
ECA2529	g18671
ECA2529	g6767
ECA2529	g13128
ECA2529	g18670
ECA2529	g20818
ECA2529	g5063
ECA2529	g18768
ECA2529	g5686
ECA2529	g18311
ECA2529	g18308
ECA2529	g14555
ECA2529	g12682
ECA2529	g12473
ECA2529	g20120
ECA2529	g4867
ECA2529	g15532
ECA2529	g10393
ECA2529	g3077
ECA2529	g22198
ECA2529	g21372
ECA2529	g4868
ECA2529	g7871
ECA2529	g15539
ECA2529	g7886
ECA2529	g18607
ECA2529	g18129
ECA2529	g20465
ECA2529	g15319
ECA2529	g10645
ECA2529	g5841
ECA2529	g5684
ECA2529	g6098
ECA2529	g17829
ECA2529	g6221
ECA2529	g4478
ECA2529	g5691
ECA2529	g6450
ECA2529	g5735
ECA2529	g7714
ECA2529	g8230
ECA2529	g2857
ECA2529	g15313
ECA2529	g3990
ECA2529	g8104
ECA2529	g6228
ECA2529	g5737
ECA2529	g12369
ECA2529	g12685
ECA2529	g15301
ECA2529	g18980
ECA2529	g18727
ECA2529	g15530
ECA2529	g4866
ECA2529	g6225
ECA2529	g15183
ECA2529	g6942
ECA2529	g15312
ECA2529	g7123
ECA2529	g10143
ECA2529	g8188
ECA2529	g3855
ECA2529	g6432
ECA2529	g7648
ECA2529	g1263
ECA2529	g4865
ECA2529	g18325
ECA2529	g15767
ECA2529	g13210
ECA2529	g7893
ECA2529	g5692
ECA2529	g15314
ECA2529	g5662
ECA2529	g5757
ECA2529	g14318
ECA2529	g5488
ECA2529	g22076
ECA2529	g14320
ECA2529	g12547
ECA2529	g20817
ECA2529	g18309
ECA2529	g15305
ECA2529	g6491
ECA2529	g5842
ECA2529	g5696
ECA2529	g18310
ECA2529	g2734
ECA2529	g193
ECA2529	g5135
ECA2529	g10970
ECA2529	g6226
ECA2529	g6129
ECA2529	g6131
ECA2529	g6230
ECA2529	g15769
ECA2529	g15315
ECA2529	g5695
ECA2529	g10327
ECA2529	g8126
ECA2529	g15867
ECA2529	g14143
ECA2529	g18292
ECA2529	g15307
ECA2529	g6622
ECA2529	g15537
ECA2529	g15540
ECA2529	g8174
ECA2529	g4864
ECA2529	g18626
ECA2529	g12367
ECA2529	g18770
ECA2529	g2229
ECA2529	g7587
ECA2529	g7888
ECA2529	g13447
ECA2529	g6685
ECA2529	g5683
ECA2529	g17770
ECA2529	g7883
ECA2529	g12370
JU394	g136
JU394	g18557
JU394	g7971
JU394	g22009
JU394	g16777
JU394	g18463
JU394	g22390
JU394	g8149
JU394	g11626
JU394	g20500
JU394	g8190
JU394	g16559
JU394	g2848
JU394	g3102
JU394	g21473
JU394	g16558
JU394	g447
JU394	g1021
JU394	g7473
JU394	g7974
JU394	g18251
JU394	g14822
JU394	g18243
JU394	g3065
JU394	g22079
JU394	g10103
JU394	g18566
JU394	g21964
JU394	g18576
JU394	g7837
JU394	g11727
JU394	g16779
JU394	g4777
JU394	g7891
JU394	g3566
JU394	g7288
JU394	g7976
JU394	g7056
JU394	g9889
JU394	g4429
JU394	g7779
JU394	g7823
JU394	g17051
JU394	g7791
JU394	g2862
JU394	g7825
JU394	g18230
JU394	g19072
JU394	g7010
JU394	g13657
JU394	g11627
JU394	g16785
JU394	g448
JU394	g17555
JU394	g16544
JU394	g5262
JU394	g7121
JU394	g444
JU394	g2846
JU394	g18455
JU394	g18448
JU394	g11622
JU394	g18577
JU394	g7041
JU394	g7204
JU394	g7965
JU394	g7040
JU394	g6048
JU394	g689
JU394	g4471
JU394	g11837
JU394	g18057
JU394	g18787
JU394	g18081
JU394	g323
JU394	g8189
JU394	g15674
JU394	g2581
JU394	g8112
JU394	g18565
JU394	g2566
JU394	g8111
JU394	g22078
JU394	g324
JU394	g2521
JU394	g11625
JU394	g8709
JU394	g21388
JU394	g18130
JU394	g6552
JU394	g7467
JU394	g21409
JU394	g18244
JU394	g21389
JU394	g11107
JU394	g9878
JU394	g22080
JU394	g11834
JU394	g3040
JU394	g7120
JU394	g5211
JU394	g10030
JU394	g7934
JU394	g7049
JU394	g18588
JU394	g11638
JU394	g11608
JU394	g11628
JU394	g6493
JU394	g22081
JU394	g7936
JU394	g18447
JU394	g6951
JU394	g19974
JU394	g20502
JU394	g6490
JU394	g13808
JU394	g3066
JU394	g18457
JU394	g10405
JU394	g11857
JU394	g3563
JU394	g7853
JU394	g7778
JU394	g17501
JU394	g7087
JU394	g17006
JU394	g5829
JU394	g445
JU394	g17824
JU394	g13359
JU394	g7836
JU394	g7839
JU394	g14906
JU394	g7968
JU394	g7790
JU394	g7048
JU394	g7470
JU394	g16554
JU394	g9886
JU394	g2843
JU394	g21476
JU394	g2844
JU394	g4259
JU394	g21963
JU394	g22056
JU394	g19977
JU394	g7894
JU394	g16552
JU394	g2978
JU394	g18449
JU394	g3137
JU394	g8188
JU394	g19976
JU394	g16784
JU394	g21969
JU394	g5578
JU394	g13552
JU394	g20499
JU394	g7047
JU394	g18587
JU394	g21408
JU394	g18454
JU394	g7453
JU394	g11623
JU394	g10079
JU394	g19031
JU394	g6913
JU394	g22077
JU394	g446
JU394	g7022
JU394	g18123
JU394	g16543
JU394	g7838
JU394	g7733
JU394	g11637
JU394	g2849
JU394	g17790
JU394	g3044
JU394	g1024
JU394	g3483
JU394	g2360
JU394	g21477
JU394	g7054
JU394	g7471
JU394	g8185
JU394	g21059
JU394	g2086
JU394	g1022
JU394	g17120
JU394	g6494
JU394	g5210
JU394	g7564
JU394	g21614
JU394	g11606
JU394	g20422
JU394	g18460
JU394	g6737
JU394	g16970
JU394	g18578
JU394	g16774
JU394	g18559
JU394	g7053
JU394	g7046
JU394	g6918
JU394	g2578
JU394	g18450
JU394	g16545
JU394	g16263
JU394	g7023
JU394	g21474
JU394	g7014
JU394	g7052
JU394	g17011
JU394	g7021
JU394	g2580
JU394	g16547
JU394	g9069
JU394	g7474
JU394	g10029
JU394	g17582
JU394	g3125
JU394	g22082
JU394	g16262
JU394	g6414
JU394	g7045
JU394	g7475
JU394	g13899
JU394	g8805
JU394	g2579
JU394	g6219
JU394	g16778
JU394	g11723
JU394	g17911
JU394	g21475
JU394	g10102
JU394	g6220
JU394	g3136
JU394	g2847
JU394	g7777
JU394	g8456
JU394	g5347
JU394	g7975
JU394	g22083
JU394	g7203
JU394	g7042
JU394	g16538
JU394	g4524
JU394	g18462
JU394	g5830
JU394	g7050
JU394	g7098
JU394	g11502
JU394	g5346
JU394	g2842
JU394	g17114
JU394	g3562
JU394	g18232
JU394	g7100
JU394	g22339
JU394	g7472
JU394	g7893
JU394	g16776
JU394	g6218
JU394	g14542
JU394	g16553
JU394	g16771
JU394	g16556
JU394	g16560
JU394	g17007
JU394	g16542
JU394	g7933
JU394	g2565
JU394	g5209
JU394	g6217
JU394	g7487
JU394	g18451
JU394	g1027
JU394	g16711
JU394	g17398
JU394	g7051
JU394	g16555
JU394	g7020
JU394	g13665
JU394	g6845
JU394	g17791
JU394	g13667
JU394	g16546
JU394	g2850
JU394	g17406
JU394	g10192
JU394	g7055
JU394	g7044
JU394	g11375
JU394	g22236
JU394	g6489
JU394	g17317
JU394	g21461
JU394	g12276
JU394	g12814
JU394	g9866
JU394	g9867
JU394	g516
JU394	g18461
JU394	g3045
JU394	g18560
JU394	g18556
JU394	g515
JU394	g18231
JU394	g2627
JU394	g2649
JU394	g13489
JU394	g16548
JU394	g16783
JU394	g6216
JU394	g18183
JU394	g7796
JU394	g7939
JU394	g20421
JU394	g10869
JU394	g2845
JU394	g19680
JU394	g2861
JU394	g17991
JU394	g4465
JU394	g1018
JU394	g8779
JU394	g17009
MY10	g7543
MY10	g19967
MY10	g20148
MY10	g10805
MY10	g6503
MY10	g10420
MY10	g8018
MY10	g19970
MY10	g12916
MY10	g10829
MY10	g21090
MY10	g9538
MY10	g416
MY10	g9737
MY10	g19791
MY10	g1923
MY10	g19750
MY10	g22026
MY10	g12699
MY10	g6322
MY10	g18871
MY10	g12698
MY10	g3731
MY10	g20721
MY10	g19964
MY10	g11624
MY10	g10062
MY10	g487
MY10	g21160
MY10	g2026
MY10	g20462
MY10	g2021
MY10	g12918
MY10	g22553
MY10	g20044
MY10	g7018
MY10	g6317
MY10	g20644
MY10	g19962
MY10	g6600
MY10	g13143
MY10	g20715
MY10	g22345
MY10	g9132
MY10	g14696
MY10	g10795
MY10	g12924
MY10	g3732
MY10	g7344
MY10	g12684
MY10	g774
MY10	g10265
MY10	g17003
MY10	g10794
MY10	g3254
MY10	g3728
MY10	g6320
MY10	g10264
MY10	g10759
MY10	g1919
MY10	g19973
MY10	g16218
MY10	g7974
MY10	g10797
MY10	g2137
MY10	g3795
MY10	g20147
MY10	g9893
MY10	g3602
MY10	g19751
MY10	g15905
MY10	g6043
MY10	g19826
MY10	g6027
MY10	g19827
MY10	g18869
MY10	g3603
MY10	g6524
MY10	g22025
MY10	g1922
MY10	g9945
MY10	g10407
MY10	g10793
MY10	g10408
MY10	g20464
MY10	g18936
MY10	g13146
MY10	g1411
MY10	g2134
MY10	g13254
MY10	g17052
MY10	g13149
MY10	g20003
MY10	g22028
MY10	g10710
MY10	g22023
MY10	g5982
MY10	g415
MY10	g1936
MY10	g10801
MY10	g1905
MY10	g1926
MY10	g21647
MY10	g10739
MY10	g22139
MY10	g6602
MY10	g12250
MY10	g21650
MY10	g14545
MY10	g20113
MY10	g6525
MY10	g2157
MY10	g10828
MY10	g7021
MY10	g20160
MY10	g1925
MY10	g7290
MY10	g16436
MY10	g3729
MY10	g18413
MY10	g14989
MY10	g20205
MY10	g11708
MY10	g20082
MY10	g7022
MY10	g12683
MY10	g12168
MY10	g10791
MY10	g17614
MY10	g10827
MY10	g22029
MY10	g10788
MY10	g12694
MY10	g10263
MY10	g6504
MY10	g10804
MY10	g10824
MY10	g8191
MY10	g10063
MY10	g21588
MY10	g10761
MY10	g20041
MY10	g12692
MY10	g19752
MY10	g22347
MY10	g12923
MY10	g16689
MY10	g14800
MY10	g10831
MY10	g13151
MY10	g12247
MY10	g10268
MY10	g18937
MY10	g12248
MY10	g10825
MY10	g20102
MY10	g20478
MY10	g1920
MY10	g466
MY10	g17684
MY10	g9092
MY10	g3730
MY10	g10823
MY10	g6316
MY10	g7191
MY10	g1935
MY10	g10826
MY10	g10374
MY10	g6323
MY10	g18884
MY10	g16919
MY10	g18447
MY10	g20718
MY10	g6942
MY10	g5816
MY10	g20461
MY10	g19755
MY10	g13812
MY10	g5541
MY10	g10043
MY10	g21271
MY10	g10632
MY10	g9798
MY10	g22051
MY10	g21646
MY10	g17053
MY10	g573
MY10	g10792
MY10	g18956
MY10	g22102
MY10	g20370
MY10	g10280
MY10	g21377
MY10	g10830
MY10	g10631
MY10	g13109
MY10	g20117
MY10	g12913
MY10	g21202
MY10	g6040
MY10	g10266
MY10	g12685
MY10	g18870
MY10	g18868
MY10	g22138
MY10	g21651
MY10	g6042
MY10	g18957
MY10	g12687
MY10	g20457
MY10	g6601
MY10	g7373
MY10	g12169
MY10	g10796
MY10	g19430
MY10	g6111
MY10	g21730
MY10	g9630
MY10	g10798
MY10	g14451
MY10	g22133
MY10	g17710
MY10	g10803
MY10	g10790
MY10	g10799
MY10	g16044
MY10	g12917
MY10	g18867
MY10	g10044
MY10	g2022
MY10	g13463
MY10	g486
MY10	g16043
MY10	g20098
MY10	g10421
MY10	g18226
MY10	g17363
MY10	g21047
MY10	g10275
MY10	g6449
MY10	g10267
MY10	g12678
MY10	g9872
MY10	g7921
MY10	g20463
MY10	g16435
MY10	g20159
MY10	g1799
MY10	g16920
MY10	g10281
MY10	g22348
MY10	g12682
MY10	g20042
MY10	g12915
MY10	g16045
MY10	g9997
MY10	g13832
MY10	g12693
MY10	g10273
MY10	g12910
MY10	g12696
MY10	g12700
MY10	g6089
MY10	g10371
MY10	g6500
MY10	g6590
MY10	g20004
MY10	g6337
MY10	g6026
MY10	g17054
MY10	g20458
MY10	g6321
MY10	g19431
MY10	g16046
MY10	g20444
MY10	g13145
MY10	g20460
MY10	g12850
MY10	g7183
MY10	g12695
MY10	g10406
MY10	g14689
MY10	g18446
MY10	g14687
MY10	g21512
MY10	g22211
MY10	g10800
MY10	g20459
MY10	g12686
MY10	g6324
MY10	g10278
MY10	g6318
MY10	g10789
MY10	g1675
MY10	g7106
MY10	g20724
MY10	g10271
MY10	g11160
MY10	g10279
MY10	g6336
MY10	g10838
MY10	g5705
MY10	g20097
MY10	g13147
MY10	g3794
MY10	g270
MY10	g10578
MY10	g13248
MY10	g10802
MY10	g20720
MY10	g14862
MY10	g21206
MY10	g12688
MY10	g12922
MY10	g6041
MY10	g16047
MY10	g19963
MY10	g20142
MY10	g22024
MY10	g19999
MY10	g1178
MY10	g10738
MY10	g6319
MY10	g12484
MY10	g6562
MY10	g7981
MY10	g9938
MY10	g22027
NIC1119	g16856
NIC1119	g14616
NIC1119	g18783
NIC1119	g22119
NIC1119	g22055
NIC1119	g19308
NIC1119	g3630
NIC1119	g22075
NIC1119	g17034
NIC1119	g1954
NIC1119	g17074
NIC1119	g21461
NIC1119	g3440
NIC1119	g21462
NIC1119	g19130
NIC1119	g18204
NIC1119	g16356
NIC1119	g20576
NIC1119	g21160
NIC1119	g16859
NIC1119	g18799
NIC1119	g12529
NIC1119	g18794
NIC1119	g22121
NIC1119	g18291
NIC1119	g505
NIC1119	g19107
NIC1119	g16725
NIC1119	g2055
NIC1119	g16357
NIC1119	g13146
NIC1119	g16778
NIC1119	g4139
NIC1119	g3435
NIC1119	g16175
NIC1119	g7980
NIC1119	g22093
NIC1119	g13495
NIC1119	g21166
NIC1119	g22088
NIC1119	g16666
NIC1119	g16711
NIC1119	g16678
NIC1119	g16860
NIC1119	g16007
NIC1119	g18277
NIC1119	g19755
NIC1119	g11245
NIC1119	g19121
NIC1119	g4466
NIC1119	g21476
NIC1119	g22047
NIC1119	g2878
NIC1119	g21247
NIC1119	g20573
NIC1119	g3438
NIC1119	g18570
NIC1119	g18784
NIC1119	g1950
NIC1119	g16850
NIC1119	g15313
NIC1119	g3709
NIC1119	g13451
NIC1119	g2164
NIC1119	g16853
NIC1119	g20641
NIC1119	g6311
NIC1119	g20216
NIC1119	g17073
NIC1119	g17670
NIC1119	g5954
NIC1119	g18997
NIC1119	g17000
NIC1119	g5939
NIC1119	g16999
NIC1119	g21978
NIC1119	g22091
NIC1119	g19008
NIC1119	g1953
NIC1119	g19006
NIC1119	g18700
NIC1119	g22053
NIC1119	g1955
NIC1119	g14812
NIC1119	g22249
NIC1119	g16355
NIC1119	g293
NIC1119	g22223
NIC1119	g7977
NIC1119	g18205
NIC1119	g1440
NIC1119	g3737
NIC1119	g280
NIC1119	g2161
NIC1119	g7867
NIC1119	g21482
NIC1119	g7974
NIC1119	g22143
NIC1119	g433
NIC1119	g19004
NIC1119	g16819
NIC1119	g3708
NIC1119	g14435
NIC1119	g9039
NIC1119	g22226
NIC1119	g21979
NIC1119	g16340
NIC1119	g1966
NIC1119	g1936
NIC1119	g1956
NIC1119	g14872
NIC1119	g3736
NIC1119	g19005
NIC1119	g19001
NIC1119	g8666
NIC1119	g14875
NIC1119	g11394
NIC1119	g20577
NIC1119	g22083
NIC1119	g3652
NIC1119	g806
NIC1119	g2184
NIC1119	g4142
NIC1119	g16741
NIC1119	g4413
NIC1119	g21468
NIC1119	g15532
NIC1119	g18225
NIC1119	g20574
NIC1119	g13131
NIC1119	g10956
NIC1119	g3437
NIC1119	g18293
NIC1119	g16724
NIC1119	g16727
NIC1119	g12443
NIC1119	g16677
NIC1119	g22085
NIC1119	g2050
NIC1119	g8582
NIC1119	g22054
NIC1119	g9638
NIC1119	g22227
NIC1119	g19125
NIC1119	g22079
NIC1119	g289
NIC1119	g18292
NIC1119	g8583
NIC1119	g13666
NIC1119	g22082
NIC1119	g16781
NIC1119	g22087
NIC1119	g17072
NIC1119	g19644
NIC1119	g8206
NIC1119	g19101
NIC1119	g3196
NIC1119	g11141
NIC1119	g2829
NIC1119	g7972
NIC1119	g8663
NIC1119	g14342
NIC1119	g18224
NIC1119	g1951
NIC1119	g481
NIC1119	g9708
NIC1119	g16046
NIC1119	g20575
NIC1119	g3433
NIC1119	g16726
NIC1119	g16621
NIC1119	g1965
NIC1119	g3441
NIC1119	g13097
NIC1119	g21252
NIC1119	g21163
NIC1119	g4064
NIC1119	g5729
NIC1119	g16358
NIC1119	g17069
NIC1119	g17594
NIC1119	g5456
NIC1119	g14506
NIC1119	g14871
NIC1119	g22221
NIC1119	g2828
NIC1119	g3651
NIC1119	g22018
NIC1119	g16452
NIC1119	g18999
NIC1119	g21244
NIC1119	g8014
NIC1119	g19122
NIC1119	g21249
NIC1119	g21246
NIC1119	g5951
NIC1119	g21475
NIC1119	g22080
NIC1119	g18290
NIC1119	g3627
NIC1119	g5953
NIC1119	g21473
NIC1119	g16362
NIC1119	g9994
NIC1119	g432
NIC1119	g4496
NIC1119	g9038
NIC1119	g18635
NIC1119	g20215
NIC1119	g22056
NIC1119	g2965
NIC1119	g14949
NIC1119	g16821
NIC1119	g22084
NIC1119	g11489
NIC1119	g19642
NIC1119	g21984
NIC1119	g9734
NIC1119	g15140
NIC1119	g18654
NIC1119	g2051
NIC1119	g504
NIC1119	g15139
NIC1119	g18427
NIC1119	g22089
NIC1119	g16664
NIC1119	g9395
NIC1119	g21460
NIC1119	g20829
NIC1119	g3570
NIC1119	g19120
NIC1119	g13397
NIC1119	g18751
NIC1119	g19007
NIC1119	g15531
NIC1119	g11808
NIC1119	g19106
NIC1119	g5895
NIC1119	g1831
NIC1119	g22076
NIC1119	g21466
NIC1119	g3631
NIC1119	g8205
NIC1119	g2962
NIC1119	g4143
NIC1119	g6022
NIC1119	g19000
NIC1119	g19359
NIC1119	g19297
NIC1119	g19645
NIC1119	g21477
NIC1119	g21478
NIC1119	g17033
NIC1119	g16780
NIC1119	g15141
NIC1119	g19003
NIC1119	g12118
NIC1119	g21467
NIC1119	g22081
NIC1119	g22142
NIC1119	g3690
NIC1119	g18289
NIC1119	g16713
NIC1119	g22086
NIC1119	g19002
NIC1119	g16818
NIC1119	g3455
NIC1119	g5938
NIC1119	g2827
NIC1119	g19756
NIC1119	g16361
NIC1119	g3439
NIC1119	g22222
NIC1119	g22224
NIC1119	g22090
NIC1119	g15142
NIC1119	g16376
NIC1119	g7978
NIC1119	g16359
NIC1119	g22077
NIC1119	g8664
NIC1119	g21310
NIC1119	g4306
NIC1119	g21465
NIC1119	g16665
NIC1119	g11253
NIC1119	g13098
NIC1119	g11255
NIC1119	g16360
NIC1119	g21474
NIC1119	g3442
NIC1119	g4314
NIC1119	g3436
NIC1119	g595
NIC1119	g22092
NIC1119	g1707
NIC1119	g6855
NIC1119	g19459
NIC1119	g14876
NIC1119	g4226
NIC1119	g21157
NIC1119	g17246
NIC1119	g21245
NIC1119	g3454
NIC1119	g19129
NIC1119	g18998
NIC1119	g7976
NIC1119	g21464
NIC1119	g20640
NIC1119	g270
NIC1119	g6000
NIC1119	g7874
NIC1119	g21161
NIC1119	g11081
NIC1119	g14439
NIC1119	g21472
NIC1119	g8207
NIC1119	g21901
NIC1119	g5952
NIC1119	g15143
NIC1119	g14395
NIC1119	g16683
NIC1119	g16824
NIC1119	g18693
NIC1119	g1203
NIC1119	g19914
NIC1119	g13458
NIC1119	g22225
CX11264	g17368
CX11264	g4718
CX11264	g16412
CX11264	g12209
CX11264	g7436
CX11264	g3878
CX11264	g5230
CX11264	g17329
CX11264	g16554
CX11264	g4699
CX11264	g17460
CX11264	g4215
CX11264	g410
CX11264	g5014
CX11264	g4974
CX11264	g20990
CX11264	g485
CX11264	g9841
CX11264	g459
CX11264	g7437
CX11264	g8011
CX11264	g14612
CX11264	g17663
CX11264	g7506
CX11264	g7503
CX11264	g20711
CX11264	g17340
CX11264	g2103
CX11264	g5685
CX11264	g16556
CX11264	g5905
CX11264	g5271
CX11264	g9837
CX11264	g5186
CX11264	g4732
CX11264	g6252
CX11264	g8017
CX11264	g5383
CX11264	g10544
CX11264	g4408
CX11264	g5341
CX11264	g5688
CX11264	g5371
CX11264	g9857
CX11264	g5339
CX11264	g13398
CX11264	g19321
CX11264	g5384
CX11264	g16564
CX11264	g20975
CX11264	g2931
CX11264	g5323
CX11264	g5327
CX11264	g17656
CX11264	g7434
CX11264	g17475
CX11264	g17677
CX11264	g10407
CX11264	g17339
CX11264	g17468
CX11264	g5198
CX11264	g4717
CX11264	g10084
CX11264	g5188
CX11264	g3711
CX11264	g7689
CX11264	g6209
CX11264	g2212
CX11264	g5015
CX11264	g7313
CX11264	g4975
CX11264	g15460
CX11264	g9563
CX11264	g5049
CX11264	g9548
CX11264	g5050
CX11264	g20821
CX11264	g11246
CX11264	g22163
CX11264	g17784
CX11264	g8008
CX11264	g5683
CX11264	g21141
CX11264	g22142
CX11264	g10548
CX11264	g1998
CX11264	g21291
CX11264	g16792
CX11264	g10551
CX11264	g22162
CX11264	g1484
CX11264	g10112
CX11264	g10862
CX11264	g2209
CX11264	g16897
CX11264	g20969
CX11264	g10024
CX11264	g2882
CX11264	g16795
CX11264	g5229
CX11264	g7435
CX11264	g4725
CX11264	g20818
CX11264	g7508
CX11264	g17791
CX11264	g20823
CX11264	g409
CX11264	g17676
CX11264	g1978
CX11264	g4149
CX11264	g17476
CX11264	g20710
CX11264	g18218
CX11264	g4146
CX11264	g17678
CX11264	g19472
CX11264	g1997
CX11264	g7438
CX11264	g10939
CX11264	g9836
CX11264	g10755
CX11264	g786
CX11264	g2232
CX11264	g4789
CX11264	g9609
CX11264	g2009
CX11264	g4726
CX11264	g4698
CX11264	g4762
CX11264	g20983
CX11264	g3499
CX11264	g3875
CX11264	g14015
CX11264	g19028
CX11264	g10646
CX11264	g22074
CX11264	g14694
CX11264	g5195
CX11264	g5372
CX11264	g5310
CX11264	g4724
CX11264	g18134
CX11264	g16548
CX11264	g20817
CX11264	g10028
CX11264	g2098
CX11264	g22075
CX11264	g6421
CX11264	g5268
CX11264	g17474
CX11264	g11177
CX11264	g4976
CX11264	g20504
CX11264	g10123
CX11264	g16563
CX11264	g17365
CX11264	g3244
CX11264	g19217
CX11264	g16797
CX11264	g18215
CX11264	g4723
CX11264	g22143
CX11264	g4586
CX11264	g3500
CX11264	g9631
CX11264	g13358
CX11264	g20974
CX11264	g20989
CX11264	g5324
CX11264	g21690
CX11264	g10747
CX11264	g4513
CX11264	g21441
CX11264	g5430
CX11264	g7501
CX11264	g9842
CX11264	g8014
CX11264	g9338
CX11264	g14048
CX11264	g17076
CX11264	g5684
CX11264	g4979
CX11264	g22561
CX11264	g5227
CX11264	g9066
CX11264	g9839
CX11264	g7502
CX11264	g8012
CX11264	g7507
CX11264	g20795
CX11264	g4150
CX11264	g2881
CX11264	g5191
CX11264	g20745
CX11264	g5594
CX11264	g17463
CX11264	g16753
CX11264	g17338
CX11264	g16551
CX11264	g17366
CX11264	g17472
CX11264	g4722
CX11264	g9560
CX11264	g17473
CX11264	g20976
CX11264	g11846
CX11264	g484
CX11264	g22077
CX11264	g4728
CX11264	g9844
CX11264	g10027
CX11264	g4790
CX11264	g9562
CX11264	g20978
CX11264	g10124
CX11264	g12745
CX11264	g5326
CX11264	g18135
CX11264	g4630
CX11264	g5325
CX11264	g11847
CX11264	g17850
CX11264	g7314
CX11264	g4700
CX11264	g4070
CX11264	g22078
CX11264	g4721
CX11264	g5680
CX11264	g10125
CX11264	g19566
CX11264	g20506
CX11264	g20716
CX11264	g11151
CX11264	g9838
CX11264	g16555
CX11264	g3877
CX11264	g17831
CX11264	g2099
CX11264	g22076
CX11264	g14049
CX11264	g17328
CX11264	g9840
CX11264	g5385
CX11264	g5859
CX11264	g11488
CX11264	g20991
CX11264	g4719
CX11264	g3876
CX11264	g9966
CX11264	g6157
CX11264	g17461
CX11264	g4769
CX11264	g9504
CX11264	g1870
CX11264	g20985
CX11264	g3016
CX11264	g4771
CX11264	g19153
CX11264	g20820
CX11264	g20503
CX11264	g20973
CX11264	g5269
CX11264	g16553
CX11264	g20192
CX11264	g20984
CX11264	g10550
CX11264	g10049
CX11264	g21540
CX11264	g9547
CX11264	g2880
CX11264	g22090
CX11264	g10048
CX11264	g4697
CX11264	g20822
CX11264	g5668
CX11264	g16791
CX11264	g4727
CX11264	g18216
CX11264	g17730
CX11264	g17729
CX11264	g4691
CX11264	g1999
CX11264	g20986
CX11264	g19329
CX11264	g19331
CX11264	g20643
CX11264	g4729
CX11264	g4145
CX11264	g17466
CX11264	g5682
CX11264	g20977
CX11264	g576
CX11264	g4731
CX11264	g5681
CX11264	g1747
CX11264	g17733
CX11264	g3017
CX11264	g9856
CX11264	g15868
CX11264	g3879
CX11264	g7517
CX11264	g17462
CX11264	g16793
CX11264	g10549
CX11264	g20987
CX11264	g4730
CX11264	g10756
CX11264	g7516
CX11264	g271
CX11264	g16891
CX11264	g2000
CX11264	g5700
CX11264	g4582
CX11264	g20979
CX11264	g16789
CX11264	g16562
CX11264	g9561
CX11264	g5187
CX11264	g5366
CX11264	g5224
CX11264	g1251
CX11264	g18452
CX11264	g17914
CX11264	g4686
CX11264	g6216
CX11264	g20819
CX11264	g17078
MY2693	g6741
MY2693	g2645
MY2693	g18688
MY2693	g16650
MY2693	g2215
MY2693	g17253
MY2693	g1756
MY2693	g9574
MY2693	g17761
MY2693	g7968
MY2693	g19172
MY2693	g9498
MY2693	g22142
MY2693	g9524
MY2693	g13214
MY2693	g22208
MY2693	g3047
MY2693	g18695
MY2693	g14149
MY2693	g1874
MY2693	g13381
MY2693	g2087
MY2693	g15839
MY2693	g7865
MY2693	g13145
MY2693	g18191
MY2693	g2226
MY2693	g16648
MY2693	g19038
MY2693	g18613
MY2693	g16332
MY2693	g13577
MY2693	g18697
MY2693	g4442
MY2693	g2631
MY2693	g3053
MY2693	g13402
MY2693	g18500
MY2693	g18544
MY2693	g18188
MY2693	g18512
MY2693	g18546
MY2693	g19628
MY2693	g15898
MY2693	g742
MY2693	g4666
MY2693	g15996
MY2693	g17041
MY2693	g19156
MY2693	g12600
MY2693	g18556
MY2693	g18560
MY2693	g22211
MY2693	g13558
MY2693	g7972
MY2693	g2216
MY2693	g2486
MY2693	g17803
MY2693	g18685
MY2693	g2646
MY2693	g14942
MY2693	g11267
MY2693	g7754
MY2693	g2432
MY2693	g1715
MY2693	g6554
MY2693	g20720
MY2693	g5115
MY2693	g20273
MY2693	g2082
MY2693	g17724
MY2693	g5130
MY2693	g6553
MY2693	g17802
MY2693	g5176
MY2693	g2093
MY2693	g20383
MY2693	g7969
MY2693	g4033
MY2693	g19155
MY2693	g13125
MY2693	g2091
MY2693	g1763
MY2693	g15441
MY2693	g22436
MY2693	g13146
MY2693	g17723
MY2693	g4439
MY2693	g13126
MY2693	g8483
MY2693	g7757
MY2693	g4337
MY2693	g19150
MY2693	g4436
MY2693	g13575
MY2693	g7967
MY2693	g2089
MY2693	g18654
MY2693	g2638
MY2693	g20380
MY2693	g20385
MY2693	g9575
MY2693	g7956
MY2693	g7986
MY2693	g7966
MY2693	g15381
MY2693	g2090
MY2693	g16328
MY2693	g2086
MY2693	g20272
MY2693	g21911
MY2693	g15378
MY2693	g892
MY2693	g22207
MY2693	g13380
MY2693	g9190
MY2693	g7734
MY2693	g20357
MY2693	g16049
MY2693	g2601
MY2693	g19165
MY2693	g14722
MY2693	g22210
MY2693	g14380
MY2693	g449
MY2693	g14067
MY2693	g18511
MY2693	g18573
MY2693	g19171
MY2693	g2639
MY2693	g21826
MY2693	g16656
MY2693	g9934
MY2693	g20379
MY2693	g13213
MY2693	g13576
MY2693	g11482
MY2693	g18616
MY2693	g22143
MY2693	g20169
MY2693	g19899
MY2693	g4676
MY2693	g4667
MY2693	g4673
MY2693	g4670
MY2693	g12916
MY2693	g637
MY2693	g4434
MY2693	g21908
MY2693	g2640
MY2693	g7971
MY2693	g19668
MY2693	g15801
MY2693	g22209
MY2693	g2664
MY2693	g18559
MY2693	g18455
MY2693	g7957
MY2693	g13405
MY2693	g13572
MY2693	g12686
MY2693	g19898
MY2693	g14413
MY2693	g3050
MY2693	g17801
MY2693	g5344
MY2693	g18192
MY2693	g10793
MY2693	g18499
MY2693	g5618
MY2693	g2227
MY2693	g4438
MY2693	g15382
MY2693	g12550
MY2693	g18692
MY2693	g9863
MY2693	g20307
MY2693	g18283
MY2693	g2084
MY2693	g1862
MY2693	g15626
MY2693	g4477
MY2693	g19910
MY2693	g16653
MY2693	g2634
MY2693	g2641
MY2693	g15806
MY2693	g5118
MY2693	g19157
MY2693	g9499
MY2693	g2663
MY2693	g13211
MY2693	g2672
MY2693	g2635
MY2693	g2665
MY2693	g2571
MY2693	g5116
MY2693	g19159
MY2693	g11310
MY2693	g15969
MY2693	g21827
MY2693	g18558
MY2693	g12551
MY2693	g10539
MY2693	g18557
MY2693	g15303
MY2693	g17162
MY2693	g2642
MY2693	g18196
MY2693	g986
MY2693	g20167
MY2693	g20278
MY2693	g19909
MY2693	g9837
MY2693	g19167
MY2693	g15110
MY2693	g16649
MY2693	g7869
MY2693	g3275
MY2693	g13212
MY2693	g15111
MY2693	g13559
MY2693	g4672
MY2693	g4675
MY2693	g4669
MY2693	g3482
MY2693	g13574
MY2693	g18498
MY2693	g13210
MY2693	g18010
MY2693	g10182
MY2693	g19173
MY2693	g2718
MY2693	g2487
MY2693	g2644
MY2693	g13456
MY2693	g2217
MY2693	g18785
MY2693	g2092
MY2693	g14723
MY2693	g2637
MY2693	g1863
MY2693	g2593
MY2693	g8092
MY2693	g12685
MY2693	g16327
MY2693	g22486
MY2693	g2085
MY2693	g2591
MY2693	g17053
MY2693	g20382
MY2693	g19935
MY2693	g20170
MY2693	g19154
MY2693	g18615
MY2693	g16651
MY2693	g15109
MY2693	g2088
MY2693	g1615
MY2693	g19166
MY2693	g17038
MY2693	g18653
MY2693	g5131
MY2693	g12549
MY2693	g13573
MY2693	g20384
MY2693	g13401
MY2693	g15108
MY2693	g18208
MY2693	g4440
MY2693	g21909
MY2693	g13579
MY2693	g16156
MY2693	g2636
MY2693	g19168
MY2693	g2666
MY2693	g2572
MY2693	g750
MY2693	g15734
MY2693	g14412
MY2693	g752
MY2693	g20032
MY2693	g10538
MY2693	g18194
MY2693	g19158
MY2693	g1819
MY2693	g16148
MY2693	g18193
MY2693	g9404
MY2693	g2632
MY2693	g18195
MY2693	g8218
MY2693	g15377
MY2693	g3044
MY2693	g13198
MY2693	g7129
MY2693	g2186
MY2693	g2184
MY2693	g7870
MY2693	g2083
MY2693	g16244
MY2693	g19169
MY2693	g2633
MY2693	g16707
MY2693	g5069
MY2693	g4343
MY2693	g3048
MY2693	g574
MY2693	g18174
MY2693	g19160
MY2693	g1692
MY2693	g4671
MY2693	g4674
MY2693	g4668
MY2693	g4677
MY2693	g5117
MY2693	g15107
MY2693	g18696
MY2693	g18517
MY2693	g18659
MY2693	g8721
MY2693	g20518
MY2693	g1628
MY2693	g11274
MY2693	g13571
MY2693	g20381
MY2693	g21087
ECA3025	g7415
ECA3025	g121
ECA3025	g7928
ECA3025	g16668
ECA3025	g9443
ECA3025	g3128
ECA3025	g10613
ECA3025	g6571
ECA3025	g20962
ECA3025	g7394
ECA3025	g20445
ECA3025	g17624
ECA3025	g19812
ECA3025	g20426
ECA3025	g22104
ECA3025	g6909
ECA3025	g17050
ECA3025	g12965
ECA3025	g1019
ECA3025	g20570
ECA3025	g20254
ECA3025	g8522
ECA3025	g22343
ECA3025	g4782
ECA3025	g22464
ECA3025	g22252
ECA3025	g3077
ECA3025	g8789
ECA3025	g9127
ECA3025	g8451
ECA3025	g685
ECA3025	g9450
ECA3025	g7430
ECA3025	g20127
ECA3025	g8566
ECA3025	g7106
ECA3025	g7579
ECA3025	g22774
ECA3025	g8554
ECA3025	g506
ECA3025	g8886
ECA3025	g8169
ECA3025	g7327
ECA3025	g7942
ECA3025	g21592
ECA3025	g20181
ECA3025	g438
ECA3025	g5617
ECA3025	g8370
ECA3025	g17390
ECA3025	g8377
ECA3025	g8408
ECA3025	g436
ECA3025	g20436
ECA3025	g21577
ECA3025	g20427
ECA3025	g21407
ECA3025	g17614
ECA3025	g21315
ECA3025	g7692
ECA3025	g6404
ECA3025	g4892
ECA3025	g17622
ECA3025	g20081
ECA3025	g310
ECA3025	g7423
ECA3025	g7416
ECA3025	g18617
ECA3025	g7425
ECA3025	g20442
ECA3025	g7428
ECA3025	g2521
ECA3025	g11817
ECA3025	g12892
ECA3025	g20134
ECA3025	g15509
ECA3025	g2565
ECA3025	g13769
ECA3025	g17455
ECA3025	g17625
ECA3025	g17618
ECA3025	g12913
ECA3025	g4676
ECA3025	g7918
ECA3025	g17623
ECA3025	g12893
ECA3025	g4158
ECA3025	g17389
ECA3025	g20649
ECA3025	g17613
ECA3025	g8909
ECA3025	g7929
ECA3025	g8885
ECA3025	g4889
ECA3025	g8448
ECA3025	g14076
ECA3025	g7917
ECA3025	g8407
ECA3025	g2580
ECA3025	g22463
ECA3025	g17612
ECA3025	g4658
ECA3025	g6843
ECA3025	g7946
ECA3025	g21408
ECA3025	g22466
ECA3025	g19497
ECA3025	g17385
ECA3025	g10577
ECA3025	g22106
ECA3025	g17619
ECA3025	g19730
ECA3025	g20761
ECA3025	g6840
ECA3025	g15630
ECA3025	g4675
ECA3025	g440
ECA3025	g7420
ECA3025	g7426
ECA3025	g7743
ECA3025	g20438
ECA3025	g4912
ECA3025	g7488
ECA3025	g4687
ECA3025	g8567
ECA3025	g7393
ECA3025	g1016
ECA3025	g6189
ECA3025	g6568
ECA3025	g15543
ECA3025	g22342
ECA3025	g14933
ECA3025	g12981
ECA3025	g14849
ECA3025	g7422
ECA3025	g505
ECA3025	g18916
ECA3025	g8555
ECA3025	g8214
ECA3025	g20430
ECA3025	g20440
ECA3025	g439
ECA3025	g21593
ECA3025	g17629
ECA3025	g1022
ECA3025	g22462
ECA3025	g22347
ECA3025	g12980
ECA3025	g21595
ECA3025	g22103
ECA3025	g20428
ECA3025	g11745
ECA3025	g17384
ECA3025	g20762
ECA3025	g5932
ECA3025	g19733
ECA3025	g7421
ECA3025	g19732
ECA3025	g12912
ECA3025	g7283
ECA3025	g8506
ECA3025	g6190
ECA3025	g9387
ECA3025	g20952
ECA3025	g20951
ECA3025	g17148
ECA3025	g20246
ECA3025	g8889
ECA3025	g17872
ECA3025	g7427
ECA3025	g7211
ECA3025	g17617
ECA3025	g21591
ECA3025	g2359
ECA3025	g8405
ECA3025	g17383
ECA3025	g17150
ECA3025	g2084
ECA3025	g22465
ECA3025	g22467
ECA3025	g1020
ECA3025	g22440
ECA3025	g6844
ECA3025	g8403
ECA3025	g20441
ECA3025	g5566
ECA3025	g3156
ECA3025	g16123
ECA3025	g20217
ECA3025	g21079
ECA3025	g22383
ECA3025	g1024
ECA3025	g20860
ECA3025	g7468
ECA3025	g17188
ECA3025	g21313
ECA3025	g21325
ECA3025	g17392
ECA3025	g7943
ECA3025	g2577
ECA3025	g2578
ECA3025	g20429
ECA3025	g12421
ECA3025	g20968
ECA3025	g12978
ECA3025	g8134
ECA3025	g7489
ECA3025	g2579
ECA3025	g17616
ECA3025	g15510
ECA3025	g8363
ECA3025	g4677
ECA3025	g21314
ECA3025	g5567
ECA3025	g12422
ECA3025	g7395
ECA3025	g6766
ECA3025	g21804
ECA3025	g12977
ECA3025	g7419
ECA3025	g311
ECA3025	g11719
ECA3025	g19813
ECA3025	g6570
ECA3025	g8507
ECA3025	g8888
ECA3025	g18376
ECA3025	g4778
ECA3025	g20755
ECA3025	g12979
ECA3025	g22469
ECA3025	g8619
ECA3025	g21351
ECA3025	g8364
ECA3025	g11446
ECA3025	g8373
ECA3025	g8568
ECA3025	g17387
ECA3025	g21387
ECA3025	g20950
ECA3025	g12065
ECA3025	g8892
ECA3025	g21598
ECA3025	g8449
ECA3025	g20953
ECA3025	g17147
ECA3025	g21478
ECA3025	g8505
ECA3025	g8508
ECA3025	g20431
ECA3025	g6569
ECA3025	g7386
ECA3025	g7927
ECA3025	g3155
ECA3025	g20218
ECA3025	g18789
ECA3025	g21594
ECA3025	g21596
ECA3025	g13216
ECA3025	g4550
ECA3025	g17615
ECA3025	g5700
ECA3025	g7630
ECA3025	g7470
ECA3025	g8131
ECA3025	g20443
ECA3025	g8519
ECA3025	g16760
ECA3025	g8887
ECA3025	g18727
ECA3025	g8884
ECA3025	g17395
ECA3025	g437
ECA3025	g8104
ECA3025	g3076
ECA3025	g8368
ECA3025	g8215
ECA3025	g16862
ECA3025	g20247
ECA3025	g7414
ECA3025	g8549
ECA3025	g5565
ECA3025	g9077
ECA3025	g21411
ECA3025	g7392
ECA3025	g22468
ECA3025	g3238
ECA3025	g8870
ECA3025	g2245
ECA3025	g17388
ECA3025	g3446
ECA3025	g18610
ECA3025	g6839
ECA3025	g8491
ECA3025	g9660
ECA3025	g8174
ECA3025	g21590
ECA3025	g17620
ECA3025	g17106
ECA3025	g17143
ECA3025	g7429
ECA3025	g7418
ECA3025	g4421
ECA3025	g5701
ECA3025	g7691
ECA3025	g21578
ECA3025	g20434
ECA3025	g6572
ECA3025	g8128
ECA3025	g7424
ECA3025	g18470
ECA3025	g2924
ECA3025	g2628
ECA3025	g17043
ECA3025	g20058
ECA3025	g4678
ECA3025	g7279
ECA3025	g9486
ECA3025	g17733
ECA3025	g18608
ECA3025	g3919
ECA3025	g19991
ECA3025	g7580
ECA3025	g7381
ECA3025	g20444
ECA3025	g17145
JU2841	g2888
JU2841	g17483
JU2841	g10294
JU2841	g9970
JU2841	g12236
JU2841	g12397
JU2841	g19746
JU2841	g66
JU2841	g68
JU2841	g22603
JU2841	g13058
JU2841	g12609
JU2841	g14796
JU2841	g7837
JU2841	g22413
JU2841	g2512
JU2841	g7836
JU2841	g12352
JU2841	g57
JU2841	g2578
JU2841	g3391
JU2841	g9762
JU2841	g10835
JU2841	g9754
JU2841	g13291
JU2841	g22164
JU2841	g17419
JU2841	g14897
JU2841	g10348
JU2841	g13267
JU2841	g55
JU2841	g8708
JU2841	g280
JU2841	g21058
JU2841	g22408
JU2841	g21456
JU2841	g17525
JU2841	g3397
JU2841	g1756
JU2841	g52
JU2841	g4995
JU2841	g17478
JU2841	g6824
JU2841	g14797
JU2841	g20505
JU2841	g20726
JU2841	g7822
JU2841	g15730
JU2841	g9248
JU2841	g2581
JU2841	g22034
JU2841	g22411
JU2841	g9963
JU2841	g9956
JU2841	g12248
JU2841	g14792
JU2841	g10079
JU2841	g7821
JU2841	g12422
JU2841	g17509
JU2841	g21495
JU2841	g16521
JU2841	g15006
JU2841	g9571
JU2841	g9595
JU2841	g2698
JU2841	g21586
JU2841	g4948
JU2841	g12404
JU2841	g12572
JU2841	g20413
JU2841	g4933
JU2841	g22165
JU2841	g4888
JU2841	g14795
JU2841	g21137
JU2841	g9644
JU2841	g10063
JU2841	g8066
JU2841	g17024
JU2841	g7991
JU2841	g20484
JU2841	g12571
JU2841	g8284
JU2841	g9755
JU2841	g20504
JU2841	g14281
JU2841	g8057
JU2841	g15003
JU2841	g8388
JU2841	g15680
JU2841	g13218
JU2841	g8285
JU2841	g17518
JU2841	g22037
JU2841	g14808
JU2841	g14778
JU2841	g14798
JU2841	g16965
JU2841	g21054
JU2841	g9955
JU2841	g10087
JU2841	g5730
JU2841	g8328
JU2841	g16962
JU2841	g6976
JU2841	g2577
JU2841	g17556
JU2841	g12651
JU2841	g22631
JU2841	g13583
JU2841	g15026
JU2841	g12235
JU2841	g20485
JU2841	g20779
JU2841	g7830
JU2841	g16303
JU2841	g19532
JU2841	g2580
JU2841	g11433
JU2841	g6532
JU2841	g10750
JU2841	g8286
JU2841	g12312
JU2841	g12284
JU2841	g17517
JU2841	g12398
JU2841	g5645
JU2841	g12426
JU2841	g18584
JU2841	g7832
JU2841	g22038
JU2841	g22160
JU2841	g13072
JU2841	g810
JU2841	g9957
JU2841	g2513
JU2841	g12649
JU2841	g5199
JU2841	g8065
JU2841	g16050
JU2841	g6719
JU2841	g22409
JU2841	g592
JU2841	g5727
JU2841	g17516
JU2841	g13076
JU2841	g12650
JU2841	g8283
JU2841	g14793
JU2841	g5018
JU2841	g1716
JU2841	g17382
JU2841	g2579
JU2841	g9742
JU2841	g12429
JU2841	g17491
JU2841	g9637
JU2841	g14807
JU2841	g4993
JU2841	g22414
JU2841	g15817
JU2841	g11399
JU2841	g3394
JU2841	g4722
JU2841	g54
JU2841	g4449
JU2841	g22035
JU2841	g22060
JU2841	g20414
JU2841	g16966
JU2841	g15679
JU2841	g13377
JU2841	g17970
JU2841	g18653
JU2841	g22630
JU2841	g22120
JU2841	g22122
JU2841	g12019
JU2841	g12280
JU2841	g635
JU2841	g22428
JU2841	g9967
JU2841	g17205
JU2841	g20417
JU2841	g13066
JU2841	g8249
JU2841	g10080
JU2841	g8055
JU2841	g10062
JU2841	g9960
JU2841	g17522
JU2841	g8058
JU2841	g17387
JU2841	g12185
JU2841	g4945
JU2841	g9958
JU2841	g11863
JU2841	g7823
JU2841	g17492
JU2841	g20416
JU2841	g22407
JU2841	g17521
JU2841	g22600
JU2841	g17490
JU2841	g17587
JU2841	g4947
JU2841	g7825
JU2841	g21455
JU2841	g13217
JU2841	g20699
JU2841	g5646
JU2841	g17969
JU2841	g2697
JU2841	g16889
JU2841	g19654
JU2841	g17514
JU2841	g50
JU2841	g7070
JU2841	g5197
JU2841	g18679
JU2841	g17515
JU2841	g16692
JU2841	g12432
JU2841	g20415
JU2841	g14893
JU2841	g11518
JU2841	g13290
JU2841	g16693
JU2841	g12296
JU2841	g18946
JU2841	g22412
JU2841	g20971
JU2841	g12234
JU2841	g232
JU2841	g18333
JU2841	g7838
JU2841	g3062
JU2841	g10349
JU2841	g17511
JU2841	g22544
JU2841	g7816
JU2841	g10078
JU2841	g540
JU2841	g9969
JU2841	g16304
JU2841	g7820
JU2841	g20972
JU2841	g17519
JU2841	g17564
JU2841	g14670
JU2841	g22604
JU2841	g15816
JU2841	g12355
JU2841	g21053
JU2841	g17566
JU2841	g19543
JU2841	g53
JU2841	g5200
JU2841	g12354
JU2841	g16691
JU2841	g10060
JU2841	g7700
JU2841	g7831
JU2841	g19529
JU2841	g10086
JU2841	g21454
JU2841	g4932
JU2841	g15678
JU2841	g8289
JU2841	g22032
JU2841	g22033
JU2841	g8287
JU2841	g16690
JU2841	g37
JU2841	g5728
JU2841	g20888
JU2841	g12295
JU2841	g17520
JU2841	g7833
JU2841	g17489
JU2841	g17586
JU2841	g6832
JU2841	g17315
JU2841	g11400
JU2841	g6834
JU2841	g9744
JU2841	g9965
JU2841	g20431
JU2841	g7824
JU2841	g22415
JU2841	g20880
JU2841	g17524
JU2841	g51
JU2841	g17513
JU2841	g14548
JU2841	g8051
JU2841	g16961
JU2841	g8060
JU2841	g22427
JU2841	g3388
JU2841	g9968
JU2841	g8059
JU2841	g12247
JU2841	g12297
JU2841	g7834
JU2841	g17523
JU2841	g9743
JU2841	g8382
JU2841	g3392
JU2841	g8064
JU2841	g6656
JU2841	g7826
JU2841	g22246
JU2841	g4946
JU2841	g16689
JU2841	g9696
JU2841	g12253
JU2841	g14044
JU2841	g22410
JU2841	g5963
JU2841	g9505
JU2841	g17510
JU2841	g599
JU2841	g12433
JU2841	g22036
JU346	g21216
JU346	g16986
JU346	g21702
JU346	g11864
JU346	g5937
JU346	g10463
JU346	g21524
JU346	g4330
JU346	g7149
JU346	g6502
JU346	g19553
JU346	g7214
JU346	g7710
JU346	g21513
JU346	g4014
JU346	g19784
JU346	g21932
JU346	g7190
JU346	g10442
JU346	g16896
JU346	g21894
JU346	g16582
JU346	g6583
JU346	g9902
JU346	g11177
JU346	g1673
JU346	g21705
JU346	g18511
JU346	g15377
JU346	g7147
JU346	g5602
JU346	g7396
JU346	g15033
JU346	g5830
JU346	g19779
JU346	g19551
JU346	g18269
JU346	g21624
JU346	g19547
JU346	g10632
JU346	g21035
JU346	g16892
JU346	g21897
JU346	g11424
JU346	g17916
JU346	g1667
JU346	g7507
JU346	g21215
JU346	g10625
JU346	g20719
JU346	g21214
JU346	g11719
JU346	g18680
JU346	g7284
JU346	g9903
JU346	g19788
JU346	g8999
JU346	g9899
JU346	g7186
JU346	g10629
JU346	g16683
JU346	g16682
JU346	g17002
JU346	g2506
JU346	g21696
JU346	g8212
JU346	g7019
JU346	g5940
JU346	g6585
JU346	g21699
JU346	g2179
JU346	g17001
JU346	g6379
JU346	g16533
JU346	g9783
JU346	g4240
JU346	g16222
JU346	g113
JU346	g7634
JU346	g21971
JU346	g19772
JU346	g128
JU346	g21972
JU346	g14925
JU346	g14930
JU346	g16897
JU346	g19771
JU346	g10627
JU346	g13918
JU346	g2590
JU346	g21530
JU346	g19615
JU346	g2569
JU346	g2846
JU346	g14888
JU346	g4169
JU346	g4024
JU346	g11427
JU346	g2589
JU346	g5217
JU346	g10440
JU346	g21585
JU346	g5725
JU346	g16895
JU346	g11430
JU346	g16893
JU346	g21665
JU346	g7020
JU346	g19785
JU346	g16574
JU346	g21525
JU346	g19775
JU346	g5706
JU346	g7774
JU346	g14927
JU346	g16894
JU346	g7007
JU346	g3376
JU346	g7777
JU346	g19770
JU346	g18832
JU346	g21559
JU346	g4535
JU346	g5960
JU346	g6582
JU346	g14929
JU346	g7196
JU346	g5735
JU346	g17003
JU346	g7215
JU346	g6276
JU346	g19780
JU346	g11535
JU346	g8431
JU346	g8045
JU346	g18447
JU346	g9979
JU346	g6371
JU346	g21627
JU346	g2502
JU346	g15461
JU346	g19768
JU346	g5724
JU346	g19559
JU346	g4021
JU346	g2503
JU346	g4983
JU346	g9784
JU346	g17743
JU346	g16695
JU346	g15034
JU346	g14953
JU346	g2848
JU346	g19774
JU346	g13990
JU346	g16890
JU346	g7009
JU346	g11202
JU346	g8682
JU346	g9900
JU346	g18570
JU346	g10631
JU346	g11432
JU346	g17959
JU346	g3373
JU346	g2570
JU346	g8430
JU346	g4221
JU346	g16889
JU346	g45
JU346	g19767
JU346	g20760
JU346	g6584
JU346	g10634
JU346	g7191
JU346	g10441
JU346	g19955
JU346	g19777
JU346	g6687
JU346	g7184
JU346	g10626
JU346	g21210
JU346	g18413
JU346	g1670
JU346	g334
JU346	g21212
JU346	g12954
JU346	g21667
JU346	g606
JU346	g7189
JU346	g7192
JU346	g22378
JU346	g1672
JU346	g6593
JU346	g4170
JU346	g7773
JU346	g21570
JU346	g9050
JU346	g15000
JU346	g4241
JU346	g7327
JU346	g21297
JU346	g2368
JU346	g3297
JU346	g11720
JU346	g11390
JU346	g2847
JU346	g19556
JU346	g116
JU346	g19787
JU346	g10630
JU346	g2505
JU346	g7185
JU346	g16891
JU346	g7126
JU346	g2845
JU346	g7228
JU346	g114
JU346	g7008
JU346	g16510
JU346	g7195
JU346	g17012
JU346	g6200
JU346	g14926
JU346	g9049
JU346	g13317
JU346	g7213
JU346	g7851
JU346	g4000
JU346	g21572
JU346	g15028
JU346	g14016
JU346	g21512
JU346	g6581
JU346	g19552
JU346	g8043
JU346	g21706
JU346	g5826
JU346	g2504
JU346	g21571
JU346	g14285
JU346	g10628
JU346	g13670
JU346	g19765
JU346	g2003
JU346	g10517
JU346	g8044
JU346	g11541
JU346	g18013
JU346	g6503
JU346	g21892
JU346	g171
JU346	g16703
JU346	g17013
JU346	g8914
JU346	g16681
JU346	g7194
JU346	g21213
JU346	g19790
JU346	g5726
JU346	g21626
JU346	g19554
JU346	g10462
JU346	g14928
JU346	g21556
JU346	g8913
JU346	g21664
JU346	g129
JU346	g9051
JU346	g8042
JU346	g9901
JU346	g7187
JU346	g16694
JU346	g10466
JU346	g15102
JU346	g14931
JU346	g11426
JU346	g10612
JU346	g3374
JU346	g19794
JU346	g21893
JU346	g5479
JU346	g7216
JU346	g11203
JU346	g7127
JU346	g9601
JU346	g18688
JU346	g18414
JU346	g18690
JU346	g7778
JU346	g7182
JU346	g13318
JU346	g6596
JU346	g19786
JU346	g16640
JU346	g7183
JU346	g20056
JU346	g10613
JU346	g7193
JU346	g1676
JU346	g19789
JU346	g2518
JU346	g12417
JU346	g8041
JU346	g19778
JU346	g11428
JU346	g7045
JU346	g2180
JU346	g21209
JU346	g67
JU346	g7331
JU346	g7188
JU346	g11201
JU346	g21461
JU346	g115
JU346	g21670
JU346	g3296
JU346	g16888
JU346	g3607
JU346	g16446
JU346	g21195
JU346	g17952
JU346	g7222
JU346	g19776
JU346	g18923
JU346	g5723
NIC1792	g11761
NIC1792	g8468
NIC1792	g14421
NIC1792	g17458
NIC1792	g505
NIC1792	g19331
NIC1792	g8113
NIC1792	g3473
NIC1792	g20513
NIC1792	g7565
NIC1792	g20518
NIC1792	g20745
NIC1792	g8837
NIC1792	g412
NIC1792	g4930
NIC1792	g21232
NIC1792	g8432
NIC1792	g12440
NIC1792	g5684
NIC1792	g8399
NIC1792	g20523
NIC1792	g221
NIC1792	g20516
NIC1792	g12478
NIC1792	g17961
NIC1792	g3536
NIC1792	g12263
NIC1792	g12480
NIC1792	g9172
NIC1792	g12073
NIC1792	g16313
NIC1792	g9179
NIC1792	g8470
NIC1792	g17963
NIC1792	g4209
NIC1792	g8430
NIC1792	g5786
NIC1792	g18030
NIC1792	g4184
NIC1792	g8826
NIC1792	g20747
NIC1792	g11531
NIC1792	g910
NIC1792	g216
NIC1792	g12265
NIC1792	g12475
NIC1792	g11175
NIC1792	g12061
NIC1792	g12108
NIC1792	g11760
NIC1792	g12075
NIC1792	g5781
NIC1792	g10049
NIC1792	g11759
NIC1792	g8596
NIC1792	g8439
NIC1792	g20753
NIC1792	g7906
NIC1792	g9225
NIC1792	g1233
NIC1792	g17977
NIC1792	g20501
NIC1792	g4515
NIC1792	g6617
NIC1792	g8441
NIC1792	g13359
NIC1792	g3539
NIC1792	g2959
NIC1792	g219
NIC1792	g9410
NIC1792	g9190
NIC1792	g5680
NIC1792	g6569
NIC1792	g8836
NIC1792	g14423
NIC1792	g12253
NIC1792	g3293
NIC1792	g5895
NIC1792	g12256
NIC1792	g3472
NIC1792	g8964
NIC1792	g3660
NIC1792	g15467
NIC1792	g20522
NIC1792	g1391
NIC1792	g8967
NIC1792	g8433
NIC1792	g12404
NIC1792	g1407
NIC1792	g12403
NIC1792	g8957
NIC1792	g13550
NIC1792	g5683
NIC1792	g20505
NIC1792	g18050
NIC1792	g8959
NIC1792	g9276
NIC1792	g413
NIC1792	g5685
NIC1792	g7398
NIC1792	g18029
NIC1792	g20510
NIC1792	g18049
NIC1792	g5167
NIC1792	g20511
NIC1792	g5892
NIC1792	g21087
NIC1792	g490
NIC1792	g4135
NIC1792	g8961
NIC1792	g12222
NIC1792	g13553
NIC1792	g8284
NIC1792	g9283
NIC1792	g13548
NIC1792	g1454
NIC1792	g8597
NIC1792	g5696
NIC1792	g5666
NIC1792	g5686
NIC1792	g7843
NIC1792	g20512
NIC1792	g8960
NIC1792	g13662
NIC1792	g8431
NIC1792	g7840
NIC1792	g17004
NIC1792	g9191
NIC1792	g20520
NIC1792	g19654
NIC1792	g8327
NIC1792	g3535
NIC1792	g434
NIC1792	g5915
NIC1792	g8490
NIC1792	g913
NIC1792	g8407
NIC1792	g1181
NIC1792	g20508
NIC1792	g7189
NIC1792	g8442
NIC1792	g3538
NIC1792	g16917
NIC1792	g15247
NIC1792	g218
NIC1792	g16228
NIC1792	g12135
NIC1792	g8280
NIC1792	g14334
NIC1792	g18413
NIC1792	g13554
NIC1792	g21213
NIC1792	g17962
NIC1792	g20519
NIC1792	g11002
NIC1792	g20980
NIC1792	g504
NIC1792	g13885
NIC1792	g409
NIC1792	g20752
NIC1792	g6934
NIC1792	g217
NIC1792	g12815
NIC1792	g20985
NIC1792	g11218
NIC1792	g3989
NIC1792	g20983
NIC1792	g12479
NIC1792	g12060
NIC1792	g7190
NIC1792	g5681
NIC1792	g8824
NIC1792	g9
NIC1792	g10090
NIC1792	g3537
NIC1792	g21224
NIC1792	g22472
NIC1792	g8409
NIC1792	g5695
NIC1792	g222
NIC1792	g16883
NIC1792	g2956
NIC1792	g836
NIC1792	g1622
NIC1792	g11757
NIC1792	g1894
NIC1792	g2958
NIC1792	g14420
NIC1792	g8963
NIC1792	g13576
NIC1792	g7844
NIC1792	g6568
NIC1792	g4296
NIC1792	g12260
NIC1792	g18343
NIC1792	g433
NIC1792	g13626
NIC1792	g11843
NIC1792	g8965
NIC1792	g8440
NIC1792	g8435
NIC1792	g17823
NIC1792	g14335
NIC1792	g236
NIC1792	g12177
NIC1792	g20940
NIC1792	g20742
NIC1792	g8393
NIC1792	g1394
NIC1792	g20502
NIC1792	g19036
NIC1792	g17964
NIC1792	g215
NIC1792	g12122
NIC1792	g8438
NIC1792	g8491
NIC1792	g13661
NIC1792	g1392
NIC1792	g20504
NIC1792	g4134
NIC1792	g1260
NIC1792	g12012
NIC1792	g19037
NIC1792	g9344
NIC1792	g4931
NIC1792	g7769
NIC1792	g12224
NIC1792	g8867
NIC1792	g19749
NIC1792	g13883
NIC1792	g13656
NIC1792	g18317
NIC1792	g8429
NIC1792	g20746
NIC1792	g9325
NIC1792	g17351
NIC1792	g5782
NIC1792	g4208
NIC1792	g7566
NIC1792	g503
NIC1792	g21635
NIC1792	g220
NIC1792	g11579
NIC1792	g18675
NIC1792	g20525
NIC1792	g353
NIC1792	g20495
NIC1792	g8437
NIC1792	g8835
NIC1792	g11272
NIC1792	g8958
NIC1792	g5559
NIC1792	g3659
NIC1792	g6701
NIC1792	g491
NIC1792	g914
NIC1792	g8436
NIC1792	g12180
NIC1792	g13551
NIC1792	g11758
NIC1792	g13886
NIC1792	g20499
NIC1792	g19395
NIC1792	g11755
NIC1792	g8427
NIC1792	g20744
NIC1792	g12080
NIC1792	g8434
NIC1792	g7564
NIC1792	g8962
NIC1792	g20380
NIC1792	g20509
NIC1792	g8217
NIC1792	g20739
NIC1792	g8400
NIC1792	g472
NIC1792	g12221
NIC1792	g1408
NIC1792	g6567
NIC1792	g2953
NIC1792	g13549
NIC1792	g12074
NIC1792	g7563
NIC1792	g3850
NIC1792	g12110
NIC1792	g20677
NIC1792	g1076
NIC1792	g8406
NIC1792	g19510
NIC1792	g16884
NIC1792	g7980
NIC1792	g6702
NIC1792	g20503
NIC1792	g8428
NIC1792	g223
NIC1792	g1084
NIC1792	g17965
NIC1792	g5435
NIC1792	g22372
NIC1792	g7839
NIC1792	g235
NIC1792	g997
NIC1792	g2964
NIC1792	g20500
NIC1792	g8869
NIC1792	g1733
NIC1792	g12179
NIC1792	g8966
NIC1792	g21026
NIC1792	g11754
NIC1792	g1345
NIC1792	g21080
NIC1792	g20751
NIC1792	g19501
NIC1792	g1393
NIC1792	g7562
NIC1792	g12264
NIC1792	g20976
NIC1792	g19512
NIC1792	g12227
NIC1792	g14656
NIC1792	g13741
NIC1792	g11740
NIC1792	g8408
NIC1792	g11212
NIC1792	g13552
WN2001	g19912
WN2001	g2447
WN2001	g1956
WN2001	g7879
WN2001	g19657
WN2001	g20956
WN2001	g10223
WN2001	g12985
WN2001	g8623
WN2001	g17492
WN2001	g20980
WN2001	g20994
WN2001	g8146
WN2001	g11772
WN2001	g1778
WN2001	g956
WN2001	g19907
WN2001	g11697
WN2001	g12799
WN2001	g11724
WN2001	g20949
WN2001	g833
WN2001	g253
WN2001	g1953
WN2001	g1737
WN2001	g2138
WN2001	g6842
WN2001	g8264
WN2001	g8478
WN2001	g20676
WN2001	g10133
WN2001	g17494
WN2001	g13469
WN2001	g12794
WN2001	g1951
WN2001	g8479
WN2001	g13081
WN2001	g1742
WN2001	g17717
WN2001	g247
WN2001	g2150
WN2001	g2104
WN2001	g2448
WN2001	g4136
WN2001	g2136
WN2001	g2627
WN2001	g7553
WN2001	g2449
WN2001	g10235
WN2001	g16305
WN2001	g20946
WN2001	g17500
WN2001	g17203
WN2001	g10356
WN2001	g19927
WN2001	g9290
WN2001	g20945
WN2001	g1122
WN2001	g836
WN2001	g12797
WN2001	g20908
WN2001	g1962
WN2001	g18558
WN2001	g20948
WN2001	g10021
WN2001	g768
WN2001	g8104
WN2001	g957
WN2001	g17816
WN2001	g22087
WN2001	g21917
WN2001	g8473
WN2001	g1815
WN2001	g2137
WN2001	g13618
WN2001	g1816
WN2001	g21544
WN2001	g13663
WN2001	g8484
WN2001	g20787
WN2001	g13385
WN2001	g8482
WN2001	g8153
WN2001	g8610
WN2001	g17424
WN2001	g20944
WN2001	g20954
WN2001	g4697
WN2001	g4203
WN2001	g17720
WN2001	g10750
WN2001	g19928
WN2001	g10024
WN2001	g19933
WN2001	g17723
WN2001	g8480
WN2001	g1993
WN2001	g20784
WN2001	g9340
WN2001	g20859
WN2001	g20789
WN2001	g11773
WN2001	g20952
WN2001	g10251
WN2001	g21541
WN2001	g20888
WN2001	g8481
WN2001	g13473
WN2001	g1991
WN2001	g21065
WN2001	g17823
WN2001	g8477
WN2001	g20675
WN2001	g19169
WN2001	g16155
WN2001	g832
WN2001	g13005
WN2001	g11392
WN2001	g10000
WN2001	g17255
WN2001	g19919
WN2001	g19918
WN2001	g18341
WN2001	g835
WN2001	g20344
WN2001	g16601
WN2001	g20955
WN2001	g19915
WN2001	g6759
WN2001	g1959
WN2001	g2077
WN2001	g19908
WN2001	g20979
WN2001	g19254
WN2001	g2453
WN2001	g20942
WN2001	g5305
WN2001	g20978
WN2001	g20783
WN2001	g20938
WN2001	g20975
WN2001	g3196
WN2001	g21482
WN2001	g20910
WN2001	g20469
WN2001	g17499
WN2001	g8973
WN2001	g16410
WN2001	g12795
WN2001	g2980
WN2001	g20982
WN2001	g17725
WN2001	g19172
WN2001	g4204
WN2001	g20976
WN2001	g13083
WN2001	g10987
WN2001	g1738
WN2001	g4151
WN2001	g21986
WN2001	g5374
WN2001	g834
WN2001	g20974
WN2001	g4152
WN2001	g18021
WN2001	g20977
WN2001	g8579
WN2001	g12800
WN2001	g20310
WN2001	g250
WN2001	g1739
WN2001	g13830
WN2001	g2451
WN2001	g12616
WN2001	g14104
WN2001	g21176
WN2001	g8844
WN2001	g252
WN2001	g20761
WN2001	g21540
WN2001	g12981
WN2001	g9341
WN2001	g20943
WN2001	g4223
WN2001	g20711
WN2001	g2364
WN2001	g3998
WN2001	g8611
WN2001	g3023
WN2001	g8253
WN2001	g12814
WN2001	g21286
WN2001	g20981
WN2001	g2037
WN2001	g8843
WN2001	g17682
WN2001	g17489
WN2001	g21107
WN2001	g21914
WN2001	g19926
WN2001	g11698
WN2001	g12793
WN2001	g2090
WN2001	g4135
WN2001	g21916
WN2001	g4224
WN2001	g19924
WN2001	g13082
WN2001	g17176
WN2001	g19253
WN2001	g20947
WN2001	g2201
WN2001	g4696
WN2001	g21617
WN2001	g16061
WN2001	g20471
WN2001	g20681
WN2001	g20941
WN2001	g20950
WN2001	g18730
WN2001	g17493
WN2001	g10137
WN2001	g12267
WN2001	g8254
WN2001	g18731
WN2001	g8624
WN2001	g5669
WN2001	g12798
WN2001	g2152
WN2001	g5054
WN2001	g19906
WN2001	g586
WN2001	g12919
WN2001	g8475
WN2001	g2927
WN2001	g20940
WN2001	g8483
WN2001	g18342
WN2001	g9207
WN2001	g5400
WN2001	g2034
WN2001	g8476
WN2001	g4134
WN2001	g20786
WN2001	g2450
WN2001	g19913
WN2001	g20468
WN2001	g19929
WN2001	g17491
WN2001	g2131
WN2001	g18729
WN2001	g15433
WN2001	g19914
WN2001	g17486
WN2001	g9205
WN2001	g13006
WN2001	g18122
WN2001	g8576
WN2001	g1994
WN2001	g13619
WN2001	g9342
WN2001	g8270
WN2001	g20788
WN2001	g18728
WN2001	g17719
WN2001	g2102
WN2001	g19171
WN2001	g10481
WN2001	g17764
WN2001	g17364
WN2001	g19911
WN2001	g8609
WN2001	g2151
WN2001	g8081
WN2001	g16298
WN2001	g20311
WN2001	g16296
WN2001	g21408
WN2001	g20607
WN2001	g20951
WN2001	g19925
WN2001	g8208
WN2001	g12801
WN2001	g17356
WN2001	g11604
WN2001	g20939
WN2001	g21545
WN2001	g12813
WN2001	g256
WN2001	g4138
WN2001	g141
WN2001	g13071
WN2001	g2035
WN2001	g13557
WN2001	g17721
WN2001	g19910
WN2001	g769
WN2001	g2675
WN2001	g2454
WN2001	g11912
WN2001	g8786
WN2001	g21963
WN2001	g20953
WN2001	g10232
WN2001	g16474
WN2001	g21111
WN2001	g19923
WN2001	g17498
WN2001	g10234
WN2001	g12984
WN2001	g21915
WN2001	g20989
WN2001	g8474
WN2001	g18727
WN2001	g1952
WN2001	g1988
WN2001	g4137
WN2001	g20887
WN2001	g12796
WN2001	g10233
WN2001	g18932
WN2001	g8017
WN2001	g2467
WN2001	g13043
WN2001	g2987
WN2001	g20785
ECA1185	g18495
ECA1185	g1938
ECA1185	g8916
ECA1185	g19046
ECA1185	g15908
ECA1185	g11424
ECA1185	g21241
ECA1185	g8336
ECA1185	g13108
ECA1185	g22161
ECA1185	g7819
ECA1185	g15634
ECA1185	g15123
ECA1185	g7697
ECA1185	g12933
ECA1185	g226
ECA1185	g16655
ECA1185	g14515
ECA1185	g16647
ECA1185	g7698
ECA1185	g18925
ECA1185	g13174
ECA1185	g9806
ECA1185	g8727
ECA1185	g18685
ECA1185	g15868
ECA1185	g13109
ECA1185	g11299
ECA1185	g13002
ECA1185	g15778
ECA1185	g2600
ECA1185	g21290
ECA1185	g321
ECA1185	g7482
ECA1185	g661
ECA1185	g9479
ECA1185	g18923
ECA1185	g7694
ECA1185	g17872
ECA1185	g7167
ECA1185	g13141
ECA1185	g545
ECA1185	g557
ECA1185	g2049
ECA1185	g22307
ECA1185	g9300
ECA1185	g228
ECA1185	g16953
ECA1185	g934
ECA1185	g2138
ECA1185	g22554
ECA1185	g18742
ECA1185	g19033
ECA1185	g3228
ECA1185	g13138
ECA1185	g9237
ECA1185	g9235
ECA1185	g716
ECA1185	g743
ECA1185	g11917
ECA1185	g16030
ECA1185	g736
ECA1185	g9233
ECA1185	g7975
ECA1185	g225
ECA1185	g1935
ECA1185	g2895
ECA1185	g18583
ECA1185	g9109
ECA1185	g14516
ECA1185	g744
ECA1185	g606
ECA1185	g603
ECA1185	g2048
ECA1185	g16038
ECA1185	g16040
ECA1185	g16310
ECA1185	g7712
ECA1185	g14600
ECA1185	g6088
ECA1185	g11344
ECA1185	g16649
ECA1185	g15967
ECA1185	g16645
ECA1185	g15867
ECA1185	g11657
ECA1185	g19056
ECA1185	g19773
ECA1185	g18938
ECA1185	g8647
ECA1185	g209
ECA1185	g19045
ECA1185	g229
ECA1185	g664
ECA1185	g4654
ECA1185	g11359
ECA1185	g7713
ECA1185	g242
ECA1185	g12594
ECA1185	g2151
ECA1185	g13397
ECA1185	g22275
ECA1185	g13134
ECA1185	g15636
ECA1185	g13130
ECA1185	g22079
ECA1185	g8535
ECA1185	g12591
ECA1185	g6209
ECA1185	g3643
ECA1185	g593
ECA1185	g13136
ECA1185	g17443
ECA1185	g1911
ECA1185	g16659
ECA1185	g544
ECA1185	g16651
ECA1185	g9803
ECA1185	g6122
ECA1185	g16648
ECA1185	g18636
ECA1185	g2153
ECA1185	g5511
ECA1185	g5425
ECA1185	g22553
ECA1185	g13039
ECA1185	g13126
ECA1185	g621
ECA1185	g13107
ECA1185	g9299
ECA1185	g969
ECA1185	g16660
ECA1185	g13791
ECA1185	g556
ECA1185	g889
ECA1185	g9236
ECA1185	g16025
ECA1185	g9809
ECA1185	g16644
ECA1185	g7695
ECA1185	g2869
ECA1185	g22577
ECA1185	g15633
ECA1185	g2172
ECA1185	g18924
ECA1185	g16665
ECA1185	g2969
ECA1185	g16039
ECA1185	g2276
ECA1185	g13129
ECA1185	g22082
ECA1185	g14580
ECA1185	g22081
ECA1185	g604
ECA1185	g605
ECA1185	g543
ECA1185	g8346
ECA1185	g8347
ECA1185	g20036
ECA1185	g13131
ECA1185	g14529
ECA1185	g16268
ECA1185	g18343
ECA1185	g223
ECA1185	g709
ECA1185	g7699
ECA1185	g11138
ECA1185	g19221
ECA1185	g16266
ECA1185	g10870
ECA1185	g13133
ECA1185	g13279
ECA1185	g9807
ECA1185	g19029
ECA1185	g22550
ECA1185	g12595
ECA1185	g7879
ECA1185	g21777
ECA1185	g13172
ECA1185	g21212
ECA1185	g227
ECA1185	g18718
ECA1185	g8221
ECA1185	g18926
ECA1185	g13128
ECA1185	g18937
ECA1185	g9811
ECA1185	g8436
ECA1185	g13280
ECA1185	g16231
ECA1185	g7977
ECA1185	g16028
ECA1185	g12144
ECA1185	g19032
ECA1185	g11356
ECA1185	g11357
ECA1185	g14514
ECA1185	g18934
ECA1185	g16658
ECA1185	g8330
ECA1185	g13137
ECA1185	g13194
ECA1185	g15872
ECA1185	g14579
ECA1185	g11358
ECA1185	g13195
ECA1185	g16656
ECA1185	g6089
ECA1185	g13127
ECA1185	g747
ECA1185	g7976
ECA1185	g22551
ECA1185	g18628
ECA1185	g20837
ECA1185	g12516
ECA1185	g7500
ECA1185	g9110
ECA1185	g13132
ECA1185	g22162
ECA1185	g4347
ECA1185	g16032
ECA1185	g12318
ECA1185	g2149
ECA1185	g17195
ECA1185	g16646
ECA1185	g1199
ECA1185	g8541
ECA1185	g7882
ECA1185	g1000
ECA1185	g494
ECA1185	g7939
ECA1185	g740
ECA1185	g2148
ECA1185	g16384
ECA1185	g22552
ECA1185	g7692
ECA1185	g8348
ECA1185	g8345
ECA1185	g16269
ECA1185	g18928
ECA1185	g12317
ECA1185	g19047
ECA1185	g7230
ECA1185	g14379
ECA1185	g16378
ECA1185	g21213
ECA1185	g7173
ECA1185	g18939
ECA1185	g18719
ECA1185	g13667
ECA1185	g12319
ECA1185	g22556
ECA1185	g12315
ECA1185	g972
ECA1185	g16661
ECA1185	g13605
ECA1185	g16033
ECA1185	g663
ECA1185	g7902
ECA1185	g9234
ECA1185	g21291
ECA1185	g888
ECA1185	g16650
ECA1185	g18932
ECA1185	g18940
ECA1185	g2044
ECA1185	g42
ECA1185	g1114
ECA1185	g11423
ECA1185	g590
ECA1185	g21130
ECA1185	g13135
ECA1185	g2169
ECA1185	g1255
ECA1185	g7883
ECA1185	g13094
ECA1185	g11027
ECA1185	g18927
ECA1185	g588
ECA1185	g13106
ECA1185	g222
ECA1185	g16962
ECA1185	g18749
ECA1185	g20838
ECA1185	g8534
ECA1185	g6961
ECA1185	g929
ECA1185	g2154
ECA1185	g16657
ECA1185	g18720
ECA1185	g14517
ECA1185	g16273
ECA1185	g13140
ECA1185	g12590
ECA1185	g13139
ECA1185	g18931
ECA1185	g12320
ECA1185	g15316
ECA1185	g975
ECA1185	g11916
ECA1185	g2271
ECA1185	g16031
ECA1185	g230
ECA1185	g22555
ECA1185	g710
ECA1185	g13100
ECA1185	g2150
ECA1185	g1256
ECA1185	g17103
ECA1185	g21432
ECA1185	g11405
ECA1185	g18561
ECA1185	g15211
ECA1185	g12998
ECA1185	g7696
ECA1185	g12649
ECA1185	g19057
ECA1185	g7131
ECA1185	g7903
ECA1185	g562
ECA1185	g18483
ECA1185	g16964
ECA1185	g12823
ECA1185	g14599
ECA1185	g16271
ECA1255	g16178
ECA1255	g15964
ECA1255	g675
ECA1255	g19532
ECA1255	g7534
ECA1255	g17273
ECA1255	g16179
ECA1255	g18676
ECA1255	g17247
ECA1255	g21586
ECA1255	g17449
ECA1255	g4396
ECA1255	g15926
ECA1255	g16140
ECA1255	g19408
ECA1255	g15474
ECA1255	g13270
ECA1255	g20606
ECA1255	g17454
ECA1255	g20599
ECA1255	g9772
ECA1255	g9195
ECA1255	g15967
ECA1255	g16578
ECA1255	g6289
ECA1255	g16569
ECA1255	g17206
ECA1255	g7869
ECA1255	g3192
ECA1255	g7642
ECA1255	g20595
ECA1255	g1217
ECA1255	g18678
ECA1255	g22504
ECA1255	g15884
ECA1255	g15929
ECA1255	g18155
ECA1255	g15290
ECA1255	g16772
ECA1255	g17237
ECA1255	g9188
ECA1255	g16767
ECA1255	g15771
ECA1255	g4593
ECA1255	g15817
ECA1255	g15784
ECA1255	g17469
ECA1255	g15819
ECA1255	g16102
ECA1255	g20364
ECA1255	g15477
ECA1255	g8277
ECA1255	g10202
ECA1255	g4858
ECA1255	g9771
ECA1255	g17270
ECA1255	g3108
ECA1255	g17239
ECA1255	g9775
ECA1255	g21589
ECA1255	g17452
ECA1255	g18028
ECA1255	g16892
ECA1255	g5251
ECA1255	g15958
ECA1255	g17083
ECA1255	g2020
ECA1255	g9525
ECA1255	g8270
ECA1255	g7531
ECA1255	g9705
ECA1255	g18366
ECA1255	g9893
ECA1255	g16776
ECA1255	g7136
ECA1255	g15492
ECA1255	g10770
ECA1255	g20594
ECA1255	g16765
ECA1255	g21249
ECA1255	g10785
ECA1255	g16777
ECA1255	g20602
ECA1255	g14794
ECA1255	g5336
ECA1255	g16775
ECA1255	g16465
ECA1255	g16103
ECA1255	g3899
ECA1255	g20755
ECA1255	g20601
ECA1255	g5315
ECA1255	g18753
ECA1255	g10428
ECA1255	g5335
ECA1255	g299
ECA1255	g18475
ECA1255	g17251
ECA1255	g10532
ECA1255	g20584
ECA1255	g17181
ECA1255	g15472
ECA1255	g17280
ECA1255	g10431
ECA1255	g1856
ECA1255	g16773
ECA1255	g15927
ECA1255	g17455
ECA1255	g17279
ECA1255	g16458
ECA1255	g10830
ECA1255	g7765
ECA1255	g4332
ECA1255	g16774
ECA1255	g16769
ECA1255	g19406
ECA1255	g4329
ECA1255	g12554
ECA1255	g17685
ECA1255	g2227
ECA1255	g7511
ECA1255	g18158
ECA1255	g7737
ECA1255	g17272
ECA1255	g3684
ECA1255	g9774
ECA1255	g4062
ECA1255	g19582
ECA1255	g13461
ECA1255	g5247
ECA1255	g15829
ECA1255	g15832
ECA1255	g6374
ECA1255	g21473
ECA1255	g15845
ECA1255	g17762
ECA1255	g20605
ECA1255	g17245
ECA1255	g17252
ECA1255	g1932
ECA1255	g19487
ECA1255	g17599
ECA1255	g15473
ECA1255	g18670
ECA1255	g21585
ECA1255	g16766
ECA1255	g1709
ECA1255	g15932
ECA1255	g5248
ECA1255	g61
ECA1255	g9892
ECA1255	g8486
ECA1255	g1694
ECA1255	g20597
ECA1255	g21247
ECA1255	g16902
ECA1255	g17242
ECA1255	g17761
ECA1255	g14724
ECA1255	g21248
ECA1255	g10201
ECA1255	g16557
ECA1255	g13273
ECA1255	g17450
ECA1255	g20588
ECA1255	g1713
ECA1255	g10433
ECA1255	g19409
ECA1255	g5316
ECA1255	g20596
ECA1255	g15770
ECA1255	g3685
ECA1255	g15458
ECA1255	g16768
ECA1255	g1905
ECA1255	g10702
ECA1255	g16770
ECA1255	g20591
ECA1255	g20405
ECA1255	g9773
ECA1255	g15961
ECA1255	g18374
ECA1255	g15830
ECA1255	g15831
ECA1255	g4698
ECA1255	g1703
ECA1255	g18979
ECA1255	g16180
ECA1255	g19617
ECA1255	g10425
ECA1255	g21438
ECA1255	g18246
ECA1255	g15478
ECA1255	g9192
ECA1255	g10996
ECA1255	g3056
ECA1255	g15475
ECA1255	g16175
ECA1255	g21896
ECA1255	g4768
ECA1255	g11272
ECA1255	g21588
ECA1255	g17250
ECA1255	g9194
ECA1255	g21563
ECA1255	g13336
ECA1255	g4333
ECA1255	g17244
ECA1255	g21511
ECA1255	g15559
ECA1255	g5113
ECA1255	g20603
ECA1255	g19486
ECA1255	g1931
ECA1255	g10387
ECA1255	g17085
ECA1255	g18673
ECA1255	g17248
ECA1255	g10773
ECA1255	g11112
ECA1255	g16771
ECA1255	g5250
ECA1255	g17241
ECA1255	g16139
ECA1255	g21474
ECA1255	g10771
ECA1255	g15783
ECA1255	g17664
ECA1255	g8314
ECA1255	g1855
ECA1255	g18550
ECA1255	g16570
ECA1255	g20589
ECA1255	g15720
ECA1255	g5807
ECA1255	g16399
ECA1255	g17451
ECA1255	g17749
ECA1255	g4254
ECA1255	g15479
ECA1255	g12646
ECA1255	g21479
ECA1255	g14698
ECA1255	g21250
ECA1255	g18677
ECA1255	g4064
ECA1255	g16558
ECA1255	g15968
ECA1255	g16418
ECA1255	g7646
ECA1255	g3055
ECA1255	g5249
ECA1255	g17722
ECA1255	g14429
ECA1255	g17453
ECA1255	g17246
ECA1255	g5808
ECA1255	g15044
ECA1255	g20608
ECA1255	g4803
ECA1255	g4063
ECA1255	g12405
ECA1255	g16903
ECA1255	g16893
ECA1255	g8217
ECA1255	g3191
ECA1255	g17750
ECA1255	g17661
ECA1255	g18159
ECA1255	g17180
ECA1255	g15476
ECA1255	g7746
ECA1255	g15886
ECA1255	g18675
ECA1255	g15789
ECA1255	g17447
ECA1255	g3423
ECA1255	g17271
ECA1255	g17208
ECA1255	g17686
ECA1255	g18879
ECA1255	g7748
ECA1255	g10786
ECA1255	g3054
ECA1255	g4065
ECA1255	g21591
ECA1255	g21590
ECA1255	g17240
ECA1255	g10427
ECA1255	g20775
ECA1255	g10074
ECA1255	g10472
ECA1255	g12413
ECA1255	g19616
ECA1255	g12415
ECA1255	g17665
ECA1255	g15887
ECA1255	g21393
ECA1255	g4328
ECA1255	g17456
ECA1255	g17238
ECA1255	g20592
ECA1255	g17468
ECA1255	g9198
ECA1255	g5263
ECA1255	g4066
ECA1255	g17243
ECA1255	g10429
ECA1255	g9706
ECA1255	g10724
ECA1255	g10525
ECA1255	g16517
ECA1255	g17760
ECA1255	g4764
ECA1255	g10200
ECA1255	g10772
ECA1255	g16891
ECA1255	g17249
ECA1255	g7747
ECA1255	g19171
ECA1255	g16333
ECA1255	g17253
ECA1255	g21587
ECA1255	g21439
ECA1255	g7749
ECA1825	g4677
ECA1825	g22322
ECA1825	g16558
ECA1825	g20964
ECA1825	g17812
ECA1825	g17058
ECA1825	g17368
ECA1825	g5683
ECA1825	g3944
ECA1825	g4991
ECA1825	g18423
ECA1825	g14836
ECA1825	g3943
ECA1825	g14719
ECA1825	g4372
ECA1825	g14254
ECA1825	g4223
ECA1825	g12079
ECA1825	g4786
ECA1825	g20669
ECA1825	g4825
ECA1825	g3947
ECA1825	g18924
ECA1825	g22705
ECA1825	g22665
ECA1825	g19212
ECA1825	g480
ECA1825	g18019
ECA1825	g6581
ECA1825	g21269
ECA1825	g21277
ECA1825	g18335
ECA1825	g4917
ECA1825	g4828
ECA1825	g21324
ECA1825	g19029
ECA1825	g4724
ECA1825	g5036
ECA1825	g16926
ECA1825	g16879
ECA1825	g19412
ECA1825	g428
ECA1825	g14257
ECA1825	g16317
ECA1825	g17748
ECA1825	g16979
ECA1825	g6246
ECA1825	g7916
ECA1825	g16364
ECA1825	g4843
ECA1825	g15967
ECA1825	g16868
ECA1825	g16557
ECA1825	g16880
ECA1825	g21822
ECA1825	g16556
ECA1825	g13263
ECA1825	g2031
ECA1825	g9111
ECA1825	g18154
ECA1825	g3545
ECA1825	g14481
ECA1825	g4602
ECA1825	g17401
ECA1825	g4841
ECA1825	g4915
ECA1825	g4838
ECA1825	g21069
ECA1825	g4837
ECA1825	g14263
ECA1825	g17052
ECA1825	g17061
ECA1825	g16010
ECA1825	g2232
ECA1825	g14256
ECA1825	g18031
ECA1825	g22412
ECA1825	g5874
ECA1825	g22666
ECA1825	g10183
ECA1825	g2020
ECA1825	g18125
ECA1825	g8082
ECA1825	g2120
ECA1825	g14491
ECA1825	g19924
ECA1825	g4878
ECA1825	g22462
ECA1825	g11154
ECA1825	g14419
ECA1825	g14253
ECA1825	g6586
ECA1825	g18493
ECA1825	g21062
ECA1825	g1502
ECA1825	g11461
ECA1825	g1264
ECA1825	g510
ECA1825	g16552
ECA1825	g17020
ECA1825	g8141
ECA1825	g4918
ECA1825	g14265
ECA1825	g4824
ECA1825	g18205
ECA1825	g4227
ECA1825	g2018
ECA1825	g12388
ECA1825	g21070
ECA1825	g5271
ECA1825	g8751
ECA1825	g509
ECA1825	g4836
ECA1825	g5269
ECA1825	g14258
ECA1825	g5037
ECA1825	g12160
ECA1825	g6004
ECA1825	g4491
ECA1825	g793
ECA1825	g2257
ECA1825	g16941
ECA1825	g16867
ECA1825	g16915
ECA1825	g4804
ECA1825	g4835
ECA1825	g14249
ECA1825	g18922
ECA1825	g2016
ECA1825	g16928
ECA1825	g17760
ECA1825	g10097
ECA1825	g5875
ECA1825	g20008
ECA1825	g6068
ECA1825	g12963
ECA1825	g8126
ECA1825	g6003
ECA1825	g14476
ECA1825	g4919
ECA1825	g19002
ECA1825	g5032
ECA1825	g4832
ECA1825	g20011
ECA1825	g7802
ECA1825	g20010
ECA1825	g19215
ECA1825	g15795
ECA1825	g5272
ECA1825	g16982
ECA1825	g19213
ECA1825	g19092
ECA1825	g21068
ECA1825	g19003
ECA1825	g22667
ECA1825	g14490
ECA1825	g1893
ECA1825	g19216
ECA1825	g4797
ECA1825	g21285
ECA1825	g12157
ECA1825	g19944
ECA1825	g4833
ECA1825	g12158
ECA1825	g19210
ECA1825	g21862
ECA1825	g17055
ECA1825	g4805
ECA1825	g1768
ECA1825	g19996
ECA1825	g14716
ECA1825	g14005
ECA1825	g16927
ECA1825	g5999
ECA1825	g4840
ECA1825	g20802
ECA1825	g14260
ECA1825	g3056
ECA1825	g19004
ECA1825	g21055
ECA1825	g16554
ECA1825	g22670
ECA1825	g19705
ECA1825	g14714
ECA1825	g7643
ECA1825	g4916
ECA1825	g3544
ECA1825	g4228
ECA1825	g591
ECA1825	g19218
ECA1825	g16653
ECA1825	g19197
ECA1825	g21287
ECA1825	g14680
ECA1825	g14843
ECA1825	g4224
ECA1825	g18032
ECA1825	g14479
ECA1825	g2229
ECA1825	g3769
ECA1825	g20962
ECA1825	g8138
ECA1825	g8139
ECA1825	g21067
ECA1825	g21058
ECA1825	g14148
ECA1825	g21053
ECA1825	g17022
ECA1825	g22777
ECA1825	g21052
ECA1825	g19945
ECA1825	g18024
ECA1825	g8140
ECA1825	g14261
ECA1825	g21276
ECA1825	g18923
ECA1825	g14721
ECA1825	g6069
ECA1825	g4875
ECA1825	g18020
ECA1825	g9471
ECA1825	g6000
ECA1825	g5123
ECA1825	g5122
ECA1825	g17199
ECA1825	g427
ECA1825	g12078
ECA1825	g14483
ECA1825	g17062
ECA1825	g18030
ECA1825	g6001
ECA1825	g13505
ECA1825	g17747
ECA1825	g2970
ECA1825	g22389
ECA1825	g16925
ECA1825	g18965
ECA1825	g8487
ECA1825	g2021
ECA1825	g16866
ECA1825	g17759
ECA1825	g14717
ECA1825	g21065
ECA1825	g4794
ECA1825	g4791
ECA1825	g16064
ECA1825	g8189
ECA1825	g21286
ECA1825	g13090
ECA1825	g22459
ECA1825	g19214
ECA1825	g3946
ECA1825	g17286
ECA1825	g14262
ECA1825	g20961
ECA1825	g14264
ECA1825	g16555
ECA1825	g6584
ECA1825	g18326
ECA1825	g13154
ECA1825	g4298
ECA1825	g4145
ECA1825	g14484
ECA1825	g16981
ECA1825	g17198
ECA1825	g21060
ECA1825	g14759
ECA1825	g16821
ECA1825	g16911
ECA1825	g2124
ECA1825	g3055
ECA1825	g4827
ECA1825	g22778
ECA1825	g8849
ECA1825	g14489
ECA1825	g16537
ECA1825	g17019
ECA1825	g4806
ECA1825	g4913
ECA1825	g4914
ECA1825	g2000
ECA1825	g2917
ECA1825	g4829
ECA1825	g17402
ECA1825	g21054
ECA1825	g4803
ECA1825	g14259
ECA1825	g13271
ECA1825	g9470
ECA1825	g18619
ECA1825	g18325
ECA1825	g2015
ECA1825	g18487
ECA1825	g19024
ECA1825	g21066
ECA1825	g8777
ECA1825	g4842
ECA1825	g14255
ECA1825	g20903
ECA1825	g19198
ECA1825	g20009
ECA1825	g10606
ECA1825	g3945
ECA1825	g4681
ECA1825	g1898
ECA1825	g14482
ECA1825	g3288
ECA1825	g2019
ECA1825	g2916
ECA1825	g16551
ECA1825	g13411
ECA1825	g279
ECA1825	g19211
ECA1825	g20146
ECA1825	g4839
ECA1825	g6578
ECA1825	g19026
ECA1825	g16885
ECA1825	g13273
ECA1825	g4826
ECA1825	g17025
ECA1825	g4941
ECA1825	g19925
ECA1825	g4831
ECA1825	g16004
ECA1943	g4359
ECA1943	g10466
ECA1943	g21961
ECA1943	g22531
ECA1943	g21578
ECA1943	g12
ECA1943	g3814
ECA1943	g12704
ECA1943	g21667
ECA1943	g8994
ECA1943	g16805
ECA1943	g6212
ECA1943	g872
ECA1943	g1717
ECA1943	g9367
ECA1943	g22166
ECA1943	g9784
ECA1943	g9788
ECA1943	g10032
ECA1943	g12932
ECA1943	g12928
ECA1943	g12926
ECA1943	g12923
ECA1943	g4057
ECA1943	g3479
ECA1943	g9408
ECA1943	g21425
ECA1943	g14759
ECA1943	g21417
ECA1943	g21646
ECA1943	g232
ECA1943	g22498
ECA1943	g8
ECA1943	g1667
ECA1943	g21169
ECA1943	g5191
ECA1943	g10554
ECA1943	g6566
ECA1943	g5407
ECA1943	g9783
ECA1943	g6211
ECA1943	g130
ECA1943	g3473
ECA1943	g5736
ECA1943	g9803
ECA1943	g8032
ECA1943	g8680
ECA1943	g13910
ECA1943	g111
ECA1943	g8772
ECA1943	g18897
ECA1943	g12930
ECA1943	g12934
ECA1943	g21675
ECA1943	g12471
ECA1943	g6215
ECA1943	g4060
ECA1943	g22636
ECA1943	g21634
ECA1943	g9786
ECA1943	g6096
ECA1943	g5849
ECA1943	g9184
ECA1943	g1555
ECA1943	g3991
ECA1943	g10056
ECA1943	g9006
ECA1943	g11786
ECA1943	g10652
ECA1943	g4175
ECA1943	g14516
ECA1943	g1908
ECA1943	g6217
ECA1943	g9330
ECA1943	g8679
ECA1943	g9005
ECA1943	g5399
ECA1943	g20021
ECA1943	g21669
ECA1943	g12696
ECA1943	g21638
ECA1943	g20105
ECA1943	g18500
ECA1943	g20042
ECA1943	g101
ECA1943	g9329
ECA1943	g15450
ECA1943	g6086
ECA1943	g12472
ECA1943	g20022
ECA1943	g630
ECA1943	g16966
ECA1943	g17649
ECA1943	g6210
ECA1943	g9152
ECA1943	g22633
ECA1943	g21297
ECA1943	g8667
ECA1943	g1968
ECA1943	g1718
ECA1943	g22230
ECA1943	g12929
ECA1943	g9056
ECA1943	g9053
ECA1943	g6213
ECA1943	g5396
ECA1943	g18895
ECA1943	g21645
ECA1943	g19430
ECA1943	g12428
ECA1943	g22233
ECA1943	g17701
ECA1943	g13761
ECA1943	g2257
ECA1943	g4056
ECA1943	g9974
ECA1943	g21643
ECA1943	g1341
ECA1943	g16991
ECA1943	g21579
ECA1943	g10469
ECA1943	g10763
ECA1943	g12919
ECA1943	g18280
ECA1943	g12469
ECA1943	g10397
ECA1943	g4059
ECA1943	g18667
ECA1943	g21648
ECA1943	g15364
ECA1943	g15939
ECA1943	g10662
ECA1943	g9785
ECA1943	g20111
ECA1943	g20779
ECA1943	g9070
ECA1943	g19348
ECA1943	g21668
ECA1943	g12710
ECA1943	g22632
ECA1943	g9975
ECA1943	g9158
ECA1943	g20110
ECA1943	g10070
ECA1943	g7086
ECA1943	g22497
ECA1943	g18898
ECA1943	g9042
ECA1943	g9406
ECA1943	g10068
ECA1943	g18021
ECA1943	g21406
ECA1943	g12936
ECA1943	g6869
ECA1943	g19427
ECA1943	g21680
ECA1943	g19428
ECA1943	g20041
ECA1943	g9055
ECA1943	g9054
ECA1943	g9407
ECA1943	g18281
ECA1943	g12766
ECA1943	g21854
ECA1943	g16969
ECA1943	g9579
ECA1943	g7993
ECA1943	g21304
ECA1943	g4058
ECA1943	g11424
ECA1943	g6208
ECA1943	g9782
ECA1943	g9190
ECA1943	g21644
ECA1943	g9187
ECA1943	g8992
ECA1943	g12467
ECA1943	g9789
ECA1943	g3476
ECA1943	g14014
ECA1943	g2143
ECA1943	g15802
ECA1943	g2415
ECA1943	g22635
ECA1943	g21642
ECA1943	g3478
ECA1943	g22610
ECA1943	g12702
ECA1943	g22229
ECA1943	g21640
ECA1943	g9971
ECA1943	g17648
ECA1943	g9995
ECA1943	g361
ECA1943	g9038
ECA1943	g19349
ECA1943	g9105
ECA1943	g12510
ECA1943	g1042
ECA1943	g6095
ECA1943	g12707
ECA1943	g21786
ECA1943	g1911
ECA1943	g12933
ECA1943	g6216
ECA1943	g20106
ECA1943	g20108
ECA1943	g20107
ECA1943	g6912
ECA1943	g1909
ECA1943	g21371
ECA1943	g10069
ECA1943	g21233
ECA1943	g10844
ECA1943	g21418
ECA1943	g113
ECA1943	g20542
ECA1943	g871
ECA1943	g22313
ECA1943	g8682
ECA1943	g13669
ECA1943	g22503
ECA1943	g11689
ECA1943	g6112
ECA1943	g21647
ECA1943	g21649
ECA1943	g9193
ECA1943	g12703
ECA1943	g18669
ECA1943	g22434
ECA1943	g20109
ECA1943	g18671
ECA1943	g8941
ECA1943	g12931
ECA1943	g9787
ECA1943	g10555
ECA1943	g8993
ECA1943	g6518
ECA1943	g12036
ECA1943	g12917
ECA1943	g5848
ECA1943	g9923
ECA1943	g115
ECA1943	g22634
ECA1943	g18668
ECA1943	g6817
ECA1943	g6207
ECA1943	g21407
ECA1943	g17787
ECA1943	g21666
ECA1943	g10470
ECA1943	g9108
ECA1943	g6214
ECA1943	g4645
ECA1943	g22837
ECA1943	g15330
ECA1943	g5902
ECA1943	g22638
ECA1943	g1642
ECA1943	g12475
ECA1943	g12705
ECA1943	g13045
ECA1943	g21603
ECA1943	g21601
ECA1943	g12371
ECA1943	g9151
ECA1943	g5787
ECA1943	g12924
ECA1943	g17647
ECA1943	g17788
ECA1943	g12473
ECA1943	g116
ECA1943	g6085
ECA1943	g21637
ECA1943	g8693
ECA1943	g12940
ECA1943	g21639
ECA1943	g13903
ECA1943	g15331
ECA1943	g13901
ECA1943	g22090
ECA1943	g1923
ECA1943	g9154
ECA1943	g20541
ECA1943	g9790
ECA1943	g6206
ECA1943	g21635
ECA1943	g8681
ECA1943	g22733
ECA1943	g22234
ECA1943	g9802
ECA1943	g3482
ECA1943	g21636
ECA1943	g21256
ECA1943	g20093
ECA1943	g12697
ECA1943	g9107
ECA1943	g21641
ECA1943	g9996
ECA1943	g12922
ECA1943	g3992
ECA1943	g5417
ECA1943	g1862
ECA1943	g1643
ECA1943	g110
ECA1943	g14076
ECA1943	g21790
ECA1943	g12698
ECA1943	g112
ECA1943	g1910
ECA1943	g12365
ECA1943	g6097
ECA1943	g21740
ECA1943	g9011
ECA1943	g12920
ECA1943	g22637
ECA1943	g19663
ECA1943	g6209
ECA1943	g5737
ECA1943	g4174
ECA1943	g6876
ECA1943	g18670
ECA1943	g9194
ECA1943	g12935
ECA1943	g11715
JU2829	g19602
JU2829	g21776
JU2829	g5779
JU2829	g15711
JU2829	g11383
JU2829	g18931
JU2829	g18891
JU2829	g8273
JU2829	g18065
JU2829	g11460
JU2829	g15959
JU2829	g22386
JU2829	g18064
JU2829	g11433
JU2829	g17734
JU2829	g6440
JU2829	g19110
JU2829	g9852
JU2829	g22169
JU2829	g8479
JU2829	g17670
JU2829	g17673
JU2829	g15648
JU2829	g13093
JU2829	g18972
JU2829	g19829
JU2829	g3866
JU2829	g8270
JU2829	g19108
JU2829	g22382
JU2829	g18520
JU2829	g15751
JU2829	g20182
JU2829	g6446
JU2829	g8458
JU2829	g22377
JU2829	g19308
JU2829	g8994
JU2829	g19264
JU2829	g19603
JU2829	g19295
JU2829	g8289
JU2829	g19262
JU2829	g1133
JU2829	g19604
JU2829	g5090
JU2829	g15707
JU2829	g13945
JU2829	g16839
JU2829	g9338
JU2829	g18050
JU2829	g2871
JU2829	g250
JU2829	g8548
JU2829	g17737
JU2829	g2999
JU2829	g8275
JU2829	g8288
JU2829	g8858
JU2829	g22498
JU2829	g13088
JU2829	g15902
JU2829	g15737
JU2829	g19120
JU2829	g15736
JU2829	g22375
JU2829	g14743
JU2829	g13202
JU2829	g18932
JU2829	g19117
JU2829	g22497
JU2829	g9181
JU2829	g22002
JU2829	g17864
JU2829	g18892
JU2829	g18621
JU2829	g21590
JU2829	g7999
JU2829	g2998
JU2829	g7984
JU2829	g22387
JU2829	g12988
JU2829	g3937
JU2829	g5016
JU2829	g22385
JU2829	g18299
JU2829	g15250
JU2829	g18221
JU2829	g13892
JU2829	g5037
JU2829	g8997
JU2829	g10546
JU2829	g18523
JU2829	g17668
JU2829	g9000
JU2829	g5017
JU2829	g12467
JU2829	g18290
JU2829	g13199
JU2829	g18044
JU2829	g2883
JU2829	g18526
JU2829	g22380
JU2829	g22383
JU2829	g19152
JU2829	g15744
JU2829	g2996
JU2829	g22047
JU2829	g11382
JU2829	g9288
JU2829	g12970
JU2829	g15192
JU2829	g22384
JU2829	g18627
JU2829	g22379
JU2829	g2115
JU2829	g15189
JU2829	g16689
JU2829	g12987
JU2829	g15782
JU2829	g8480
JU2829	g22681
JU2829	g11768
JU2829	g13222
JU2829	g12999
JU2829	g19309
JU2829	g22499
JU2829	g12864
JU2829	g18058
JU2829	g14528
JU2829	g14527
JU2829	g10460
JU2829	g17136
JU2829	g4543
JU2829	g5106
JU2829	g9767
JU2829	g19237
JU2829	g15743
JU2829	g2196
JU2829	g9188
JU2829	g22376
JU2829	g5105
JU2829	g20355
JU2829	g17733
JU2829	g18893
JU2829	g8558
JU2829	g18298
JU2829	g14262
JU2829	g17736
JU2829	g10897
JU2829	g16944
JU2829	g14029
JU2829	g18528
JU2829	g20139
JU2829	g2118
JU2829	g15742
JU2829	g8560
JU2829	g5036
JU2829	g22378
JU2829	g8067
JU2829	g1091
JU2829	g15609
JU2829	g8998
JU2829	g9098
JU2829	g8268
JU2829	g15719
JU2829	g2973
JU2829	g18049
JU2829	g5867
JU2829	g8455
JU2829	g17675
JU2829	g6443
JU2829	g7778
JU2829	g19606
JU2829	g18896
JU2829	g7506
JU2829	g19150
JU2829	g17674
JU2829	g6441
JU2829	g17669
JU2829	g15193
JU2829	g13893
JU2829	g2872
JU2829	g19113
JU2829	g19518
JU2829	g22156
JU2829	g15432
JU2829	g19196
JU2829	g18486
JU2829	g18288
JU2829	g22480
JU2829	g15748
JU2829	g18291
JU2829	g15741
JU2829	g15614
JU2829	g7996
JU2829	g18051
JU2829	g22178
JU2829	g11459
JU2829	g15720
JU2829	g5103
JU2829	g19250
JU2829	g15747
JU2829	g3000
JU2829	g15718
JU2829	g15814
JU2829	g7998
JU2829	g8274
JU2829	g18053
JU2829	g8559
JU2829	g21981
JU2829	g19296
JU2829	g22509
JU2829	g9365
JU2829	g22170
JU2829	g2195
JU2829	g19357
JU2829	g4544
JU2829	g17863
JU2829	g15115
JU2829	g15740
JU2829	g22381
JU2829	g16595
JU2829	g2646
JU2829	g3840
JU2829	g14920
JU2829	g22157
JU2829	g19608
JU2829	g13089
JU2829	g5104
JU2829	g14921
JU2829	g5242
JU2829	g8520
JU2829	g3574
JU2829	g19310
JU2829	g5102
JU2829	g19780
JU2829	g4187
JU2829	g18066
JU2829	g6111
JU2829	g15901
JU2829	g15738
JU2829	g18971
JU2829	g20085
JU2829	g15745
JU2829	g15791
JU2829	g8393
JU2829	g18060
JU2829	g14028
JU2829	g2920
JU2829	g19193
JU2829	g15793
JU2829	g19605
JU2829	g10426
JU2829	g2643
JU2829	g18048
JU2829	g12990
JU2829	g19290
JU2829	g14919
JU2829	g13894
JU2829	g9189
JU2829	g18059
JU2829	g8999
JU2829	g5969
JU2829	g2644
JU2829	g19153
JU2829	g7983
JU2829	g3001
JU2829	g17735
JU2829	g8459
JU2829	g14918
JU2829	g18522
JU2829	g8276
JU2829	g2117
JU2829	g22510
JU2829	g15746
JU2829	g18061
JU2829	g15717
JU2829	g15813
JU2829	g16832
JU2829	g15542
JU2829	g10427
JU2829	g22054
JU2829	g16830
JU2829	g7938
JU2829	g18052
JU2829	g19109
JU2829	g22108
JU2829	g8271
JU2829	g11551
JU2829	g15750
JU2829	g12736
JU2829	g18284
JU2829	g15188
JU2829	g18293
JU2829	g6437
JU2829	g8272
JU2829	g799
JU2829	g17659
JU2829	g18292
JU2829	g19194
JU2829	g18524
JU2829	g18062
JU2829	g15749
JU2829	g17660
JU2829	g19609
JU2829	g11242
JU2829	g8045
JU2829	g18297
JU2829	g17006
JU2829	g18054
JU2829	g7997
JU2829	g2995
JU2829	g14917
JU2829	g19147
JU2829	g12234
JU2829	g22481
JU2829	g12989
JU2829	g1882
JU2829	g2791
JU2829	g2878
JU2829	g21918
JU2829	g19620
JU2829	g20146
JU2829	g2997
JU310	g18009
JU310	g21112
JU310	g18496
JU310	g9295
JU310	g4128
JU310	g10899
JU310	g16483
JU310	g19985
JU310	g10689
JU310	g22401
JU310	g4035
JU310	g10226
JU310	g18673
JU310	g1680
JU310	g18713
JU310	g12355
JU310	g19775
JU310	g3845
JU310	g11419
JU310	g16487
JU310	g11355
JU310	g11931
JU310	g18499
JU310	g9649
JU310	g10343
JU310	g176
JU310	g9206
JU310	g1783
JU310	g10953
JU310	g10700
JU310	g19987
JU310	g5873
JU310	g4536
JU310	g3840
JU310	g18501
JU310	g9309
JU310	g6219
JU310	g11938
JU310	g18300
JU310	g18344
JU310	g18008
JU310	g18313
JU310	g18346
JU310	g1778
JU310	g19513
JU310	g18007
JU310	g9265
JU310	g13134
JU310	g19996
JU310	g4867
JU310	g11356
JU310	g19760
JU310	g7510
JU310	g11352
JU310	g3843
JU310	g1676
JU310	g10690
JU310	g18490
JU310	g9294
JU310	g8306
JU310	g11596
JU310	g6177
JU310	g1892
JU310	g18493
JU310	g10556
JU310	g10183
JU310	g11232
JU310	g18712
JU310	g15983
JU310	g20688
JU310	g4114
JU310	g10553
JU310	g9268
JU310	g18639
JU310	g3680
JU310	g18638
JU310	g11233
JU310	g10565
JU310	g12356
JU310	g1679
JU310	g14782
JU310	g16398
JU310	g10563
JU310	g10233
JU310	g1681
JU310	g19924
JU310	g16419
JU310	g21878
JU310	g16399
JU310	g1168
JU310	g21865
JU310	g1889
JU310	g19754
JU310	g7461
JU310	g20226
JU310	g10557
JU310	g10561
JU310	g18458
JU310	g9302
JU310	g12353
JU310	g12358
JU310	g3635
JU310	g1692
JU310	g1662
JU310	g1682
JU310	g8748
JU310	g10562
JU310	g12241
JU310	g17431
JU310	g8745
JU310	g13285
JU310	g9339
JU310	g4057
JU310	g155
JU310	g469
JU310	g1913
JU310	g4539
JU310	g4814
JU310	g19768
JU310	g8085
JU310	g11353
JU310	g16939
JU310	g12841
JU310	g9734
JU310	g18371
JU310	g19774
JU310	g9301
JU310	g19759
JU310	g19979
JU310	g12352
JU310	g21874
JU310	g16486
JU310	g6391
JU310	g11418
JU310	g4127
JU310	g18711
JU310	g12037
JU310	g19995
JU310	g19992
JU310	g105
JU310	g7830
JU310	g13028
JU310	g3841
JU310	g17428
JU310	g9300
JU310	g16418
JU310	g18299
JU310	g1677
JU310	g22210
JU310	g19554
JU310	g9168
JU310	g11354
JU310	g9276
JU310	g4716
JU310	g1691
JU310	g3846
JU310	g18003
JU310	g16973
JU310	g11934
JU310	g4462
JU310	g3472
JU310	g20228
JU310	g9307
JU310	g18005
JU310	g18708
JU310	g14034
JU310	g3195
JU310	g11932
JU310	g10701
JU310	g12330
JU310	g20335
JU310	g20223
JU310	g8749
JU310	g7460
JU310	g262
JU310	g14711
JU310	g4056
JU310	g12278
JU310	g18091
JU310	g10555
JU310	g16621
JU310	g10332
JU310	g3860
JU310	g8992
JU310	g18414
JU310	g20183
JU310	g19982
JU310	g9306
JU310	g9299
JU310	g9173
JU310	g20685
JU310	g19761
JU310	g15391
JU310	g9277
JU310	g16484
JU310	g3838
JU310	g18358
JU310	g9305
JU310	g4032
JU310	g18460
JU310	g9275
JU310	g9369
JU310	g12242
JU310	g20687
JU310	g19763
JU310	g18312
JU310	g4894
JU310	g17348
JU310	g18250
JU310	g15392
JU310	g8672
JU310	g9298
JU310	g10659
JU310	g13379
JU310	g12039
JU310	g12247
JU310	g14685
JU310	g8478
JU310	g19986
JU310	g1779
JU310	g18826
JU310	g16485
JU310	g175
JU310	g8479
JU310	g19993
JU310	g4126
JU310	g14417
JU310	g3844
JU310	g20220
JU310	g17828
JU310	g15034
JU310	g19776
JU310	g10954
JU310	g9296
JU310	g3976
JU310	g10691
JU310	g6124
JU310	g10564
JU310	g8086
JU310	g13696
JU310	g9303
JU310	g10333
JU310	g9347
JU310	g22834
JU310	g1558
JU310	g19770
JU310	g10349
JU310	g4036
JU310	g7595
JU310	g20329
JU310	g4540
JU310	g18417
JU310	g9349
JU310	g16787
JU310	g18006
JU310	g12036
JU310	g10558
JU310	g11928
JU310	g19758
JU310	g19984
JU310	g18318
JU310	g8477
JU310	g10560
JU310	g14006
JU310	g19769
JU310	g7596
JU310	g4095
JU310	g17347
JU310	g18457
JU310	g3679
JU310	g7459
JU310	g12357
JU310	g8476
JU310	g20222
JU310	g17429
JU310	g4708
JU310	g104
JU310	g9304
JU310	g19771
JU310	g9274
JU310	g9368
JU310	g13142
JU310	g9100
JU310	g16972
JU310	g13144
JU310	g12174
JU310	g19762
JU310	g10289
JU310	g3847
JU310	g22812
JU310	g9308
JU310	g1433
JU310	g5163
JU310	g16887
JU310	g5711
JU310	g8744
JU310	g3859
JU310	g4625
JU310	g8807
JU310	g16471
JU310	g10657
JU310	g18416
JU310	g10554
JU310	g20268
JU310	g20224
JU310	g19772
JU310	g18002
JU310	g21855
JU310	g20734
JU310	g12967
JU310	g19764
JU310	g10160
JU310	g19991
JU310	g19994
JU310	g20686
JU310	g8475
JU310	g18500
JU310	g18463
JU310	g936
JU310	g3842
JU310	g17661
JU310	g10096
JU310	g17988
JU310	g6183
JU310	g12354
MY2212	g12693
MY2212	g14948
MY2212	g134
MY2212	g10181
MY2212	g10154
MY2212	g15837
MY2212	g16803
MY2212	g12914
MY2212	g14942
MY2212	g16053
MY2212	g15394
MY2212	g11188
MY2212	g5849
MY2212	g15602
MY2212	g7460
MY2212	g15643
MY2212	g12698
MY2212	g5926
MY2212	g12697
MY2212	g5900
MY2212	g10510
MY2212	g441
MY2212	g1027
MY2212	g16386
MY2212	g11625
MY2212	g16394
MY2212	g3060
MY2212	g510
MY2212	g513
MY2212	g16808
MY2212	g7562
MY2212	g10441
MY2212	g11240
MY2212	g16042
MY2212	g12916
MY2212	g14718
MY2212	g3536
MY2212	g2858
MY2212	g10195
MY2212	g14370
MY2212	g1033
MY2212	g3039
MY2212	g15239
MY2212	g15283
MY2212	g14947
MY2212	g15252
MY2212	g3624
MY2212	g22328
MY2212	g14946
MY2212	g10149
MY2212	g515
MY2212	g12922
MY2212	g3879
MY2212	g13151
MY2212	g12679
MY2212	g8391
MY2212	g15417
MY2212	g438
MY2212	g16698
MY2212	g2861
MY2212	g2878
MY2212	g7456
MY2212	g16052
MY2212	g10180
MY2212	g16041
MY2212	g9184
MY2212	g14412
MY2212	g7671
MY2212	g16584
MY2212	g16560
MY2212	g317
MY2212	g15642
MY2212	g13247
MY2212	g4390
MY2212	g2582
MY2212	g15400
MY2212	g3123
MY2212	g16187
MY2212	g3121
MY2212	g15567
MY2212	g2567
MY2212	g15566
MY2212	g16809
MY2212	g318
MY2212	g4693
MY2212	g16176
MY2212	g7459
MY2212	g3452
MY2212	g10421
MY2212	g16178
MY2212	g16509
MY2212	g16700
MY2212	g7461
MY2212	g9692
MY2212	g12848
MY2212	g10442
MY2212	g12131
MY2212	g16393
MY2212	g10422
MY2212	g7556
MY2212	g6944
MY2212	g13153
MY2212	g12678
MY2212	g7668
MY2212	g12673
MY2212	g16180
MY2212	g10188
MY2212	g5848
MY2212	g7472
MY2212	g7442
MY2212	g7462
MY2212	g16179
MY2212	g3540
MY2212	g10091
MY2212	g13254
MY2212	g16183
MY2212	g17572
MY2212	g9630
MY2212	g18823
MY2212	g442
MY2212	g10226
MY2212	g3061
MY2212	g6247
MY2212	g7691
MY2212	g15238
MY2212	g3825
MY2212	g13150
MY2212	g12686
MY2212	g12687
MY2212	g8965
MY2212	g12216
MY2212	g18375
MY2212	g11707
MY2212	g15309
MY2212	g10187
MY2212	g17487
MY2212	g8343
MY2212	g20742
MY2212	g16702
MY2212	g10234
MY2212	g10509
MY2212	g2859
MY2212	g14198
MY2212	g15641
MY2212	g17034
MY2212	g3133
MY2212	g12921
MY2212	g8710
MY2212	g439
MY2212	g18566
MY2212	g17569
MY2212	g10186
MY2212	g7457
MY2212	g20671
MY2212	g22369
MY2212	g10051
MY2212	g16407
MY2212	g13194
MY2212	g10162
MY2212	g16516
MY2212	g15421
MY2212	g3726
MY2212	g7471
MY2212	g3036
MY2212	g508
MY2212	g2864
MY2212	g8478
MY2212	g3134
MY2212	g12250
MY2212	g1030
MY2212	g2357
MY2212	g14944
MY2212	g15638
MY2212	g19847
MY2212	g2088
MY2212	g16699
MY2212	g514
MY2212	g509
MY2212	g16697
MY2212	g16724
MY2212	g16182
MY2212	g16843
MY2212	g9634
MY2212	g8342
MY2212	g15030
MY2212	g16185
MY2212	g14766
MY2212	g10648
MY2212	g9633
MY2212	g9872
MY2212	g15350
MY2212	g13114
MY2212	g12911
MY2212	g10192
MY2212	g10185
MY2212	g2579
MY2212	g12680
MY2212	g21358
MY2212	g5925
MY2212	g10163
MY2212	g10507
MY2212	g15296
MY2212	g10191
MY2212	g13155
MY2212	g10161
MY2212	g10258
MY2212	g2581
MY2212	g12682
MY2212	g15395
MY2212	g15428
MY2212	g15251
MY2212	g20388
MY2212	g3906
MY2212	g17488
MY2212	g16701
MY2212	g15190
MY2212	g21359
MY2212	g9555
MY2212	g10184
MY2212	g18918
MY2212	g17032
MY2212	g16773
MY2212	g20645
MY2212	g9356
MY2212	g12915
MY2212	g7558
MY2212	g10508
MY2212	g9357
MY2212	g2877
MY2212	g2862
MY2212	g15237
MY2212	g21002
MY2212	g12699
MY2212	g696
MY2212	g10056
MY2212	g15781
MY2212	g10182
MY2212	g2984
MY2212	g16051
MY2212	g14465
MY2212	g16177
MY2212	g8966
MY2212	g10189
MY2212	g2523
MY2212	g7334
MY2212	g8477
MY2212	g15424
MY2212	g3541
MY2212	g2650
MY2212	g15353
MY2212	g16184
MY2212	g10236
MY2212	g14945
MY2212	g12692
MY2212	g3097
MY2212	g17035
MY2212	g18669
MY2212	g12677
MY2212	g12913
MY2212	g15257
MY2212	g9355
MY2212	g16181
MY2212	g19551
MY2212	g12691
MY2212	g12908
MY2212	g15427
MY2212	g10506
MY2212	g12690
MY2212	g2566
MY2212	g8341
MY2212	g16696
MY2212	g2863
MY2212	g440
MY2212	g3040
MY2212	g9354
MY2212	g15285
MY2212	g17570
MY2212	g2856
MY2212	g3718
MY2212	g10190
MY2212	g12694
MY2212	g10160
MY2212	g10257
MY2212	g18678
MY2212	g9982
MY2212	g18680
MY2212	g12681
MY2212	g6021
MY2212	g15782
MY2212	g10194
MY2212	g16404
MY2212	g7208
MY2212	g11344
MY2212	g9629
MY2212	g1024
MY2212	g10494
MY2212	g5232
MY2212	g16084
MY2212	g524
MY2212	g16086
MY2212	g15352
MY2212	g16186
MY2212	g12695
MY2212	g10193
MY2212	g523
MY2212	g14941
MY2212	g5706
MY2212	g16406
MY2212	g2628
MY2212	g1028
MY2212	g12249
MY2212	g18501
MY2212	g12683
MY2212	g12920
MY2212	g2580
MY2212	g9353
MY2212	g16453
MY2212	g6710
MY2212	g2860
MY2212	g17802
MY2212	g16891
MY2212	g16650
MY2212	g14930
MY2212	g14406
MY2212	g2865
TWN2530	g6389
TWN2530	g22421
TWN2530	g17910
TWN2530	g5900
TWN2530	g15571
TWN2530	g17977
TWN2530	g9456
TWN2530	g637
TWN2530	g14546
TWN2530	g2242
TWN2530	g5724
TWN2530	g638
TWN2530	g17918
TWN2530	g5684
TWN2530	g9670
TWN2530	g2165
TWN2530	g22156
TWN2530	g2192
TWN2530	g5378
TWN2530	g4794
TWN2530	g5897
TWN2530	g6083
TWN2530	g13414
TWN2530	g14424
TWN2530	g12508
TWN2530	g533
TWN2530	g9454
TWN2530	g6619
TWN2530	g17913
TWN2530	g22161
TWN2530	g5895
TWN2530	g14209
TWN2530	g9221
TWN2530	g6970
TWN2530	g4788
TWN2530	g21925
TWN2530	g14213
TWN2530	g6095
TWN2530	g21410
TWN2530	g6049
TWN2530	g6390
TWN2530	g6081
TWN2530	g6047
TWN2530	g20471
TWN2530	g10671
TWN2530	g9445
TWN2530	g21072
TWN2530	g9685
TWN2530	g16107
TWN2530	g21827
TWN2530	g5381
TWN2530	g22158
TWN2530	g21825
TWN2530	g21547
TWN2530	g22141
TWN2530	g642
TWN2530	g14094
TWN2530	g13856
TWN2530	g5906
TWN2530	g14215
TWN2530	g16897
TWN2530	g6927
TWN2530	g421
TWN2530	g3395
TWN2530	g18972
TWN2530	g14095
TWN2530	g21230
TWN2530	g14590
TWN2530	g5507
TWN2530	g5685
TWN2530	g14205
TWN2530	g3694
TWN2530	g8861
TWN2530	g5759
TWN2530	g6082
TWN2530	g17908
TWN2530	g8846
TWN2530	g5760
TWN2530	g8801
TWN2530	g14204
TWN2530	g12619
TWN2530	g639
TWN2530	g14812
TWN2530	g14206
TWN2530	g14539
TWN2530	g17401
TWN2530	g9519
TWN2530	g14833
TWN2530	g21408
TWN2530	g9218
TWN2530	g5305
TWN2530	g21405
TWN2530	g14813
TWN2530	g1148
TWN2530	g424
TWN2530	g9112
TWN2530	g9691
TWN2530	g16058
TWN2530	g9215
TWN2530	g14208
TWN2530	g5938
TWN2530	g12616
TWN2530	g17768
TWN2530	g12621
TWN2530	g2243
TWN2530	g626
TWN2530	g21122
TWN2530	g655
TWN2530	g636
TWN2530	g17343
TWN2530	g14207
TWN2530	g5936
TWN2530	g14211
TWN2530	g12507
TWN2530	g11766
TWN2530	g17340
TWN2530	g10521
TWN2530	g17810
TWN2530	g5377
TWN2530	g21903
TWN2530	g17916
TWN2530	g13910
TWN2530	g1859
TWN2530	g401
TWN2530	g17976
TWN2530	g17906
TWN2530	g14093
TWN2530	g17887
TWN2530	g9677
TWN2530	g16677
TWN2530	g16193
TWN2530	g12810
TWN2530	g10964
TWN2530	g14901
TWN2530	g13498
TWN2530	g5903
TWN2530	g6022
TWN2530	g9671
TWN2530	g20691
TWN2530	g17764
TWN2530	g11851
TWN2530	g6395
TWN2530	g21223
TWN2530	g9462
TWN2530	g12615
TWN2530	g14214
TWN2530	g21407
TWN2530	g22160
TWN2530	g7142
TWN2530	g17953
TWN2530	g5686
TWN2530	g12297
TWN2530	g9446
TWN2530	g9449
TWN2530	g16424
TWN2530	g5380
TWN2530	g14436
TWN2530	g10775
TWN2530	g9213
TWN2530	g11769
TWN2530	g641
TWN2530	g14212
TWN2530	g17951
TWN2530	g14210
TWN2530	g20511
TWN2530	g21310
TWN2530	g17911
TWN2530	g9686
TWN2530	g15662
TWN2530	g17889
TWN2530	g627
TWN2530	g21928
TWN2530	g5312
TWN2530	g22155
TWN2530	g12843
TWN2530	g4791
TWN2530	g8634
TWN2530	g6393
TWN2530	g5689
TWN2530	g8360
TWN2530	g5311
TWN2530	g5306
TWN2530	g12593
TWN2530	g17344
TWN2530	g16057
TWN2530	g18499
TWN2530	g21904
TWN2530	g12544
TWN2530	g6306
TWN2530	g17588
TWN2530	g5982
TWN2530	g9256
TWN2530	g9459
TWN2530	g14112
TWN2530	g14900
TWN2530	g17874
TWN2530	g8858
TWN2530	g9684
TWN2530	g2166
TWN2530	g14899
TWN2530	g6035
TWN2530	g17917
TWN2530	g19043
TWN2530	g8860
TWN2530	g9682
TWN2530	g21826
TWN2530	g14084
TWN2530	g21045
TWN2530	g11850
TWN2530	g6144
TWN2530	g18500
TWN2530	g5506
TWN2530	g17266
TWN2530	g10427
TWN2530	g12299
TWN2530	g12513
TWN2530	g19069
TWN2530	g17921
TWN2530	g17880
TWN2530	g17068
TWN2530	g9455
TWN2530	g537
TWN2530	g12723
TWN2530	g17069
TWN2530	g14832
TWN2530	g22142
TWN2530	g9448
TWN2530	g19332
TWN2530	g22157
TWN2530	g6097
TWN2530	g6571
TWN2530	g18143
TWN2530	g9669
TWN2530	g5121
TWN2530	g13855
TWN2530	g6874
TWN2530	g17919
TWN2530	g16678
TWN2530	g14435
TWN2530	g21990
TWN2530	g758
TWN2530	g9675
TWN2530	g14083
TWN2530	g16192
TWN2530	g5307
TWN2530	g5310
TWN2530	g8929
TWN2530	g5979
TWN2530	g12618
TWN2530	g6392
TWN2530	g12296
TWN2530	g9687
TWN2530	g9457
TWN2530	g6076
TWN2530	g17067
TWN2530	g9804
TWN2530	g21222
TWN2530	g9676
TWN2530	g21406
TWN2530	g15762
TWN2530	g14898
TWN2530	g5939
TWN2530	g8845
TWN2530	g16056
TWN2530	g5379
TWN2530	g14417
TWN2530	g12620
TWN2530	g21924
TWN2530	g17907
TWN2530	g17066
TWN2530	g9219
TWN2530	g11768
TWN2530	g22163
TWN2530	g9674
TWN2530	g17886
TWN2530	g6096
TWN2530	g17912
TWN2530	g10664
TWN2530	g17698
TWN2530	g12842
TWN2530	g10662
TWN2530	g12435
TWN2530	g9683
TWN2530	g14479
TWN2530	g2074
TWN2530	g17920
TWN2530	g887
TWN2530	g2858
TWN2530	g17339
TWN2530	g4797
TWN2530	g14886
TWN2530	g5296
TWN2530	g5980
TWN2530	g17909
TWN2530	g9217
TWN2530	g9673
TWN2530	g5297
TWN2530	g6396
TWN2530	g2384
TWN2530	g17915
TWN2530	g8907
TWN2530	g9118
TWN2530	g4793
TWN2530	g10839
TWN2530	g9681
TWN2530	g17914
TWN2530	g14613
TWN2530	g9450
TWN2530	g9447
TWN2530	g8859
TWN2530	g17065
TWN2530	g5896
TWN2530	g6391
TWN2530	g5933
TWN2530	g1391
TWN2530	g21864
TWN2530	g14111
TWN2530	g22159
TWN2530	g11535
TWN2530	g14675
TWN2530	g6410
TWN2530	g17888
TWN2530	g6934
TWN2530	g22154
TWN2530	g12617
CB4856	g19724
CB4856	g5402
CB4856	g6111
CB4856	g17942
CB4856	g5569
CB4856	g2320
CB4856	g19756
CB4856	g7748
CB4856	g10332
CB4856	g22149
CB4856	g20911
CB4856	g6698
CB4856	g178
CB4856	g20100
CB4856	g10545
CB4856	g10553
CB4856	g15839
CB4856	g7737
CB4856	g2211
CB4856	g20031
CB4856	g18089
CB4856	g8879
CB4856	g16681
CB4856	g6717
CB4856	g19758
CB4856	g19713
CB4856	g19716
CB4856	g19779
CB4856	g8258
CB4856	g22275
CB4856	g3687
CB4856	g3804
CB4856	g2162
CB4856	g10560
CB4856	g21473
CB4856	g1057
CB4856	g9730
CB4856	g1010
CB4856	g7033
CB4856	g833
CB4856	g19728
CB4856	g8873
CB4856	g545
CB4856	g3909
CB4856	g534
CB4856	g13842
CB4856	g3579
CB4856	g19721
CB4856	g7267
CB4856	g3716
CB4856	g11535
CB4856	g10324
CB4856	g19235
CB4856	g8442
CB4856	g20032
CB4856	g3706
CB4856	g4620
CB4856	g8160
CB4856	g8171
CB4856	g21462
CB4856	g20028
CB4856	g6586
CB4856	g6894
CB4856	g7022
CB4856	g3685
CB4856	g137
CB4856	g360
CB4856	g9208
CB4856	g6462
CB4856	g3912
CB4856	g7739
CB4856	g6908
CB4856	g9386
CB4856	g1810
CB4856	g7562
CB4856	g19910
CB4856	g10556
CB4856	g3583
CB4856	g14350
CB4856	g19726
CB4856	g6901
CB4856	g15897
CB4856	g10561
CB4856	g15882
CB4856	g19911
CB4856	g138
CB4856	g10549
CB4856	g7846
CB4856	g18161
CB4856	g8446
CB4856	g5907
CB4856	g18140
CB4856	g17029
CB4856	g2161
CB4856	g18160
CB4856	g3197
CB4856	g21263
CB4856	g21283
CB4856	g432
CB4856	g9998
CB4856	g835
CB4856	g4575
CB4856	g10546
CB4856	g848
CB4856	g22150
CB4856	g7266
CB4856	g5849
CB4856	g142
CB4856	g20620
CB4856	g19717
CB4856	g20098
CB4856	g5846
CB4856	g11386
CB4856	g3704
CB4856	g19723
CB4856	g19719
CB4856	g8876
CB4856	g2523
CB4856	g18077
CB4856	g3932
CB4856	g7736
CB4856	g546
CB4856	g7462
CB4856	g5185
CB4856	g20029
CB4856	g17360
CB4856	g2231
CB4856	g11835
CB4856	g18073
CB4856	g16600
CB4856	g10558
CB4856	g15943
CB4856	g8197
CB4856	g20179
CB4856	g357
CB4856	g10102
CB4856	g22148
CB4856	g21465
CB4856	g6893
CB4856	g387
CB4856	g18074
CB4856	g8445
CB4856	g22276
CB4856	g20617
CB4856	g7032
CB4856	g6895
CB4856	g500
CB4856	g20618
CB4856	g10325
CB4856	g4931
CB4856	g11641
CB4856	g10566
CB4856	g12687
CB4856	g10097
CB4856	g20101
CB4856	g6329
CB4856	g12898
CB4856	g18141
CB4856	g5186
CB4856	g3707
CB4856	g15965
CB4856	g13802
CB4856	g20030
CB4856	g7738
CB4856	g354
CB4856	g19718
CB4856	g216
CB4856	g8257
CB4856	g832
CB4856	g15677
CB4856	g17611
CB4856	g10570
CB4856	g15410
CB4856	g22151
CB4856	g4703
CB4856	g19720
CB4856	g6220
CB4856	g8878
CB4856	g6896
CB4856	g10551
CB4856	g22124
CB4856	g8261
CB4856	g6723
CB4856	g4574
CB4856	g19696
CB4856	g22067
CB4856	g503
CB4856	g10548
CB4856	g21482
CB4856	g20178
CB4856	g8441
CB4856	g8237
CB4856	g6906
CB4856	g10333
CB4856	g22152
CB4856	g10140
CB4856	g589
CB4856	g15894
CB4856	g10555
CB4856	g18635
CB4856	g18076
CB4856	g12729
CB4856	g489
CB4856	g3702
CB4856	g19780
CB4856	g6386
CB4856	g15896
CB4856	g8159
CB4856	g7383
CB4856	g746
CB4856	g10565
CB4856	g18634
CB4856	g6525
CB4856	g5769
CB4856	g7735
CB4856	g11528
CB4856	g828
CB4856	g11294
CB4856	g22270
CB4856	g19327
CB4856	g435
CB4856	g19715
CB4856	g6903
CB4856	g351
CB4856	g10331
CB4856	g834
CB4856	g6544
CB4856	g3800
CB4856	g547
CB4856	g18075
CB4856	g5570
CB4856	g485
CB4856	g19697
CB4856	g8443
CB4856	g7654
CB4856	g19714
CB4856	g6904
CB4856	g18988
CB4856	g10099
CB4856	g10543
CB4856	g10103
CB4856	g8321
CB4856	g7023
CB4856	g12633
CB4856	g139
CB4856	g7655
CB4856	g4702
CB4856	g19693
CB4856	g6909
CB4856	g6699
CB4856	g6897
CB4856	g20985
CB4856	g831
CB4856	g19302
CB4856	g19687
CB4856	g217
CB4856	g22337
CB4856	g179
CB4856	g5850
CB4856	g2230
CB4856	g433
CB4856	g6288
CB4856	g5568
CB4856	g19694
CB4856	g10674
CB4856	g10337
CB4856	g389
CB4856	g8236
CB4856	g10557
CB4856	g8426
CB4856	g392
CB4856	g15881
CB4856	g10559
CB4856	g22153
CB4856	g10564
CB4856	g830
CB4856	g19725
CB4856	g8427
CB4856	g5567
CB4856	g816
CB4856	g8447
CB4856	g8439
CB4856	g6718
CB4856	g6907
CB4856	g391
CB4856	g10393
CB4856	g3457
CB4856	g17327
CB4856	g11526
CB4856	g10058
CB4856	g5982
CB4856	g7751
CB4856	g21087
CB4856	g6700
CB4856	g19727
CB4856	g829
CB4856	g10563
CB4856	g5845
CB4856	g8882
CB4856	g1272
CB4856	g17326
CB4856	g484
CB4856	g9387
CB4856	g19579
CB4856	g10004
CB4856	g6646
CB4856	g11702
CB4856	g6284
CB4856	g10330
CB4856	g19722
CB4856	g10326
CB4856	g3705
CB4856	g15895
CB4856	g6593
CB4856	g8158
CB4856	g5566
CB4856	g8444
CB4856	g529
CB4856	g7021
CB4856	g2963
CB4856	g4573
CB4856	g19695
CB4856	g7554
CB4856	g350
ECA1997	g4927
ECA1997	g21861
ECA1997	g19871
ECA1997	g15671
ECA1997	g15689
ECA1997	g4492
ECA1997	g15672
ECA1997	g13832
ECA1997	g12110
ECA1997	g1012
ECA1997	g4935
ECA1997	g10534
ECA1997	g14383
ECA1997	g9169
ECA1997	g10528
ECA1997	g4421
ECA1997	g22538
ECA1997	g11437
ECA1997	g14382
ECA1997	g16223
ECA1997	g11028
ECA1997	g1016
ECA1997	g14196
ECA1997	g15472
ECA1997	g18322
ECA1997	g11102
ECA1997	g10686
ECA1997	g14379
ECA1997	g11351
ECA1997	g18941
ECA1997	g14680
ECA1997	g9368
ECA1997	g19937
ECA1997	g20765
ECA1997	g509
ECA1997	g14144
ECA1997	g9165
ECA1997	g13826
ECA1997	g1019
ECA1997	g14721
ECA1997	g14692
ECA1997	g9184
ECA1997	g12683
ECA1997	g9167
ECA1997	g14798
ECA1997	g10744
ECA1997	g19834
ECA1997	g19936
ECA1997	g22027
ECA1997	g8562
ECA1997	g15681
ECA1997	g11372
ECA1997	g3100
ECA1997	g21829
ECA1997	g438
ECA1997	g14875
ECA1997	g15128
ECA1997	g17091
ECA1997	g9170
ECA1997	g316
ECA1997	g16919
ECA1997	g14795
ECA1997	g22028
ECA1997	g4925
ECA1997	g14381
ECA1997	g10172
ECA1997	g6803
ECA1997	g19935
ECA1997	g317
ECA1997	g10531
ECA1997	g15102
ECA1997	g10762
ECA1997	g4903
ECA1997	g17813
ECA1997	g508
ECA1997	g10688
ECA1997	g14396
ECA1997	g19940
ECA1997	g11373
ECA1997	g14385
ECA1997	g22038
ECA1997	g4904
ECA1997	g15473
ECA1997	g11440
ECA1997	g8446
ECA1997	g9395
ECA1997	g18445
ECA1997	g1015
ECA1997	g10517
ECA1997	g9394
ECA1997	g14378
ECA1997	g18555
ECA1997	g10985
ECA1997	g14839
ECA1997	g18211
ECA1997	g18323
ECA1997	g10750
ECA1997	g2563
ECA1997	g3900
ECA1997	g2501
ECA1997	g14364
ECA1997	g15680
ECA1997	g4363
ECA1997	g10525
ECA1997	g7533
ECA1997	g12718
ECA1997	g19592
ECA1997	g15103
ECA1997	g19829
ECA1997	g15988
ECA1997	g4360
ECA1997	g18428
ECA1997	g9372
ECA1997	g442
ECA1997	g10513
ECA1997	g4933
ECA1997	g19934
ECA1997	g20395
ECA1997	g4991
ECA1997	g8731
ECA1997	g4923
ECA1997	g10507
ECA1997	g10521
ECA1997	g3046
ECA1997	g3677
ECA1997	g439
ECA1997	g14740
ECA1997	g10088
ECA1997	g4843
ECA1997	g14756
ECA1997	g10524
ECA1997	g3186
ECA1997	g10512
ECA1997	g18426
ECA1997	g15905
ECA1997	g10523
ECA1997	g15064
ECA1997	g14878
ECA1997	g15104
ECA1997	g7431
ECA1997	g15686
ECA1997	g4992
ECA1997	g14843
ECA1997	g9166
ECA1997	g19913
ECA1997	g4969
ECA1997	g19589
ECA1997	g4897
ECA1997	g12111
ECA1997	g19590
ECA1997	g22461
ECA1997	g18415
ECA1997	g3422
ECA1997	g22039
ECA1997	g15985
ECA1997	g14691
ECA1997	g10749
ECA1997	g11438
ECA1997	g15986
ECA1997	g2546
ECA1997	g3678
ECA1997	g4967
ECA1997	g15026
ECA1997	g20716
ECA1997	g14885
ECA1997	g8736
ECA1997	g4928
ECA1997	g9371
ECA1997	g15313
ECA1997	g10987
ECA1997	g15388
ECA1997	g15380
ECA1997	g19787
ECA1997	g7507
ECA1997	g2335
ECA1997	g14380
ECA1997	g21283
ECA1997	g2062
ECA1997	g18431
ECA1997	g4364
ECA1997	g13617
ECA1997	g7161
ECA1997	g20687
ECA1997	g10752
ECA1997	g10532
ECA1997	g15906
ECA1997	g22460
ECA1997	g10526
ECA1997	g5776
ECA1997	g10761
ECA1997	g2561
ECA1997	g10747
ECA1997	g10533
ECA1997	g22537
ECA1997	g4796
ECA1997	g2560
ECA1997	g10514
ECA1997	g4906
ECA1997	g4934
ECA1997	g10990
ECA1997	g15688
ECA1997	g10986
ECA1997	g2562
ECA1997	g10516
ECA1997	g19938
ECA1997	g8650
ECA1997	g8365
ECA1997	g14473
ECA1997	g4283
ECA1997	g17240
ECA1997	g686
ECA1997	g10751
ECA1997	g18208
ECA1997	g4936
ECA1997	g4938
ECA1997	g20766
ECA1997	g14679
ECA1997	g14738
ECA1997	g11439
ECA1997	g4070
ECA1997	g6082
ECA1997	g11352
ECA1997	g4619
ECA1997	g10982
ECA1997	g15333
ECA1997	g4069
ECA1997	g440
ECA1997	g14634
ECA1997	g14884
ECA1997	g7792
ECA1997	g15674
ECA1997	g9168
ECA1997	g11424
ECA1997	g14736
ECA1997	g10536
ECA1997	g17956
ECA1997	g16793
ECA1997	g22029
ECA1997	g10984
ECA1997	g13890
ECA1997	g14881
ECA1997	g8651
ECA1997	g20688
ECA1997	g15463
ECA1997	g12224
ECA1997	g21946
ECA1997	g15432
ECA1997	g9392
ECA1997	g8956
ECA1997	g22536
ECA1997	g15464
ECA1997	g8846
ECA1997	g136
ECA1997	g14726
ECA1997	g22500
ECA1997	g11572
ECA1997	g10760
ECA1997	g16980
ECA1997	g4926
ECA1997	g4797
ECA1997	g2220
ECA1997	g15025
ECA1997	g4905
ECA1997	g14841
ECA1997	g10511
ECA1997	g17332
ECA1997	g10530
ECA1997	g3185
ECA1997	g3045
ECA1997	g14838
ECA1997	g8553
ECA1997	g3044
ECA1997	g18186
ECA1997	g4932
ECA1997	g4924
ECA1997	g9183
ECA1997	g4892
ECA1997	g10522
ECA1997	g21828
ECA1997	g10948
ECA1997	g4929
ECA1997	g17099
ECA1997	g2611
ECA1997	g15478
ECA1997	g6804
ECA1997	g18684
ECA1997	g441
ECA1997	g10515
ECA1997	g9171
ECA1997	g15462
ECA1997	g4937
ECA1997	g15687
ECA1997	g18430
ECA1997	g20601
ECA1997	g12331
ECA1997	g4359
ECA1997	g8730
ECA1997	g19939
ECA1997	g14739
ECA1997	g5229
ECA1997	g4072
ECA1997	g18318
ECA1997	g4723
ECA1997	g14741
ECA1997	g18425
ECA1997	g19739
ECA1997	g20906
ECA1997	g2547
ECA1997	g4068
ECA1997	g4792
ECA1997	g15683
ECA1997	g4930
ECA1997	g4931
ECA1997	g13790
ECA1997	g18427
ECA1997	g14697
ECA1997	g17101
ECA1997	g9301
ECA1997	g19179
ECA1997	g15250
ECA1997	g14797
ECA1997	g4071
ECA1997	g11095
ECA1997	g19788
ECA923	g13310
ECA923	g4621
ECA923	g5114
ECA923	g21829
ECA923	g12996
ECA923	g5332
ECA923	g249
ECA923	g17252
ECA923	g13729
ECA923	g14408
ECA923	g14191
ECA923	g20502
ECA923	g5327
ECA923	g21266
ECA923	g5292
ECA923	g19742
ECA923	g11432
ECA923	g8481
ECA923	g21192
ECA923	g17237
ECA923	g11613
ECA923	g8031
ECA923	g11683
ECA923	g14831
ECA923	g14063
ECA923	g2118
ECA923	g14071
ECA923	g13299
ECA923	g19639
ECA923	g13718
ECA923	g4394
ECA923	g17231
ECA923	g5077
ECA923	g17233
ECA923	g17505
ECA923	g13857
ECA923	g13314
ECA923	g14825
ECA923	g17420
ECA923	g17941
ECA923	g4962
ECA923	g4620
ECA923	g4931
ECA923	g4964
ECA923	g14082
ECA923	g22033
ECA923	g13307
ECA923	g4619
ECA923	g21107
ECA923	g9486
ECA923	g19741
ECA923	g14828
ECA923	g4918
ECA923	g13858
ECA923	g8496
ECA923	g18803
ECA923	g17519
ECA923	g4975
ECA923	g4978
ECA923	g11686
ECA923	g4615
ECA923	g17801
ECA923	g13350
ECA923	g19746
ECA923	g13728
ECA923	g5108
ECA923	g12292
ECA923	g19529
ECA923	g14233
ECA923	g11811
ECA923	g2975
ECA923	g16957
ECA923	g8027
ECA923	g7441
ECA923	g18149
ECA923	g16942
ECA923	g13852
ECA923	g11433
ECA923	g19743
ECA923	g7440
ECA923	g14184
ECA923	g14834
ECA923	g8255
ECA923	g12792
ECA923	g7514
ECA923	g8326
ECA923	g5331
ECA923	g7462
ECA923	g17943
ECA923	g14070
ECA923	g17946
ECA923	g7442
ECA923	g20252
ECA923	g8264
ECA923	g18253
ECA923	g17235
ECA923	g13854
ECA923	g19532
ECA923	g15376
ECA923	g18851
ECA923	g13856
ECA923	g5075
ECA923	g11430
ECA923	g13401
ECA923	g11435
ECA923	g16897
ECA923	g21267
ECA923	g19730
ECA923	g19759
ECA923	g19740
ECA923	g12735
ECA923	g13855
ECA923	g11320
ECA923	g13303
ECA923	g10582
ECA923	g12732
ECA923	g9336
ECA923	g11682
ECA923	g17443
ECA923	g13309
ECA923	g18148
ECA923	g13305
ECA923	g1357
ECA923	g19509
ECA923	g13372
ECA923	g8488
ECA923	g7928
ECA923	g12076
ECA923	g8025
ECA923	g11685
ECA923	g1272
ECA923	g9780
ECA923	g7527
ECA923	g7531
ECA923	g2203
ECA923	g4930
ECA923	g4991
ECA923	g8482
ECA923	g1704
ECA923	g13312
ECA923	g10666
ECA923	g5032
ECA923	g5111
ECA923	g6357
ECA923	g11429
ECA923	g8028
ECA923	g5079
ECA923	g7530
ECA923	g17234
ECA923	g3879
ECA923	g13273
ECA923	g11614
ECA923	g21218
ECA923	g13859
ECA923	g11112
ECA923	g18717
ECA923	g8256
ECA923	g18484
ECA923	g9591
ECA923	g10585
ECA923	g13209
ECA923	g7461
ECA923	g19745
ECA923	g13860
ECA923	g6287
ECA923	g21993
ECA923	g11684
ECA923	g17944
ECA923	g18043
ECA923	g13304
ECA923	g8497
ECA923	g4976
ECA923	g4977
ECA923	g18140
ECA923	g4872
ECA923	g19731
ECA923	g17238
ECA923	g1237
ECA923	g16731
ECA923	g4617
ECA923	g17006
ECA923	g16456
ECA923	g13306
ECA923	g13099
ECA923	g13482
ECA923	g14830
ECA923	g13717
ECA923	g11407
ECA923	g12736
ECA923	g18852
ECA923	g13282
ECA923	g17442
ECA923	g11357
ECA923	g4705
ECA923	g7665
ECA923	g17417
ECA923	g17521
ECA923	g8266
ECA923	g8263
ECA923	g13167
ECA923	g16954
ECA923	g8495
ECA923	g5254
ECA923	g21193
ECA923	g7528
ECA923	g4050
ECA923	g13373
ECA923	g11321
ECA923	g13267
ECA923	g16956
ECA923	g8493
ECA923	g17520
ECA923	g18331
ECA923	g13302
ECA923	g10665
ECA923	g11810
ECA923	g20501
ECA923	g12657
ECA923	g8029
ECA923	g9242
ECA923	g11114
ECA923	g11326
ECA923	g13301
ECA923	g12464
ECA923	g5118
ECA923	g19643
ECA923	g7529
ECA923	g12465
ECA923	g13283
ECA923	g5994
ECA923	g17236
ECA923	g4917
ECA923	g4442
ECA923	g6609
ECA923	g8480
ECA923	g15166
ECA923	g8502
ECA923	g7922
ECA923	g13727
ECA923	g4145
ECA923	g13853
ECA923	g12077
ECA923	g8498
ECA923	g16955
ECA923	g7515
ECA923	g17354
ECA923	g19866
ECA923	g5330
ECA923	g18718
ECA923	g17239
ECA923	g13279
ECA923	g13483
ECA923	g6261
ECA923	g17028
ECA923	g5035
ECA923	g4618
ECA923	g11111
ECA923	g13348
ECA923	g12463
ECA923	g13280
ECA923	g5253
ECA923	g17945
ECA923	g6969
ECA923	g8023
ECA923	g4092
ECA923	g5074
ECA923	g16941
ECA923	g18853
ECA923	g4919
ECA923	g13311
ECA923	g17421
ECA923	g12462
ECA923	g10584
ECA923	g6970
ECA923	g13300
ECA923	g8069
ECA923	g8485
ECA923	g9479
ECA923	g1238
ECA923	g12864
ECA923	g11250
ECA923	g9477
ECA923	g14080
ECA923	g8494
ECA923	g14125
ECA923	g13313
ECA923	g19987
ECA923	g799
ECA923	g8270
ECA923	g15273
ECA923	g12731
ECA923	g8261
ECA923	g17251
ECA923	g13758
ECA923	g8262
ECA923	g13761
ECA923	g5034
ECA923	g8484
ECA923	g8621
ECA923	g4614
ECA923	g21409
ECA923	g13546
ECA923	g14081
ECA923	g5117
ECA923	g8257
ECA923	g9653
ECA923	g13163
ECA923	g8492
ECA923	g14256
ECA923	g13308
ECA923	g20910
ECA923	g12461
ECA923	g4936
ECA923	g13281
ECA923	g11434
ECA923	g8486
ECA923	g8487
ECA923	g17481
ECA923	g13861
ECA923	g10351
ECA923	g14318
ECA923	g4602
ECA923	g4086
ECA923	g11431
JU782	g15863
JU782	g20111
JU782	g7921
JU782	g22158
JU782	g8279
JU782	g8256
JU782	g140
JU782	g3021
JU782	g8192
JU782	g8211
JU782	g13163
JU782	g5464
JU782	g2798
JU782	g18644
JU782	g18892
JU782	g15485
JU782	g19778
JU782	g20772
JU782	g8363
JU782	g15550
JU782	g14971
JU782	g12487
JU782	g9395
JU782	g19802
JU782	g13204
JU782	g16264
JU782	g22379
JU782	g18855
JU782	g8280
JU782	g22026
JU782	g12850
JU782	g5570
JU782	g8391
JU782	g3023
JU782	g12253
JU782	g12903
JU782	g8087
JU782	g19402
JU782	g18640
JU782	g12301
JU782	g3249
JU782	g8230
JU782	g14964
JU782	g18834
JU782	g8225
JU782	g12792
JU782	g3770
JU782	g12836
JU782	g12804
JU782	g5565
JU782	g10772
JU782	g8628
JU782	g1795
JU782	g3029
JU782	g3980
JU782	g21914
JU782	g18642
JU782	g2783
JU782	g4298
JU782	g8184
JU782	g6406
JU782	g15553
JU782	g5460
JU782	g8380
JU782	g2782
JU782	g12977
JU782	g8223
JU782	g15308
JU782	g11944
JU782	g5681
JU782	g19611
JU782	g8212
JU782	g22541
JU782	g3352
JU782	g9099
JU782	g6490
JU782	g22166
JU782	g13127
JU782	g13419
JU782	g13126
JU782	g21913
JU782	g8228
JU782	g13464
JU782	g5463
JU782	g17549
JU782	g20862
JU782	g8379
JU782	g22490
JU782	g8190
JU782	g22021
JU782	g5465
JU782	g21910
JU782	g12481
JU782	g20841
JU782	g3781
JU782	g20861
JU782	g4944
JU782	g19620
JU782	g5678
JU782	g4004
JU782	g6356
JU782	g3255
JU782	g3930
JU782	g12944
JU782	g5476
JU782	g5446
JU782	g5466
JU782	g7662
JU782	g3359
JU782	g22027
JU782	g683
JU782	g7659
JU782	g1946
JU782	g8219
JU782	g18856
JU782	g5701
JU782	g19405
JU782	g12866
JU782	g2791
JU782	g6980
JU782	g19275
JU782	g15552
JU782	g7378
JU782	g21437
JU782	g22164
JU782	g1500
JU782	g22172
JU782	g12849
JU782	g12852
JU782	g16348
JU782	g12803
JU782	g2797
JU782	g8221
JU782	g3252
JU782	g7724
JU782	g21005
JU782	g4005
JU782	g602
JU782	g12484
JU782	g8191
JU782	g12981
JU782	g8215
JU782	g2793
JU782	g11900
JU782	g13405
JU782	g3777
JU782	g22176
JU782	g20773
JU782	g18641
JU782	g11728
JU782	g22378
JU782	g8218
JU782	g7208
JU782	g21938
JU782	g12906
JU782	g22174
JU782	g15486
JU782	g13202
JU782	g139
JU782	g3028
JU782	g8364
JU782	g6724
JU782	g13420
JU782	g1690
JU782	g9947
JU782	g22441
JU782	g3257
JU782	g680
JU782	g8179
JU782	g681
JU782	g20842
JU782	g13203
JU782	g12467
JU782	g5461
JU782	g17618
JU782	g3929
JU782	g10814
JU782	g15551
JU782	g12984
JU782	g22175
JU782	g12851
JU782	g20018
JU782	g12747
JU782	g5475
JU782	g18645
JU782	g21471
JU782	g14968
JU782	g13630
JU782	g22161
JU782	g12485
JU782	g13199
JU782	g13905
JU782	g22400
JU782	g22634
JU782	g14970
JU782	g7663
JU782	g6357
JU782	g4096
JU782	g21984
JU782	g12580
JU782	g20637
JU782	g603
JU782	g22098
JU782	g18831
JU782	g3214
JU782	g8381
JU782	g3018
JU782	g22160
JU782	g8091
JU782	g22173
JU782	g8390
JU782	g2784
JU782	g16947
JU782	g8216
JU782	g20775
JU782	g3251
JU782	g2786
JU782	g17907
JU782	g18659
JU782	g12488
JU782	g13407
JU782	g6358
JU782	g16946
JU782	g15678
JU782	g8193
JU782	g7582
JU782	g12946
JU782	g8220
JU782	g12489
JU782	g2040
JU782	g17644
JU782	g137
JU782	g12987
JU782	g3022
JU782	g7380
JU782	g22399
JU782	g5566
JU782	g21352
JU782	g20774
JU782	g15679
JU782	g15549
JU782	g18928
JU782	g8226
JU782	g18643
JU782	g12790
JU782	g21912
JU782	g21916
JU782	g17300
JU782	g2777
JU782	g22562
JU782	g7379
JU782	g11996
JU782	g6981
JU782	g18768
JU782	g5340
JU782	g18646
JU782	g19406
JU782	g18433
JU782	g22171
JU782	g12486
JU782	g8559
JU782	g14974
JU782	g2781
JU782	g12905
JU782	g3020
JU782	g2667
JU782	g2792
JU782	g8028
JU782	g3015
JU782	g8217
JU782	g2795
JU782	g2799
JU782	g20776
JU782	g8360
JU782	g12838
JU782	g8222
JU782	g18638
JU782	g22371
JU782	g12943
JU782	g8627
JU782	g18835
JU782	g8227
JU782	g12501
JU782	g19489
JU782	g8213
JU782	g13404
JU782	g6489
JU782	g2953
JU782	g2794
JU782	g12791
JU782	g1803
JU782	g21470
JU782	g1805
JU782	g7797
JU782	g18929
JU782	g8258
JU782	g2785
JU782	g8229
JU782	g5215
JU782	g19919
JU782	g7658
JU782	g18658
JU782	g21911
JU782	g22168
JU782	g20788
JU782	g7382
JU782	g21915
JU782	g3253
JU782	g3760
JU782	g13358
JU782	g22159
JU782	g1627
JU782	g2787
JU782	g3027
JU782	g13406
JU782	g8129
JU782	g12809
JU782	g12949
JU782	g4707
JU782	g916
JU782	g11938
JU782	g7381
JU782	g12988
JU782	g22497
MY2147	g19633
MY2147	g2935
MY2147	g7805
MY2147	g20963
MY2147	g4216
MY2147	g21609
MY2147	g3465
MY2147	g6509
MY2147	g21681
MY2147	g3678
MY2147	g16094
MY2147	g4124
MY2147	g9280
MY2147	g20446
MY2147	g236
MY2147	g12772
MY2147	g19040
MY2147	g9205
MY2147	g3930
MY2147	g1208
MY2147	g9232
MY2147	g12362
MY2147	g18146
MY2147	g2139
MY2147	g6516
MY2147	g20487
MY2147	g12010
MY2147	g11464
MY2147	g14377
MY2147	g12002
MY2147	g21938
MY2147	g12483
MY2147	g3667
MY2147	g10203
MY2147	g20218
MY2147	g3925
MY2147	g20977
MY2147	g4612
MY2147	g13570
MY2147	g2934
MY2147	g4625
MY2147	g11990
MY2147	g6517
MY2147	g19491
MY2147	g2933
MY2147	g327
MY2147	g16219
MY2147	g237
MY2147	g18711
MY2147	g22324
MY2147	g19055
MY2147	g1124
MY2147	g12365
MY2147	g3928
MY2147	g216
MY2147	g232
MY2147	g3677
MY2147	g21683
MY2147	g6506
MY2147	g20962
MY2147	g11139
MY2147	g12120
MY2147	g4855
MY2147	g22048
MY2147	g11818
MY2147	g3212
MY2147	g11842
MY2147	g11649
MY2147	g11458
MY2147	g8807
MY2147	g21508
MY2147	g4202
MY2147	g22318
MY2147	g15952
MY2147	g20410
MY2147	g1812
MY2147	g5349
MY2147	g20409
MY2147	g11650
MY2147	g22330
MY2147	g235
MY2147	g13875
MY2147	g18219
MY2147	g22328
MY2147	g11892
MY2147	g10677
MY2147	g788
MY2147	g18889
MY2147	g18198
MY2147	g10350
MY2147	g19630
MY2147	g12003
MY2147	g18218
MY2147	g7258
MY2147	g10686
MY2147	g22045
MY2147	g10446
MY2147	g22323
MY2147	g22326
MY2147	g19933
MY2147	g20970
MY2147	g21680
MY2147	g1075
MY2147	g5394
MY2147	g9281
MY2147	g248
MY2147	g218
MY2147	g238
MY2147	g848
MY2147	g22327
MY2147	g19935
MY2147	g387
MY2147	g22322
MY2147	g12774
MY2147	g851
MY2147	g16371
MY2147	g12361
MY2147	g21008
MY2147	g4146
MY2147	g21682
MY2147	g8899
MY2147	g22068
MY2147	g22509
MY2147	g20221
MY2147	g4611
MY2147	g18656
MY2147	g19047
MY2147	g10920
MY2147	g21685
MY2147	g12364
MY2147	g20864
MY2147	g10003
MY2147	g3927
MY2147	g8198
MY2147	g13598
MY2147	g20969
MY2147	g2929
MY2147	g10452
MY2147	g18131
MY2147	g5067
MY2147	g21411
MY2147	g1810
MY2147	g4215
MY2147	g20485
MY2147	g1811
MY2147	g1439
MY2147	g17367
MY2147	g3926
MY2147	g10444
MY2147	g12771
MY2147	g20968
MY2147	g18199
MY2147	g20486
MY2147	g233
MY2147	g10079
MY2147	g19531
MY2147	g425
MY2147	g12363
MY2147	g22501
MY2147	g11885
MY2147	g19056
MY2147	g18556
MY2147	g19041
MY2147	g247
MY2147	g3931
MY2147	g20830
MY2147	g2142
MY2147	g20141
MY2147	g5558
MY2147	g18130
MY2147	g10678
MY2147	g2931
MY2147	g15474
MY2147	g20482
MY2147	g5826
MY2147	g2140
MY2147	g3666
MY2147	g21657
MY2147	g847
MY2147	g1074
MY2147	g6513
MY2147	g4145
MY2147	g4397
MY2147	g22320
MY2147	g17996
MY2147	g12693
MY2147	g21679
MY2147	g3945
MY2147	g602
MY2147	g19889
MY2147	g10491
MY2147	g10688
MY2147	g20974
MY2147	g10685
MY2147	g20967
MY2147	g420
MY2147	g21505
MY2147	g19054
MY2147	g15726
MY2147	g9206
MY2147	g22500
MY2147	g18133
MY2147	g3924
MY2147	g13585
MY2147	g20973
MY2147	g4121
MY2147	g22502
MY2147	g21038
MY2147	g21410
MY2147	g21507
MY2147	g19052
MY2147	g4624
MY2147	g4897
MY2147	g18738
MY2147	g4562
MY2147	g15725
MY2147	g925
MY2147	g20966
MY2147	g3707
MY2147	g16465
MY2147	g21405
MY2147	g13781
MY2147	g1813
MY2147	g11308
MY2147	g21934
MY2147	g18132
MY2147	g11309
MY2147	g4214
MY2147	g7043
MY2147	g3929
MY2147	g4610
MY2147	g18134
MY2147	g2747
MY2147	g14127
MY2147	g19039
MY2147	g12484
MY2147	g20964
MY2147	g4063
MY2147	g19061
MY2147	g3676
MY2147	g19641
MY2147	g4801
MY2147	g22329
MY2147	g10921
MY2147	g20971
MY2147	g21016
MY2147	g111
MY2147	g19045
MY2147	g4125
MY2147	g1207
MY2147	g20222
MY2147	g19892
MY2147	g22321
MY2147	g21018
MY2147	g20348
MY2147	g2932
MY2147	g19057
MY2147	g4630
MY2147	g11307
MY2147	g22325
MY2147	g17088
MY2147	g19046
MY2147	g4183
MY2147	g19932
MY2147	g5350
MY2147	g1073
MY2147	g10449
MY2147	g21684
MY2147	g11306
MY2147	g2145
MY2147	g10450
MY2147	g13572
MY2147	g18548
MY2147	g20972
MY2147	g19044
MY2147	g22503
MY2147	g21037
MY2147	g16228
MY2147	g493
MY2147	g16230
MY2147	g11992
MY2147	g19053
MY2147	g3932
MY2147	g9114
MY2147	g22511
MY2147	g20976
MY2147	g7521
MY2147	g10691
MY2147	g20648
MY2147	g852
MY2147	g10683
MY2147	g3944
MY2147	g21127
MY2147	g19652
MY2147	g19651
MY2147	g12293
MY2147	g10684
MY2147	g3709
MY2147	g19891
MY2147	g22319
MY2147	g10448
MY2147	g19043
MY2147	g20975
MY2147	g12294
MY2147	g2928
MY2147	g11991
MY2147	g21554
MY2147	g10679
MY2147	g20831
MY2147	g17430
MY2147	g19051
MY2147	g21506
MY2147	g11305
MY2147	g11944
MY2147	g19938
MY2147	g12692
MY2147	g14992
MY2147	g17264
MY2147	g21481
MY2147	g11752
MY2147	g2915
MY2147	g4861
MY2147	g2136
MY2147	g13807
ECA2081	g14408
ECA2081	g7400
ECA2081	g10889
ECA2081	g20673
ECA2081	g9308
ECA2081	g20654
ECA2081	g15316
ECA2081	g9995
ECA2081	g6907
ECA2081	g6976
ECA2081	g14311
ECA2081	g14409
ECA2081	g20859
ECA2081	g10330
ECA2081	g12344
ECA2081	g19960
ECA2081	g15999
ECA2081	g21342
ECA2081	g1007
ECA2081	g7408
ECA2081	g15987
ECA2081	g13615
ECA2081	g19297
ECA2081	g3087
ECA2081	g8998
ECA2081	g21448
ECA2081	g1010
ECA2081	g20851
ECA2081	g1013
ECA2081	g20860
ECA2081	g14497
ECA2081	g4748
ECA2081	g9723
ECA2081	g15833
ECA2081	g4645
ECA2081	g21259
ECA2081	g4114
ECA2081	g8822
ECA2081	g13886
ECA2081	g3038
ECA2081	g10328
ECA2081	g8772
ECA2081	g20909
ECA2081	g9418
ECA2081	g1016
ECA2081	g4516
ECA2081	g7099
ECA2081	g9343
ECA2081	g18775
ECA2081	g9360
ECA2081	g131
ECA2081	g7396
ECA2081	g13619
ECA2081	g10322
ECA2081	g20559
ECA2081	g15988
ECA2081	g20662
ECA2081	g3405
ECA2081	g16001
ECA2081	g5594
ECA2081	g8997
ECA2081	g10921
ECA2081	g431
ECA2081	g7370
ECA2081	g9497
ECA2081	g9753
ECA2081	g16969
ECA2081	g14678
ECA2081	g317
ECA2081	g9647
ECA2081	g20877
ECA2081	g17138
ECA2081	g14505
ECA2081	g7398
ECA2081	g21138
ECA2081	g11497
ECA2081	g22180
ECA2081	g9359
ECA2081	g318
ECA2081	g9726
ECA2081	g15985
ECA2081	g9014
ECA2081	g16819
ECA2081	g16252
ECA2081	g19234
ECA2081	g15831
ECA2081	g11582
ECA2081	g20962
ECA2081	g19235
ECA2081	g20521
ECA2081	g9727
ECA2081	g21680
ECA2081	g13614
ECA2081	g13827
ECA2081	g4624
ECA2081	g9421
ECA2081	g16007
ECA2081	g8994
ECA2081	g9249
ECA2081	g9463
ECA2081	g4859
ECA2081	g20954
ECA2081	g2556
ECA2081	g21137
ECA2081	g8999
ECA2081	g5679
ECA2081	g20663
ECA2081	g6849
ECA2081	g21134
ECA2081	g15047
ECA2081	g18815
ECA2081	g18021
ECA2081	g21260
ECA2081	g6846
ECA2081	g4642
ECA2081	g7311
ECA2081	g12654
ECA2081	g7406
ECA2081	g7466
ECA2081	g9376
ECA2081	g7377
ECA2081	g15993
ECA2081	g6175
ECA2081	g7403
ECA2081	g432
ECA2081	g19300
ECA2081	g13631
ECA2081	g15990
ECA2081	g15991
ECA2081	g501
ECA2081	g4644
ECA2081	g4884
ECA2081	g21761
ECA2081	g9689
ECA2081	g9500
ECA2081	g6568
ECA2081	g9728
ECA2081	g434
ECA2081	g15989
ECA2081	g14946
ECA2081	g20657
ECA2081	g20327
ECA2081	g7467
ECA2081	g9468
ECA2081	g435
ECA2081	g7444
ECA2081	g18018
ECA2081	g13740
ECA2081	g19298
ECA2081	g19961
ECA2081	g16002
ECA2081	g18019
ECA2081	g13899
ECA2081	g10323
ECA2081	g9341
ECA2081	g4657
ECA2081	g5913
ECA2081	g20520
ECA2081	g21681
ECA2081	g2539
ECA2081	g6176
ECA2081	g7442
ECA2081	g9648
ECA2081	g7399
ECA2081	g433
ECA2081	g14321
ECA2081	g9507
ECA2081	g7401
ECA2081	g10098
ECA2081	g21024
ECA2081	g9989
ECA2081	g15992
ECA2081	g13618
ECA2081	g2331
ECA2081	g8996
ECA2081	g10470
ECA2081	g21135
ECA2081	g21133
ECA2081	g4639
ECA2081	g21160
ECA2081	g6850
ECA2081	g13802
ECA2081	g8247
ECA2081	g22541
ECA2081	g21210
ECA2081	g3110
ECA2081	g9088
ECA2081	g19434
ECA2081	g21760
ECA2081	g14320
ECA2081	g20879
ECA2081	g9307
ECA2081	g10331
ECA2081	g10054
ECA2081	g9354
ECA2081	g10094
ECA2081	g2554
ECA2081	g6398
ECA2081	g20560
ECA2081	g4862
ECA2081	g8995
ECA2081	g2553
ECA2081	g1011
ECA2081	g16000
ECA2081	g7379
ECA2081	g7407
ECA2081	g20655
ECA2081	g2555
ECA2081	g15998
ECA2081	g9001
ECA2081	g13613
ECA2081	g6762
ECA2081	g682
ECA2081	g14305
ECA2081	g7411
ECA2081	g3037
ECA2081	g14323
ECA2081	g10329
ECA2081	g19299
ECA2081	g6569
ECA2081	g19215
ECA2081	g10100
ECA2081	g21004
ECA2081	g21131
ECA2081	g9506
ECA2081	g20671
ECA2081	g13616
ECA2081	g20670
ECA2081	g9294
ECA2081	g17265
ECA2081	g20530
ECA2081	g21678
ECA2081	g8521
ECA2081	g9503
ECA2081	g13617
ECA2081	g3109
ECA2081	g20878
ECA2081	g20075
ECA2081	g10805
ECA2081	g4520
ECA2081	g5540
ECA2081	g7376
ECA2081	g13408
ECA2081	g16111
ECA2081	g13863
ECA2081	g16728
ECA2081	g16003
ECA2081	g17076
ECA2081	g10097
ECA2081	g20531
ECA2081	g9420
ECA2081	g20672
ECA2081	g8980
ECA2081	g2217
ECA2081	g10335
ECA2081	g7378
ECA2081	g502
ECA2081	g20532
ECA2081	g14192
ECA2081	g3876
ECA2081	g5678
ECA2081	g5539
ECA2081	g9462
ECA2081	g9313
ECA2081	g5538
ECA2081	g21132
ECA2081	g7405
ECA2081	g7397
ECA2081	g7365
ECA2081	g2060
ECA2081	g4382
ECA2081	g10922
ECA2081	g10135
ECA2081	g9295
ECA2081	g7402
ECA2081	g16962
ECA2081	g2604
ECA2081	g21254
ECA2081	g22181
ECA2081	g9465
ECA2081	g2495
ECA2081	g19285
ECA2081	g9339
ECA2081	g10096
ECA2081	g15997
ECA2081	g7410
ECA2081	g14604
ECA2081	g20656
ECA2081	g4640
ECA2081	g3193
ECA2081	g9296
ECA2081	g20183
ECA2081	g6845
ECA2081	g13611
ECA2081	g9358
ECA2081	g13207
ECA2081	g6571
ECA2081	g4752
ECA2081	g15021
ECA2081	g13805
ECA2081	g13806
ECA2081	g2896
ECA2081	g2540
ECA2081	g7409
ECA2081	g6567
ECA2081	g13632
ECA2081	g7271
ECA2081	g20660
ECA2081	g7404
ECA2081	g8464
ECA2081	g19214
ECA2081	g8422
ECA2081	g10324
ECA2081	g4643
ECA2081	g20563
ECA2081	g9357
ECA2081	g16960
ECA2081	g21090
ECA2081	g14322
ECA2081	g6570
ECA2081	g7275
ECA2081	g21136
ECA2081	g13826
ECA2561	g19931
ECA2561	g5305
ECA2561	g14417
ECA2561	g11338
ECA2561	g22361
ECA2561	g12267
ECA2561	g10530
ECA2561	g21523
ECA2561	g20231
ECA2561	g14420
ECA2561	g21643
ECA2561	g20380
ECA2561	g8411
ECA2561	g19824
ECA2561	g19789
ECA2561	g6202
ECA2561	g19782
ECA2561	g14239
ECA2561	g8412
ECA2561	g14199
ECA2561	g13417
ECA2561	g5916
ECA2561	g17640
ECA2561	g14913
ECA2561	g14414
ECA2561	g1907
ECA2561	g21858
ECA2561	g6830
ECA2561	g10460
ECA2561	g14494
ECA2561	g6097
ECA2561	g10802
ECA2561	g10574
ECA2561	g14549
ECA2561	g8324
ECA2561	g15146
ECA2561	g14496
ECA2561	g18875
ECA2561	g6204
ECA2561	g6736
ECA2561	g15099
ECA2561	g14411
ECA2561	g19771
ECA2561	g14606
ECA2561	g14562
ECA2561	g3509
ECA2561	g14594
ECA2561	g14560
ECA2561	g16615
ECA2561	g21283
ECA2561	g12437
ECA2561	g6995
ECA2561	g10573
ECA2561	g7492
ECA2561	g13642
ECA2561	g19997
ECA2561	g19775
ECA2561	g21651
ECA2561	g21659
ECA2561	g8416
ECA2561	g21533
ECA2561	g13423
ECA2561	g11340
ECA2561	g14423
ECA2561	g20845
ECA2561	g10456
ECA2561	g3754
ECA2561	g15453
ECA2561	g8214
ECA2561	g3574
ECA2561	g22044
ECA2561	g748
ECA2561	g22020
ECA2561	g3380
ECA2561	g13645
ECA2561	g14200
ECA2561	g21550
ECA2561	g18556
ECA2561	g1050
ECA2561	g6838
ECA2561	g14275
ECA2561	g14276
ECA2561	g17638
ECA2561	g10461
ECA2561	g5587
ECA2561	g8413
ECA2561	g13652
ECA2561	g18803
ECA2561	g21970
ECA2561	g19772
ECA2561	g13576
ECA2561	g14918
ECA2561	g17707
ECA2561	g19779
ECA2561	g6641
ECA2561	g21857
ECA2561	g8928
ECA2561	g6946
ECA2561	g8217
ECA2561	g13978
ECA2561	g6101
ECA2561	g13877
ECA2561	g14455
ECA2561	g19787
ECA2561	g10459
ECA2561	g4089
ECA2561	g8400
ECA2561	g8429
ECA2561	g8410
ECA2561	g20376
ECA2561	g10458
ECA2561	g21660
ECA2561	g19784
ECA2561	g10000
ECA2561	g12587
ECA2561	g7541
ECA2561	g3510
ECA2561	g20110
ECA2561	g21649
ECA2561	g3507
ECA2561	g9633
ECA2561	g8193
ECA2561	g3508
ECA2561	g13422
ECA2561	g19723
ECA2561	g14534
ECA2561	g19809
ECA2561	g5716
ECA2561	g21064
ECA2561	g2507
ECA2561	g12142
ECA2561	g18199
ECA2561	g14550
ECA2561	g14547
ECA2561	g1824
ECA2561	g14595
ECA2561	g13878
ECA2561	g3573
ECA2561	g11251
ECA2561	g14916
ECA2561	g13421
ECA2561	g13637
ECA2561	g6124
ECA2561	g5913
ECA2561	g15667
ECA2561	g10483
ECA2561	g10804
ECA2561	g14493
ECA2561	g5915
ECA2561	g13412
ECA2561	g6034
ECA2561	g21658
ECA2561	g6123
ECA2561	g14201
ECA2561	g4094
ECA2561	g13651
ECA2561	g5912
ECA2561	g19740
ECA2561	g7174
ECA2561	g5422
ECA2561	g19781
ECA2561	g17708
ECA2561	g21652
ECA2561	g5918
ECA2561	g14931
ECA2561	g8415
ECA2561	g16574
ECA2561	g10462
ECA2561	g21870
ECA2561	g6660
ECA2561	g17654
ECA2561	g13424
ECA2561	g19808
ECA2561	g21977
ECA2561	g14548
ECA2561	g3506
ECA2561	g22269
ECA2561	g14652
ECA2561	g8401
ECA2561	g21534
ECA2561	g6122
ECA2561	g7408
ECA2561	g2473
ECA2561	g14915
ECA2561	g14204
ECA2561	g2940
ECA2561	g13874
ECA2561	g5148
ECA2561	g11337
ECA2561	g20375
ECA2561	g10581
ECA2561	g7542
ECA2561	g17727
ECA2561	g5911
ECA2561	g14821
ECA2561	g5931
ECA2561	g5632
ECA2561	g19780
ECA2561	g19777
ECA2561	g21646
ECA2561	g13837
ECA2561	g20379
ECA2561	g21532
ECA2561	g13640
ECA2561	g19786
ECA2561	g5644
ECA2561	g21657
ECA2561	g9923
ECA2561	g17639
ECA2561	g17637
ECA2561	g10803
ECA2561	g5646
ECA2561	g17728
ECA2561	g6203
ECA2561	g19159
ECA2561	g15496
ECA2561	g14912
ECA2561	g7022
ECA2561	g10568
ECA2561	g10457
ECA2561	g18198
ECA2561	g3381
ECA2561	g19785
ECA2561	g19783
ECA2561	g14911
ECA2561	g12682
ECA2561	g18901
ECA2561	g21868
ECA2561	g20672
ECA2561	g13644
ECA2561	g17636
ECA2561	g8328
ECA2561	g2594
ECA2561	g19774
ECA2561	g20671
ECA2561	g4091
ECA2561	g17653
ECA2561	g6161
ECA2561	g21522
ECA2561	g14608
ECA2561	g6659
ECA2561	g5694
ECA2561	g9839
ECA2561	g19788
ECA2561	g13876
ECA2561	g13879
ECA2561	g19819
ECA2561	g15400
ECA2561	g4085
ECA2561	g21644
ECA2561	g21063
ECA2561	g12998
ECA2561	g9924
ECA2561	g5914
ECA2561	g8534
ECA2561	g7409
ECA2561	g6737
ECA2561	g19738
ECA2561	g14914
ECA2561	g21354
ECA2561	g12330
ECA2561	g20305
ECA2561	g20457
ECA2561	g20673
ECA2561	g13919
ECA2561	g13313
ECA2561	g13418
ECA2561	g10145
ECA2561	g14413
ECA2561	g10001
ECA2561	g19722
ECA2561	g21553
ECA2561	g19773
ECA2561	g13650
ECA2561	g14456
ECA2561	g7543
ECA2561	g21284
ECA2561	g19807
ECA2561	g20674
ECA2561	g3187
ECA2561	g14900
ECA2561	g21655
ECA2561	g19885
ECA2561	g19790
ECA2561	g19810
ECA2561	g19816
ECA2561	g14607
ECA2561	g12445
ECA2561	g2474
ECA2561	g12447
ECA2561	g13419
ECA2561	g6512
ECA2561	g6647
ECA2561	g6658
ECA2561	g19778
ECA2561	g8660
ECA2561	g22168
ECA2561	g5930
ECA2561	g6657
ECA2561	g199
ECA2561	g21645
ECA2561	g19927
ECA2561	g13643
ECA2561	g9950
ECA2561	g21869
ECA2561	g13971
ECA2561	g5917
ECA2561	g6100
ECA2561	g5645
ECA2561	g20675
ECA2561	g21918
ECA2561	g4088
ECA2561	g14589
ECA2561	g13416
ECA2561	g14451
ECA2561	g9165
ECA2561	g11573
ECA2561	g10659
ECA2561	g22110
ECA2561	g11252
ECA2561	g10801
ECA2561	g13882
ECA2561	g15460
JU3128	g7572
JU3128	g6870
JU3128	g7359
JU3128	g19852
JU3128	g9760
JU3128	g18608
JU3128	g17674
JU3128	g7356
JU3128	g10059
JU3128	g12917
JU3128	g17460
JU3128	g22590
JU3128	g21693
JU3128	g2012
JU3128	g7536
JU3128	g3620
JU3128	g12704
JU3128	g2088
JU3128	g21880
JU3128	g15056
JU3128	g2062
JU3128	g7575
JU3128	g924
JU3128	g15122
JU3128	g14550
JU3128	g7577
JU3128	g17129
JU3128	g4527
JU3128	g17121
JU3128	g9670
JU3128	g3722
JU3128	g245
JU3128	g21212
JU3128	g17471
JU3128	g12919
JU3128	g6641
JU3128	g18199
JU3128	g21884
JU3128	g7364
JU3128	g13149
JU3128	g9774
JU3128	g6290
JU3128	g14544
JU3128	g7168
JU3128	g7211
JU3128	g6869
JU3128	g7181
JU3128	g7213
JU3128	g21453
JU3128	g6868
JU3128	g9728
JU3128	g11695
JU3128	g12928
JU3128	g15121
JU3128	g17871
JU3128	g12690
JU3128	g7970
JU3128	g21882
JU3128	g15125
JU3128	g21289
JU3128	g3600
JU3128	g3616
JU3128	g17461
JU3128	g17729
JU3128	g7353
JU3128	g9759
JU3128	g7362
JU3128	g8768
JU3128	g6333
JU3128	g3832
JU3128	g9836
JU3128	g16937
JU3128	g16961
JU3128	g15252
JU3128	g5383
JU3128	g21653
JU3128	g17329
JU3128	g7500
JU3128	g9733
JU3128	g15346
JU3128	g7499
JU3128	g17341
JU3128	g920
JU3128	g3619
JU3128	g17335
JU3128	g20195
JU3128	g835
JU3128	g17339
JU3128	g17010
JU3128	g9269
JU3128	g12855
JU3128	g856
JU3128	g19080
JU3128	g13152
JU3128	g17122
JU3128	g836
JU3128	g3104
JU3128	g3829
JU3128	g13256
JU3128	g12684
JU3128	g7920
JU3128	g13155
JU3128	g17334
JU3128	g17337
JU3128	g7322
JU3128	g9767
JU3128	g21286
JU3128	g2011
JU3128	g3633
JU3128	g3602
JU3128	g3623
JU3128	g9210
JU3128	g17338
JU3128	g7324
JU3128	g17333
JU3128	g10588
JU3128	g9207
JU3128	g11847
JU3128	g9804
JU3128	g21671
JU3128	g2397
JU3128	g3852
JU3128	g3622
JU3128	g7167
JU3128	g17926
JU3128	g12698
JU3128	g8547
JU3128	g15124
JU3128	g18993
JU3128	g11399
JU3128	g4611
JU3128	g7237
JU3128	g9766
JU3128	g10506
JU3128	g12911
JU3128	g21285
JU3128	g923
JU3128	g6117
JU3128	g21173
JU3128	g15057
JU3128	g18609
JU3128	g10058
JU3128	g12927
JU3128	g12924
JU3128	g8290
JU3128	g11589
JU3128	g21883
JU3128	g13157
JU3128	g10585
JU3128	g9765
JU3128	g855
JU3128	g7576
JU3128	g3617
JU3128	g22139
JU3128	g21412
JU3128	g9631
JU3128	g15123
JU3128	g21288
JU3128	g17109
JU3128	g9741
JU3128	g17003
JU3128	g12689
JU3128	g3632
JU3128	g18623
JU3128	g21879
JU3128	g18959
JU3128	g14547
JU3128	g18273
JU3128	g15559
JU3128	g9772
JU3128	g6866
JU3128	g19431
JU3128	g15835
JU3128	g17472
JU3128	g13250
JU3128	g21263
JU3128	g9211
JU3128	g7919
JU3128	g20124
JU3128	g21672
JU3128	g6954
JU3128	g17331
JU3128	g1060
JU3128	g21865
JU3128	g9455
JU3128	g21291
JU3128	g7277
JU3128	g13115
JU3128	g12914
JU3128	g9771
JU3128	g9764
JU3128	g9636
JU3128	g21656
JU3128	g12691
JU3128	g20801
JU3128	g2087
JU3128	g9742
JU3128	g921
JU3128	g21885
JU3128	g7363
JU3128	g7224
JU3128	g9770
JU3128	g21696
JU3128	g9740
JU3128	g21654
JU3128	g9923
JU3128	g12693
JU3128	g7180
JU3128	g17844
JU3128	g10507
JU3128	g7117
JU3128	g20802
JU3128	g15251
JU3128	g8059
JU3128	g9134
JU3128	g9763
JU3128	g17431
JU3128	g11942
JU3128	g21179
JU3128	g20098
JU3128	g10056
JU3128	g8940
JU3128	g12918
JU3128	g18641
JU3128	g6864
JU3128	g3718
JU3128	g922
JU3128	g21174
JU3128	g8941
JU3128	g12925
JU3128	g18610
JU3128	g13988
JU3128	g21881
JU3128	g7166
JU3128	g6689
JU3128	g20446
JU3128	g12705
JU3128	g14878
JU3128	g17730
JU3128	g9761
JU3128	g21752
JU3128	g17462
JU3128	g6386
JU3128	g17340
JU3128	g8548
JU3128	g9768
JU3128	g9812
JU3128	g3495
JU3128	g12700
JU3128	g21692
JU3128	g8056
JU3128	g18622
JU3128	g18195
JU3128	g7280
JU3128	g17332
JU3128	g9814
JU3128	g22539
JU3128	g6867
JU3128	g12688
JU3128	g12916
JU3128	g7186
JU3128	g8939
JU3128	g17336
JU3128	g12570
JU3128	g12699
JU3128	g10057
JU3128	g7321
JU3128	g15347
JU3128	g7918
JU3128	g21290
JU3128	g8938
JU3128	g13151
JU3128	g10586
JU3128	g18031
JU3128	g9769
JU3128	g12701
JU3128	g9739
JU3128	g18196
JU3128	g9835
JU3128	g11703
JU3128	g9564
JU3128	g11705
JU3128	g17111
JU3128	g15391
JU3128	g12692
JU3128	g21878
JU3128	g18023
JU3128	g2181
JU3128	g9773
JU3128	g3370
JU3128	g22436
JU3128	g9206
JU3128	g21866
JU3128	g18110
JU3128	g14553
JU3128	g908
JU3128	g19521
JU3128	g17429
JU3128	g7279
JU3128	g17330
JU3128	g13153
JU3128	g12702
JU3128	g6863
JU3128	g1871
JU3128	g17110
JU3128	g21607
JU3128	g14549
JU3128	g18960
JU3128	g11527
JU3128	g12694
JU3128	g12923
JU3128	g12926
JU3128	g21655
JU3128	g8937
JU3128	g17063
JU3128	g7327
JU3128	g2868
JU3128	g12703
JU3128	g10825
JU3128	g16871
JU3128	g6849
JU3128	g6327
JU3128	g21287
JU3282	g9039
JU3282	g3446
JU3282	g5168
JU3282	g16779
JU3282	g18294
JU3282	g21400
JU3282	g3562
JU3282	g18755
JU3282	g415
JU3282	g4986
JU3282	g2013
JU3282	g4944
JU3282	g16568
JU3282	g492
JU3282	g9384
JU3282	g19398
JU3282	g465
JU3282	g8727
JU3282	g10099
JU3282	g5666
JU3282	g3444
JU3282	g5161
JU3282	g20291
JU3282	g17710
JU3282	g18635
JU3282	g9586
JU3282	g8667
JU3282	g8664
JU3282	g5296
JU3282	g2114
JU3282	g18283
JU3282	g10087
JU3282	g16781
JU3282	g5895
JU3282	g5243
JU3282	g11322
JU3282	g19895
JU3282	g9380
JU3282	g5848
JU3282	g5159
JU3282	g3433
JU3282	g6240
JU3282	g9565
JU3282	g5352
JU3282	g5309
JU3282	g5340
JU3282	g7358
JU3282	g3478
JU3282	g15567
JU3282	g16790
JU3282	g8726
JU3282	g16552
JU3282	g2940
JU3282	g8730
JU3282	g8156
JU3282	g2009
JU3282	g18293
JU3282	g3402
JU3282	g18026
JU3282	g5171
JU3282	g3447
JU3282	g4419
JU3282	g8480
JU3282	g6197
JU3282	g2223
JU3282	g12374
JU3282	g18421
JU3282	g18080
JU3282	g20107
JU3282	g18797
JU3282	g8853
JU3282	g4945
JU3282	g18424
JU3282	g5023
JU3282	g21752
JU3282	g5024
JU3282	g18414
JU3282	g13614
JU3282	g2012
JU3282	g11251
JU3282	g10172
JU3282	g18416
JU3282	g18748
JU3282	g2014
JU3282	g3914
JU3282	g16718
JU3282	g5672
JU3282	g17015
JU3282	g10171
JU3282	g1500
JU3282	g2220
JU3282	g17123
JU3282	g16546
JU3282	g9378
JU3282	g2892
JU3282	g17018
JU3282	g18418
JU3282	g5201
JU3282	g13617
JU3282	g8662
JU3282	g13612
JU3282	g414
JU3282	g2025
JU3282	g20217
JU3282	g1995
JU3282	g2015
JU3282	g3975
JU3282	g18417
JU3282	g3531
JU3282	g14473
JU3282	g3978
JU3282	g15717
JU3282	g21611
JU3282	g9587
JU3282	g800
JU3282	g2243
JU3282	g19898
JU3282	g5281
JU3282	g16561
JU3282	g4638
JU3282	g19776
JU3282	g8729
JU3282	g20899
JU3282	g15276
JU3282	g10642
JU3282	g10086
JU3282	g5294
JU3282	g5297
JU3282	g17627
JU3282	g5341
JU3282	g3440
JU3282	g16551
JU3282	g14388
JU3282	g5669
JU3282	g9382
JU3282	g16773
JU3282	g13618
JU3282	g21738
JU3282	g2109
JU3282	g9381
JU3282	g6413
JU3282	g5240
JU3282	g19433
JU3282	g4946
JU3282	g13938
JU3282	g16789
JU3282	g16786
JU3282	g3257
JU3282	g21753
JU3282	g15463
JU3282	g17020
JU3282	g14470
JU3282	g3441
JU3282	g10152
JU3282	g5686
JU3282	g2010
JU3282	g7318
JU3282	g3566
JU3282	g8728
JU3282	g3466
JU3282	g16567
JU3282	g5295
JU3282	g3474
JU3282	g5399
JU3282	g2024
JU3282	g8669
JU3282	g9385
JU3282	g3025
JU3282	g20933
JU3282	g13179
JU3282	g8153
JU3282	g21962
JU3282	g5668
JU3282	g4949
JU3282	g20643
JU3282	g22236
JU3282	g8668
JU3282	g8155
JU3282	g8663
JU3282	g18282
JU3282	g13640
JU3282	g3974
JU3282	g2891
JU3282	g18420
JU3282	g5164
JU3282	g13690
JU3282	g5572
JU3282	g18422
JU3282	g9950
JU3282	g18645
JU3282	g3731
JU3282	g9562
JU3282	g16977
JU3282	g16776
JU3282	g3435
JU3282	g3442
JU3282	g16553
JU3282	g491
JU3282	g3465
JU3282	g3436
JU3282	g3467
JU3282	g3375
JU3282	g13725
JU3282	g16555
JU3282	g9399
JU3282	g5665
JU3282	g5307
JU3282	g19421
JU3282	g14389
JU3282	g21740
JU3282	g10641
JU3282	g8852
JU3282	g4051
JU3282	g21488
JU3282	g3443
JU3282	g5664
JU3282	g15811
JU3282	g13936
JU3282	g13720
JU3282	g11348
JU3282	g4245
JU3282	g16780
JU3282	g2110
JU3282	g20813
JU3282	g10151
JU3282	g4244
JU3282	g16787
JU3282	g19432
JU3282	g11615
JU3282	g9383
JU3282	g5354
JU3282	g13726
JU3282	g11006
JU3282	g16569
JU3282	g18025
JU3282	g3445
JU3282	g18292
JU3282	g6144
JU3282	g18415
JU3282	g4637
JU3282	g3438
JU3282	g18644
JU3282	g3395
JU3282	g9499
JU3282	g3439
JU3282	g1890
JU3282	g16563
JU3282	g3024
JU3282	g9386
JU3282	g19899
JU3282	g9174
JU3282	g3393
JU3282	g21599
JU3282	g13615
JU3282	g5667
JU3282	g13939
JU3282	g16550
JU3282	g5241
JU3282	g16778
JU3282	g4246
JU3282	g18419
JU3282	g16433
JU3282	g5199
JU3282	g16562
JU3282	g21614
JU3282	g5202
JU3282	g2890
JU3282	g18629
JU3282	g9566
JU3282	g4247
JU3282	g5653
JU3282	g17014
JU3282	g19984
JU3282	g14471
JU3282	g21737
JU3282	g3437
JU3282	g16564
JU3282	g3468
JU3282	g5353
JU3282	g3376
JU3282	g15575
JU3282	g3626
JU3282	g20932
JU3282	g15577
JU3282	g20116
JU3282	g13797
JU3282	g21797
JU3282	g16554
JU3282	g18688
JU3282	g585
JU3282	g3434
JU3282	g1766
JU3282	g12924
JU3282	g3979
JU3282	g9398
JU3282	g8159
JU3282	g18322
JU3282	g8653
JU3282	g18324
JU3282	g18423
JU3282	g17016
JU3282	g16565
JU3282	g8654
JU3282	g272
JU3282	g21691
JU3282	g17117
JU3282	g15401
JU3282	g16556
JU3282	g17012
JU3282	g18820
JU3282	g16785
JU3282	g16788
JU3282	g21739
JU3282	g4248
JU3282	g5160
JU3282	g5335
JU3282	g13613
JU3282	g5197
JU3282	g1266
JU3282	g14705
JU3282	g18884
JU3282	g6204
JU3282	g13616
NIC1	g20975
NIC1	g11461
NIC1	g9296
NIC1	g17846
NIC1	g20971
NIC1	g12664
NIC1	g20944
NIC1	g18760
NIC1	g14575
NIC1	g17940
NIC1	g685
NIC1	g14767
NIC1	g11639
NIC1	g2188
NIC1	g11680
NIC1	g9534
NIC1	g18127
NIC1	g7594
NIC1	g9533
NIC1	g21349
NIC1	g7660
NIC1	g20976
NIC1	g7085
NIC1	g10966
NIC1	g8778
NIC1	g18545
NIC1	g20964
NIC1	g18862
NIC1	g20967
NIC1	g18873
NIC1	g11330
NIC1	g2295
NIC1	g21418
NIC1	g22438
NIC1	g11383
NIC1	g17438
NIC1	g18132
NIC1	g16969
NIC1	g11466
NIC1	g9986
NIC1	g20979
NIC1	g7078
NIC1	g11272
NIC1	g11317
NIC1	g11284
NIC1	g11319
NIC1	g2290
NIC1	g16540
NIC1	g19119
NIC1	g4873
NIC1	g20036
NIC1	g733
NIC1	g20970
NIC1	g17108
NIC1	g9519
NIC1	g3121
NIC1	g7663
NIC1	g18752
NIC1	g18746
NIC1	g21011
NIC1	g2184
NIC1	g3072
NIC1	g18874
NIC1	g9518
NIC1	g11455
NIC1	g3911
NIC1	g7418
NIC1	g20945
NIC1	g2405
NIC1	g18364
NIC1	g10694
NIC1	g18388
NIC1	g7789
NIC1	g11679
NIC1	g7934
NIC1	g9055
NIC1	g11604
NIC1	g6383
NIC1	g11603
NIC1	g14851
NIC1	g2187
NIC1	g21438
NIC1	g18436
NIC1	g9766
NIC1	g2189
NIC1	g4411
NIC1	g17259
NIC1	g9685
NIC1	g21905
NIC1	g10961
NIC1	g21417
NIC1	g9989
NIC1	g18546
NIC1	g21437
NIC1	g1676
NIC1	g9757
NIC1	g21031
NIC1	g2402
NIC1	g10096
NIC1	g9513
NIC1	g757
NIC1	g9992
NIC1	g3205
NIC1	g11424
NIC1	g14854
NIC1	g14849
NIC1	g684
NIC1	g19118
NIC1	g2200
NIC1	g2170
NIC1	g2190
NIC1	g4352
NIC1	g11464
NIC1	g18745
NIC1	g20972
NIC1	g14964
NIC1	g20968
NIC1	g15707
NIC1	g4349
NIC1	g19887
NIC1	g7659
NIC1	g17917
NIC1	g20974
NIC1	g2425
NIC1	g17435
NIC1	g11346
NIC1	g20943
NIC1	g17160
NIC1	g3071
NIC1	g3690
NIC1	g7662
NIC1	g22257
NIC1	g20329
NIC1	g11329
NIC1	g11332
NIC1	g8694
NIC1	g11458
NIC1	g11283
NIC1	g1039
NIC1	g758
NIC1	g15622
NIC1	g10963
NIC1	g13234
NIC1	g14855
NIC1	g21350
NIC1	g12493
NIC1	g11386
NIC1	g9527
NIC1	g18747
NIC1	g7595
NIC1	g11678
NIC1	g15176
NIC1	g9765
NIC1	g3437
NIC1	g20139
NIC1	g18131
NIC1	g9994
NIC1	g12707
NIC1	g15704
NIC1	g18884
NIC1	g10947
NIC1	g2185
NIC1	g9124
NIC1	g13165
NIC1	g16579
NIC1	g4776
NIC1	g7661
NIC1	g18533
NIC1	g9760
NIC1	g20969
NIC1	g18429
NIC1	g11331
NIC1	g20936
NIC1	g11226
NIC1	g2199
NIC1	g17861
NIC1	g18126
NIC1	g22291
NIC1	g7082
NIC1	g17514
NIC1	g6168
NIC1	g10964
NIC1	g11675
NIC1	g14093
NIC1	g5895
NIC1	g18129
NIC1	g7084
NIC1	g14877
NIC1	g17847
NIC1	g4353
NIC1	g844
NIC1	g17918
NIC1	g14927
NIC1	g11057
NIC1	g18112
NIC1	g18757
NIC1	g4601
NIC1	g21353
NIC1	g9952
NIC1	g18852
NIC1	g18875
NIC1	g9755
NIC1	g18854
NIC1	g18749
NIC1	g9758
NIC1	g4781
NIC1	g9052
NIC1	g18748
NIC1	g9520
NIC1	g21352
NIC1	g18133
NIC1	g17943
NIC1	g21032
NIC1	g14963
NIC1	g9054
NIC1	g9522
NIC1	g6517
NIC1	g10967
NIC1	g17080
NIC1	g15623
NIC1	g21904
NIC1	g7788
NIC1	g4275
NIC1	g11426
NIC1	g14663
NIC1	g10968
NIC1	g19793
NIC1	g15174
NIC1	g14958
NIC1	g13139
NIC1	g20966
NIC1	g4082
NIC1	g2291
NIC1	g13743
NIC1	g21351
NIC1	g4083
NIC1	g17848
NIC1	g18128
NIC1	g11270
NIC1	g13487
NIC1	g9535
NIC1	g17999
NIC1	g12760
NIC1	g18759
NIC1	g3691
NIC1	g4813
NIC1	g2065
NIC1	g9529
NIC1	g17939
NIC1	g3204
NIC1	g17860
NIC1	g17434
NIC1	g18535
NIC1	g14852
NIC1	g10965
NIC1	g19061
NIC1	g15177
NIC1	g7088
NIC1	g9517
NIC1	g11638
NIC1	g11385
NIC1	g4081
NIC1	g19169
NIC1	g9528
NIC1	g20965
NIC1	g21009
NIC1	g17879
NIC1	g18885
NIC1	g20977
NIC1	g18553
NIC1	g11423
NIC1	g6382
NIC1	g14850
NIC1	g4080
NIC1	g10980
NIC1	g9988
NIC1	g15705
NIC1	g17267
NIC1	g9530
NIC1	g20942
NIC1	g11271
NIC1	g20029
NIC1	g4710
NIC1	g22290
NIC1	g20027
NIC1	g15037
NIC1	g18754
NIC1	g6337
NIC1	g9521
NIC1	g18125
NIC1	g20978
NIC1	g1943
NIC1	g9752
NIC1	g4348
NIC1	g18113
NIC1	g17350
NIC1	g21365
NIC1	g199
NIC1	g18758
NIC1	g9759
NIC1	g18855
NIC1	g18851
NIC1	g9990
NIC1	g9531
NIC1	g541
NIC1	g18534
NIC1	g9101
NIC1	g10090
NIC1	g9764
NIC1	g20202
NIC1	g9523
NIC1	g20973
NIC1	g9053
NIC1	g4079
NIC1	g11465
NIC1	g18489
NIC1	g11289
NIC1	g11429
NIC1	g1441
NIC1	g15943
NIC1	g18298
NIC1	g12701
NIC1	g14853
QG4021	g10761
QG4021	g14605
QG4021	g17891
QG4021	g20217
QG4021	g6063
QG4021	g22370
QG4021	g20321
QG4021	g14538
QG4021	g9673
QG4021	g3454
QG4021	g21411
QG4021	g5850
QG4021	g17704
QG4021	g5845
QG4021	g5849
QG4021	g15040
QG4021	g1751
QG4021	g15620
QG4021	g16024
QG4021	g16532
QG4021	g18620
QG4021	g20442
QG4021	g11755
QG4021	g16397
QG4021	g9776
QG4021	g11779
QG4021	g6065
QG4021	g20283
QG4021	g16450
QG4021	g2780
QG4021	g17699
QG4021	g21336
QG4021	g16534
QG4021	g6242
QG4021	g14646
QG4021	g842
QG4021	g15626
QG4021	g16340
QG4021	g16384
QG4021	g16352
QG4021	g16386
QG4021	g1587
QG4021	g16837
QG4021	g3480
QG4021	g7223
QG4021	g9674
QG4021	g6071
QG4021	g16764
QG4021	g2439
QG4021	g5835
QG4021	g11452
QG4021	g16533
QG4021	g12347
QG4021	g15037
QG4021	g17702
QG4021	g9669
QG4021	g20207
QG4021	g14632
QG4021	g16522
QG4021	g14631
QG4021	g8565
QG4021	g1766
QG4021	g885
QG4021	g9885
QG4021	g14706
QG4021	g15105
QG4021	g12644
QG4021	g19553
QG4021	g15882
QG4021	g14916
QG4021	g3455
QG4021	g20190
QG4021	g14463
QG4021	g17423
QG4021	g19260
QG4021	g19258
QG4021	g14574
QG4021	g16856
QG4021	g5727
QG4021	g14575
QG4021	g22121
QG4021	g21410
QG4021	g9672
QG4021	g2866
QG4021	g20328
QG4021	g3937
QG4021	g1771
QG4021	g16019
QG4021	g16785
QG4021	g16838
QG4021	g6245
QG4021	g16765
QG4021	g9164
QG4021	g1759
QG4021	g9883
QG4021	g6354
QG4021	g12392
QG4021	g6248
QG4021	g11827
QG4021	g16492
QG4021	g14639
QG4021	g21413
QG4021	g21408
QG4021	g9685
QG4021	g9654
QG4021	g9675
QG4021	g2777
QG4021	g1770
QG4021	g16854
QG4021	g3538
QG4021	g19057
QG4021	g8150
QG4021	g3999
QG4021	g7374
QG4021	g15041
QG4021	g14677
QG4021	g22120
QG4021	g9905
QG4021	g16413
QG4021	g16339
QG4021	g16784
QG4021	g6348
QG4021	g2493
QG4021	g8347
QG4021	g15038
QG4021	g21499
QG4021	g6930
QG4021	g17701
QG4021	g16396
QG4021	g16399
QG4021	g18704
QG4021	g16525
QG4021	g16351
QG4021	g14638
QG4021	g3055
QG4021	g16021
QG4021	g21414
QG4021	g17892
QG4021	g671
QG4021	g16453
QG4021	g5843
QG4021	g3456
QG4021	g10615
QG4021	g19270
QG4021	g6070
QG4021	g12032
QG4021	g7119
QG4021	g6250
QG4021	g8147
QG4021	g14637
QG4021	g16006
QG4021	g9670
QG4021	g1627
QG4021	g3575
QG4021	g15039
QG4021	g17697
QG4021	g14613
QG4021	g5838
QG4021	g5834
QG4021	g16398
QG4021	g12261
QG4021	g16294
QG4021	g9684
QG4021	g20206
QG4021	g17705
QG4021	g19271
QG4021	g21532
QG4021	g15623
QG4021	g5516
QG4021	g16022
QG4021	g3459
QG4021	g9054
QG4021	g5243
QG4021	g16494
QG4021	g1758
QG4021	g15621
QG4021	g21436
QG4021	g16855
QG4021	g3995
QG4021	g13296
QG4021	g12393
QG4021	g11666
QG4021	g16529
QG4021	g13226
QG4021	g21486
QG4021	g16115
QG4021	g1753
QG4021	g16989
QG4021	g20430
QG4021	g3752
QG4021	g20621
QG4021	g20208
QG4021	g19259
QG4021	g6060
QG4021	g3996
QG4021	g14643
QG4021	g14636
QG4021	g3570
QG4021	g17420
QG4021	g1756
QG4021	g5836
QG4021	g2191
QG4021	g14614
QG4021	g16853
QG4021	g14642
QG4021	g1752
QG4021	g14612
QG4021	g19056
QG4021	g17422
QG4021	g17421
QG4021	g16025
QG4021	g11828
QG4021	g2412
QG4021	g3054
QG4021	g1769
QG4021	g2190
QG4021	g17491
QG4021	g4072
QG4021	g14635
QG4021	g16026
QG4021	g7469
QG4021	g10613
QG4021	g19051
QG4021	g13200
QG4021	g8737
QG4021	g6064
QG4021	g9772
QG4021	g18009
QG4021	g11756
QG4021	g8738
QG4021	g20218
QG4021	g19898
QG4021	g2690
QG4021	g16338
QG4021	g16852
QG4021	g13554
QG4021	g14789
QG4021	g14633
QG4021	g17837
QG4021	g5829
QG4021	g938
QG4021	g8348
QG4021	g2691
QG4021	g14640
QG4021	g20431
QG4021	g14685
QG4021	g5681
QG4021	g9550
QG4021	g14917
QG4021	g12263
QG4021	g1767
QG4021	g2776
QG4021	g14687
QG4021	g12929
QG4021	g16023
QG4021	g19234
QG4021	g10616
QG4021	g5833
QG4021	g16452
QG4021	g6062
QG4021	g8736
QG4021	g8091
QG4021	g5844
QG4021	g6057
QG4021	g15287
QG4021	g5847
QG4021	g5851
QG4021	g17469
QG4021	g20187
QG4021	g17888
QG4021	g16491
QG4021	g17719
QG4021	g5726
QG4021	g12394
QG4021	g17703
QG4021	g20448
QG4021	g1754
QG4021	g21409
QG4021	g8735
QG4021	g16037
QG4021	g6244
QG4021	g8148
QG4021	g5998
QG4021	g2603
QG4021	g14641
QG4021	g5846
QG4021	g14611
QG4021	g14705
QG4021	g7231
QG4021	g3643
QG4021	g21531
QG4021	g7233
QG4021	g19123
QG4021	g5837
QG4021	g20385
QG4021	g17706
QG4021	g2595
QG4021	g17700
QG4021	g14790
QG4021	g14645
QG4021	g9427
QG4021	g13029
QG4021	g4000
QG4021	g15617
QG4021	g20711
QG4021	g17718
QG4021	g5403
QG4021	g6246
QG4021	g14644
QG4021	g15104
QG4021	g13780
QG4021	g7056
QG4021	g5839
QG4021	g15859
QG4021	g6069
QG4021	g8734
QG4021	g16357
QG4021	g16496
QG4021	g11031
QG4021	g18187
QG4021	g15795
QG4021	g879
QG4021	g21412
JU1409	g5144
JU1409	g22271
JU1409	g5627
JU1409	g3011
JU1409	g22107
JU1409	g10995
JU1409	g3039
JU1409	g2800
JU1409	g11612
JU1409	g20135
JU1409	g2593
JU1409	g21279
JU1409	g2132
JU1409	g3516
JU1409	g5807
JU1409	g14893
JU1409	g5847
JU1409	g19924
JU1409	g3441
JU1409	g21090
JU1409	g19917
JU1409	g3468
JU1409	g11674
JU1409	g11092
JU1409	g5630
JU1409	g225
JU1409	g2250
JU1409	g5494
JU1409	g14790
JU1409	g2853
JU1409	g2604
JU1409	g20137
JU1409	g12226
JU1409	g2562
JU1409	g5547
JU1409	g10593
JU1409	g21085
JU1409	g5632
JU1409	g20364
JU1409	g2997
JU1409	g12573
JU1409	g11086
JU1409	g5437
JU1409	g5481
JU1409	g5143
JU1409	g5449
JU1409	g19906
JU1409	g19915
JU1409	g16599
JU1409	g5142
JU1409	g19459
JU1409	g6806
JU1409	g3006
JU1409	g20143
JU1409	g10262
JU1409	g2564
JU1409	g13959
JU1409	g4176
JU1409	g11677
JU1409	g21088
JU1409	g19912
JU1409	g14897
JU1409	g2594
JU1409	g5621
JU1409	g3012
JU1409	g12530
JU1409	g14680
JU1409	g1781
JU1409	g11611
JU1409	g2090
JU1409	g11800
JU1409	g5846
JU1409	g16784
JU1409	g8643
JU1409	g2460
JU1409	g5770
JU1409	g5769
JU1409	g2471
JU1409	g18075
JU1409	g14894
JU1409	g8173
JU1409	g2469
JU1409	g2139
JU1409	g19001
JU1409	g20072
JU1409	g5138
JU1409	g8195
JU1409	g20367
JU1409	g15406
JU1409	g8396
JU1409	g14683
JU1409	g10996
JU1409	g8262
JU1409	g20370
JU1409	g2467
JU1409	g5590
JU1409	g3004
JU1409	g18072
JU1409	g18077
JU1409	g3517
JU1409	g14881
JU1409	g14910
JU1409	g14891
JU1409	g18942
JU1409	g19914
JU1409	g2468
JU1409	g2464
JU1409	g17963
JU1409	g17223
JU1409	g18939
JU1409	g6654
JU1409	g11673
JU1409	g21301
JU1409	g19902
JU1409	g3137
JU1409	g14660
JU1409	g10590
JU1409	g5483
JU1409	g5509
JU1409	g10315
JU1409	g2965
JU1409	g19910
JU1409	g20470
JU1409	g18280
JU1409	g11676
JU1409	g21991
JU1409	g19904
JU1409	g7101
JU1409	g5496
JU1409	g5493
JU1409	g308
JU1409	g5624
JU1409	g5448
JU1409	g19923
JU1409	g3005
JU1409	g8865
JU1409	g19901
JU1409	g17308
JU1409	g1532
JU1409	g18071
JU1409	g8263
JU1409	g12745
JU1409	g5550
JU1409	g5845
JU1409	g17754
JU1409	g20142
JU1409	g13645
JU1409	g6911
JU1409	g21086
JU1409	g17226
JU1409	g8194
JU1409	g5436
JU1409	g14896
JU1409	g1463
JU1409	g16639
JU1409	g19361
JU1409	g11675
JU1409	g18074
JU1409	g20477
JU1409	g3031
JU1409	g5495
JU1409	g20411
JU1409	g19920
JU1409	g20675
JU1409	g14882
JU1409	g13874
JU1409	g21091
JU1409	g21957
JU1409	g11089
JU1409	g10668
JU1409	g2999
JU1409	g5140
JU1409	g5842
JU1409	g21396
JU1409	g9143
JU1409	g11091
JU1409	g2605
JU1409	g18049
JU1409	g18943
JU1409	g14008
JU1409	g8174
JU1409	g21300
JU1409	g17999
JU1409	g5227
JU1409	g2462
JU1409	g19921
JU1409	g2239
JU1409	g21105
JU1409	g19184
JU1409	g20328
JU1409	g14007
JU1409	g20132
JU1409	g3000
JU1409	g3007
JU1409	g19366
JU1409	g8646
JU1409	g19903
JU1409	g3442
JU1409	g3030
JU1409	g21084
JU1409	g3001
JU1409	g21276
JU1409	g5592
JU1409	g3032
JU1409	g2935
JU1409	g17964
JU1409	g8644
JU1409	g19905
JU1409	g1175
JU1409	g10235
JU1409	g17307
JU1409	g5388
JU1409	g7700
JU1409	g11799
JU1409	g18865
JU1409	g3008
JU1409	g6552
JU1409	g17756
JU1409	g17969
JU1409	g1437
JU1409	g18670
JU1409	g19896
JU1409	g20136
JU1409	g14794
JU1409	g21740
JU1409	g18671
JU1409	g10997
JU1409	g21089
JU1409	g4962
JU1409	g19926
JU1409	g11428
JU1409	g2854
JU1409	g3010
JU1409	g21220
JU1409	g8247
JU1409	g2595
JU1409	g12477
JU1409	g2470
JU1409	g18281
JU1409	g3003
JU1409	g2240
JU1409	g2957
JU1409	g15015
JU1409	g2256
JU1409	g21280
JU1409	g13876
JU1409	g11009
JU1409	g10589
JU1409	g8575
JU1409	g2463
JU1409	g2955
JU1409	g5141
JU1409	g17753
JU1409	g19900
JU1409	g5549
JU1409	g20134
JU1409	g18669
JU1409	g2466
JU1409	g5939
JU1409	g19911
JU1409	g20129
JU1409	g8260
JU1409	g11028
JU1409	g2465
JU1409	g5589
JU1409	g14009
JU1409	g7699
JU1409	g18668
JU1409	g20366
JU1409	g17225
JU1409	g10420
JU1409	g14892
JU1409	g3002
JU1409	g19913
JU1409	g3033
JU1409	g2936
JU1409	g6799
JU1409	g19293
JU1409	g21958
JU1409	g6797
JU1409	g17895
JU1409	g8658
JU1409	g8703
JU1409	g2196
JU1409	g21092
JU1409	g19400
JU1409	g10412
JU1409	g3350
JU1409	g2998
JU1409	g15142
JU1409	g8261
JU1409	g20775
JU1409	g18938
JU1409	g21104
JU1409	g10503
JU1409	g11095
JU1409	g8264
JU1409	g19919
JU1409	g4721
JU1409	g8981
JU1409	g2461
JU1409	g20368
JU1409	g20372
JU1409	g5137
JU1409	g3657
JU1409	g8597
JU1409	g6973
JU1409	g2067
JU1409	g20141
JU1409	g8645
JU1409	g18667
JU1409	g5631
JU1409	g5454
JU1409	g18076
JU1409	g5595
JU1409	g15640
JU1409	g21087
JU1409	g12009
JU1409	g2002
JU1409	g5123
JU1409	g12537
JU1409	g18073
JU1581	g20654
JU1581	g12728
JU1581	g22149
JU1581	g6086
JU1581	g6735
JU1581	g15734
JU1581	g17053
JU1581	g21939
JU1581	g13228
JU1581	g11900
JU1581	g19544
JU1581	g660
JU1581	g21139
JU1581	g20395
JU1581	g11824
JU1581	g1023
JU1581	g5891
JU1581	g20394
JU1581	g11851
JU1581	g15779
JU1581	g3227
JU1581	g5957
JU1581	g5383
JU1581	g19504
JU1581	g15451
JU1581	g21651
JU1581	g14036
JU1581	g6343
JU1581	g5297
JU1581	g12636
JU1581	g6704
JU1581	g20072
JU1581	g1028
JU1581	g14094
JU1581	g5376
JU1581	g5295
JU1581	g15884
JU1581	g18153
JU1581	g1193
JU1581	g16601
JU1581	g20813
JU1581	g5956
JU1581	g7062
JU1581	g3719
JU1581	g20380
JU1581	g6706
JU1581	g2631
JU1581	g15710
JU1581	g5960
JU1581	g21375
JU1581	g1025
JU1581	g21295
JU1581	g656
JU1581	g6736
JU1581	g14080
JU1581	g14079
JU1581	g15706
JU1581	g2159
JU1581	g5715
JU1581	g13924
JU1581	g6955
JU1581	g13186
JU1581	g6087
JU1581	g11336
JU1581	g8800
JU1581	g15728
JU1581	g5070
JU1581	g22039
JU1581	g20819
JU1581	g659
JU1581	g9758
JU1581	g3139
JU1581	g20817
JU1581	g13235
JU1581	g20214
JU1581	g1651
JU1581	g20134
JU1581	g9151
JU1581	g3160
JU1581	g20650
JU1581	g3140
JU1581	g14042
JU1581	g10626
JU1581	g20205
JU1581	g13927
JU1581	g20629
JU1581	g20815
JU1581	g1286
JU1581	g14087
JU1581	g21372
JU1581	g14877
JU1581	g5025
JU1581	g11901
JU1581	g673
JU1581	g642
JU1581	g663
JU1581	g1712
JU1581	g20816
JU1581	g1251
JU1581	g20812
JU1581	g3721
JU1581	g6744
JU1581	g21141
JU1581	g1715
JU1581	g12938
JU1581	g16753
JU1581	g14124
JU1581	g21961
JU1581	g11522
JU1581	g13904
JU1581	g20075
JU1581	g662
JU1581	g7115
JU1581	g20388
JU1581	g2376
JU1581	g5959
JU1581	g14843
JU1581	g12488
JU1581	g11262
JU1581	g15820
JU1581	g15849
JU1581	g14086
JU1581	g20379
JU1581	g21371
JU1581	g20390
JU1581	g3226
JU1581	g8015
JU1581	g3718
JU1581	g5892
JU1581	g22148
JU1581	g19506
JU1581	g20213
JU1581	g2945
JU1581	g17338
JU1581	g1027
JU1581	g20631
JU1581	g21138
JU1581	g14085
JU1581	g3159
JU1581	g19505
JU1581	g657
JU1581	g8731
JU1581	g18115
JU1581	g1291
JU1581	g5958
JU1581	g20808
JU1581	g20208
JU1581	g14061
JU1581	g19580
JU1581	g672
JU1581	g1022
JU1581	g5380
JU1581	g19996
JU1581	g4861
JU1581	g5298
JU1581	g19509
JU1581	g4586
JU1581	g5382
JU1581	g21349
JU1581	g1711
JU1581	g2581
JU1581	g20661
JU1581	g15897
JU1581	g9828
JU1581	g21960
JU1581	g20856
JU1581	g20810
JU1581	g15853
JU1581	g3363
JU1581	g7553
JU1581	g21060
JU1581	g21639
JU1581	g1008
JU1581	g1468
JU1581	g21377
JU1581	g16041
JU1581	g6737
JU1581	g20203
JU1581	g14091
JU1581	g20206
JU1581	g14084
JU1581	g8803
JU1581	g20381
JU1581	g11825
JU1581	g14062
JU1581	g3224
JU1581	g1029
JU1581	g15838
JU1581	g14090
JU1581	g21936
JU1581	g7794
JU1581	g14060
JU1581	g14152
JU1581	g8801
JU1581	g19770
JU1581	g20383
JU1581	g15733
JU1581	g15699
JU1581	g7035
JU1581	g9150
JU1581	g1788
JU1581	g14083
JU1581	g5302
JU1581	g16848
JU1581	g22045
JU1581	g9854
JU1581	g1986
JU1581	g15885
JU1581	g14040
JU1581	g3225
JU1581	g22040
JU1581	g1985
JU1581	g15941
JU1581	g15835
JU1581	g22147
JU1581	g18801
JU1581	g1024
JU1581	g20623
JU1581	g5118
JU1581	g9505
JU1581	g14238
JU1581	g7547
JU1581	g14081
JU1581	g2582
JU1581	g21880
JU1581	g14053
JU1581	g20374
JU1581	g7740
JU1581	g20818
JU1581	g2375
JU1581	g19054
JU1581	g14088
JU1581	g21640
JU1581	g14876
JU1581	g14132
JU1581	g538
JU1581	g21940
JU1581	g2714
JU1581	g15703
JU1581	g5300
JU1581	g22135
JU1581	g15776
JU1581	g20076
JU1581	g20811
JU1581	g14134
JU1581	g14807
JU1581	g21374
JU1581	g5299
JU1581	g5386
JU1581	g20378
JU1581	g15777
JU1581	g15879
JU1581	g1987
JU1581	g20626
JU1581	g20814
JU1581	g7838
JU1581	g19354
JU1581	g19581
JU1581	g20389
JU1581	g2715
JU1581	g15700
JU1581	g20392
JU1581	g22116
JU1581	g20396
JU1581	g3223
JU1581	g6743
JU1581	g5069
JU1581	g2580
JU1581	g21658
JU1581	g16294
JU1581	g1988
JU1581	g5314
JU1581	g20625
JU1581	g7222
JU1581	g14089
JU1581	g20391
JU1581	g14059
JU1581	g14151
JU1581	g22508
JU1581	g16609
JU1581	g1359
JU1581	g16611
JU1581	g20382
JU1581	g21597
JU1581	g1021
JU1581	g7214
JU1581	g11732
JU1581	g14239
JU1581	g14093
JU1581	g5301
JU1581	g10895
JU1581	g20200
JU1581	g20714
JU1581	g1716
JU1581	g1009
JU1581	g7299
JU1581	g3211
JU1581	g229
JU1581	g20672
JU1581	g20673
JU1581	g20207
JU1581	g15898
JU1581	g15834
JU1581	g20809
JU1581	g20627
JU1581	g14092
JU1581	g8754
JU1581	g20212
JU1581	g17401
JU1581	g5280
JU1581	g20384
JU1581	g13163
JU1581	g8802
JU1581	g1989
JU1581	g21376
JU1581	g21059
JU1581	g18331
JU1581	g1026
JU1581	g17235
JU1581	g13099
JU1581	g7801
JU1581	g21373
NIC1810	g19759
NIC1810	g11361
NIC1810	g22232
NIC1810	g11858
NIC1810	g19792
NIC1810	g17443
NIC1810	g11859
NIC1810	g2528
NIC1810	g19041
NIC1810	g16063
NIC1810	g12042
NIC1810	g19996
NIC1810	g15988
NIC1810	g8876
NIC1810	g16014
NIC1810	g12081
NIC1810	g8939
NIC1810	g8369
NIC1810	g21835
NIC1810	g5570
NIC1810	g21843
NIC1810	g19794
NIC1810	g20845
NIC1810	g19748
NIC1810	g19751
NIC1810	g19816
NIC1810	g2084
NIC1810	g6174
NIC1810	g21072
NIC1810	g2517
NIC1810	g17445
NIC1810	g8324
NIC1810	g12740
NIC1810	g12078
NIC1810	g17672
NIC1810	g19763
NIC1810	g7975
NIC1810	g8363
NIC1810	g11655
NIC1810	g6703
NIC1810	g11360
NIC1810	g11668
NIC1810	g17107
NIC1810	g19756
NIC1810	g11359
NIC1810	g2302
NIC1810	g18780
NIC1810	g17451
NIC1810	g5989
NIC1810	g8938
NIC1810	g19980
NIC1810	g480
NIC1810	g11667
NIC1810	g6272
NIC1810	g8942
NIC1810	g6274
NIC1810	g6567
NIC1810	g2527
NIC1810	g12083
NIC1810	g11848
NIC1810	g1271
NIC1810	g8017
NIC1810	g21181
NIC1810	g22028
NIC1810	g22004
NIC1810	g9061
NIC1810	g11082
NIC1810	g19761
NIC1810	g5048
NIC1810	g2660
NIC1810	g19721
NIC1810	g12003
NIC1810	g5033
NIC1810	g12002
NIC1810	g14267
NIC1810	g2655
NIC1810	g21853
NIC1810	g2649
NIC1810	g7090
NIC1810	g2651
NIC1810	g21955
NIC1810	g5985
NIC1810	g18053
NIC1810	g20968
NIC1810	g14199
NIC1810	g14993
NIC1810	g17675
NIC1810	g21842
NIC1810	g14990
NIC1810	g3188
NIC1810	g14403
NIC1810	g14684
NIC1810	g11733
NIC1810	g21178
NIC1810	g11776
NIC1810	g17782
NIC1810	g19974
NIC1810	g3426
NIC1810	g20316
NIC1810	g431
NIC1810	g17678
NIC1810	g2653
NIC1810	g11817
NIC1810	g7087
NIC1810	g7092
NIC1810	g16064
NIC1810	g2303
NIC1810	g20949
NIC1810	g1724
NIC1810	g2652
NIC1810	g2656
NIC1810	g6978
NIC1810	g19752
NIC1810	g9613
NIC1810	g1721
NIC1810	g18970
NIC1810	g18626
NIC1810	g11704
NIC1810	g19758
NIC1810	g19754
NIC1810	g15695
NIC1810	g21201
NIC1810	g11715
NIC1810	g20978
NIC1810	g11654
NIC1810	g19989
NIC1810	g1053
NIC1810	g8941
NIC1810	g20352
NIC1810	g19268
NIC1810	g5486
NIC1810	g19995
NIC1810	g20967
NIC1810	g9525
NIC1810	g2198
NIC1810	g1786
NIC1810	g13101
NIC1810	g7086
NIC1810	g11822
NIC1810	g14992
NIC1810	g5986
NIC1810	g7801
NIC1810	g8877
NIC1810	g6766
NIC1810	g17450
NIC1810	g796
NIC1810	g19081
NIC1810	g11854
NIC1810	g17680
NIC1810	g9610
NIC1810	g14198
NIC1810	g1054
NIC1810	g20145
NIC1810	g13033
NIC1810	g17147
NIC1810	g8940
NIC1810	g21855
NIC1810	g14892
NIC1810	g19753
NIC1810	g21962
NIC1810	g19979
NIC1810	g14793
NIC1810	g6175
NIC1810	g14252
NIC1810	g20386
NIC1810	g8366
NIC1810	g1978
NIC1810	g19749
NIC1810	g11357
NIC1810	g4551
NIC1810	g19755
NIC1810	g2516
NIC1810	g7064
NIC1810	g1725
NIC1810	g6171
NIC1810	g430
NIC1810	g15902
NIC1810	g14179
NIC1810	g6195
NIC1810	g7014
NIC1810	g2658
NIC1810	g5990
NIC1810	g17638
NIC1810	g17440
NIC1810	g6260
NIC1810	g19984
NIC1810	g5045
NIC1810	g19981
NIC1810	g15989
NIC1810	g14266
NIC1810	g14268
NIC1810	g19817
NIC1810	g6979
NIC1810	g2255
NIC1810	g5047
NIC1810	g14178
NIC1810	g19983
NIC1810	g14785
NIC1810	g6273
NIC1810	g19730
NIC1810	g14607
NIC1810	g11446
NIC1810	g9526
NIC1810	g564
NIC1810	g11605
NIC1810	g13710
NIC1810	g9060
NIC1810	g1642
NIC1810	g11355
NIC1810	g11720
NIC1810	g18535
NIC1810	g6768
NIC1810	g6984
NIC1810	g13007
NIC1810	g11773
NIC1810	g19750
NIC1810	g1444
NIC1810	g17444
NIC1810	g14269
NIC1810	g15278
NIC1810	g21068
NIC1810	g1851
NIC1810	g1445
NIC1810	g11719
NIC1810	g11855
NIC1810	g19731
NIC1810	g5988
NIC1810	g11653
NIC1810	g11180
NIC1810	g13353
NIC1810	g19997
NIC1810	g8699
NIC1810	g6112
NIC1810	g2526
NIC1810	g8070
NIC1810	g2650
NIC1810	g19991
NIC1810	g563
NIC1810	g4820
NIC1810	g12082
NIC1810	g19727
NIC1810	g5116
NIC1810	g2657
NIC1810	g7089
NIC1810	g11358
NIC1810	g6765
NIC1810	g19978
NIC1810	g12041
NIC1810	g20969
NIC1810	g11775
NIC1810	g2157
NIC1810	g17442
NIC1810	g11674
NIC1810	g1443
NIC1810	g2654
NIC1810	g19728
NIC1810	g17912
NIC1810	g19990
NIC1810	g14991
NIC1810	g17437
NIC1810	g11701
NIC1810	g6196
NIC1810	g5984
NIC1810	g6005
NIC1810	g11816
NIC1810	g5032
NIC1810	g429
NIC1810	g19760
NIC1810	g13709
NIC1810	g6004
NIC1810	g1442
NIC1810	g17674
NIC1810	g5992
NIC1810	g9611
NIC1810	g20692
NIC1810	g4707
NIC1810	g19992
NIC1810	g18773
NIC1810	g20385
NIC1810	g18771
NIC1810	g6904
NIC1810	g11819
NIC1810	g4987
NIC1810	g19982
NIC1810	g19762
NIC1810	g20215
NIC1810	g10431
NIC1810	g1720
NIC1810	g8372
NIC1810	g14265
NIC1810	g2764
NIC1810	g2557
NIC1810	g2559
NIC1810	g11851
NIC1810	g2659
NIC1810	g17676
NIC1810	g19993
NIC1810	g14784
NIC1810	g11354
NIC1810	g16207
NIC1810	g2363
NIC1810	g21854
NIC1810	g5094
NIC1810	g17776
NIC1810	g8368
NIC1810	g19143
NIC1810	g2153
NIC1810	g19757
NIC1810	g17449
NIC1810	g5046
NIC1810	g1441
NIC1810	g21901
NIC1810	g5987
NIC1810	g19729
NIC1810	g7091
NIC1810	g6235
NIC1810	g9846
NIC1810	g22093
NIC1810	g11340
NIC1810	g8011
NIC1810	g7088
NIC1810	g20966
NIC2	g14354
NIC2	g9351
NIC2	g8153
NIC2	g21305
NIC2	g17411
NIC2	g1095
NIC2	g5111
NIC2	g7713
NIC2	g12077
NIC2	g9171
NIC2	g1094
NIC2	g9131
NIC2	g21092
NIC2	g12001
NIC2	g8311
NIC2	g15381
NIC2	g21091
NIC2	g12028
NIC2	g3792
NIC2	g4358
NIC2	g9874
NIC2	g9348
NIC2	g12724
NIC2	g14167
NIC2	g15419
NIC2	g7691
NIC2	g7701
NIC2	g6953
NIC2	g9484
NIC2	g1197
NIC2	g21307
NIC2	g8490
NIC2	g9431
NIC2	g14919
NIC2	g3642
NIC2	g9346
NIC2	g10314
NIC2	g8112
NIC2	g8836
NIC2	g9541
NIC2	g9498
NIC2	g9529
NIC2	g8325
NIC2	g9496
NIC2	g20372
NIC2	g7013
NIC2	g18327
NIC2	g21313
NIC2	g3793
NIC2	g14587
NIC2	g21078
NIC2	g5257
NIC2	g8050
NIC2	g3789
NIC2	g8309
NIC2	g17419
NIC2	g17427
NIC2	g1090
NIC2	g7702
NIC2	g7964
NIC2	g9357
NIC2	g8127
NIC2	g6046
NIC2	g4032
NIC2	g8794
NIC2	g1306
NIC2	g9354
NIC2	g13982
NIC2	g4801
NIC2	g7911
NIC2	g14006
NIC2	g9662
NIC2	g9132
NIC2	g11172
NIC2	g13789
NIC2	g9209
NIC2	g2234
NIC2	g9210
NIC2	g21586
NIC2	g1093
NIC2	g19729
NIC2	g16117
NIC2	g14058
NIC2	g6556
NIC2	g21244
NIC2	g18075
NIC2	g9869
NIC2	g19708
NIC2	g10311
NIC2	g14168
NIC2	g19728
NIC2	g580
NIC2	g1303
NIC2	g10201
NIC2	g21072
NIC2	g15443
NIC2	g8051
NIC2	g5208
NIC2	g9389
NIC2	g8119
NIC2	g21583
NIC2	g21588
NIC2	g12078
NIC2	g1106
NIC2	g1076
NIC2	g1096
NIC2	g6497
NIC2	g9387
NIC2	g17428
NIC2	g21473
NIC2	g22372
NIC2	g6494
NIC2	g18478
NIC2	g8080
NIC2	g15418
NIC2	g11695
NIC2	g1326
NIC2	g14916
NIC2	g9468
NIC2	g9542
NIC2	g14641
NIC2	g5827
NIC2	g3790
NIC2	g21735
NIC2	g13594
NIC2	g8308
NIC2	g9482
NIC2	g9485
NIC2	g12809
NIC2	g9530
NIC2	g8120
NIC2	g16796
NIC2	g9871
NIC2	g21299
NIC2	g21582
NIC2	g8306
NIC2	g19641
NIC2	g8307
NIC2	g9007
NIC2	g9428
NIC2	g21085
NIC2	g8438
NIC2	g17426
NIC2	g15346
NIC2	g9133
NIC2	g17241
NIC2	g21312
NIC2	g5572
NIC2	g13780
NIC2	g10306
NIC2	g22375
NIC2	g8121
NIC2	g7712
NIC2	g19709
NIC2	g17420
NIC2	g7682
NIC2	g9855
NIC2	g1091
NIC2	g20412
NIC2	g6915
NIC2	g3791
NIC2	g21585
NIC2	g14155
NIC2	g8145
NIC2	g14051
NIC2	g21077
NIC2	g9483
NIC2	g9587
NIC2	g1105
NIC2	g8312
NIC2	g5342
NIC2	g21768
NIC2	g4361
NIC2	g14995
NIC2	g2443
NIC2	g19640
NIC2	g9872
NIC2	g9136
NIC2	g17759
NIC2	g2719
NIC2	g4359
NIC2	g15440
NIC2	g21560
NIC2	g6498
NIC2	g5207
NIC2	g21510
NIC2	g9966
NIC2	g19505
NIC2	g17414
NIC2	g6739
NIC2	g19644
NIC2	g10348
NIC2	g7703
NIC2	g21302
NIC2	g7684
NIC2	g17423
NIC2	g8115
NIC2	g8122
NIC2	g6920
NIC2	g13786
NIC2	g17425
NIC2	g21079
NIC2	g12002
NIC2	g8144
NIC2	g19643
NIC2	g8116
NIC2	g8146
NIC2	g21474
NIC2	g13788
NIC2	g21081
NIC2	g7137
NIC2	g9875
NIC2	g14560
NIC2	g16795
NIC2	g18074
NIC2	g9661
NIC2	g6420
NIC2	g8123
NIC2	g9876
NIC2	g10308
NIC2	g18573
NIC2	g17243
NIC2	g21479
NIC2	g16020
NIC2	g13787
NIC2	g6221
NIC2	g21306
NIC2	g1193
NIC2	g16684
NIC2	g19642
NIC2	g6222
NIC2	g15347
NIC2	g8310
NIC2	g9543
NIC2	g16374
NIC2	g21093
NIC2	g7965
NIC2	g8125
NIC2	g8741
NIC2	g17412
NIC2	g5828
NIC2	g8118
NIC2	g8071
NIC2	g971
NIC2	g21087
NIC2	g5341
NIC2	g8305
NIC2	g14915
NIC2	g8069
NIC2	g15493
NIC2	g9873
NIC2	g17240
NIC2	g21076
NIC2	g9429
NIC2	g21304
NIC2	g6220
NIC2	g19202
NIC2	g21086
NIC2	g9390
NIC2	g2235
NIC2	g5206
NIC2	g6219
NIC2	g9887
NIC2	g4364
NIC2	g10312
NIC2	g21082
NIC2	g22374
NIC2	g14748
NIC2	g8117
NIC2	g21088
NIC2	g8147
NIC2	g18335
NIC2	g14175
NIC2	g6848
NIC2	g21767
NIC2	g18337
NIC2	g21405
NIC2	g14157
NIC2	g17417
NIC2	g2279
NIC2	g21080
NIC2	g8313
NIC2	g14740
NIC2	g11910
NIC2	g8113
NIC2	g847
NIC2	g15594
NIC2	g6493
NIC2	g14830
NIC2	g19656
NIC2	g2146
NIC2	g3860
NIC2	g17413
NIC2	g15439
NIC2	g7685
NIC2	g7681
NIC2	g10310
NIC2	g21089
NIC2	g8114
NIC2	g3859
NIC2	g12219
NIC2	g14156
NIC2	g13835
NIC2	g13857
NIC2	g10207
NIC2	g13717
NIC2	g21311
NIC2	g6218
NIC2	g9347
NIC2	g14110
NIC2	g9524
NIC2	g21587
NIC2	g9384
NIC2	g346
NIC2	g22143
NIC2	g8324
NIC2	g13915
NIC2	g8126
NIC2	g8800
NIC2	g21584
NIC2	g4355
NIC2	g16046
AB1	g294
AB1	g8933
AB1	g20847
AB1	g14606
AB1	g18303
AB1	g10765
AB1	g22400
AB1	g445
AB1	g10974
AB1	g2049
AB1	g11195
AB1	g14144
AB1	g523
AB1	g22208
AB1	g14017
AB1	g8553
AB1	g14143
AB1	g496
AB1	g8619
AB1	g8041
AB1	g10308
AB1	g10799
AB1	g11014
AB1	g18847
AB1	g17957
AB1	g18175
AB1	g10672
AB1	g2152
AB1	g18573
AB1	g18314
AB1	g10078
AB1	g17235
AB1	g10724
AB1	g10613
AB1	g20350
AB1	g22203
AB1	g10126
AB1	g10726
AB1	g14598
AB1	g19819
AB1	g10614
AB1	g10657
AB1	g14644
AB1	g10626
AB1	g10659
AB1	g5934
AB1	g19774
AB1	g13148
AB1	g20020
AB1	g14130
AB1	g2984
AB1	g10789
AB1	g8622
AB1	g22206
AB1	g2045
AB1	g18304
AB1	g19805
AB1	g19804
AB1	g3779
AB1	g8374
AB1	g20770
AB1	g4772
AB1	g2263
AB1	g9310
AB1	g18519
AB1	g17796
AB1	g8747
AB1	g17095
AB1	g6475
AB1	g10771
AB1	g18170
AB1	g6490
AB1	g8746
AB1	g6536
AB1	g18181
AB1	g11194
AB1	g2048
AB1	g15796
AB1	g21608
AB1	g18179
AB1	g14374
AB1	g4282
AB1	g14297
AB1	g10302
AB1	g21587
AB1	g298
AB1	g21607
AB1	g1533
AB1	g20758
AB1	g14365
AB1	g2260
AB1	g14705
AB1	g2935
AB1	g18177
AB1	g19812
AB1	g11197
AB1	g17841
AB1	g11192
AB1	g444
AB1	g2062
AB1	g2031
AB1	g2052
AB1	g4223
AB1	g18178
AB1	g19715
AB1	g18174
AB1	g11306
AB1	g12046
AB1	g4220
AB1	g13299
AB1	g8618
AB1	g19849
AB1	g22422
AB1	g830
AB1	g2284
AB1	g20347
AB1	g10687
AB1	g2051
AB1	g20072
AB1	g14137
AB1	g3068
AB1	g3558
AB1	g8621
AB1	g19537
AB1	g12857
AB1	g10671
AB1	g10674
AB1	g18932
AB1	g10625
AB1	g19811
AB1	g11962
AB1	g10305
AB1	g11198
AB1	g21520
AB1	g4988
AB1	g10727
AB1	g8554
AB1	g11012
AB1	g11520
AB1	g14373
AB1	g3302
AB1	g17945
AB1	g13045
AB1	g22204
AB1	g12043
AB1	g19810
AB1	g21588
AB1	g14604
AB1	g11013
AB1	g10290
AB1	g2046
AB1	g22585
AB1	g5896
AB1	g19675
AB1	g8620
AB1	g19786
AB1	g10937
AB1	g14129
AB1	g10793
AB1	g10673
AB1	g14600
AB1	g21977
AB1	g10568
AB1	g2061
AB1	g14602
AB1	g22209
AB1	g19503
AB1	g8038
AB1	g20426
AB1	g6700
AB1	g21519
AB1	g10306
AB1	g17588
AB1	g11009
AB1	g6973
AB1	g8040
AB1	g18315
AB1	g11220
AB1	g4224
AB1	g2934
AB1	g22421
AB1	g11270
AB1	g10399
AB1	g18172
AB1	g21381
AB1	g22223
AB1	g4467
AB1	g14363
AB1	g14139
AB1	g19816
AB1	g14366
AB1	g19809
AB1	g19680
AB1	g6478
AB1	g14131
AB1	g17966
AB1	g15176
AB1	g522
AB1	g19787
AB1	g21522
AB1	g22202
AB1	g19815
AB1	g19817
AB1	g22397
AB1	g19785
AB1	g19882
AB1	g11305
AB1	g6476
AB1	g14133
AB1	g10766
AB1	g17774
AB1	g19778
AB1	g4816
AB1	g10309
AB1	g19992
AB1	g17958
AB1	g11963
AB1	g15175
AB1	g4146
AB1	g19808
AB1	g10310
AB1	g13393
AB1	g11518
AB1	g11300
AB1	g15893
AB1	g3951
AB1	g17946
AB1	g10800
AB1	g2148
AB1	g21521
AB1	g3952
AB1	g20799
AB1	g16158
AB1	g22207
AB1	g10612
AB1	g15534
AB1	g14145
AB1	g18574
AB1	g19806
AB1	g22340
AB1	g14124
AB1	g18305
AB1	g284
AB1	g4719
AB1	g18180
AB1	g3559
AB1	g14128
AB1	g19813
AB1	g19858
AB1	g1925
AB1	g22401
AB1	g3067
AB1	g20346
AB1	g18173
AB1	g19860
AB1	g10307
AB1	g11521
AB1	g10973
AB1	g3950
AB1	g18176
AB1	g10936
AB1	g6491
AB1	g2933
AB1	g3949
AB1	g10321
AB1	g8035
AB1	g12044
AB1	g275
AB1	g20182
AB1	g14560
AB1	g19814
AB1	g14140
AB1	g19784
AB1	g19881
AB1	g13156
AB1	g19607
AB1	g10796
AB1	g19504
AB1	g17848
AB1	g13158
AB1	g11376
AB1	g14132
AB1	g17898
AB1	g22210
AB1	g20174
AB1	g615
AB1	g21523
AB1	g19818
AB1	g1800
AB1	g14360
AB1	g21877
AB1	g4219
AB1	g14368
AB1	g22222
AB1	g20263
AB1	g21535
AB1	g9857
AB1	g18272
AB1	g14367
AB1	g18270
AB1	g18171
AB1	g14141
AB1	g6429
AB1	g14699
AB1	g14372
AB1	g12982
AB1	g14134
AB1	g6477
AB1	g3948
AB1	g14601
AB1	g10631
AB1	g11193
AB1	g14138
AB1	g1295
AB1	g22205
AB1	g12280
AB1	g17709
AB1	g4779
AB1	g11196
AB1	g8044
AB1	g15867
ECA1243	g3926
ECA1243	g128
ECA1243	g18924
ECA1243	g11243
ECA1243	g15453
ECA1243	g8772
ECA1243	g11632
ECA1243	g19416
ECA1243	g15544
ECA1243	g19329
ECA1243	g11852
ECA1243	g12379
ECA1243	g11543
ECA1243	g12143
ECA1243	g11424
ECA1243	g7180
ECA1243	g12184
ECA1243	g3746
ECA1243	g11037
ECA1243	g11851
ECA1243	g19330
ECA1243	g12605
ECA1243	g12602
ECA1243	g431
ECA1243	g1009
ECA1243	g3704
ECA1243	g15668
ECA1243	g19419
ECA1243	g20721
ECA1243	g15660
ECA1243	g11609
ECA1243	g8647
ECA1243	g429
ECA1243	g15419
ECA1243	g11861
ECA1243	g8863
ECA1243	g7231
ECA1243	g22251
ECA1243	g2762
ECA1243	g12377
ECA1243	g18838
ECA1243	g4663
ECA1243	g7029
ECA1243	g3963
ECA1243	g19605
ECA1243	g21656
ECA1243	g1015
ECA1243	g11563
ECA1243	g4110
ECA1243	g19586
ECA1243	g6136
ECA1243	g4438
ECA1243	g4433
ECA1243	g13584
ECA1243	g4339
ECA1243	g3785
ECA1243	g12609
ECA1243	g12613
ECA1243	g11535
ECA1243	g4435
ECA1243	g19603
ECA1243	g21652
ECA1243	g15548
ECA1243	g11575
ECA1243	g19415
ECA1243	g11860
ECA1243	g3932
ECA1243	g7344
ECA1243	g680
ECA1243	g12611
ECA1243	g501
ECA1243	g18743
ECA1243	g307
ECA1243	g19877
ECA1243	g22476
ECA1243	g21650
ECA1243	g17753
ECA1243	g2555
ECA1243	g15418
ECA1243	g308
ECA1243	g4439
ECA1243	g16586
ECA1243	g7037
ECA1243	g17665
ECA1243	g11541
ECA1243	g11571
ECA1243	g10517
ECA1243	g8857
ECA1243	g17686
ECA1243	g12371
ECA1243	g15223
ECA1243	g21411
ECA1243	g12144
ECA1243	g17666
ECA1243	g8259
ECA1243	g15221
ECA1243	g8971
ECA1243	g9669
ECA1243	g12141
ECA1243	g21657
ECA1243	g3965
ECA1243	g19358
ECA1243	g15545
ECA1243	g22122
ECA1243	g4453
ECA1243	g7179
ECA1243	g8743
ECA1243	g10973
ECA1243	g12608
ECA1243	g17751
ECA1243	g21654
ECA1243	g7040
ECA1243	g11564
ECA1243	g10970
ECA1243	g9718
ECA1243	g13433
ECA1243	g8760
ECA1243	g2225
ECA1243	g432
ECA1243	g19395
ECA1243	g11566
ECA1243	g7558
ECA1243	g8997
ECA1243	g11631
ECA1243	g18922
ECA1243	g4125
ECA1243	g18636
ECA1243	g19316
ECA1243	g12599
ECA1243	g10300
ECA1243	g18993
ECA1243	g10684
ECA1243	g21324
ECA1243	g13881
ECA1243	g14688
ECA1243	g20637
ECA1243	g4050
ECA1243	g14770
ECA1243	g12147
ECA1243	g11542
ECA1243	g3929
ECA1243	g4124
ECA1243	g12385
ECA1243	g3961
ECA1243	g17752
ECA1243	g5193
ECA1243	g3706
ECA1243	g15222
ECA1243	g19318
ECA1243	g12372
ECA1243	g11875
ECA1243	g12614
ECA1243	g10042
ECA1243	g19604
ECA1243	g4976
ECA1243	g12139
ECA1243	g11530
ECA1243	g17685
ECA1243	g3705
ECA1243	g10301
ECA1243	g12445
ECA1243	g11349
ECA1243	g8974
ECA1243	g3304
ECA1243	g19810
ECA1243	g14691
ECA1243	g6095
ECA1243	g16227
ECA1243	g21659
ECA1243	g19606
ECA1243	g11565
ECA1243	g1012
ECA1243	g13691
ECA1243	g2338
ECA1243	g21802
ECA1243	g2070
ECA1243	g15547
ECA1243	g11567
ECA1243	g11561
ECA1243	g1010
ECA1243	g15522
ECA1243	g12603
ECA1243	g10974
ECA1243	g11569
ECA1243	g9668
ECA1243	g8522
ECA1243	g17749
ECA1243	g17888
ECA1243	g14769
ECA1243	g15650
ECA1243	g430
ECA1243	g4009
ECA1243	g7853
ECA1243	g4078
ECA1243	g11859
ECA1243	g12382
ECA1243	g22473
ECA1243	g12612
ECA1243	g17191
ECA1243	g4437
ECA1243	g17750
ECA1243	g5020
ECA1243	g8758
ECA1243	g22475
ECA1243	g15614
ECA1243	g19317
ECA1243	g22186
ECA1243	g18555
ECA1243	g15661
ECA1243	g17192
ECA1243	g11544
ECA1243	g9806
ECA1243	g10889
ECA1243	g22415
ECA1243	g18438
ECA1243	g4431
ECA1243	g13342
ECA1243	g15424
ECA1243	g16489
ECA1243	g15224
ECA1243	g4065
ECA1243	g11562
ECA1243	g11560
ECA1243	g4111
ECA1243	g12378
ECA1243	g10686
ECA1243	g3922
ECA1243	g8859
ECA1243	g12600
ECA1243	g10688
ECA1243	g19600
ECA1243	g19602
ECA1243	g18837
ECA1243	g4126
ECA1243	g4616
ECA1243	g12597
ECA1243	g19469
ECA1243	g15546
ECA1243	g12619
ECA1243	g10685
ECA1243	g22115
ECA1243	g8021
ECA1243	g4923
ECA1243	g21660
ECA1243	g8761
ECA1243	g15651
ECA1243	g9802
ECA1243	g18921
ECA1243	g4006
ECA1243	g21653
ECA1243	g4434
ECA1243	g21289
ECA1243	g15352
ECA1243	g15550
ECA1243	g12615
ECA1243	g7256
ECA1243	g12380
ECA1243	g4105
ECA1243	g12720
ECA1243	g3786
ECA1243	g11607
ECA1243	g19394
ECA1243	g12043
ECA1243	g428
ECA1243	g3966
ECA1243	g2554
ECA1243	g9667
ECA1243	g11572
ECA1243	g4419
ECA1243	g12145
ECA1243	g4076
ECA1243	g21655
ECA1243	g14690
ECA1243	g11570
ECA1243	g16830
ECA1243	g2504
ECA1243	g13577
ECA1243	g21290
ECA1243	g13575
ECA1243	g11114
ECA1243	g19599
ECA1243	g21661
ECA1243	g11574
ECA1243	g4436
ECA1243	g4432
ECA1243	g22310
ECA1243	g10969
ECA1243	g19587
ECA1243	g1006
ECA1243	g11573
ECA1243	g22163
ECA1243	g17737
ECA1243	g21651
ECA1243	g4007
ECA1243	g11568
ECA1243	g12101
ECA1243	g12601
ECA1243	g500
ECA1243	g12607
ECA1243	g7019
ECA1243	g22522
ECA1243	g12610
ECA1243	g7255
ECA1243	g3923
ECA1243	g12373
ECA1243	g13755
ECA1243	g11420
ECA1243	g8763
ECA1243	g18733
ECA1243	g22474
ECA1243	g12036
ECA1243	g19601
ECA1243	g4176
ECA1243	g11470
ECA1243	g15549
ECA1243	g8762
ECA1243	g14459
ECA1243	g21658
ECA1243	g4983
ECA1243	g10687
ECA1243	g16515
ECA2417	g9695
ECA2417	g22611
ECA2417	g9161
ECA2417	g20736
ECA2417	g8093
ECA2417	g10206
ECA2417	g8587
ECA2417	g2556
ECA2417	g9724
ECA2417	g20189
ECA2417	g20414
ECA2417	g18857
ECA2417	g9286
ECA2417	g9687
ECA2417	g21257
ECA2417	g7851
ECA2417	g5663
ECA2417	g3255
ECA2417	g19841
ECA2417	g14000
ECA2417	g11556
ECA2417	g7850
ECA2417	g16214
ECA2417	g5081
ECA2417	g12580
ECA2417	g5078
ECA2417	g8962
ECA2417	g2373
ECA2417	g12349
ECA2417	g12452
ECA2417	g9177
ECA2417	g12979
ECA2417	g18173
ECA2417	g21465
ECA2417	g7659
ECA2417	g2981
ECA2417	g14050
ECA2417	g194
ECA2417	g7610
ECA2417	g8920
ECA2417	g8273
ECA2417	g12584
ECA2417	g5075
ECA2417	g8192
ECA2417	g8145
ECA2417	g10005
ECA2417	g8157
ECA2417	g3065
ECA2417	g5593
ECA2417	g6145
ECA2417	g20402
ECA2417	g5969
ECA2417	g3251
ECA2417	g8582
ECA2417	g9287
ECA2417	g19835
ECA2417	g8955
ECA2417	g5659
ECA2417	g20403
ECA2417	g13689
ECA2417	g18121
ECA2417	g11502
ECA2417	g7303
ECA2417	g8353
ECA2417	g8954
ECA2417	g15346
ECA2417	g2195
ECA2417	g5791
ECA2417	g8736
ECA2417	g15516
ECA2417	g20405
ECA2417	g18185
ECA2417	g9697
ECA2417	g1894
ECA2417	g17629
ECA2417	g8971
ECA2417	g21351
ECA2417	g5790
ECA2417	g20170
ECA2417	g2365
ECA2417	g8232
ECA2417	g22577
ECA2417	g3546
ECA2417	g20243
ECA2417	g7867
ECA2417	g8143
ECA2417	g21570
ECA2417	g18122
ECA2417	g9299
ECA2417	g8586
ECA2417	g12453
ECA2417	g3256
ECA2417	g12472
ECA2417	g7846
ECA2417	g8963
ECA2417	g19935
ECA2417	g8318
ECA2417	g12238
ECA2417	g20183
ECA2417	g3531
ECA2417	g21464
ECA2417	g7831
ECA2417	g9171
ECA2417	g10262
ECA2417	g21467
ECA2417	g22178
ECA2417	g6182
ECA2417	g16995
ECA2417	g16445
ECA2417	g10265
ECA2417	g22578
ECA2417	g12455
ECA2417	g9791
ECA2417	g2460
ECA2417	g9632
ECA2417	g9699
ECA2417	g8144
ECA2417	g20182
ECA2417	g9725
ECA2417	g5594
ECA2417	g19933
ECA2417	g10925
ECA2417	g9692
ECA2417	g5662
ECA2417	g8217
ECA2417	g8802
ECA2417	g18188
ECA2417	g3239
ECA2417	g1809
ECA2417	g12213
ECA2417	g16526
ECA2417	g9172
ECA2417	g8546
ECA2417	g9180
ECA2417	g8356
ECA2417	g10540
ECA2417	g2967
ECA2417	g22076
ECA2417	g21463
ECA2417	g9631
ECA2417	g8322
ECA2417	g16992
ECA2417	g3131
ECA2417	g18186
ECA2417	g8585
ECA2417	g16993
ECA2417	g2968
ECA2417	g9275
ECA2417	g12441
ECA2417	g11183
ECA2417	g8156
ECA2417	g9726
ECA2417	g20400
ECA2417	g16448
ECA2417	g16447
ECA2417	g10924
ECA2417	g9655
ECA2417	g9684
ECA2417	g8504
ECA2417	g8207
ECA2417	g8211
ECA2417	g8203
ECA2417	g2546
ECA2417	g8363
ECA2417	g9694
ECA2417	g11418
ECA2417	g19891
ECA2417	g8874
ECA2417	g20407
ECA2417	g8866
ECA2417	g3252
ECA2417	g21306
ECA2417	g3756
ECA2417	g19938
ECA2417	g7848
ECA2417	g21466
ECA2417	g8216
ECA2417	g21346
ECA2417	g21468
ECA2417	g9300
ECA2417	g12458
ECA2417	g21441
ECA2417	g8320
ECA2417	g9696
ECA2417	g10261
ECA2417	g3069
ECA2417	g7083
ECA2417	g17266
ECA2417	g3044
ECA2417	g13978
ECA2417	g20181
ECA2417	g16525
ECA2417	g2547
ECA2417	g21389
ECA2417	g20408
ECA2417	g9164
ECA2417	g9732
ECA2417	g746
ECA2417	g20171
ECA2417	g3533
ECA2417	g20186
ECA2417	g10706
ECA2417	g9274
ECA2417	g12235
ECA2417	g9698
ECA2417	g3534
ECA2417	g9723
ECA2417	g9688
ECA2417	g19930
ECA2417	g9179
ECA2417	g19934
ECA2417	g3532
ECA2417	g7853
ECA2417	g3257
ECA2417	g9689
ECA2417	g20409
ECA2417	g8953
ECA2417	g5661
ECA2417	g7941
ECA2417	g10345
ECA2417	g15198
ECA2417	g5411
ECA2417	g20410
ECA2417	g14051
ECA2417	g18187
ECA2417	g10539
ECA2417	g1057
ECA2417	g18102
ECA2417	g8822
ECA2417	g3460
ECA2417	g9653
ECA2417	g8362
ECA2417	g9163
ECA2417	g3254
ECA2417	g14479
ECA2417	g15640
ECA2417	g7849
ECA2417	g9288
ECA2417	g19936
ECA2417	g7360
ECA2417	g8359
ECA2417	g9686
ECA2417	g3253
ECA2417	g13979
ECA2417	g18970
ECA2417	g21919
ECA2417	g2543
ECA2417	g9271
ECA2417	g3006
ECA2417	g20172
ECA2417	g15455
ECA2417	g9178
ECA2417	g8190
ECA2417	g8275
ECA2417	g9162
ECA2417	g8609
ECA2417	g8503
ECA2417	g2675
ECA2417	g15106
ECA2417	g21470
ECA2417	g11419
ECA2417	g8276
ECA2417	g18858
ECA2417	g2562
ECA2417	g11557
ECA2417	g8317
ECA2417	g11558
ECA2417	g21469
ECA2417	g9690
ECA2417	g9737
ECA2417	g4034
ECA2417	g20397
ECA2417	g12717
ECA2417	g3870
ECA2417	g2544
ECA2417	g9717
ECA2417	g19972
ECA2417	g9693
ECA2417	g15339
ECA2417	g3482
ECA2417	g20404
ECA2417	g17628
ECA2417	g5660
ECA2417	g3591
ECA2417	g9685
ECA2417	g2268
ECA2417	g12457
ECA2417	g13895
ECA2417	g19077
ECA2417	g10266
ECA2417	g3260
ECA2417	g5084
ECA2417	g10537
ECA2417	g20184
ECA2417	g12345
ECA2417	g8218
ECA2417	g22152
ECA2417	g18330
ECA2417	g3064
ECA2417	g14196
ECA2417	g20399
ECA2417	g20401
ECA2417	g10541
ECA2417	g3238
ECA2417	g9829
ECA2417	g9174
ECA2417	g7847
ECA2417	g9691
ECA2417	g18101
ECA2417	g7260
ECA2417	g20398
ECA2417	g12454
ECA2417	g3043
ECA2417	g5080
ECA2417	g8162
ECA2417	g15337
ECA2417	g13214
ECA2417	g2545
ECA2417	g10538
ECA2417	g9825
ECA2417	g8215
ECA2473	g4084
ECA2473	g4085
ECA2473	g13522
ECA2473	g8345
ECA2473	g16523
ECA2473	g20590
ECA2473	g20608
ECA2473	g21009
ECA2473	g10310
ECA2473	g15841
ECA2473	g19034
ECA2473	g7458
ECA2473	g4093
ECA2473	g12342
ECA2473	g12118
ECA2473	g12349
ECA2473	g10239
ECA2473	g5634
ECA2473	g20923
ECA2473	g11572
ECA2473	g18315
ECA2473	g11853
ECA2473	g7454
ECA2473	g7455
ECA2473	g15358
ECA2473	g20395
ECA2473	g367
ECA2473	g10853
ECA2473	g987
ECA2473	g11273
ECA2473	g1995
ECA2473	g21837
ECA2473	g15306
ECA2473	g14990
ECA2473	g7451
ECA2473	g11229
ECA2473	g11261
ECA2473	g5442
ECA2473	g5859
ECA2473	g13830
ECA2473	g11150
ECA2473	g5630
ECA2473	g12137
ECA2473	g16459
ECA2473	g4775
ECA2473	g20600
ECA2473	g20989
ECA2473	g8939
ECA2473	g13490
ECA2473	g8036
ECA2473	g20385
ECA2473	g22474
ECA2473	g4497
ECA2473	g12365
ECA2473	g6249
ECA2473	g1912
ECA2473	g11073
ECA2473	g17451
ECA2473	g8154
ECA2473	g5360
ECA2473	g17620
ECA2473	g5636
ECA2473	g11154
ECA2473	g4083
ECA2473	g11573
ECA2473	g12925
ECA2473	g2553
ECA2473	g16458
ECA2473	g16460
ECA2473	g8153
ECA2473	g12346
ECA2473	g10850
ECA2473	g22488
ECA2473	g4059
ECA2473	g12190
ECA2473	g11556
ECA2473	g16455
ECA2473	g20988
ECA2473	g11570
ECA2473	g4487
ECA2473	g4060
ECA2473	g10849
ECA2473	g20396
ECA2473	g2071
ECA2473	g4657
ECA2473	g14953
ECA2473	g5635
ECA2473	g490
ECA2473	g22475
ECA2473	g4498
ECA2473	g12360
ECA2473	g11576
ECA2473	g600
ECA2473	g11896
ECA2473	g11108
ECA2473	g256
ECA2473	g12131
ECA2473	g5907
ECA2473	g9730
ECA2473	g5968
ECA2473	g10186
ECA2473	g16457
ECA2473	g12352
ECA2473	g3281
ECA2473	g13866
ECA2473	g16805
ECA2473	g16565
ECA2473	g18547
ECA2473	g10183
ECA2473	g473
ECA2473	g10653
ECA2473	g12364
ECA2473	g4091
ECA2473	g16461
ECA2473	g20312
ECA2473	g1700
ECA2473	g10608
ECA2473	g4150
ECA2473	g4941
ECA2473	g4081
ECA2473	g5347
ECA2473	g12370
ECA2473	g12356
ECA2473	g9510
ECA2473	g4088
ECA2473	g8035
ECA2473	g11208
ECA2473	g11225
ECA2473	g20920
ECA2473	g5618
ECA2473	g12841
ECA2473	g11192
ECA2473	g12353
ECA2473	g9023
ECA2473	g7968
ECA2473	g471
ECA2473	g18629
ECA2473	g12354
ECA2473	g10887
ECA2473	g11070
ECA2473	g11894
ECA2473	g10848
ECA2473	g8033
ECA2473	g3180
ECA2473	g20605
ECA2473	g16560
ECA2473	g4151
ECA2473	g11104
ECA2473	g16482
ECA2473	g4128
ECA2473	g16808
ECA2473	g5509
ECA2473	g16807
ECA2473	g5446
ECA2473	g5348
ECA2473	g461
ECA2473	g9253
ECA2473	g18550
ECA2473	g11262
ECA2473	g12132
ECA2473	g20922
ECA2473	g18549
ECA2473	g5924
ECA2473	g9511
ECA2473	g4126
ECA2473	g10926
ECA2473	g2022
ECA2473	g8034
ECA2473	g11063
ECA2473	g4945
ECA2473	g4086
ECA2473	g20304
ECA2473	g5631
ECA2473	g16607
ECA2473	g3255
ECA2473	g6135
ECA2473	g20401
ECA2473	g11571
ECA2473	g11574
ECA2473	g16010
ECA2473	g6408
ECA2473	g476
ECA2473	g11106
ECA2473	g10187
ECA2473	g14771
ECA2473	g10534
ECA2473	g2907
ECA2473	g5422
ECA2473	g12129
ECA2473	g12345
ECA2473	g18628
ECA2473	g12351
ECA2473	g19642
ECA2473	g12119
ECA2473	g5909
ECA2473	g5443
ECA2473	g12134
ECA2473	g4082
ECA2473	g22487
ECA2473	g2072
ECA2473	g5910
ECA2473	g12363
ECA2473	g4062
ECA2473	g4092
ECA2473	g11891
ECA2473	g11895
ECA2473	g5908
ECA2473	g12361
ECA2473	g4574
ECA2473	g10823
ECA2473	g11590
ECA2473	g11482
ECA2473	g10106
ECA2473	g17302
ECA2473	g7785
ECA2473	g14996
ECA2473	g12130
ECA2473	g253
ECA2473	g4094
ECA2473	g4096
ECA2473	g11274
ECA2473	g11210
ECA2473	g20921
ECA2473	g9898
ECA2473	g21008
ECA2473	g10434
ECA2473	g11899
ECA2473	g20257
ECA2473	g5837
ECA2473	g9897
ECA2473	g8032
ECA2473	g11318
ECA2473	g11064
ECA2473	g3545
ECA2473	g20592
ECA2473	g5633
ECA2473	g11778
ECA2473	g11214
ECA2473	g12340
ECA2473	g22189
ECA2473	g17746
ECA2473	g4496
ECA2473	g11897
ECA2473	g15055
ECA2473	g11067
ECA2473	g5632
ECA2473	g20386
ECA2473	g18940
ECA2473	g16347
ECA2473	g20354
ECA2473	g22486
ECA2473	g5384
ECA2473	g20789
ECA2473	g11575
ECA2473	g12120
ECA2473	g17559
ECA2473	g20591
ECA2473	g10927
ECA2473	g20607
ECA2473	g4061
ECA2473	g7967
ECA2473	g12366
ECA2473	g5053
ECA2473	g17210
ECA2473	g12347
ECA2473	g9022
ECA2473	g8885
ECA2473	g11109
ECA2473	g20599
ECA2473	g4767
ECA2473	g8884
ECA2473	g232
ECA2473	g4090
ECA2473	g10708
ECA2473	g12355
ECA2473	g13489
ECA2473	g11932
ECA2473	g4087
ECA2473	g17444
ECA2473	g20237
ECA2473	g2554
ECA2473	g727
ECA2473	g12362
ECA2473	g4095
ECA2473	g20606
ECA2473	g475
ECA2473	g18838
ECA2473	g10182
ECA2473	g4939
ECA2473	g5639
ECA2473	g16456
ECA2473	g11209
ECA2473	g9900
ECA2473	g363
ECA2473	g4052
ECA2473	g11207
ECA2473	g4861
ECA2473	g470
ECA2473	g16657
ECA2473	g22470
ECA2473	g5923
ECA2473	g12192
ECA2473	g9896
ECA2473	g5617
ECA2473	g10604
ECA2473	g20602
ECA2473	g8886
ECA2473	g4089
ECA2473	g20936
ECA2473	g472
ECA2473	g5421
ECA2473	g11256
ECA2473	g12343
ECA2473	g17442
ECA2473	g1222
ECA2473	g20171
ECA2473	g11151
ECA2473	g9899
ECA2473	g4486
ECA2473	g11785
ECA2473	g16606
ECA2565	g20311
ECA2565	g5456
ECA2565	g12991
ECA2565	g17266
ECA2565	g2350
ECA2565	g5459
ECA2565	g4675
ECA2565	g17482
ECA2565	g22316
ECA2565	g17943
ECA2565	g8694
ECA2565	g5278
ECA2565	g10286
ECA2565	g5238
ECA2565	g1499
ECA2565	g4463
ECA2565	g8771
ECA2565	g18322
ECA2565	g19678
ECA2565	g4462
ECA2565	g8745
ECA2565	g17134
ECA2565	g16564
ECA2565	g5954
ECA2565	g18538
ECA2565	g21877
ECA2565	g17822
ECA2565	g5587
ECA2565	g10388
ECA2565	g17471
ECA2565	g200
ECA2565	g4677
ECA2565	g6188
ECA2565	g5535
ECA2565	g19033
ECA2565	g6140
ECA2565	g5451
ECA2565	g5533
ECA2565	g18624
ECA2565	g4908
ECA2565	g13005
ECA2565	g6536
ECA2565	g5643
ECA2565	g5600
ECA2565	g5631
ECA2565	g18336
ECA2565	g19119
ECA2565	g7660
ECA2565	g12959
ECA2565	g4686
ECA2565	g19371
ECA2565	g4448
ECA2565	g11214
ECA2565	g18320
ECA2565	g17137
ECA2565	g10282
ECA2565	g17481
ECA2565	g5462
ECA2565	g12990
ECA2565	g18585
ECA2565	g5453
ECA2565	g12003
ECA2565	g16894
ECA2565	g10498
ECA2565	g742
ECA2565	g17984
ECA2565	g20498
ECA2565	g5239
ECA2565	g1049
ECA2565	g15007
ECA2565	g17615
ECA2565	g5314
ECA2565	g15022
ECA2565	g5315
ECA2565	g20499
ECA2565	g17604
ECA2565	g1498
ECA2565	g10285
ECA2565	g18948
ECA2565	g4447
ECA2565	g14064
ECA2565	g19593
ECA2565	g17606
ECA2565	g17936
ECA2565	g10287
ECA2565	g12502
ECA2565	g4614
ECA2565	g17133
ECA2565	g5959
ECA2565	g19614
ECA2565	g4911
ECA2565	g19594
ECA2565	g10382
ECA2565	g9774
ECA2565	g10495
ECA2565	g5018
ECA2565	g4442
ECA2565	g18513
ECA2565	g4914
ECA2565	g17608
ECA2565	g5494
ECA2565	g12998
ECA2565	g1501
ECA2565	g1496
ECA2565	g15066
ECA2565	g8693
ECA2565	g10298
ECA2565	g10268
ECA2565	g10288
ECA2565	g12443
ECA2565	g17607
ECA2565	g19037
ECA2565	g5492
ECA2565	g12902
ECA2565	g17611
ECA2565	g18626
ECA2565	g2352
ECA2565	g12440
ECA2565	g3599
ECA2565	g13036
ECA2565	g18539
ECA2565	g9073
ECA2565	g10518
ECA2565	g5572
ECA2565	g19318
ECA2565	g4456
ECA2565	g11784
ECA2565	g17136
ECA2565	g21137
ECA2565	g3155
ECA2565	g5585
ECA2565	g5588
ECA2565	g21794
ECA2565	g1609
ECA2565	g5632
ECA2565	g12997
ECA2565	g2265
ECA2565	g5957
ECA2565	g4669
ECA2565	g1502
ECA2565	g18318
ECA2565	g19681
ECA2565	g18319
ECA2565	g6708
ECA2565	g5532
ECA2565	g18451
ECA2565	g12868
ECA2565	g5240
ECA2565	g1814
ECA2565	g4682
ECA2565	g4685
ECA2565	g11532
ECA2565	g3344
ECA2565	g4916
ECA2565	g6494
ECA2565	g2349
ECA2565	g12996
ECA2565	g19613
ECA2565	g5973
ECA2565	g10283
ECA2565	g7620
ECA2565	g12863
ECA2565	g17135
ECA2565	g18517
ECA2565	g12971
ECA2565	g5586
ECA2565	g5690
ECA2565	g10297
ECA2565	g18323
ECA2565	g21171
ECA2565	g16561
ECA2565	g15228
ECA2565	g19682
ECA2565	g5956
ECA2565	g5243
ECA2565	g20698
ECA2565	g15499
ECA2565	g5939
ECA2565	g16563
ECA2565	g17470
ECA2565	g1524
ECA2565	g17610
ECA2565	g12444
ECA2565	g11163
ECA2565	g1573
ECA2565	g5861
ECA2565	g17613
ECA2565	g19817
ECA2565	g17833
ECA2565	g12684
ECA2565	g19217
ECA2565	g4874
ECA2565	g4672
ECA2565	g13002
ECA2565	g12995
ECA2565	g15010
ECA2565	g4449
ECA2565	g13451
ECA2565	g8770
ECA2565	g12972
ECA2565	g19679
ECA2565	g12963
ECA2565	g13001
ECA2565	g12970
ECA2565	g13067
ECA2565	g1608
ECA2565	g15008
ECA2565	g4451
ECA2565	g18625
ECA2565	g5953
ECA2565	g19398
ECA2565	g2266
ECA2565	g11164
ECA2565	g13450
ECA2565	g12368
ECA2565	g12994
ECA2565	g5952
ECA2565	g3694
ECA2565	g1812
ECA2565	g1603
ECA2565	g14160
ECA2565	g15009
ECA2565	g12174
ECA2565	g4676
ECA2565	g10384
ECA2565	g21049
ECA2565	g19680
ECA2565	g12175
ECA2565	g4683
ECA2565	g14422
ECA2565	g18321
ECA2565	g5645
ECA2565	g13806
ECA2565	g4464
ECA2565	g17210
ECA2565	g12992
ECA2565	g17480
ECA2565	g6441
ECA2565	g17605
ECA2565	g11785
ECA2565	g12999
ECA2565	g17832
ECA2565	g13044
ECA2565	g10164
ECA2565	g4458
ECA2565	g17815
ECA2565	g11299
ECA2565	g18316
ECA2565	g19038
ECA2565	g17612
ECA2565	g13046
ECA2565	g22368
ECA2565	g5955
ECA2565	g1815
ECA2565	g3448
ECA2565	g4446
ECA2565	g4674
ECA2565	g12173
ECA2565	g17609
ECA2565	g4325
ECA2565	g4457
ECA2565	g5495
ECA2565	g15023
ECA2565	g11162
ECA2565	g12172
ECA2565	g16558
ECA2565	g4910
ECA2565	g5598
ECA2565	g19209
ECA2565	g13000
ECA2565	g4459
ECA2565	g12969
ECA2565	g5644
ECA2565	g13066
ECA2565	g3457
ECA2565	g12795
ECA2565	g21170
ECA2565	g3459
ECA2565	g1677
ECA2565	g4450
ECA2565	g17876
ECA2565	g18324
ECA2565	g8863
ECA2565	g17211
ECA2565	g13004
ECA2565	g10040
ECA2565	g22471
ECA2565	g12439
ECA2565	g19666
ECA2565	g17511
ECA2565	g17067
ECA2565	g18518
ECA2565	g17513
ECA2565	g17614
ECA2565	g4912
ECA2565	g4460
ECA2565	g13003
ECA2565	g17068
ECA2565	g8550
ECA2565	g14961
ECA2565	g18121
ECA2565	g5011
ECA2565	g3281
ECA2565	g4452
ECA2565	g18007
ECA2565	g4684
ECA2565	g4681
ECA2565	g12171
ECA2565	g5452
ECA2565	g5626
ECA2565	g1497
ECA2565	g5490
ECA2565	g9538
ECA2565	g2585
ECA2565	g18335
ECA2565	g18071
ECA2565	g6500
ECA2565	g11300
ECA2565	g1500
ECA2565	g16567
ECA2565	g14134
ECA2581	g8416
ECA2581	g4072
ECA2581	g15574
ECA2581	g11393
ECA2581	g6094
ECA2581	g3341
ECA2581	g19118
ECA2581	g7028
ECA2581	g5269
ECA2581	g19629
ECA2581	g3340
ECA2581	g3767
ECA2581	g11390
ECA2581	g3618
ECA2581	g4181
ECA2581	g9054
ECA2581	g4218
ECA2581	g3344
ECA2581	g20172
ECA2581	g11570
ECA2581	g8171
ECA2581	g20359
ECA2581	g13837
ECA2581	g12862
ECA2581	g21242
ECA2581	g11614
ECA2581	g10895
ECA2581	g11396
ECA2581	g11616
ECA2581	g4902
ECA2581	g19718
ECA2581	g5198
ECA2581	g4221
ECA2581	g4586
ECA2581	g4692
ECA2581	g4118
ECA2581	g5556
ECA2581	g4575
ECA2581	g11261
ECA2581	g21324
ECA2581	g10660
ECA2581	g11313
ECA2581	g5307
ECA2581	g20363
ECA2581	g10707
ECA2581	g11398
ECA2581	g11611
ECA2581	g4236
ECA2581	g10310
ECA2581	g11205
ECA2581	g11248
ECA2581	g11217
ECA2581	g11250
ECA2581	g477
ECA2581	g1436
ECA2581	g4596
ECA2581	g13774
ECA2581	g19893
ECA2581	g2948
ECA2581	g22249
ECA2581	g3998
ECA2581	g4234
ECA2581	g4231
ECA2581	g8418
ECA2581	g4230
ECA2581	g1403
ECA2581	g4076
ECA2581	g4574
ECA2581	g4563
ECA2581	g8177
ECA2581	g6096
ECA2581	g11387
ECA2581	g5194
ECA2581	g14020
ECA2581	g10352
ECA2581	g1638
ECA2581	g5087
ECA2581	g5063
ECA2581	g13643
ECA2581	g22246
ECA2581	g17176
ECA2581	g4697
ECA2581	g11534
ECA2581	g11533
ECA2581	g5199
ECA2581	g1425
ECA2581	g19923
ECA2581	g1525
ECA2581	g14351
ECA2581	g4686
ECA2581	g22239
ECA2581	g4688
ECA2581	g4269
ECA2581	g5014
ECA2581	g12283
ECA2581	g22317
ECA2581	g10889
ECA2581	g8353
ECA2581	g19528
ECA2581	g4901
ECA2581	g902
ECA2581	g21273
ECA2581	g8176
ECA2581	g4690
ECA2581	g22011
ECA2581	g11356
ECA2581	g5197
ECA2581	g4217
ECA2581	g22569
ECA2581	g19841
ECA2581	g3622
ECA2581	g1423
ECA2581	g4689
ECA2581	g4693
ECA2581	g4229
ECA2581	g7349
ECA2581	g3888
ECA2581	g20150
ECA2581	g20968
ECA2581	g1662
ECA2581	g11276
ECA2581	g4198
ECA2581	g4228
ECA2581	g20361
ECA2581	g8417
ECA2581	g9268
ECA2581	g12249
ECA2581	g6903
ECA2581	g1421
ECA2581	g11260
ECA2581	g11263
ECA2581	g12948
ECA2581	g8415
ECA2581	g22010
ECA2581	g6008
ECA2581	g8352
ECA2581	g10892
ECA2581	g4267
ECA2581	g13773
ECA2581	g8175
ECA2581	g11216
ECA2581	g16003
ECA2581	g22254
ECA2581	g18192
ECA2581	g10137
ECA2581	g5221
ECA2581	g5558
ECA2581	g11316
ECA2581	g8166
ECA2581	g13836
ECA2581	g19117
ECA2581	g14356
ECA2581	g22240
ECA2581	g1299
ECA2581	g20362
ECA2581	g15692
ECA2581	g4226
ECA2581	g4564
ECA2581	g5411
ECA2581	g5410
ECA2581	g11615
ECA2581	g4595
ECA2581	g10875
ECA2581	g4225
ECA2581	g20578
ECA2581	g18262
ECA2581	g516
ECA2581	g5200
ECA2581	g4914
ECA2581	g19547
ECA2581	g8178
ECA2581	g4199
ECA2581	g1170
ECA2581	g5021
ECA2581	g11262
ECA2581	g13769
ECA2581	g4233
ECA2581	g11158
ECA2581	g20358
ECA2581	g2319
ECA2581	g10893
ECA2581	g22014
ECA2581	g15420
ECA2581	g8332
ECA2581	g2947
ECA2581	g6093
ECA2581	g21913
ECA2581	g3623
ECA2581	g5320
ECA2581	g5313
ECA2581	g20151
ECA2581	g10986
ECA2581	g4695
ECA2581	g22524
ECA2581	g20344
ECA2581	g4219
ECA2581	g3619
ECA2581	g4573
ECA2581	g22251
ECA2581	g1635
ECA2581	g3170
ECA2581	g4593
ECA2581	g22512
ECA2581	g17584
ECA2581	g20364
ECA2581	g20175
ECA2581	g4288
ECA2581	g5557
ECA2581	g22510
ECA2581	g21964
ECA2581	g18549
ECA2581	g10896
ECA2581	g5195
ECA2581	g17583
ECA2581	g13644
ECA2581	g13770
ECA2581	g10897
ECA2581	g7443
ECA2581	g18288
ECA2581	g2459
ECA2581	g21325
ECA2581	g8403
ECA2581	g22247
ECA2581	g13771
ECA2581	g12163
ECA2581	g2373
ECA2581	g8174
ECA2581	g14353
ECA2581	g19116
ECA2581	g20360
ECA2581	g1426
ECA2581	g11203
ECA2581	g19546
ECA2581	g22462
ECA2581	g5196
ECA2581	g17941
ECA2581	g5312
ECA2581	g20230
ECA2581	g22012
ECA2581	g4186
ECA2581	g10406
ECA2581	g8551
ECA2581	g14347
ECA2581	g4687
ECA2581	g3343
ECA2581	g20171
ECA2581	g19104
ECA2581	g4912
ECA2581	g11315
ECA2581	g4694
ECA2581	g10894
ECA2581	g19727
ECA2581	g22009
ECA2581	g7092
ECA2581	g3693
ECA2581	g3543
ECA2581	g4691
ECA2581	g8068
ECA2581	g8172
ECA2581	g12282
ECA2581	g19084
ECA2581	g1529
ECA2581	g21468
ECA2581	g2458
ECA2581	g4220
ECA2581	g4289
ECA2581	g9159
ECA2581	g22241
ECA2581	g11355
ECA2581	g4200
ECA2581	g21160
ECA2581	g11812
ECA2581	g13448
ECA2581	g10908
ECA2581	g1405
ECA2581	g4222
ECA2581	g22050
ECA2581	g4197
ECA2581	g11204
ECA2581	g7206
ECA2581	g8173
ECA2581	g19398
ECA2581	g19728
ECA2581	g662
ECA2581	g1420
ECA2581	g19534
ECA2581	g20357
ECA2581	g19545
ECA2581	g4235
ECA2581	g20345
ECA2581	g19544
ECA2581	g16563
ECA2581	g3342
ECA2581	g1304
ECA2581	g22248
ECA2581	g2690
ECA2581	g4592
ECA2581	g4696
ECA2581	g1424
ECA2581	g2318
ECA2581	g4913
ECA2581	g21907
ECA2581	g4232
ECA2581	g22511
ECA2581	g11397
ECA2581	g4960
ECA2581	g14350
ECA2581	g11222
ECA2581	g8170
ECA2581	g7208
ECA2581	g11361
ECA2581	g8333
ECA2581	g6331
ECA2581	g5151
ECA2581	g6009
ECA2581	g4224
ECA2581	g5555
ECA2581	g22006
ECA2581	g10346
ECA2581	g4189
ECA2581	g5354
ECA2607	g8664
ECA2607	g4668
ECA2607	g10998
ECA2607	g5081
ECA2607	g7679
ECA2607	g1994
ECA2607	g21197
ECA2607	g413
ECA2607	g7884
ECA2607	g1993
ECA2607	g22033
ECA2607	g486
ECA2607	g19360
ECA2607	g9034
ECA2607	g461
ECA2607	g8970
ECA2607	g15985
ECA2607	g9536
ECA2607	g7232
ECA2607	g7713
ECA2607	g7924
ECA2607	g19831
ECA2607	g5422
ECA2607	g7587
ECA2607	g2093
ECA2607	g5070
ECA2607	g7007
ECA2607	g5112
ECA2607	g7639
ECA2607	g18663
ECA2607	g19146
ECA2607	g7052
ECA2607	g7641
ECA2607	g19067
ECA2607	g4682
ECA2607	g6659
ECA2607	g7535
ECA2607	g7574
ECA2607	g7546
ECA2607	g19345
ECA2607	g7576
ECA2607	g2088
ECA2607	g20872
ECA2607	g4638
ECA2607	g11179
ECA2607	g18331
ECA2607	g21487
ECA2607	g22049
ECA2607	g2908
ECA2607	g21828
ECA2607	g7703
ECA2607	g8967
ECA2607	g1989
ECA2607	g5080
ECA2607	g4824
ECA2607	g4667
ECA2607	g19107
ECA2607	g3689
ECA2607	g9211
ECA2607	g6701
ECA2607	g2202
ECA2607	g16730
ECA2607	g4879
ECA2607	g5575
ECA2607	g8848
ECA2607	g8123
ECA2607	g11056
ECA2607	g7685
ECA2607	g5214
ECA2607	g11041
ECA2607	g8849
ECA2607	g5203
ECA2607	g13910
ECA2607	g1992
ECA2607	g18747
ECA2607	g14844
ECA2607	g17535
ECA2607	g15913
ECA2607	g5205
ECA2607	g7226
ECA2607	g15934
ECA2607	g7707
ECA2607	g15914
ECA2607	g1482
ECA2607	g16134
ECA2607	g2199
ECA2607	g22055
ECA2607	g19170
ECA2607	g2859
ECA2607	g5432
ECA2607	g5207
ECA2607	g4675
ECA2607	g13907
ECA2607	g5531
ECA2607	g13912
ECA2607	g2005
ECA2607	g1975
ECA2607	g1995
ECA2607	g4127
ECA2607	g5206
ECA2607	g18660
ECA2607	g412
ECA2607	g5210
ECA2607	g13801
ECA2607	g13072
ECA2607	g4124
ECA2607	g17876
ECA2607	g11331
ECA2607	g4713
ECA2607	g19145
ECA2607	g790
ECA2607	g2222
ECA2607	g7602
ECA2607	g18384
ECA2607	g21591
ECA2607	g19362
ECA2607	g22040
ECA2607	g3472
ECA2607	g8968
ECA2607	g17961
ECA2607	g12273
ECA2607	g7586
ECA2607	g7589
ECA2607	g19914
ECA2607	g4674
ECA2607	g13156
ECA2607	g7229
ECA2607	g19364
ECA2607	g16000
ECA2607	g19363
ECA2607	g6490
ECA2607	g7642
ECA2607	g7710
ECA2607	g19231
ECA2607	g9033
ECA2607	g7922
ECA2607	g13597
ECA2607	g21815
ECA2607	g3219
ECA2607	g12087
ECA2607	g13075
ECA2607	g4673
ECA2607	g19065
ECA2607	g7923
ECA2607	g21884
ECA2607	g7213
ECA2607	g1990
ECA2607	g20911
ECA2607	g4543
ECA2607	g8969
ECA2607	g4650
ECA2607	g7848
ECA2607	g22050
ECA2607	g22034
ECA2607	g7588
ECA2607	g21548
ECA2607	g7490
ECA2607	g2004
ECA2607	g19359
ECA2607	g17994
ECA2607	g21833
ECA2607	g9539
ECA2607	g10836
ECA2607	g16001
ECA2607	g7230
ECA2607	g7919
ECA2607	g10571
ECA2607	g9537
ECA2607	g5069
ECA2607	g13884
ECA2607	g12148
ECA2607	g4128
ECA2607	g2858
ECA2607	g13835
ECA2607	g7323
ECA2607	g5212
ECA2607	g2992
ECA2607	g21825
ECA2607	g21820
ECA2607	g5434
ECA2607	g4370
ECA2607	g21626
ECA2607	g21830
ECA2607	g4679
ECA2607	g21827
ECA2607	g21822
ECA2607	g4672
ECA2607	g4548
ECA2607	g11053
ECA2607	g22048
ECA2607	g5413
ECA2607	g485
ECA2607	g4651
ECA2607	g15998
ECA2607	g4678
ECA2607	g21586
ECA2607	g4649
ECA2607	g4743
ECA2607	g13802
ECA2607	g11055
ECA2607	g11422
ECA2607	g22046
ECA2607	g7680
ECA2607	g19066
ECA2607	g5596
ECA2607	g7233
ECA2607	g18303
ECA2607	g5421
ECA2607	g13155
ECA2607	g15450
ECA2607	g15999
ECA2607	g4050
ECA2607	g4671
ECA2607	g7234
ECA2607	g19167
ECA2607	g13599
ECA2607	g13807
ECA2607	g14749
ECA2607	g11054
ECA2607	g5110
ECA2607	g3859
ECA2607	g5433
ECA2607	g7714
ECA2607	g2089
ECA2607	g3860
ECA2607	g8971
ECA2607	g14485
ECA2607	g19361
ECA2607	g7533
ECA2607	g15997
ECA2607	g15097
ECA2607	g15933
ECA2607	g22032
ECA2607	g4823
ECA2607	g4669
ECA2607	g5079
ECA2607	g6755
ECA2607	g5204
ECA2607	g3473
ECA2607	g11742
ECA2607	g4642
ECA2607	g4676
ECA2607	g4581
ECA2607	g5209
ECA2607	g4720
ECA2607	g1871
ECA2607	g22038
ECA2607	g21814
ECA2607	g2991
ECA2607	g19365
ECA2607	g21493
ECA2607	g18659
ECA2607	g5211
ECA2607	g4722
ECA2607	g21145
ECA2607	g13909
ECA2607	g7231
ECA2607	g13596
ECA2607	g22051
ECA2607	g7883
ECA2607	g3858
ECA2607	g5208
ECA2607	g4186
ECA2607	g12036
ECA2607	g7847
ECA2607	g22039
ECA2607	g4680
ECA2607	g21590
ECA2607	g11040
ECA2607	g2857
ECA2607	g13911
ECA2607	g3857
ECA2607	g7245
ECA2607	g9542
ECA2607	g13074
ECA2607	g18485
ECA2607	g4677
ECA2607	g22037
ECA2607	g4648
ECA2607	g7534
ECA2607	g4742
ECA2607	g11187
ECA2607	g4476
ECA2607	g17993
ECA2607	g5524
ECA2607	g11189
ECA2607	g13732
ECA2607	g15449
ECA2607	g22047
ECA2607	g5473
ECA2607	g19358
ECA2607	g18477
ECA2607	g576
ECA2607	g4681
ECA2607	g1745
ECA2607	g21044
ECA2607	g4123
ECA2607	g17264
ECA2607	g21821
ECA2607	g21826
ECA2607	g19166
ECA2607	g5213
ECA2607	g18578
ECA2607	g22036
ECA2607	g273
ECA2607	g11102
ECA2607	g19557
ECA2607	g22045
ECA2607	g21816
ECA2607	g3856
ECA2607	g7550
ECA2607	g1250
ECA2607	g12845
ECA2607	g19346
ECA2607	g5662
ECA2607	g13906
ECA2607	g6695
ECA2607	g13908
ECA2607	g9533
ECA2607	g14774
ECA2607	g21588
ECA2676	g14041
ECA2676	g13551
ECA2676	g22326
ECA2676	g15328
ECA2676	g6185
ECA2676	g4752
ECA2676	g5151
ECA2676	g13554
ECA2676	g18746
ECA2676	g6092
ECA2676	g5605
ECA2676	g420
ECA2676	g13374
ECA2676	g1991
ECA2676	g13333
ECA2676	g12523
ECA2676	g496
ECA2676	g5904
ECA2676	g15978
ECA2676	g15051
ECA2676	g9092
ECA2676	g5489
ECA2676	g5162
ECA2676	g2092
ECA2676	g8411
ECA2676	g17201
ECA2676	g5899
ECA2676	g13546
ECA2676	g15058
ECA2676	g13745
ECA2676	g6597
ECA2676	g4430
ECA2676	g13700
ECA2676	g14042
ECA2676	g13732
ECA2676	g13698
ECA2676	g21693
ECA2676	g14043
ECA2676	g11522
ECA2676	g4762
ECA2676	g4223
ECA2676	g4766
ECA2676	g5273
ECA2676	g12509
ECA2676	g2919
ECA2676	g4763
ECA2676	g14469
ECA2676	g5902
ECA2676	g6459
ECA2676	g4798
ECA2676	g1987
ECA2676	g5161
ECA2676	g13557
ECA2676	g3713
ECA2676	g14716
ECA2676	g8101
ECA2676	g4760
ECA2676	g2201
ECA2676	g6184
ECA2676	g5647
ECA2676	g14349
ECA2676	g13334
ECA2676	g8477
ECA2676	g19051
ECA2676	g5279
ECA2676	g6806
ECA2676	g13409
ECA2676	g19066
ECA2676	g4082
ECA2676	g13410
ECA2676	g1992
ECA2676	g5267
ECA2676	g9584
ECA2676	g1990
ECA2676	g17130
ECA2676	g16051
ECA2676	g5269
ECA2676	g5598
ECA2676	g12744
ECA2676	g4764
ECA2676	g12672
ECA2676	g4754
ECA2676	g16030
ECA2676	g6599
ECA2676	g12965
ECA2676	g14472
ECA2676	g6602
ECA2676	g16050
ECA2676	g1477
ECA2676	g12735
ECA2676	g6906
ECA2676	g2198
ECA2676	g13067
ECA2676	g12503
ECA2676	g6170
ECA2676	g2871
ECA2676	g12968
ECA2676	g5274
ECA2676	g5271
ECA2676	g13588
ECA2676	g9587
ECA2676	g4613
ECA2676	g4847
ECA2676	g9582
ECA2676	g419
ECA2676	g2003
ECA2676	g4756
ECA2676	g1973
ECA2676	g1993
ECA2676	g4162
ECA2676	g4818
ECA2676	g5270
ECA2676	g5275
ECA2676	g9696
ECA2676	g10430
ECA2676	g4159
ECA2676	g11673
ECA2676	g14047
ECA2676	g14473
ECA2676	g6983
ECA2676	g6114
ECA2676	g5277
ECA2676	g6805
ECA2676	g802
ECA2676	g2222
ECA2676	g13746
ECA2676	g4733
ECA2676	g12517
ECA2676	g3493
ECA2676	g14470
ECA2676	g20585
ECA2676	g11229
ECA2676	g4753
ECA2676	g16518
ECA2676	g15962
ECA2676	g9176
ECA2676	g13673
ECA2676	g4609
ECA2676	g10345
ECA2676	g9588
ECA2676	g4769
ECA2676	g15963
ECA2676	g7888
ECA2676	g3004
ECA2676	g4796
ECA2676	g14539
ECA2676	g13335
ECA2676	g9896
ECA2676	g12743
ECA2676	g5176
ECA2676	g3238
ECA2676	g11417
ECA2676	g5900
ECA2676	g12970
ECA2676	g10427
ECA2676	g16031
ECA2676	g1988
ECA2676	g22476
ECA2676	g21734
ECA2676	g4656
ECA2676	g19067
ECA2676	g6696
ECA2676	g12738
ECA2676	g12508
ECA2676	g6797
ECA2676	g15237
ECA2676	g4735
ECA2676	g2002
ECA2676	g5905
ECA2676	g20619
ECA2676	g15054
ECA2676	g19277
ECA2676	g14045
ECA2676	g13338
ECA2676	g21922
ECA2676	g13586
ECA2676	g19554
ECA2676	g4929
ECA2676	g15052
ECA2676	g9610
ECA2676	g4163
ECA2676	g2870
ECA2676	g4765
ECA2676	g6113
ECA2676	g9660
ECA2676	g13957
ECA2676	g15828
ECA2676	g10346
ECA2676	g5501
ECA2676	g5919
ECA2676	g13632
ECA2676	g4930
ECA2676	g12928
ECA2676	g5160
ECA2676	g12733
ECA2676	g12736
ECA2676	g4720
ECA2676	g19054
ECA2676	g12510
ECA2676	g495
ECA2676	g15965
ECA2676	g5898
ECA2676	g13686
ECA2676	g6089
ECA2676	g9695
ECA2676	g19052
ECA2676	g12512
ECA2676	g14471
ECA2676	g8059
ECA2676	g4761
ECA2676	g13794
ECA2676	g16517
ECA2676	g14350
ECA2676	g4759
ECA2676	g11768
ECA2676	g9894
ECA2676	g9690
ECA2676	g17227
ECA2676	g4726
ECA2676	g4767
ECA2676	g4758
ECA2676	g3883
ECA2676	g2088
ECA2676	g20998
ECA2676	g15964
ECA2676	g3884
ECA2676	g4539
ECA2676	g5150
ECA2676	g6183
ECA2676	g17487
ECA2676	g5903
ECA2676	g13747
ECA2676	g14224
ECA2676	g16879
ECA2676	g12524
ECA2676	g6033
ECA2676	g8154
ECA2676	g5268
ECA2676	g3494
ECA2676	g5500
ECA2676	g1869
ECA2676	g12519
ECA2676	g5482
ECA2676	g6093
ECA2676	g3003
ECA2676	g6171
ECA2676	g13629
ECA2676	g5276
ECA2676	g9585
ECA2676	g14044
ECA2676	g13733
ECA2676	g9897
ECA2676	g15048
ECA2676	g12507
ECA2676	g13727
ECA2676	g3882
ECA2676	g5272
ECA2676	g12392
ECA2676	g12518
ECA2676	g6601
ECA2676	g6152
ECA2676	g15966
ECA2676	g13589
ECA2676	g2869
ECA2676	g9583
ECA2676	g3881
ECA2676	g12964
ECA2676	g10428
ECA2676	g6600
ECA2676	g12520
ECA2676	g4732
ECA2676	g11530
ECA2676	g20618
ECA2676	g11532
ECA2676	g4301
ECA2676	g9761
ECA2676	g4757
ECA2676	g470
ECA2676	g12511
ECA2676	g5543
ECA2676	g5906
ECA2676	g588
ECA2676	g4768
ECA2676	g1745
ECA2676	g12730
ECA2676	g15136
ECA2676	g4158
ECA2676	g5918
ECA2676	g18207
ECA2676	g13548
ECA2676	g12737
ECA2676	g13630
ECA2676	g5278
ECA2676	g14540
ECA2676	g12966
ECA2676	g12521
ECA2676	g277
ECA2676	g4989
ECA2676	g19005
ECA2676	g13061
ECA2676	g4755
ECA2676	g12742
ECA2676	g11356
ECA2676	g12513
ECA2676	g12962
ECA2676	g5670
ECA2676	g19109
ECA2676	g19053
ECA2676	g3880
ECA2676	g13547
ECA2676	g13583
ECA2676	g1239
ECA2676	g12522
ECA2676	g4819
ECA2676	g5901
ECA2676	g10661
ECA2676	g5733
ECA2676	g14063
ECA2676	g4734
ECA2676	g8095
ECA2676	g9586
ED3017	g12337
ED3017	g5703
ED3017	g21255
ED3017	g22337
ED3017	g21282
ED3017	g12717
ED3017	g5700
ED3017	g21273
ED3017	g15499
ED3017	g1953
ED3017	g20891
ED3017	g22246
ED3017	g15047
ED3017	g21201
ED3017	g5882
ED3017	g1952
ED3017	g5923
ED3017	g8806
ED3017	g22057
ED3017	g18981
ED3017	g12648
ED3017	g13229
ED3017	g5210
ED3017	g5706
ED3017	g11250
ED3017	g15165
ED3017	g5573
ED3017	g2055
ED3017	g21480
ED3017	g15510
ED3017	g16379
ED3017	g15467
ED3017	g5625
ED3017	g4527
ED3017	g18015
ED3017	g22052
ED3017	g21677
ED3017	g5708
ED3017	g21241
ED3017	g16727
ED3017	g13236
ED3017	g2968
ED3017	g5517
ED3017	g282
ED3017	g5560
ED3017	g5529
ED3017	g2050
ED3017	g20148
ED3017	g4609
ED3017	g9811
ED3017	g490
ED3017	g12649
ED3017	g18347
ED3017	g8352
ED3017	g8821
ED3017	g2882
ED3017	g12645
ED3017	g22055
ED3017	g1948
ED3017	g15500
ED3017	g5697
ED3017	g21256
ED3017	g3674
ED3017	g2164
ED3017	g12718
ED3017	g15706
ED3017	g15004
ED3017	g12522
ED3017	g5922
ED3017	g8257
ED3017	g7924
ED3017	g14790
ED3017	g15367
ED3017	g5845
ED3017	g14775
ED3017	g5844
ED3017	g12523
ED3017	g15372
ED3017	g15378
ED3017	g4706
ED3017	g10940
ED3017	g1951
ED3017	g6962
ED3017	g19070
ED3017	g15376
ED3017	g15054
ED3017	g8581
ED3017	g4181
ED3017	g18193
ED3017	g8655
ED3017	g5204
ED3017	g19049
ED3017	g291
ED3017	g1440
ED3017	g8350
ED3017	g8590
ED3017	g2161
ED3017	g8827
ED3017	g2831
ED3017	g515
ED3017	g441
ED3017	g15374
ED3017	g5666
ED3017	g21248
ED3017	g10937
ED3017	g10942
ED3017	g1964
ED3017	g1934
ED3017	g1954
ED3017	g4123
ED3017	g15375
ED3017	g4561
ED3017	g8251
ED3017	g15371
ED3017	g10829
ED3017	g19663
ED3017	g4120
ED3017	g11747
ED3017	g9660
ED3017	g5562
ED3017	g21211
ED3017	g22268
ED3017	g2184
ED3017	g18018
ED3017	g5588
ED3017	g18293
ED3017	g8353
ED3017	g8813
ED3017	g3454
ED3017	g12646
ED3017	g21720
ED3017	g10106
ED3017	g22054
ED3017	g5575
ED3017	g5572
ED3017	g11336
ED3017	g5528
ED3017	g8807
ED3017	g801
ED3017	g21249
ED3017	g516
ED3017	g19579
ED3017	g5207
ED3017	g10936
ED3017	g287
ED3017	g18982
ED3017	g16901
ED3017	g5628
ED3017	g22336
ED3017	g5921
ED3017	g10619
ED3017	g15511
ED3017	g8582
ED3017	g3201
ED3017	g9919
ED3017	g22053
ED3017	g16684
ED3017	g19660
ED3017	g21250
ED3017	g19050
ED3017	g5190
ED3017	g1949
ED3017	g14859
ED3017	g440
ED3017	g20106
ED3017	g12647
ED3017	g8310
ED3017	g21274
ED3017	g8822
ED3017	g5574
ED3017	g5471
ED3017	g1963
ED3017	g22058
ED3017	g21754
ED3017	g13232
ED3017	g17940
ED3017	g14561
ED3017	g5208
ED3017	g5918
ED3017	g14288
ED3017	g13230
ED3017	g10914
ED3017	g4124
ED3017	g2830
ED3017	g605
ED3017	g7033
ED3017	g22267
ED3017	g10865
ED3017	g5302
ED3017	g15369
ED3017	g15154
ED3017	g22072
ED3017	g4365
ED3017	g8392
ED3017	g8592
ED3017	g21244
ED3017	g8589
ED3017	g21251
ED3017	g4531
ED3017	g14787
ED3017	g8820
ED3017	g6354
ED3017	g18984
ED3017	g22051
ED3017	g21245
ED3017	g22243
ED3017	g8348
ED3017	g21275
ED3017	g21181
ED3017	g10830
ED3017	g14789
ED3017	g8818
ED3017	g5211
ED3017	g18374
ED3017	g19580
ED3017	g6353
ED3017	g18983
ED3017	g4047
ED3017	g21252
ED3017	g5212
ED3017	g9565
ED3017	g10621
ED3017	g10835
ED3017	g7059
ED3017	g15468
ED3017	g3844
ED3017	g2051
ED3017	g3845
ED3017	g22335
ED3017	g7328
ED3017	g22056
ED3017	g5515
ED3017	g6707
ED3017	g8805
ED3017	g21481
ED3017	g21254
ED3017	g22188
ED3017	g15501
ED3017	g16631
ED3017	g15377
ED3017	g3455
ED3017	g21247
ED3017	g15155
ED3017	g21203
ED3017	g1831
ED3017	g8811
ED3017	g15171
ED3017	g22247
ED3017	g2967
ED3017	g22323
ED3017	g18019
ED3017	g15370
ED3017	g12097
ED3017	g20995
ED3017	g10939
ED3017	g5209
ED3017	g10618
ED3017	g13226
ED3017	g8823
ED3017	g5627
ED3017	g3843
ED3017	g15373
ED3017	g8942
ED3017	g5668
ED3017	g8812
ED3017	g12896
ED3017	g22304
ED3017	g18985
ED3017	g5665
ED3017	g14774
ED3017	g2829
ED3017	g10941
ED3017	g3842
ED3017	g5223
ED3017	g19661
ED3017	g18185
ED3017	g21246
ED3017	g8810
ED3017	g21276
ED3017	g5516
ED3017	g21182
ED3017	g9804
ED3017	g4469
ED3017	g21753
ED3017	g9802
ED3017	g10755
ED3017	g14729
ED3017	g8819
ED3017	g15111
ED3017	g22059
ED3017	g21242
ED3017	g1708
ED3017	g8595
ED3017	g21094
ED3017	g4119
ED3017	g8587
ED3017	g22071
ED3017	g18103
ED3017	g18997
ED3017	g16061
ED3017	g8588
ED3017	g15368
ED3017	g8809
ED3017	g21243
ED3017	g270
ED3017	g14836
ED3017	g19069
ED3017	g8583
ED3017	g9981
ED3017	g8817
ED3017	g14981
ED3017	g14788
ED3017	g3841
ED3017	g5707
ED3017	g5534
ED3017	g5671
ED3017	g1208
ED3017	g19897
ED3017	g14916
ED3017	g16691
ED3017	g10938
JT11398	g16242
JT11398	g6033
JT11398	g18637
JT11398	g15304
JT11398	g17014
JT11398	g21955
JT11398	g19371
JT11398	g2348
JT11398	g20118
JT11398	g7520
JT11398	g5899
JT11398	g2272
JT11398	g19179
JT11398	g2299
JT11398	g19935
JT11398	g19899
JT11398	g6262
JT11398	g10979
JT11398	g19436
JT11398	g20158
JT11398	g15511
JT11398	g5168
JT11398	g15519
JT11398	g6276
JT11398	g10140
JT11398	g7623
JT11398	g20079
JT11398	g1318
JT11398	g21290
JT11398	g17025
JT11398	g21927
JT11398	g19856
JT11398	g18231
JT11398	g19174
JT11398	g15019
JT11398	g6019
JT11398	g10986
JT11398	g19739
JT11398	g19752
JT11398	g19942
JT11398	g127
JT11398	g10199
JT11398	g11936
JT11398	g21404
JT11398	g17902
JT11398	g5678
JT11398	g19738
JT11398	g8453
JT11398	g5904
JT11398	g10399
JT11398	g19177
JT11398	g15312
JT11398	g15319
JT11398	g16986
JT11398	g7516
JT11398	g8403
JT11398	g17015
JT11398	g19932
JT11398	g6034
JT11398	g10647
JT11398	g13365
JT11398	g7731
JT11398	g15701
JT11398	g17227
JT11398	g15677
JT11398	g10283
JT11398	g5905
JT11398	g14455
JT11398	g21395
JT11398	g20080
JT11398	g2771
JT11398	g10284
JT11398	g17273
JT11398	g7519
JT11398	g4702
JT11398	g6189
JT11398	g15628
JT11398	g16989
JT11398	g9741
JT11398	g5842
JT11398	g19430
JT11398	g6210
JT11398	g17660
JT11398	g15518
JT11398	g10402
JT11398	g6190
JT11398	g7011
JT11398	g7728
JT11398	g18652
JT11398	g6026
JT11398	g17276
JT11398	g17271
JT11398	g2349
JT11398	g7532
JT11398	g7502
JT11398	g7522
JT11398	g9682
JT11398	g15320
JT11398	g17384
JT11398	g20640
JT11398	g9679
JT11398	g11786
JT11398	g10403
JT11398	g19393
JT11398	g1963
JT11398	g7751
JT11398	g18228
JT11398	g21403
JT11398	g19819
JT11398	g17954
JT11398	g5989
JT11398	g5685
JT11398	g21728
JT11398	g9022
JT11398	g10400
JT11398	g20419
JT11398	g12226
JT11398	g19176
JT11398	g5253
JT11398	g6027
JT11398	g5677
JT11398	g20555
JT11398	g19433
JT11398	g17277
JT11398	g6277
JT11398	g13579
JT11398	g19859
JT11398	g15318
JT11398	g10469
JT11398	g21627
JT11398	g18638
JT11398	g20156
JT11398	g17593
JT11398	g8768
JT11398	g12039
JT11398	g19175
JT11398	g21632
JT11398	g20637
JT11398	g19907
JT11398	g6028
JT11398	g6209
JT11398	g15313
JT11398	g21630
JT11398	g20157
JT11398	g19416
JT11398	g7517
JT11398	g22150
JT11398	g87
JT11398	g10101
JT11398	g17274
JT11398	g15532
JT11398	g21735
JT11398	g6053
JT11398	g15635
JT11398	g5691
JT11398	g6061
JT11398	g22420
JT11398	g21671
JT11398	g7531
JT11398	g19180
JT11398	g20385
JT11398	g10982
JT11398	g18306
JT11398	g2982
JT11398	g6278
JT11398	g19434
JT11398	g20153
JT11398	g15801
JT11398	g3257
JT11398	g10980
JT11398	g17026
JT11398	g17299
JT11398	g9683
JT11398	g8402
JT11398	g19392
JT11398	g17348
JT11398	g19522
JT11398	g5915
JT11398	g19194
JT11398	g15307
JT11398	g9923
JT11398	g5692
JT11398	g21588
JT11398	g19785
JT11398	g5902
JT11398	g16988
JT11398	g5687
JT11398	g6022
JT11398	g5913
JT11398	g5907
JT11398	g6029
JT11398	g10106
JT11398	g21398
JT11398	g15317
JT11398	g5679
JT11398	g2273
JT11398	g6052
JT11398	g6275
JT11398	g19800
JT11398	g6023
JT11398	g19368
JT11398	g5686
JT11398	g6054
JT11398	g5959
JT11398	g17383
JT11398	g21396
JT11398	g5681
JT11398	g10401
JT11398	g13408
JT11398	g19437
JT11398	g17875
JT11398	g20556
JT11398	g1077
JT11398	g9606
JT11398	g6030
JT11398	g19438
JT11398	g11692
JT11398	g17591
JT11398	g17378
JT11398	g4801
JT11398	g9411
JT11398	g19751
JT11398	g19789
JT11398	g7619
JT11398	g8537
JT11398	g9412
JT11398	g19689
JT11398	g19804
JT11398	g18639
JT11398	g19941
JT11398	g16733
JT11398	g19178
JT11398	g6274
JT11398	g4445
JT11398	g5693
JT11398	g21289
JT11398	g6032
JT11398	g19310
JT11398	g5672
JT11398	g17016
JT11398	g13311
JT11398	g19938
JT11398	g15305
JT11398	g9023
JT11398	g6025
JT11398	g5981
JT11398	g2815
JT11398	g7397
JT11398	g19372
JT11398	g8536
JT11398	g18651
JT11398	g18227
JT11398	g5680
JT11398	g5979
JT11398	g15205
JT11398	g19435
JT11398	g17594
JT11398	g10976
JT11398	g5676
JT11398	g15310
JT11398	g19858
JT11398	g19758
JT11398	g9410
JT11398	g11074
JT11398	g5689
JT11398	g18670
JT11398	g2772
JT11398	g8401
JT11398	g5909
JT11398	g17272
JT11398	g9409
JT11398	g19449
JT11398	g15316
JT11398	g20638
JT11398	g7521
JT11398	g18062
JT11398	g6024
JT11398	g5688
JT11398	g6055
JT11398	g5960
JT11398	g11929
JT11398	g10033
JT11398	g11927
JT11398	g17455
JT11398	g1078
JT11398	g19173
JT11398	g19181
JT11398	g18054
JT11398	g2182
JT11398	g6020
JT11398	g15529
JT11398	g7273
JT11398	g15102
JT11398	g9678
JT11398	g19193
JT11398	g18144
JT11398	g12886
JT11398	g15306
JT11398	g5908
JT11398	g19805
JT11398	g10470
JT11398	g19900
JT11398	g6021
JT11398	g2489
JT11398	g15531
JT11398	g21349
JT11398	g21402
JT11398	g20386
JT11398	g12101
JT11398	g5682
JT11398	g21397
JT11398	g9408
JT11398	g21623
JT11398	g15577
JT11398	g6779
JT11398	g20872
JT11398	g15769
JT11398	g13372
JT11398	g5914
JT11398	g17275
JT11398	g4775
PX179	g10440
PX179	g16562
PX179	g3600
PX179	g1108
PX179	g10753
PX179	g3135
PX179	g21611
PX179	g22041
PX179	g1202
PX179	g7892
PX179	g16745
PX179	g9609
PX179	g7815
PX179	g1389
PX179	g10820
PX179	g7842
PX179	g10754
PX179	g11327
PX179	g3598
PX179	g16565
PX179	g16785
PX179	g9213
PX179	g21276
PX179	g16431
PX179	g6189
PX179	g16066
PX179	g21622
PX179	g5410
PX179	g201
PX179	g3483
PX179	g16483
PX179	g700
PX179	g1393
PX179	g16567
PX179	g10062
PX179	g3587
PX179	g16374
PX179	g16418
PX179	g16063
PX179	g16386
PX179	g19910
PX179	g3629
PX179	g14649
PX179	g370
PX179	g10755
PX179	g9594
PX179	g5362
PX179	g1391
PX179	g10751
PX179	g6297
PX179	g21612
PX179	g3557
PX179	g21874
PX179	g16556
PX179	g3601
PX179	g4570
PX179	g10998
PX179	g6077
PX179	g16559
PX179	g21093
PX179	g1807
PX179	g21821
PX179	g21117
PX179	g10627
PX179	g8364
PX179	g12885
PX179	g21482
PX179	g16703
PX179	g3626
PX179	g12869
PX179	g16702
PX179	g10628
PX179	g21487
PX179	g21493
PX179	g13751
PX179	g6294
PX179	g18894
PX179	g18097
PX179	g21491
PX179	g21165
PX179	g9840
PX179	g4065
PX179	g522
PX179	g9764
PX179	g18076
PX179	g9604
PX179	g10065
PX179	g21277
PX179	g18096
PX179	g6807
PX179	g9831
PX179	g6080
PX179	g10175
PX179	g10068
PX179	g21489
PX179	g16524
PX179	g10752
PX179	g13748
PX179	g13753
PX179	g7893
PX179	g6280
PX179	g6311
PX179	g6290
PX179	g4125
PX179	g21490
PX179	g3678
PX179	g21486
PX179	g13638
PX179	g15744
PX179	g4128
PX179	g14496
PX179	g1179
PX179	g18008
PX179	g7509
PX179	g6057
PX179	g697
PX179	g16446
PX179	g6291
PX179	g423
PX179	g9602
PX179	g4789
PX179	g17098
PX179	g14941
PX179	g16433
PX179	g16430
PX179	g9130
PX179	g16385
PX179	g9608
PX179	g3594
PX179	g9593
PX179	g15826
PX179	g3618
PX179	g13747
PX179	g18009
PX179	g2962
PX179	g16486
PX179	g10819
PX179	g1109
PX179	g16783
PX179	g13430
PX179	g9839
PX179	g5044
PX179	g14753
PX179	g1392
PX179	g10070
PX179	g3179
PX179	g15747
PX179	g3595
PX179	g15746
PX179	g18077
PX179	g16784
PX179	g6296
PX179	g12954
PX179	g19870
PX179	g3712
PX179	g21263
PX179	g9834
PX179	g3619
PX179	g21158
PX179	g16432
PX179	g16327
PX179	g6281
PX179	g1388
PX179	g17064
PX179	g11330
PX179	g776
PX179	g12659
PX179	g21284
PX179	g16067
PX179	g17534
PX179	g16373
PX179	g16780
PX179	g12387
PX179	g11328
PX179	g21623
PX179	g13725
PX179	g4124
PX179	g5411
PX179	g1180
PX179	g13675
PX179	g16161
PX179	g21484
PX179	g17872
PX179	g15825
PX179	g1374
PX179	g3877
PX179	g10025
PX179	g9829
PX179	g3589
PX179	g9832
PX179	g3596
PX179	g3708
PX179	g12882
PX179	g9595
PX179	g20830
PX179	g7816
PX179	g18011
PX179	g1395
PX179	g3590
PX179	g1205
PX179	g3620
PX179	g3530
PX179	g13639
PX179	g12884
PX179	g9597
PX179	g19255
PX179	g343
PX179	g20829
PX179	g18010
PX179	g4201
PX179	g3597
PX179	g16071
PX179	g14402
PX179	g13432
PX179	g13644
PX179	g18991
PX179	g4397
PX179	g6193
PX179	g17184
PX179	g6293
PX179	g4396
PX179	g1110
PX179	g1390
PX179	g16372
PX179	g18012
PX179	g15890
PX179	g18644
PX179	g9610
PX179	g21875
PX179	g3599
PX179	g1261
PX179	g5276
PX179	g9588
PX179	g21613
PX179	g3233
PX179	g21492
PX179	g4788
PX179	g9592
PX179	g3592
PX179	g3550
PX179	g3593
PX179	g6416
PX179	g1201
PX179	g5278
PX179	g1122
PX179	g696
PX179	g21485
PX179	g3548
PX179	g22092
PX179	g13750
PX179	g13429
PX179	g16420
PX179	g16485
PX179	g1123
PX179	g4398
PX179	g21488
PX179	g13786
PX179	g16526
PX179	g1141
PX179	g16523
PX179	g12868
PX179	g5412
PX179	g13752
PX179	g4399
PX179	g16084
PX179	g11333
PX179	g10064
PX179	g530
PX179	g3591
PX179	g9605
PX179	g3621
PX179	g3531
PX179	g14642
PX179	g3772
PX179	g17065
PX179	g14640
PX179	g13566
PX179	g16069
PX179	g12824
PX179	g9596
PX179	g1387
PX179	g16068
PX179	g7722
PX179	g3588
PX179	g21265
PX179	g16070
PX179	g6541
PX179	g9825
PX179	g22197
PX179	g4129
PX179	g1375
PX179	g613
PX179	g18024
PX179	g21581
PX179	g9833
PX179	g21579
PX179	g21483
PX179	g10066
PX179	g9606
PX179	g8035
PX179	g21264
PX179	g12931
PX179	g10168
PX179	g9838
PX179	g14815
PX179	g16050
PX179	g9598
PX179	g12883
PX179	g4400
PX179	g16566
PX179	g21217
PX179	g16391
PX179	g16530
PX179	g9603
PX179	g7041
PX179	g15512
PX179	g21025
PX179	g3173
PX179	g13749
PX179	g11324
PX179	g18965
DL238	g4216
DL238	g22019
DL238	g20570
DL238	g22486
DL238	g9291
DL238	g19099
DL238	g12143
DL238	g19031
DL238	g14711
DL238	g7893
DL238	g1260
DL238	g22487
DL238	g696
DL238	g8630
DL238	g9457
DL238	g14922
DL238	g18535
DL238	g460
DL238	g20273
DL238	g22295
DL238	g22294
DL238	g684
DL238	g1035
DL238	g6833
DL238	g18962
DL238	g697
DL238	g690
DL238	g1358
DL238	g687
DL238	g3899
DL238	g3318
DL238	g14750
DL238	g1042
DL238	g22482
DL238	g4959
DL238	g7998
DL238	g15371
DL238	g19054
DL238	g21982
DL238	g7768
DL238	g9597
DL238	g18071
DL238	g14007
DL238	g20394
DL238	g22290
DL238	g14057
DL238	g1261
DL238	g232
DL238	g3312
DL238	g14233
DL238	g14567
DL238	g12530
DL238	g19064
DL238	g22507
DL238	g10506
DL238	g16641
DL238	g1819
DL238	g20718
DL238	g695
DL238	g699
DL238	g19023
DL238	g6916
DL238	g455
DL238	g1257
DL238	g3902
DL238	g22094
DL238	g22293
DL238	g22578
DL238	g1393
DL238	g14962
DL238	g449
DL238	g14741
DL238	g22566
DL238	g3653
DL238	g7660
DL238	g3833
DL238	g20562
DL238	g893
DL238	g4024
DL238	g5808
DL238	g14236
DL238	g1759
DL238	g20477
DL238	g1255
DL238	g14888
DL238	g9616
DL238	g1774
DL238	g4023
DL238	g14961
DL238	g15457
DL238	g19029
DL238	g6122
DL238	g15436
DL238	g14887
DL238	g12145
DL238	g21844
DL238	g9593
DL238	g7774
DL238	g8391
DL238	g19055
DL238	g14751
DL238	g688
DL238	g5952
DL238	g6967
DL238	g7663
DL238	g19050
DL238	g1262
DL238	g14709
DL238	g18919
DL238	g22091
DL238	g934
DL238	g18471
DL238	g14957
DL238	g694
DL238	g1259
DL238	g14602
DL238	g11613
DL238	g18468
DL238	g10355
DL238	g7877
DL238	g6966
DL238	g3898
DL238	g22508
DL238	g9080
DL238	g7639
DL238	g20397
DL238	g7865
DL238	g20667
DL238	g683
DL238	g6339
DL238	g3901
DL238	g5955
DL238	g4350
DL238	g10808
DL238	g22292
DL238	g15369
DL238	g5044
DL238	g14625
DL238	g6831
DL238	g4386
DL238	g11697
DL238	g19030
DL238	g14744
DL238	g16545
DL238	g22090
DL238	g14715
DL238	g15370
DL238	g13481
DL238	g19060
DL238	g9407
DL238	g12144
DL238	g448
DL238	g1360
DL238	g6599
DL238	g19061
DL238	g10616
DL238	g701
DL238	g225
DL238	g11616
DL238	g19018
DL238	g11615
DL238	g22093
DL238	g15437
DL238	g6338
DL238	g12568
DL238	g3900
DL238	g1264
DL238	g22289
DL238	g14747
DL238	g230
DL238	g19101
DL238	g22296
DL238	g3315
DL238	g14960
DL238	g1982
DL238	g14237
DL238	g17342
DL238	g17527
DL238	g18850
DL238	g3317
DL238	g22068
DL238	g10681
DL238	g18472
DL238	g2255
DL238	g16615
DL238	g8125
DL238	g14333
DL238	g452
DL238	g15235
DL238	g13653
DL238	g11696
DL238	g19059
DL238	g1024
DL238	g14665
DL238	g265
DL238	g19057
DL238	g457
DL238	g454
DL238	g1762
DL238	g698
DL238	g15372
DL238	g22096
DL238	g19122
DL238	g1392
DL238	g1760
DL238	g1385
DL238	g14554
DL238	g22577
DL238	g870
DL238	g19051
DL238	g20745
DL238	g15931
DL238	g19032
DL238	g8629
DL238	g18387
DL238	g19324
DL238	g10499
DL238	g21197
DL238	g1036
DL238	g14241
DL238	g10262
DL238	g21988
DL238	g12146
DL238	g5953
DL238	g4385
DL238	g9607
DL238	g21919
DL238	g7772
DL238	g15373
DL238	g5951
DL238	g14504
DL238	g19892
DL238	g14553
DL238	g19058
DL238	g16289
DL238	g680
DL238	g1666
DL238	g5954
DL238	g1384
DL238	g13750
DL238	g19063
DL238	g1265
DL238	g692
DL238	g447
DL238	g14239
DL238	g20398
DL238	g1026
DL238	g9458
DL238	g14668
DL238	g1258
DL238	g18742
DL238	g14238
DL238	g1589
DL238	g227
DL238	g22425
DL238	g7874
DL238	g9382
DL238	g9643
DL238	g14599
DL238	g130
DL238	g1355
DL238	g7876
DL238	g15456
DL238	g13696
DL238	g14708
DL238	g19149
DL238	g22310
DL238	g1775
DL238	g19052
DL238	g22095
DL238	g21981
DL238	g14252
DL238	g705
DL238	g520
DL238	g19062
DL238	g19056
DL238	g10497
DL238	g19121
DL238	g18614
DL238	g15932
DL238	g989
DL238	g22297
DL238	g940
DL238	g1025
DL238	g22291
DL238	g1665
DL238	g1266
DL238	g14240
DL238	g19224
DL238	g18467
DL238	g3321
DL238	g15385
DL238	g1256
DL238	g453
DL238	g22309
DL238	g14566
DL238	g14667
DL238	g686
DL238	g3834
DL238	g1713
DL238	g9383
DL238	g20274
DL238	g14219
DL238	g18915
DL238	g22485
DL238	g19065
DL238	g1761
DL238	g22576
DL238	g14555
DL238	g123
DL238	g22546
DL238	g14572
DL238	g700
DL238	g7875
DL238	g11381
DL238	g805
DL238	g1263
DL238	g13690
DL238	g22092
DL238	g1386
ECA1186	g15633
ECA1186	g12699
ECA1186	g20587
ECA1186	g22384
ECA1186	g2972
ECA1186	g18989
ECA1186	g19664
ECA1186	g7000
ECA1186	g20836
ECA1186	g15444
ECA1186	g438
ECA1186	g20386
ECA1186	g9995
ECA1186	g9996
ECA1186	g1907
ECA1186	g6770
ECA1186	g6776
ECA1186	g6779
ECA1186	g12397
ECA1186	g21255
ECA1186	g11826
ECA1186	g15636
ECA1186	g15847
ECA1186	g19866
ECA1186	g17413
ECA1186	g19873
ECA1186	g22349
ECA1186	g19545
ECA1186	g2135
ECA1186	g16181
ECA1186	g489
ECA1186	g7002
ECA1186	g14909
ECA1186	g20737
ECA1186	g10000
ECA1186	g19666
ECA1186	g11820
ECA1186	g13441
ECA1186	g15139
ECA1186	g15443
ECA1186	g5798
ECA1186	g6772
ECA1186	g6768
ECA1186	g12400
ECA1186	g20865
ECA1186	g22492
ECA1186	g9997
ECA1186	g514
ECA1186	g20867
ECA1186	g19544
ECA1186	g600
ECA1186	g19249
ECA1186	g15627
ECA1186	g12153
ECA1186	g20858
ECA1186	g12330
ECA1186	g9731
ECA1186	g15456
ECA1186	g16111
ECA1186	g9154
ECA1186	g12518
ECA1186	g8492
ECA1186	g10276
ECA1186	g19672
ECA1186	g6774
ECA1186	g21239
ECA1186	g15455
ECA1186	g15138
ECA1186	g21328
ECA1186	g19986
ECA1186	g20834
ECA1186	g7008
ECA1186	g3780
ECA1186	g21307
ECA1186	g4169
ECA1186	g19539
ECA1186	g296
ECA1186	g21327
ECA1186	g1514
ECA1186	g2240
ECA1186	g6771
ECA1186	g15598
ECA1186	g19665
ECA1186	g9757
ECA1186	g22489
ECA1186	g19993
ECA1186	g10334
ECA1186	g437
ECA1186	g9730
ECA1186	g14957
ECA1186	g2011
ECA1186	g20325
ECA1186	g6773
ECA1186	g21241
ECA1186	g15501
ECA1186	g15504
ECA1186	g19668
ECA1186	g20857
ECA1186	g20859
ECA1186	g4697
ECA1186	g20322
ECA1186	g5949
ECA1186	g2028
ECA1186	g2922
ECA1186	g12396
ECA1186	g809
ECA1186	g2265
ECA1186	g20922
ECA1186	g9332
ECA1186	g20855
ECA1186	g9335
ECA1186	g2040
ECA1186	g9050
ECA1186	g6783
ECA1186	g3560
ECA1186	g12399
ECA1186	g3949
ECA1186	g18021
ECA1186	g5507
ECA1186	g17327
ECA1186	g20779
ECA1186	g15518
ECA1186	g19667
ECA1186	g6782
ECA1186	g275
ECA1186	g2029
ECA1186	g17987
ECA1186	g4616
ECA1186	g20835
ECA1186	g15630
ECA1186	g6994
ECA1186	g22488
ECA1186	g293
ECA1186	g15602
ECA1186	g21240
ECA1186	g14389
ECA1186	g22348
ECA1186	g15491
ECA1186	g15845
ECA1186	g4170
ECA1186	g9720
ECA1186	g19559
ECA1186	g3290
ECA1186	g6766
ECA1186	g9416
ECA1186	g14605
ECA1186	g4694
ECA1186	g20827
ECA1186	g20856
ECA1186	g4695
ECA1186	g15600
ECA1186	g21308
ECA1186	g15503
ECA1186	g15502
ECA1186	g15846
ECA1186	g3561
ECA1186	g6938
ECA1186	g20686
ECA1186	g2243
ECA1186	g10208
ECA1186	g10610
ECA1186	g13480
ECA1186	g9817
ECA1186	g12398
ECA1186	g18107
ECA1186	g10001
ECA1186	g15771
ECA1186	g15442
ECA1186	g9816
ECA1186	g20866
ECA1186	g9994
ECA1186	g20056
ECA1186	g11823
ECA1186	g5693
ECA1186	g10495
ECA1186	g18459
ECA1186	g10768
ECA1186	g22491
ECA1186	g20862
ECA1186	g19343
ECA1186	g11825
ECA1186	g22466
ECA1186	g20326
ECA1186	g9820
ECA1186	g2921
ECA1186	g9796
ECA1186	g15224
ECA1186	g15487
ECA1186	g4617
ECA1186	g19884
ECA1186	g15552
ECA1186	g1105
ECA1186	g19543
ECA1186	g15124
ECA1186	g6997
ECA1186	g10279
ECA1186	g6769
ECA1186	g21242
ECA1186	g14563
ECA1186	g20860
ECA1186	g20923
ECA1186	g10277
ECA1186	g19920
ECA1186	g9719
ECA1186	g4171
ECA1186	g8971
ECA1186	g21800
ECA1186	g20241
ECA1186	g15141
ECA1186	g7268
ECA1186	g6042
ECA1186	g22354
ECA1186	g16207
ECA1186	g20741
ECA1186	g4168
ECA1186	g7001
ECA1186	g3951
ECA1186	g20904
ECA1186	g15637
ECA1186	g20038
ECA1186	g22284
ECA1186	g2131
ECA1186	g3953
ECA1186	g15392
ECA1186	g16473
ECA1186	g3059
ECA1186	g9795
ECA1186	g6785
ECA1186	g19248
ECA1186	g9870
ECA1186	g22490
ECA1186	g3950
ECA1186	g14657
ECA1186	g19663
ECA1186	g9246
ECA1186	g19883
ECA1186	g3058
ECA1186	g19344
ECA1186	g9331
ECA1186	g15555
ECA1186	g8184
ECA1186	g19056
ECA1186	g19303
ECA1186	g22494
ECA1186	g7230
ECA1186	g15805
ECA1186	g9718
ECA1186	g2031
ECA1186	g7222
ECA1186	g6999
ECA1186	g21243
ECA1186	g6660
ECA1186	g15770
ECA1186	g20902
ECA1186	g9245
ECA1186	g7322
ECA1186	g15597
ECA1186	g20951
ECA1186	g6778
ECA1186	g9980
ECA1186	g2920
ECA1186	g7224
ECA1186	g22493
ECA1186	g20864
ECA1186	g15153
ECA1186	g22160
ECA1186	g6762
ECA1186	g19538
ECA1186	g7228
ECA1186	g20861
ECA1186	g5806
ECA1186	g17988
ECA1186	g5808
ECA1186	g20456
ECA1186	g10291
ECA1186	g20869
ECA1186	g21801
ECA1186	g15806
ECA1186	g9993
ECA1186	g9999
ECA1186	g19662
ECA1186	g20868
ECA1186	g15140
ECA1186	g1780
ECA1186	g7189
ECA1186	g19164
ECA1186	g20321
ECA1186	g19671
ECA1186	g11829
ECA1186	g20837
ECA1186	g7007
ECA1186	g284
ECA1186	g9981
ECA1186	g15554
ECA1186	g6780
ECA1186	g12331
ECA1186	g10230
ECA1186	g513
ECA1186	g7641
ECA1186	g19669
ECA1186	g5632
ECA1186	g20863
ECA1186	g7006
ECA1186	g9146
ECA1186	g10278
ECA1186	g7328
ECA1186	g20831
ECA1186	g7226
ECA1186	g7225
ECA1186	g19670
ECA1186	g15461
ECA1186	g1277
ECA1186	g9998
ECA1186	g2030
ECA1186	g4929
ECA1186	g20121
ECA1186	g12517
ECA1186	g14599
ECA1186	g3952
ECA1186	g6767
ECA1187	g3140
ECA1187	g10676
ECA1187	g2657
ECA1187	g7344
ECA1187	g14557
ECA1187	g17999
ECA1187	g1582
ECA1187	g14370
ECA1187	g22235
ECA1187	g22255
ECA1187	g21855
ECA1187	g21139
ECA1187	g3954
ECA1187	g14563
ECA1187	g21835
ECA1187	g12690
ECA1187	g2596
ECA1187	g8228
ECA1187	g14387
ECA1187	g14390
ECA1187	g14382
ECA1187	g518
ECA1187	g22227
ECA1187	g20362
ECA1187	g13031
ECA1187	g20482
ECA1187	g20276
ECA1187	g1533
ECA1187	g10218
ECA1187	g448
ECA1187	g7904
ECA1187	g548
ECA1187	g14282
ECA1187	g560
ECA1187	g22189
ECA1187	g880
ECA1187	g19469
ECA1187	g10477
ECA1187	g4690
ECA1187	g7659
ECA1187	g12868
ECA1187	g21847
ECA1187	g369
ECA1187	g11976
ECA1187	g18301
ECA1187	g376
ECA1187	g405
ECA1187	g21059
ECA1187	g8861
ECA1187	g7657
ECA1187	g2459
ECA1187	g14371
ECA1187	g17984
ECA1187	g10679
ECA1187	g177
ECA1187	g176
ECA1187	g5023
ECA1187	g3313
ECA1187	g14235
ECA1187	g7538
ECA1187	g18304
ECA1187	g20483
ECA1187	g6184
ECA1187	g10466
ECA1187	g3141
ECA1187	g22261
ECA1187	g10566
ECA1187	g21843
ECA1187	g18773
ECA1187	g18070
ECA1187	g14289
ECA1187	g18449
ECA1187	g18239
ECA1187	g8233
ECA1187	g883
ECA1187	g20361
ECA1187	g11722
ECA1187	g14708
ECA1187	g20175
ECA1187	g3419
ECA1187	g9864
ECA1187	g898
ECA1187	g879
ECA1187	g137
ECA1187	g445
ECA1187	g6752
ECA1187	g7030
ECA1187	g404
ECA1187	g14556
ECA1187	g18464
ECA1187	g20481
ECA1187	g18404
ECA1187	g12637
ECA1187	g10464
ECA1187	g20484
ECA1187	g14036
ECA1187	g22302
ECA1187	g22155
ECA1187	g22260
ECA1187	g17519
ECA1187	g22256
ECA1187	g22253
ECA1187	g13069
ECA1187	g7661
ECA1187	g22262
ECA1187	g22265
ECA1187	g1899
ECA1187	g10704
ECA1187	g22252
ECA1187	g561
ECA1187	g2460
ECA1187	g22234
ECA1187	g21839
ECA1187	g17985
ECA1187	g3029
ECA1187	g21832
ECA1187	g6786
ECA1187	g21836
ECA1187	g10462
ECA1187	g6099
ECA1187	g17987
ECA1187	g7723
ECA1187	g10565
ECA1187	g22299
ECA1187	g20582
ECA1187	g9901
ECA1187	g549
ECA1187	g22264
ECA1187	g217
ECA1187	g7660
ECA1187	g18296
ECA1187	g20480
ECA1187	g2682
ECA1187	g20366
ECA1187	g2455
ECA1187	g5049
ECA1187	g16383
ECA1187	g138
ECA1187	g2745
ECA1187	g18772
ECA1187	g10340
ECA1187	g11352
ECA1187	g2456
ECA1187	g14559
ECA1187	g21062
ECA1187	g141
ECA1187	g18050
ECA1187	g502
ECA1187	g19008
ECA1187	g3319
ECA1187	g3134
ECA1187	g19910
ECA1187	g612
ECA1187	g21848
ECA1187	g19003
ECA1187	g19049
ECA1187	g2681
ECA1187	g11492
ECA1187	g136
ECA1187	g13192
ECA1187	g402
ECA1187	g13469
ECA1187	g19618
ECA1187	g14890
ECA1187	g14695
ECA1187	g20485
ECA1187	g14709
ECA1187	g20458
ECA1187	g12638
ECA1187	g400
ECA1187	g21833
ECA1187	g22263
ECA1187	g2757
ECA1187	g1610
ECA1187	g789
ECA1187	g2473
ECA1187	g20404
ECA1187	g14889
ECA1187	g18967
ECA1187	g2759
ECA1187	g18299
ECA1187	g12200
ECA1187	g18461
ECA1187	g18462
ECA1187	g14558
ECA1187	g21846
ECA1187	g21837
ECA1187	g22236
ECA1187	g18049
ECA1187	g16381
ECA1187	g18463
ECA1187	g21844
ECA1187	g6753
ECA1187	g878
ECA1187	g14212
ECA1187	g15041
ECA1187	g362
ECA1187	g3496
ECA1187	g2661
ECA1187	g12634
ECA1187	g2758
ECA1187	g4327
ECA1187	g14696
ECA1187	g2265
ECA1187	g6873
ECA1187	g14555
ECA1187	g14567
ECA1187	g22258
ECA1187	g14666
ECA1187	g21140
ECA1187	g7539
ECA1187	g18303
ECA1187	g12369
ECA1187	g503
ECA1187	g882
ECA1187	g19710
ECA1187	g11407
ECA1187	g20487
ECA1187	g2719
ECA1187	g14664
ECA1187	g14336
ECA1187	g363
ECA1187	g5312
ECA1187	g22257
ECA1187	g372
ECA1187	g2457
ECA1187	g10467
ECA1187	g19112
ECA1187	g562
ECA1187	g886
ECA1187	g2453
ECA1187	g446
ECA1187	g14665
ECA1187	g501
ECA1187	g504
ECA1187	g12368
ECA1187	g14697
ECA1187	g9967
ECA1187	g17850
ECA1187	g21834
ECA1187	g19106
ECA1187	g14568
ECA1187	g12563
ECA1187	g1609
ECA1187	g19295
ECA1187	g18605
ECA1187	g12370
ECA1187	g611
ECA1187	g12366
ECA1187	g14565
ECA1187	g18710
ECA1187	g16382
ECA1187	g14560
ECA1187	g14569
ECA1187	g515
ECA1187	g881
ECA1187	g8231
ECA1187	g2747
ECA1187	g21849
ECA1187	g19357
ECA1187	g21166
ECA1187	g13027
ECA1187	g7658
ECA1187	g113
ECA1187	g1532
ECA1187	g367
ECA1187	g218
ECA1187	g21838
ECA1187	g10570
ECA1187	g11491
ECA1187	g2660
ECA1187	g4951
ECA1187	g18771
ECA1187	g1064
ECA1187	g1691
ECA1187	g7724
ECA1187	g867
ECA1187	g21061
ECA1187	g10447
ECA1187	g13125
ECA1187	g13308
ECA1187	g22267
ECA1187	g22233
ECA1187	g22259
ECA1187	g19477
ECA1187	g4328
ECA1187	g487
ECA1187	g9693
ECA1187	g10461
ECA1187	g21845
ECA1187	g9908
ECA1187	g22266
ECA1187	g2454
ECA1187	g22254
ECA1187	g12633
ECA1187	g2472
ECA1187	g3224
ECA1187	g17986
ECA1187	g12371
ECA1187	g11975
ECA1187	g10345
ECA1187	g18302
ECA1187	g22321
ECA1187	g10465
ECA1187	g11351
ECA1187	g1390
ECA1187	g18512
ECA1187	g8225
ECA1187	g2458
ECA1187	g19004
ECA1187	g543
ECA1187	g15634
ECA1187	g3139
ECA1187	g19479
ECA1187	g20486
ECA1187	g18069
ECA1187	g14147
ECA1187	g22322
ECA1187	g19001
ECA1187	g19006
ECA1202	g19046
ECA1202	g22211
ECA1202	g6488
ECA1202	g13509
ECA1202	g838
ECA1202	g10178
ECA1202	g1745
ECA1202	g1674
ECA1202	g20809
ECA1202	g19510
ECA1202	g18023
ECA1202	g10851
ECA1202	g13990
ECA1202	g18042
ECA1202	g19278
ECA1202	g18057
ECA1202	g10645
ECA1202	g13188
ECA1202	g6279
ECA1202	g19185
ECA1202	g10639
ECA1202	g594
ECA1202	g16853
ECA1202	g10650
ECA1202	g13185
ECA1202	g13182
ECA1202	g18792
ECA1202	g18092
ECA1202	g3864
ECA1202	g1252
ECA1202	g18855
ECA1202	g18060
ECA1202	g12748
ECA1202	g4482
ECA1202	g6989
ECA1202	g18044
ECA1202	g19508
ECA1202	g19609
ECA1202	g6777
ECA1202	g18045
ECA1202	g13179
ECA1202	g1555
ECA1202	g18206
ECA1202	g898
ECA1202	g22244
ECA1202	g18058
ECA1202	g1000
ECA1202	g18589
ECA1202	g6783
ECA1202	g1274
ECA1202	g6993
ECA1202	g19502
ECA1202	g15947
ECA1202	g10641
ECA1202	g3033
ECA1202	g22179
ECA1202	g18785
ECA1202	g13753
ECA1202	g18460
ECA1202	g16031
ECA1202	g1075
ECA1202	g20786
ECA1202	g10327
ECA1202	g6782
ECA1202	g7648
ECA1202	g18960
ECA1202	g13873
ECA1202	g19877
ECA1202	g11680
ECA1202	g17826
ECA1202	g18495
ECA1202	g10655
ECA1202	g956
ECA1202	g940
ECA1202	g7077
ECA1202	g19570
ECA1202	g15129
ECA1202	g897
ECA1202	g609
ECA1202	g15128
ECA1202	g18448
ECA1202	g7089
ECA1202	g15872
ECA1202	g3984
ECA1202	g1004
ECA1202	g590
ECA1202	g4095
ECA1202	g19280
ECA1202	g1043
ECA1202	g3752
ECA1202	g6503
ECA1202	g12858
ECA1202	g18914
ECA1202	g575
ECA1202	g7740
ECA1202	g1800
ECA1202	g12861
ECA1202	g18907
ECA1202	g10653
ECA1202	g9292
ECA1202	g22279
ECA1202	g18053
ECA1202	g12513
ECA1202	g10640
ECA1202	g12747
ECA1202	g7090
ECA1202	g10480
ECA1202	g1803
ECA1202	g3968
ECA1202	g13749
ECA1202	g7014
ECA1202	g18055
ECA1202	g12860
ECA1202	g16241
ECA1202	g12862
ECA1202	g18115
ECA1202	g7472
ECA1202	g3083
ECA1202	g939
ECA1202	g942
ECA1202	g10649
ECA1202	g2463
ECA1202	g13752
ECA1202	g15149
ECA1202	g15061
ECA1202	g2080
ECA1202	g10657
ECA1202	g18049
ECA1202	g11597
ECA1202	g1326
ECA1202	g3966
ECA1202	g18022
ECA1202	g21211
ECA1202	g1078
ECA1202	g2083
ECA1202	g13750
ECA1202	g6779
ECA1202	g21678
ECA1202	g12857
ECA1202	g12752
ECA1202	g18603
ECA1202	g1047
ECA1202	g6778
ECA1202	g12510
ECA1202	g18461
ECA1202	g18602
ECA1202	g20811
ECA1202	g12511
ECA1202	g7088
ECA1202	g19503
ECA1202	g3955
ECA1202	g2715
ECA1202	g12662
ECA1202	g18041
ECA1202	g10477
ECA1202	g15063
ECA1202	g10478
ECA1202	g941
ECA1202	g2462
ECA1202	g10658
ECA1202	g15920
ECA1202	g9509
ECA1202	g1085
ECA1202	g18493
ECA1202	g6992
ECA1202	g19238
ECA1202	g15304
ECA1202	g12708
ECA1202	g21752
ECA1202	g19283
ECA1202	g6796
ECA1202	g592
ECA1202	g4896
ECA1202	g13184
ECA1202	g3971
ECA1202	g12835
ECA1202	g1799
ECA1202	g13751
ECA1202	g20299
ECA1202	g7013
ECA1202	g12785
ECA1202	g21212
ECA1202	g18056
ECA1202	g10652
ECA1202	g6501
ECA1202	g19513
ECA1202	g3749
ECA1202	g19658
ECA1202	g15062
ECA1202	g15871
ECA1202	g6500
ECA1202	g18600
ECA1202	g18592
ECA1202	g10642
ECA1202	g18024
ECA1202	g19276
ECA1202	g18588
ECA1202	g18587
ECA1202	g19279
ECA1202	g18116
ECA1202	g10651
ECA1202	g6502
ECA1202	g10644
ECA1202	g597
ECA1202	g21777
ECA1202	g684
ECA1202	g1882
ECA1202	g18054
ECA1202	g10635
ECA1202	g19509
ECA1202	g2082
ECA1202	g15148
ECA1202	g13686
ECA1202	g6573
ECA1202	g12864
ECA1202	g1084
ECA1202	g20955
ECA1202	g6780
ECA1202	g18015
ECA1202	g15077
ECA1202	g10656
ECA1202	g10660
ECA1202	g11910
ECA1202	g7822
ECA1202	g6445
ECA1202	g18601
ECA1202	g18598
ECA1202	g17421
ECA1202	g2947
ECA1202	g593
ECA1202	g19281
ECA1202	g9233
ECA1202	g1081
ECA1202	g15946
ECA1202	g18822
ECA1202	g2248
ECA1202	g7556
ECA1202	g18823
ECA1202	g7473
ECA1202	g7469
ECA1202	g20810
ECA1202	g18048
ECA1202	g14927
ECA1202	g591
ECA1202	g19938
ECA1202	g1003
ECA1202	g19511
ECA1202	g1215
ECA1202	g18594
ECA1202	g19516
ECA1202	g21319
ECA1202	g1045
ECA1202	g902
ECA1202	g18090
ECA1202	g7557
ECA1202	g7052
ECA1202	g2949
ECA1202	g18050
ECA1202	g8136
ECA1202	g6781
ECA1202	g1216
ECA1202	g3084
ECA1202	g1042
ECA1202	g3085
ECA1202	g3728
ECA1202	g12863
ECA1202	g6925
ECA1202	g18046
ECA1202	g6009
ECA1202	g18043
ECA1202	g22178
ECA1202	g18052
ECA1202	g1431
ECA1202	g18599
ECA1202	g887
ECA1202	g6165
ECA1202	g99
ECA1202	g10320
ECA1202	g6551
ECA1202	g17827
ECA1202	g10654
ECA1202	g7396
ECA1202	g4222
ECA1202	g18590
ECA1202	g10643
ECA1202	g18821
ECA1202	g18059
ECA1202	g18459
ECA1202	g3970
ECA1202	g19318
ECA1202	g15405
ECA1202	g1804
ECA1202	g6795
ECA1202	g15064
ECA1202	g18595
ECA1202	g8675
ECA1202	g3860
ECA1202	g18021
ECA1202	g18492
ECA1202	g3965
ECA1202	g15727
ECA1202	g6775
ECA1202	g13687
ECA1202	g18981
ECA1202	g2084
ECA1202	g1365
ECA1202	g9336
ECA1202	g19504
ECA1202	g3967
ECA1202	g10087
ECA1202	g10318
ECA1202	g16726
ECA1202	g7656
ECA1202	g18207
ECA1202	g13872
ECA1202	g2081
ECA1202	g1361
ECA1202	g929
ECA1202	g12859
ECA1202	g12709
ECA1208	g3378
ECA1208	g6785
ECA1208	g21228
ECA1208	g20158
ECA1208	g4621
ECA1208	g15394
ECA1208	g2929
ECA1208	g17260
ECA1208	g10570
ECA1208	g19823
ECA1208	g19580
ECA1208	g20818
ECA1208	g8926
ECA1208	g22126
ECA1208	g1404
ECA1208	g5043
ECA1208	g3386
ECA1208	g2855
ECA1208	g10864
ECA1208	g20813
ECA1208	g20585
ECA1208	g10732
ECA1208	g15310
ECA1208	g19584
ECA1208	g14693
ECA1208	g16259
ECA1208	g1401
ECA1208	g6534
ECA1208	g20640
ECA1208	g1398
ECA1208	g20631
ECA1208	g18678
ECA1208	g19762
ECA1208	g13129
ECA1208	g3244
ECA1208	g4373
ECA1208	g10670
ECA1208	g17097
ECA1208	g18554
ECA1208	g6485
ECA1208	g4784
ECA1208	g20055
ECA1208	g1395
ECA1208	g20814
ECA1208	g4672
ECA1208	g4684
ECA1208	g10847
ECA1208	g20951
ECA1208	g4374
ECA1208	g21224
ECA1208	g5187
ECA1208	g3374
ECA1208	g19817
ECA1208	g19831
ECA1208	g21109
ECA1208	g21111
ECA1208	g5006
ECA1208	g18790
ECA1208	g19586
ECA1208	g19396
ECA1208	g6817
ECA1208	g9926
ECA1208	g1981
ECA1208	g10667
ECA1208	g10107
ECA1208	g10666
ECA1208	g18552
ECA1208	g20944
ECA1208	g3375
ECA1208	g16931
ECA1208	g17284
ECA1208	g12888
ECA1208	g1912
ECA1208	g9935
ECA1208	g2096
ECA1208	g10584
ECA1208	g20323
ECA1208	g20812
ECA1208	g3376
ECA1208	g7388
ECA1208	g11628
ECA1208	g21108
ECA1208	g21110
ECA1208	g2095
ECA1208	g19601
ECA1208	g11153
ECA1208	g4728
ECA1208	g4371
ECA1208	g17571
ECA1208	g15374
ECA1208	g19764
ECA1208	g21105
ECA1208	g4670
ECA1208	g3050
ECA1208	g15373
ECA1208	g20632
ECA1208	g16021
ECA1208	g9821
ECA1208	g10865
ECA1208	g10645
ECA1208	g11089
ECA1208	g4369
ECA1208	g18449
ECA1208	g20820
ECA1208	g20817
ECA1208	g18677
ECA1208	g11138
ECA1208	g2357
ECA1208	g11197
ECA1208	g2801
ECA1208	g19597
ECA1208	g10105
ECA1208	g6173
ECA1208	g12353
ECA1208	g20816
ECA1208	g22033
ECA1208	g17259
ECA1208	g21229
ECA1208	g8537
ECA1208	g2798
ECA1208	g3384
ECA1208	g18574
ECA1208	g16726
ECA1208	g3442
ECA1208	g20057
ECA1208	g4671
ECA1208	g3356
ECA1208	g19598
ECA1208	g4726
ECA1208	g4729
ECA1208	g19593
ECA1208	g1913
ECA1208	g18825
ECA1208	g3381
ECA1208	g1980
ECA1208	g15307
ECA1208	g7470
ECA1208	g3286
ECA1208	g10860
ECA1208	g4743
ECA1208	g21307
ECA1208	g5956
ECA1208	g8454
ECA1208	g2528
ECA1208	g12252
ECA1208	g3587
ECA1208	g4863
ECA1208	g3443
ECA1208	g17046
ECA1208	g17017
ECA1208	g21132
ECA1208	g3420
ECA1208	g17258
ECA1208	g21444
ECA1208	g10572
ECA1208	g19830
ECA1208	g18585
ECA1208	g19079
ECA1208	g20621
ECA1208	g4683
ECA1208	g20062
ECA1208	g8534
ECA1208	g4832
ECA1208	g15309
ECA1208	g20060
ECA1208	g4727
ECA1208	g18824
ECA1208	g19604
ECA1208	g8535
ECA1208	g3418
ECA1208	g3379
ECA1208	g19585
ECA1208	g4825
ECA1208	g20528
ECA1208	g10646
ECA1208	g10861
ECA1208	g18572
ECA1208	g12326
ECA1208	g80
ECA1208	g4372
ECA1208	g21753
ECA1208	g355
ECA1208	g1400
ECA1208	g18569
ECA1208	g20536
ECA1208	g2802
ECA1208	g4370
ECA1208	g11986
ECA1208	g21183
ECA1208	g17016
ECA1208	g3349
ECA1208	g19602
ECA1208	g8455
ECA1208	g19596
ECA1208	g11140
ECA1208	g20945
ECA1208	g19820
ECA1208	g3652
ECA1208	g11141
ECA1208	g1979
ECA1208	g19587
ECA1208	g3358
ECA1208	g3385
ECA1208	g20950
ECA1208	g11139
ECA1208	g19589
ECA1208	g21107
ECA1208	g4376
ECA1208	g9746
ECA1208	g10866
ECA1208	g3377
ECA1208	g20464
ECA1208	g4465
ECA1208	g13037
ECA1208	g1731
ECA1208	g3389
ECA1208	g21442
ECA1208	g20916
ECA1208	g17098
ECA1208	g20822
ECA1208	g4870
ECA1208	g19824
ECA1208	g15308
ECA1208	g2529
ECA1208	g15393
ECA1208	g10238
ECA1208	g20483
ECA1208	g11067
ECA1208	g15323
ECA1208	g4860
ECA1208	g4869
ECA1208	g13933
ECA1208	g10863
ECA1208	g10014
ECA1208	g19311
ECA1208	g19606
ECA1208	g17716
ECA1208	g14124
ECA1208	g21443
ECA1208	g20943
ECA1208	g6230
ECA1208	g4866
ECA1208	g10862
ECA1208	g10015
ECA1208	g20622
ECA1208	g21937
ECA1208	g6702
ECA1208	g19451
ECA1208	g21997
ECA1208	g2727
ECA1208	g3355
ECA1208	g10104
ECA1208	g20815
ECA1208	g1977
ECA1208	g19590
ECA1208	g15174
ECA1208	g3673
ECA1208	g20385
ECA1208	g19822
ECA1208	g4786
ECA1208	g4355
ECA1208	g5005
ECA1208	g19594
ECA1208	g3357
ECA1208	g10610
ECA1208	g9231
ECA1208	g20819
ECA1208	g19312
ECA1208	g10571
ECA1208	g4787
ECA1208	g19452
ECA1208	g19825
ECA1208	g3383
ECA1208	g10848
ECA1208	g4387
ECA1208	g20821
ECA1208	g3344
ECA1208	g196
ECA1208	g15760
ECA1208	g6818
ECA1208	g3172
ECA1208	g20020
ECA1208	g3380
ECA1208	g17255
ECA1208	g12896
ECA1208	g11629
ECA1208	g19595
ECA1208	g1978
ECA1208	g19453
ECA1208	g19588
ECA1208	g21445
ECA1208	g20623
ECA1208	g20823
ECA1208	g3388
ECA1208	g4375
ECA1208	g18570
ECA1208	g21834
ECA1208	g2797
ECA1208	g10868
ECA1208	g21106
ECA1208	g3387
ECA1208	g12682
ECA1208	g2531
ECA1208	g18682
ECA1208	g4826
ECA1208	g18575
ECA1208	g22571
ECA1208	g2527
ECA1208	g3240
ECA1208	g20102
ECA1208	g3382
ECA1208	g6131
ECA1208	g19829
ECA1208	g18573
ECA1208	g4689
ECA1208	g12898
ECA1208	g19603
ECA1208	g20399
ECA1208	g2530
ECA1208	g4716
ECA1843	g21202
ECA1843	g1007
ECA1843	g3560
ECA1843	g19708
ECA1843	g9590
ECA1843	g19991
ECA1843	g5334
ECA1843	g7490
ECA1843	g1035
ECA1843	g6704
ECA1843	g589
ECA1843	g592
ECA1843	g480
ECA1843	g19252
ECA1843	g3773
ECA1843	g6317
ECA1843	g15995
ECA1843	g16215
ECA1843	g1005
ECA1843	g479
ECA1843	g8713
ECA1843	g279
ECA1843	g19953
ECA1843	g1140
ECA1843	g15894
ECA1843	g6198
ECA1843	g17087
ECA1843	g16617
ECA1843	g15352
ECA1843	g9039
ECA1843	g1011
ECA1843	g4538
ECA1843	g15877
ECA1843	g15830
ECA1843	g1335
ECA1843	g5845
ECA1843	g1010
ECA1843	g5282
ECA1843	g15842
ECA1843	g16859
ECA1843	g15582
ECA1843	g18069
ECA1843	g3763
ECA1843	g20101
ECA1843	g7098
ECA1843	g20275
ECA1843	g9281
ECA1843	g9283
ECA1843	g5333
ECA1843	g2255
ECA1843	g16023
ECA1843	g16253
ECA1843	g5252
ECA1843	g9285
ECA1843	g21204
ECA1843	g1013
ECA1843	g104
ECA1843	g17085
ECA1843	g16860
ECA1843	g16001
ECA1843	g19859
ECA1843	g6622
ECA1843	g16173
ECA1843	g15875
ECA1843	g12634
ECA1843	g15893
ECA1843	g6201
ECA1843	g3669
ECA1843	g22346
ECA1843	g6703
ECA1843	g17090
ECA1843	g13210
ECA1843	g20102
ECA1843	g6199
ECA1843	g16924
ECA1843	g17092
ECA1843	g5168
ECA1843	g8708
ECA1843	g6609
ECA1843	g6610
ECA1843	g21138
ECA1843	g629
ECA1843	g17089
ECA1843	g4292
ECA1843	g5905
ECA1843	g15564
ECA1843	g15583
ECA1843	g15954
ECA1843	g11016
ECA1843	g10157
ECA1843	g1861
ECA1843	g7146
ECA1843	g7206
ECA1843	g7162
ECA1843	g1579
ECA1843	g3775
ECA1843	g18945
ECA1843	g969
ECA1843	g11449
ECA1843	g13917
ECA1843	g19710
ECA1843	g17086
ECA1843	g19952
ECA1843	g2882
ECA1843	g19173
ECA1843	g17084
ECA1843	g1582
ECA1843	g1105
ECA1843	g17091
ECA1843	g1008
ECA1843	g3531
ECA1843	g10458
ECA1843	g9405
ECA1843	g1018
ECA1843	g15829
ECA1843	g6880
ECA1843	g109
ECA1843	g17096
ECA1843	g2256
ECA1843	g21203
ECA1843	g22041
ECA1843	g16172
ECA1843	g13244
ECA1843	g155
ECA1843	g3777
ECA1843	g13330
ECA1843	g12551
ECA1843	g15909
ECA1843	g17081
ECA1843	g9218
ECA1843	g972
ECA1843	g18363
ECA1843	g468
ECA1843	g7077
ECA1843	g15035
ECA1843	g15841
ECA1843	g21137
ECA1843	g9282
ECA1843	g619
ECA1843	g15996
ECA1843	g16866
ECA1843	g1017
ECA1843	g19955
ECA1843	g19958
ECA1843	g17083
ECA1843	g465
ECA1843	g11348
ECA1843	g6885
ECA1843	g20078
ECA1843	g16027
ECA1843	g3556
ECA1843	g2509
ECA1843	g6011
ECA1843	g16855
ECA1843	g3900
ECA1843	g473
ECA1843	g15041
ECA1843	g17080
ECA1843	g19175
ECA1843	g618
ECA1843	g16856
ECA1843	g15873
ECA1843	g19176
ECA1843	g466
ECA1843	g16619
ECA1843	g2740
ECA1843	g6001
ECA1843	g6644
ECA1843	g630
ECA1843	g1015
ECA1843	g6004
ECA1843	g147
ECA1843	g1006
ECA1843	g16857
ECA1843	g16615
ECA1843	g7373
ECA1843	g16621
ECA1843	g814
ECA1843	g19707
ECA1843	g16250
ECA1843	g7650
ECA1843	g17920
ECA1843	g21116
ECA1843	g16526
ECA1843	g591
ECA1843	g590
ECA1843	g20105
ECA1843	g1578
ECA1843	g6707
ECA1843	g17199
ECA1843	g5251
ECA1843	g15670
ECA1843	g15100
ECA1843	g16863
ECA1843	g2034
ECA1843	g7149
ECA1843	g6114
ECA1843	g15889
ECA1843	g17088
ECA1843	g13881
ECA1843	g16618
ECA1843	g1525
ECA1843	g13211
ECA1843	g6611
ECA1843	g5826
ECA1843	g21189
ECA1843	g15579
ECA1843	g20104
ECA1843	g20640
ECA1843	g475
ECA1843	g1658
ECA1843	g11423
ECA1843	g1012
ECA1843	g1016
ECA1843	g19253
ECA1843	g1862
ECA1843	g15580
ECA1843	g17828
ECA1843	g2825
ECA1843	g16033
ECA1843	g1037
ECA1843	g948
ECA1843	g11714
ECA1843	g3772
ECA1843	g15828
ECA1843	g15576
ECA1843	g6888
ECA1843	g620
ECA1843	g21340
ECA1843	g16030
ECA1843	g249
ECA1843	g18237
ECA1843	g6884
ECA1843	g1014
ECA1843	g20099
ECA1843	g1036
ECA1843	g1044
ECA1843	g15581
ECA1843	g8710
ECA1843	g19709
ECA1843	g18176
ECA1843	g15584
ECA1843	g15953
ECA1843	g6682
ECA1843	g9284
ECA1843	g16282
ECA1843	g6769
ECA1843	g15891
ECA1843	g3665
ECA1843	g2741
ECA1843	g21845
ECA1843	g21936
ECA1843	g7147
ECA1843	g15847
ECA1843	g7161
ECA1843	g15402
ECA1843	g9217
ECA1843	g80
ECA1843	g1009
ECA1843	g16854
ECA1843	g15596
ECA1843	g16861
ECA1843	g3792
ECA1843	g248
ECA1843	g2881
ECA1843	g6867
ECA1843	g1049
ECA1843	g1211
ECA1843	g6881
ECA1843	g17082
ECA1843	g4025
ECA1843	g6883
ECA1843	g9406
ECA1843	g469
ECA1843	g1038
ECA1843	g18061
ECA1843	g20639
ECA1843	g6115
ECA1843	g14826
ECA1843	g3778
ECA1843	g250
ECA1843	g1004
ECA1843	g21188
ECA1843	g6886
ECA1843	g16658
ECA1843	g1583
ECA1843	g6868
ECA1843	g15892
ECA1843	g472
ECA1843	g16575
ECA1843	g1860
ECA1843	g16256
ECA1843	g3895
ECA1843	g20100
ECA1843	g949
ECA1843	g19860
ECA1843	g1003
ECA1843	g3774
ECA1843	g5479
ECA1843	g16520
ECA1843	g467
ECA1843	g15951
ECA1843	g212
ECA1843	g21201
ECA1843	g6203
ECA1843	g1144
ECA1843	g478
ECA1843	g6200
ECA1843	g14999
ECA1843	g8716
ECA1843	g6681
ECA1843	g1864
ECA1843	g6882
ECA1843	g20103
ECA1843	g18059
ECA1843	g21117
ECA1843	g4966
ECA1843	g12
ECA1843	g1863
ECA1843	g16613
ECA706	g11017
ECA706	g4516
ECA706	g3678
ECA706	g20243
ECA706	g6862
ECA706	g10598
ECA706	g13642
ECA706	g21911
ECA706	g22426
ECA706	g3247
ECA706	g21690
ECA706	g2849
ECA706	g3441
ECA706	g16372
ECA706	g17628
ECA706	g440
ECA706	g2611
ECA706	g3206
ECA706	g18853
ECA706	g14797
ECA706	g16181
ECA706	g3475
ECA706	g8158
ECA706	g3034
ECA706	g17615
ECA706	g8384
ECA706	g8282
ECA706	g13098
ECA706	g21913
ECA706	g4162
ECA706	g11989
ECA706	g17815
ECA706	g17213
ECA706	g2845
ECA706	g4114
ECA706	g16373
ECA706	g3933
ECA706	g1026
ECA706	g11049
ECA706	g5633
ECA706	g17125
ECA706	g21248
ECA706	g8294
ECA706	g16466
ECA706	g21919
ECA706	g17037
ECA706	g21381
ECA706	g17687
ECA706	g9231
ECA706	g2847
ECA706	g437
ECA706	g3444
ECA706	g11047
ECA706	g2563
ECA706	g21674
ECA706	g683
ECA706	g11037
ECA706	g16024
ECA706	g13946
ECA706	g2565
ECA706	g3285
ECA706	g2549
ECA706	g316
ECA706	g2504
ECA706	g16378
ECA706	g11040
ECA706	g16465
ECA706	g6553
ECA706	g20561
ECA706	g16376
ECA706	g16072
ECA706	g3434
ECA706	g10526
ECA706	g10023
ECA706	g11016
ECA706	g20582
ECA706	g3286
ECA706	g15487
ECA706	g6699
ECA706	g16476
ECA706	g22423
ECA706	g20562
ECA706	g7765
ECA706	g8491
ECA706	g22263
ECA706	g16001
ECA706	g3936
ECA706	g11144
ECA706	g3582
ECA706	g8263
ECA706	g10468
ECA706	g16375
ECA706	g21685
ECA706	g6557
ECA706	g21379
ECA706	g21678
ECA706	g17614
ECA706	g19785
ECA706	g10465
ECA706	g18533
ECA706	g11043
ECA706	g8285
ECA706	g1023
ECA706	g7069
ECA706	g8515
ECA706	g11114
ECA706	g17210
ECA706	g3556
ECA706	g12664
ECA706	g11015
ECA706	g16925
ECA706	g21683
ECA706	g9804
ECA706	g438
ECA706	g10181
ECA706	g15398
ECA706	g11053
ECA706	g6774
ECA706	g18980
ECA706	g20651
ECA706	g14712
ECA706	g21689
ECA706	g11045
ECA706	g8284
ECA706	g15364
ECA706	g9180
ECA706	g12060
ECA706	g22427
ECA706	g17616
ECA706	g3471
ECA706	g20650
ECA706	g21382
ECA706	g22152
ECA706	g3580
ECA706	g3208
ECA706	g16371
ECA706	g21918
ECA706	g9552
ECA706	g18793
ECA706	g3438
ECA706	g4474
ECA706	g22157
ECA706	g19788
ECA706	g4690
ECA706	g20581
ECA706	g22155
ECA706	g3207
ECA706	g9805
ECA706	g21843
ECA706	g11088
ECA706	g6750
ECA706	g8494
ECA706	g5591
ECA706	g439
ECA706	g2844
ECA706	g16065
ECA706	g17688
ECA706	g3035
ECA706	g3433
ECA706	g2850
ECA706	g10724
ECA706	g3211
ECA706	g15829
ECA706	g2072
ECA706	g11039
ECA706	g22424
ECA706	g16724
ECA706	g1021
ECA706	g17680
ECA706	g11052
ECA706	g22449
ECA706	g6700
ECA706	g3031
ECA706	g9179
ECA706	g10831
ECA706	g3055
ECA706	g22501
ECA706	g3842
ECA706	g3248
ECA706	g3584
ECA706	g19864
ECA706	g16169
ECA706	g17308
ECA706	g8278
ECA706	g22112
ECA706	g7359
ECA706	g16467
ECA706	g21908
ECA706	g10901
ECA706	g2562
ECA706	g17681
ECA706	g17686
ECA706	g20648
ECA706	g11115
ECA706	g22535
ECA706	g2564
ECA706	g3617
ECA706	g16182
ECA706	g2633
ECA706	g10391
ECA706	g11044
ECA706	g11042
ECA706	g3928
ECA706	g11963
ECA706	g3569
ECA706	g20647
ECA706	g21912
ECA706	g10183
ECA706	g16170
ECA706	g20649
ECA706	g315
ECA706	g11090
ECA706	g441
ECA706	g3437
ECA706	g11036
ECA706	g11697
ECA706	g9316
ECA706	g11050
ECA706	g2848
ECA706	g3631
ECA706	g10897
ECA706	g12308
ECA706	g21691
ECA706	g2971
ECA706	g8279
ECA706	g17693
ECA706	g10182
ECA706	g7528
ECA706	g4421
ECA706	g16377
ECA706	g6773
ECA706	g9315
ECA706	g17627
ECA706	g16723
ECA706	g17209
ECA706	g3514
ECA706	g1020
ECA706	g11038
ECA706	g21686
ECA706	g20178
ECA706	g3931
ECA706	g17654
ECA706	g18683
ECA706	g21675
ECA706	g17689
ECA706	g10469
ECA706	g21910
ECA706	g3611
ECA706	g21684
ECA706	g21905
ECA706	g11041
ECA706	g3473
ECA706	g3056
ECA706	g8380
ECA706	g11046
ECA706	g6547
ECA706	g2864
ECA706	g3476
ECA706	g17027
ECA706	g2548
ECA706	g9178
ECA706	g22421
ECA706	g3930
ECA706	g16477
ECA706	g11051
ECA706	g2863
ECA706	g3914
ECA706	g11003
ECA706	g19787
ECA706	g3629
ECA706	g11008
ECA706	g12665
ECA706	g11014
ECA706	g3630
ECA706	g18676
ECA706	g15365
ECA706	g18674
ECA706	g17682
ECA706	g17685
ECA706	g2851
ECA706	g2846
ECA706	g22422
ECA706	g3929
ECA706	g8029
ECA706	g20078
ECA706	g10464
ECA706	g3616
ECA706	g1017
ECA706	g3517
ECA706	g20635
ECA706	g10185
ECA706	g22530
ECA706	g3515
ECA706	g3950
ECA706	g22194
ECA706	g21687
ECA706	g11054
ECA706	g508
ECA706	g6537
ECA706	g16659
ECA706	g22257
ECA706	g21679
ECA706	g3932
ECA706	g21917
ECA706	g10943
ECA706	g8283
ECA706	g22148
ECA706	g16124
ECA706	g509
ECA706	g19865
ECA706	g16369
ECA706	g19552
ECA706	g15936
ECA706	g16374
ECA706	g16846
ECA706	g4480
ECA706	g10184
ECA706	g16370
ECA706	g22425
ECA706	g18442
ECA742	g20583
ECA742	g10398
ECA742	g15438
ECA742	g12108
ECA742	g22107
ECA742	g21456
ECA742	g10044
ECA742	g13256
ECA742	g19287
ECA742	g14615
ECA742	g12107
ECA742	g14671
ECA742	g12520
ECA742	g13538
ECA742	g19193
ECA742	g12381
ECA742	g4426
ECA742	g19077
ECA742	g6756
ECA742	g12949
ECA742	g21236
ECA742	g18484
ECA742	g12111
ECA742	g12980
ECA742	g18756
ECA742	g19942
ECA742	g18485
ECA742	g21707
ECA742	g13539
ECA742	g19204
ECA742	g18595
ECA742	g7972
ECA742	g2146
ECA742	g19548
ECA742	g22296
ECA742	g19377
ECA742	g19688
ECA742	g10184
ECA742	g19206
ECA742	g13293
ECA742	g17839
ECA742	g18758
ECA742	g2476
ECA742	g18481
ECA742	g803
ECA742	g17515
ECA742	g12997
ECA742	g7974
ECA742	g14099
ECA742	g16354
ECA742	g7990
ECA742	g7614
ECA742	g9228
ECA742	g22640
ECA742	g9785
ECA742	g19759
ECA742	g13134
ECA742	g13289
ECA742	g22006
ECA742	g6129
ECA742	g19902
ECA742	g12994
ECA742	g10049
ECA742	g22318
ECA742	g18482
ECA742	g7940
ECA742	g20585
ECA742	g18661
ECA742	g21993
ECA742	g10285
ECA742	g19756
ECA742	g10401
ECA742	g19202
ECA742	g19990
ECA742	g21607
ECA742	g2844
ECA742	g7611
ECA742	g10183
ECA742	g22317
ECA742	g19737
ECA742	g22101
ECA742	g5063
ECA742	g10286
ECA742	g9464
ECA742	g14616
ECA742	g9222
ECA742	g9230
ECA742	g3119
ECA742	g591
ECA742	g12996
ECA742	g8967
ECA742	g8480
ECA742	g9392
ECA742	g2141
ECA742	g20520
ECA742	g12990
ECA742	g21983
ECA742	g22100
ECA742	g9223
ECA742	g305
ECA742	g19501
ECA742	g18746
ECA742	g17477
ECA742	g7595
ECA742	g21994
ECA742	g7615
ECA742	g8236
ECA742	g19689
ECA742	g16033
ECA742	g12995
ECA742	g12953
ECA742	g21719
ECA742	g12835
ECA742	g12982
ECA742	g22099
ECA742	g636
ECA742	g12385
ECA742	g4115
ECA742	g6492
ECA742	g16388
ECA742	g13536
ECA742	g9226
ECA742	g12985
ECA742	g4346
ECA742	g12986
ECA742	g2998
ECA742	g22319
ECA742	g2718
ECA742	g12638
ECA742	g12840
ECA742	g13381
ECA742	g13384
ECA742	g10427
ECA742	g7343
ECA742	g13047
ECA742	g19205
ECA742	g19649
ECA742	g12960
ECA742	g12959
ECA742	g9216
ECA742	g11709
ECA742	g3085
ECA742	g22623
ECA742	g21766
ECA742	g5149
ECA742	g13133
ECA742	g13294
ECA742	g7941
ECA742	g20582
ECA742	g18660
ECA742	g11710
ECA742	g20519
ECA742	g3534
ECA742	g2719
ECA742	g18682
ECA742	g9451
ECA742	g12382
ECA742	g6391
ECA742	g9229
ECA742	g13157
ECA742	g19989
ECA742	g19686
ECA742	g11450
ECA742	g9463
ECA742	g11073
ECA742	g12988
ECA742	g9220
ECA742	g12881
ECA742	g4349
ECA742	g4348
ECA742	g22118
ECA742	g10181
ECA742	g14993
ECA742	g19203
ECA742	g7610
ECA742	g12961
ECA742	g9689
ECA742	g2723
ECA742	g7616
ECA742	g19730
ECA742	g21652
ECA742	g18486
ECA742	g7985
ECA742	g10165
ECA742	g1086
ECA742	g20499
ECA742	g9779
ECA742	g13130
ECA742	g12386
ECA742	g18657
ECA742	g22289
ECA742	g14700
ECA742	g7707
ECA742	g12989
ECA742	g22639
ECA742	g11934
ECA742	g22010
ECA742	g7929
ECA742	g12983
ECA742	g22624
ECA742	g21716
ECA742	g21717
ECA742	g22105
ECA742	g19187
ECA742	g12962
ECA742	g9224
ECA742	g12448
ECA742	g12839
ECA742	g21718
ECA742	g18757
ECA742	g9221
ECA742	g19991
ECA742	g19572
ECA742	g13131
ECA742	g9454
ECA742	g5770
ECA742	g19986
ECA742	g2722
ECA742	g12992
ECA742	g18285
ECA742	g6466
ECA742	g20570
ECA742	g4427
ECA742	g10185
ECA742	g9456
ECA742	g7612
ECA742	g11128
ECA742	g9687
ECA742	g19765
ECA742	g22117
ECA742	g7927
ECA742	g7987
ECA742	g7609
ECA742	g2843
ECA742	g18479
ECA742	g9690
ECA742	g12981
ECA742	g21992
ECA742	g17582
ECA742	g19762
ECA742	g14699
ECA742	g8064
ECA742	g18483
ECA742	g12110
ECA742	g13029
ECA742	g18500
ECA742	g13136
ECA742	g10196
ECA742	g12754
ECA742	g13031
ECA742	g7613
ECA742	g2143
ECA742	g19385
ECA742	g19903
ECA742	g8126
ECA742	g12305
ECA742	g9457
ECA742	g22119
ECA742	g20015
ECA742	g2656
ECA742	g9652
ECA742	g3118
ECA742	g10290
ECA742	g11214
ECA742	g21348
ECA742	g13048
ECA742	g11215
ECA742	g9462
ECA742	g17890
ECA742	g10180
ECA742	g20584
ECA742	g7628
ECA742	g7875
ECA742	g571
ECA742	g18068
ECA742	g14785
ECA742	g9731
ECA742	g12979
ECA742	g7928
ECA742	g12987
ECA742	g22102
ECA742	g8244
ECA742	g10195
ECA742	g12984
ECA742	g5771
ECA742	g19386
ECA742	g22120
ECA742	g63
ECA742	g17305
ECA742	g7988
ECA742	g12991
ECA742	g17521
ECA742	g7989
ECA742	g18681
ECA742	g2721
ECA742	g2655
ECA742	g21982
ECA742	g18499
ECA742	g21659
ECA742	g12109
ECA742	g9455
ECA742	g13135
ECA742	g19731
ECA742	g9227
ECA742	g11072
ECA742	g8387
ECA742	g14481
ECA742	g21584
ECA742	g10186
ECA742	g20720
ECA742	g2149
ECA742	g9694
ECA742	g13132
ECA742	g7946
ECA742	g8246
ECA742	g20500
ECA742	g21519
ECA742	g18745
ECA742	g9692
ECA742	g22108
EG4725	g4473
EG4725	g11653
EG4725	g16794
EG4725	g11116
EG4725	g22375
EG4725	g22312
EG4725	g20428
EG4725	g12791
EG4725	g16340
EG4725	g22330
EG4725	g4297
EG4725	g9239
EG4725	g4257
EG4725	g18543
EG4725	g2946
EG4725	g2701
EG4725	g16795
EG4725	g12147
EG4725	g16773
EG4725	g12131
EG4725	g4968
EG4725	g16770
EG4725	g4470
EG4725	g17443
EG4725	g16459
EG4725	g22377
EG4725	g2738
EG4725	g4603
EG4725	g9339
EG4725	g12078
EG4725	g5198
EG4725	g4551
EG4725	g2270
EG4725	g2950
EG4725	g22347
EG4725	g5150
EG4725	g4468
EG4725	g22349
EG4725	g2759
EG4725	g22344
EG4725	g4660
EG4725	g4616
EG4725	g15758
EG4725	g4648
EG4725	g4614
EG4725	g6672
EG4725	g17026
EG4725	g19540
EG4725	g9240
EG4725	g7765
EG4725	g1927
EG4725	g20781
EG4725	g16676
EG4725	g18097
EG4725	g13003
EG4725	g18558
EG4725	g8075
EG4725	g20553
EG4725	g10168
EG4725	g13779
EG4725	g20429
EG4725	g15181
EG4725	g9235
EG4725	g19678
EG4725	g4479
EG4725	g15510
EG4725	g5504
EG4725	g9449
EG4725	g15692
EG4725	g22331
EG4725	g16297
EG4725	g15876
EG4725	g4258
EG4725	g16670
EG4725	g4332
EG4725	g3243
EG4725	g4333
EG4725	g16682
EG4725	g9238
EG4725	g2355
EG4725	g12058
EG4725	g16680
EG4725	g16347
EG4725	g22310
EG4725	g18319
EG4725	g10951
EG4725	g18548
EG4725	g18392
EG4725	g4974
EG4725	g12079
EG4725	g12059
EG4725	g8723
EG4725	g18095
EG4725	g18328
EG4725	g2948
EG4725	g9446
EG4725	g17976
EG4725	g20542
EG4725	g7788
EG4725	g22399
EG4725	g16675
EG4725	g7714
EG4725	g16678
EG4725	g4510
EG4725	g20432
EG4725	g9251
EG4725	g9221
EG4725	g9241
EG4725	g11391
EG4725	g16679
EG4725	g2266
EG4725	g16674
EG4725	g20779
EG4725	g21320
EG4725	g11388
EG4725	g19390
EG4725	g22338
EG4725	g2737
EG4725	g15760
EG4725	g9469
EG4725	g15875
EG4725	g4588
EG4725	g1978
EG4725	g18098
EG4725	g18550
EG4725	g10735
EG4725	g20224
EG4725	g22126
EG4725	g4604
EG4725	g4601
EG4725	g17527
EG4725	g4476
EG4725	g4649
EG4725	g18544
EG4725	g22340
EG4725	g11454
EG4725	g7789
EG4725	g21236
EG4725	g4971
EG4725	g22311
EG4725	g13475
EG4725	g966
EG4725	g20430
EG4725	g22334
EG4725	g3229
EG4725	g12146
EG4725	g8481
EG4725	g2949
EG4725	g5718
EG4725	g22337
EG4725	g20782
EG4725	g4548
EG4725	g2665
EG4725	g4259
EG4725	g18320
EG4725	g16774
EG4725	g10481
EG4725	g3244
EG4725	g21317
EG4725	g11932
EG4725	g10736
EG4725	g4988
EG4725	g9236
EG4725	g1035
EG4725	g7713
EG4725	g6633
EG4725	g20455
EG4725	g18559
EG4725	g15761
EG4725	g4707
EG4725	g9250
EG4725	g2945
EG4725	g20257
EG4725	g22342
EG4725	g15178
EG4725	g3454
EG4725	g4970
EG4725	g4262
EG4725	g19781
EG4725	g4508
EG4725	g3728
EG4725	g11765
EG4725	g15180
EG4725	g11392
EG4725	g10119
EG4725	g7876
EG4725	g20552
EG4725	g4877
EG4725	g16672
EG4725	g12283
EG4725	g4602
EG4725	g16448
EG4725	g2762
EG4725	g18135
EG4725	g18330
EG4725	g18327
EG4725	g11836
EG4725	g10252
EG4725	g18557
EG4725	g350
EG4725	g22335
EG4725	g12144
EG4725	g18093
EG4725	g15759
EG4725	g18555
EG4725	g2931
EG4725	g5546
EG4725	g4967
EG4725	g1900
EG4725	g21237
EG4725	g3231
EG4725	g10120
EG4725	g349
EG4725	g22313
EG4725	g11312
EG4725	g12882
EG4725	g22339
EG4725	g4966
EG4725	g19296
EG4725	g1061
EG4725	g9335
EG4725	g20138
EG4725	g12145
EG4725	g11117
EG4725	g15757
EG4725	g2666
EG4725	g22345
EG4725	g2947
EG4725	g2180
EG4725	g4662
EG4725	g714
EG4725	g18564
EG4725	g5451
EG4725	g16681
EG4725	g2181
EG4725	g16449
EG4725	g2823
EG4725	g3286
EG4725	g9115
EG4725	g10251
EG4725	g2944
EG4725	g2265
EG4725	g3160
EG4725	g20507
EG4725	g16673
EG4725	g12992
EG4725	g4969
EG4725	g16958
EG4725	g18560
EG4725	g4549
EG4725	g11115
EG4725	g16677
EG4725	g18672
EG4725	g18549
EG4725	g13006
EG4725	g22336
EG4725	g22398
EG4725	g18546
EG4725	g7570
EG4725	g18542
EG4725	g12143
EG4725	g22341
EG4725	g2953
EG4725	g4511
EG4725	g10118
EG4725	g17025
EG4725	g20427
EG4725	g16465
EG4725	g2758
EG4725	g22346
EG4725	g11114
EG4725	g16060
EG4725	g4954
EG4725	g22332
EG4725	g21318
EG4725	g3228
EG4725	g2086
EG4725	g18547
EG4725	g4661
EG4725	g19533
EG4725	g20256
EG4725	g19531
EG4725	g11528
EG4725	g18556
EG4725	g16403
EG4725	g2077
EG4725	g22348
EG4725	g8989
EG4725	g14330
EG4725	g18333
EG4725	g11387
EG4725	g18325
EG4725	g2932
EG4725	g15184
EG4725	g18326
EG4725	g16671
EG4725	g15693
EG4725	g19679
EG4725	g3182
EG4725	g17982
EG4725	g18321
EG4725	g22252
EG4725	g11832
EG4725	g18554
EG4725	g16274
EG4725	g3230
EG4725	g20433
EG4725	g1320
EG4725	g11113
EG4725	g22304
EG4725	g4469
EG4725	g11877
EG4725	g4643
EG4725	g4505
EG4725	g21555
EG4725	g20634
EG4725	g20547
EG4725	g16209
EG4725	g5510
EG4725	g20431
JU440	g22110
JU440	g10084
JU440	g4701
JU440	g9597
JU440	g5073
JU440	g9600
JU440	g7240
JU440	g21677
JU440	g7690
JU440	g2230
JU440	g9422
JU440	g633
JU440	g9382
JU440	g15654
JU440	g2154
JU440	g13201
JU440	g12948
JU440	g15655
JU440	g2181
JU440	g5011
JU440	g5583
JU440	g17389
JU440	g7802
JU440	g12986
JU440	g20480
JU440	g8184
JU440	g2577
JU440	g9728
JU440	g530
JU440	g7251
JU440	g19732
JU440	g9676
JU440	g12487
JU440	g9592
JU440	g15199
JU440	g2472
JU440	g9785
JU440	g8410
JU440	g9741
JU440	g10085
JU440	g9773
JU440	g13187
JU440	g16061
JU440	g10086
JU440	g2520
JU440	g14094
JU440	g7241
JU440	g8015
JU440	g5012
JU440	g12167
JU440	g15670
JU440	g4273
JU440	g5008
JU440	g13203
JU440	g637
JU440	g9603
JU440	g2487
JU440	g3486
JU440	g5255
JU440	g421
JU440	g12913
JU440	g5074
JU440	g18068
JU440	g7451
JU440	g7649
JU440	g4888
JU440	g9383
JU440	g21196
JU440	g20880
JU440	g9456
JU440	g8179
JU440	g7130
JU440	g9457
JU440	g8185
JU440	g4889
JU440	g8021
JU440	g634
JU440	g11184
JU440	g20395
JU440	g8019
JU440	g7697
JU440	g8075
JU440	g15422
JU440	g2978
JU440	g15500
JU440	g20416
JU440	g10090
JU440	g22107
JU440	g20396
JU440	g1147
JU440	g15431
JU440	g424
JU440	g15087
JU440	g15676
JU440	g13010
JU440	g4323
JU440	g15193
JU440	g8017
JU440	g9635
JU440	g2612
JU440	g2479
JU440	g2231
JU440	g621
JU440	g650
JU440	g631
JU440	g3041
JU440	g8018
JU440	g8014
JU440	g8932
JU440	g3044
JU440	g14245
JU440	g9739
JU440	g12985
JU440	g1850
JU440	g401
JU440	g12484
JU440	g9713
JU440	g12222
JU440	g2441
JU440	g15661
JU440	g3706
JU440	g5009
JU440	g22051
JU440	g13803
JU440	g13204
JU440	g9729
JU440	g9726
JU440	g17306
JU440	g19382
JU440	g9774
JU440	g2480
JU440	g15196
JU440	g15671
JU440	g8848
JU440	g20479
JU440	g8077
JU440	g13206
JU440	g535
JU440	g20481
JU440	g13205
JU440	g19210
JU440	g9673
JU440	g19426
JU440	g13072
JU440	g9384
JU440	g8409
JU440	g15423
JU440	g3959
JU440	g13991
JU440	g15191
JU440	g8929
JU440	g2481
JU440	g20415
JU440	g636
JU440	g16022
JU440	g2617
JU440	g5010
JU440	g8010
JU440	g2505
JU440	g9727
JU440	g9830
JU440	g622
JU440	g13200
JU440	g22017
JU440	g5586
JU440	g12561
JU440	g6919
JU440	g20482
JU440	g10088
JU440	g9387
JU440	g10738
JU440	g6647
JU440	g8074
JU440	g5584
JU440	g13007
JU440	g7252
JU440	g8099
JU440	g3040
JU440	g4324
JU440	g9999
JU440	g8012
JU440	g7792
JU440	g2795
JU440	g8073
JU440	g15234
JU440	g9594
JU440	g15433
JU440	g2475
JU440	g15430
JU440	g2482
JU440	g20877
JU440	g15669
JU440	g2155
JU440	g2504
JU440	g2476
JU440	g15197
JU440	g2506
JU440	g2410
JU440	g20879
JU440	g15667
JU440	g11545
JU440	g12140
JU440	g8849
JU440	g8076
JU440	g19924
JU440	g3120
JU440	g8408
JU440	g2483
JU440	g7211
JU440	g14339
JU440	g8149
JU440	g11281
JU440	g8407
JU440	g20878
JU440	g3314
JU440	g534
JU440	g10389
JU440	g3313
JU440	g12914
JU440	g13202
JU440	g9787
JU440	g10266
JU440	g10930
JU440	g15653
JU440	g4189
JU440	g7504
JU440	g2485
JU440	g2486
JU440	g7242
JU440	g22118
JU440	g19479
JU440	g8020
JU440	g3705
JU440	g2478
JU440	g7793
JU440	g2434
JU440	g753
JU440	g15659
JU440	g4190
JU440	g13208
JU440	g12483
JU440	g8013
JU440	g2432
JU440	g21732
JU440	g10087
JU440	g7808
JU440	g15672
JU440	g9674
JU440	g3315
JU440	g8016
JU440	g9633
JU440	g15660
JU440	g2517
JU440	g2513
JU440	g9636
JU440	g7129
JU440	g4325
JU440	g8072
JU440	g3316
JU440	g5589
JU440	g8930
JU440	g632
JU440	g12331
JU440	g2477
JU440	g15658
JU440	g2507
JU440	g9786
JU440	g2411
JU440	g14102
JU440	g2685
JU440	g22018
JU440	g14104
JU440	g19923
JU440	g7084
JU440	g15668
JU440	g7751
JU440	g13199
JU440	g12322
JU440	g2064
JU440	g7503
JU440	g2473
JU440	g877
JU440	g15436
JU440	g21834
JU440	g3045
JU440	g15428
JU440	g12399
JU440	g20467
JU440	g21326
JU440	g22129
JU440	g22128
JU440	g15429
JU440	g13006
JU440	g7209
JU440	g8011
JU440	g15195
JU440	g15657
JU440	g2474
JU440	g10091
JU440	g20927
JU440	g20950
JU440	g15093
JU440	g15424
JU440	g13929
JU440	g15666
JU440	g7626
JU440	g3317
JU440	g9593
JU440	g9768
JU440	g20616
JU440	g9630
JU440	g1384
JU440	g9169
JU440	g8268
JU440	g13188
JU440	g7561
JU440	g10105
JU440	g19420
JU440	g5580
JU440	g11255
LKC34	g10189
LKC34	g21925
LKC34	g17527
LKC34	g6907
LKC34	g22388
LKC34	g10186
LKC34	g22411
LKC34	g472
LKC34	g22475
LKC34	g7357
LKC34	g22457
LKC34	g10369
LKC34	g14837
LKC34	g7957
LKC34	g10410
LKC34	g687
LKC34	g17704
LKC34	g12558
LKC34	g6184
LKC34	g5604
LKC34	g9694
LKC34	g8728
LKC34	g10192
LKC34	g1241
LKC34	g7240
LKC34	g22409
LKC34	g13322
LKC34	g10059
LKC34	g14938
LKC34	g13297
LKC34	g470
LKC34	g2702
LKC34	g10111
LKC34	g17017
LKC34	g17708
LKC34	g22440
LKC34	g9509
LKC34	g10194
LKC34	g10113
LKC34	g238
LKC34	g22438
LKC34	g2356
LKC34	g5598
LKC34	g22443
LKC34	g10003
LKC34	g10046
LKC34	g10015
LKC34	g10048
LKC34	g14933
LKC34	g19951
LKC34	g6669
LKC34	g464
LKC34	g16649
LKC34	g702
LKC34	g15762
LKC34	g6187
LKC34	g14833
LKC34	g6917
LKC34	g10183
LKC34	g2398
LKC34	g15047
LKC34	g6119
LKC34	g7400
LKC34	g6307
LKC34	g10409
LKC34	g6932
LKC34	g8432
LKC34	g7034
LKC34	g10332
LKC34	g3146
LKC34	g20206
LKC34	g10331
LKC34	g12560
LKC34	g17506
LKC34	g7023
LKC34	g4908
LKC34	g14836
LKC34	g7025
LKC34	g7350
LKC34	g22477
LKC34	g3625
LKC34	g537
LKC34	g19990
LKC34	g9689
LKC34	g12495
LKC34	g14321
LKC34	g17706
LKC34	g15044
LKC34	g125
LKC34	g708
LKC34	g15713
LKC34	g232
LKC34	g22387
LKC34	g13248
LKC34	g7027
LKC34	g10152
LKC34	g4905
LKC34	g4910
LKC34	g14849
LKC34	g14819
LKC34	g14839
LKC34	g3684
LKC34	g7026
LKC34	g10154
LKC34	g7030
LKC34	g4796
LKC34	g7959
LKC34	g3687
LKC34	g18745
LKC34	g6183
LKC34	g22449
LKC34	g17505
LKC34	g13619
LKC34	g15067
LKC34	g17014
LKC34	g10074
LKC34	g10002
LKC34	g16701
LKC34	g694
LKC34	g4351
LKC34	g6186
LKC34	g22171
LKC34	g19575
LKC34	g10058
LKC34	g10061
LKC34	g1157
LKC34	g10014
LKC34	g22447
LKC34	g235
LKC34	g9691
LKC34	g22476
LKC34	g11388
LKC34	g4904
LKC34	g22453
LKC34	g20192
LKC34	g17707
LKC34	g2185
LKC34	g22450
LKC34	g10114
LKC34	g6494
LKC34	g17432
LKC34	g10408
LKC34	g15849
LKC34	g4587
LKC34	g465
LKC34	g16081
LKC34	g20207
LKC34	g19003
LKC34	g230
LKC34	g7956
LKC34	g3223
LKC34	g3167
LKC34	g12494
LKC34	g9675
LKC34	g14834
LKC34	g11317
LKC34	g6185
LKC34	g4907
LKC34	g703
LKC34	g688
LKC34	g10060
LKC34	g22019
LKC34	g9958
LKC34	g14848
LKC34	g6918
LKC34	g17703
LKC34	g12546
LKC34	g22445
LKC34	g5601
LKC34	g17089
LKC34	g20419
LKC34	g9692
LKC34	g10405
LKC34	g20694
LKC34	g5603
LKC34	g18898
LKC34	g7029
LKC34	g4882
LKC34	g3683
LKC34	g15712
LKC34	g13406
LKC34	g12475
LKC34	g4832
LKC34	g9786
LKC34	g7032
LKC34	g12697
LKC34	g7878
LKC34	g7251
LKC34	g473
LKC34	g3442
LKC34	g275
LKC34	g17711
LKC34	g6916
LKC34	g3264
LKC34	g701
LKC34	g22452
LKC34	g17526
LKC34	g12559
LKC34	g236
LKC34	g12561
LKC34	g4797
LKC34	g12474
LKC34	g699
LKC34	g11029
LKC34	g17689
LKC34	g9695
LKC34	g13247
LKC34	g16621
LKC34	g17444
LKC34	g20194
LKC34	g22205
LKC34	g12001
LKC34	g22474
LKC34	g3762
LKC34	g22448
LKC34	g9696
LKC34	g18651
LKC34	g4589
LKC34	g4802
LKC34	g11291
LKC34	g3956
LKC34	g471
LKC34	g12562
LKC34	g14934
LKC34	g2793
LKC34	g13321
LKC34	g3955
LKC34	g6906
LKC34	g17433
LKC34	g22442
LKC34	g17705
LKC34	g10001
LKC34	g11641
LKC34	g686
LKC34	g17581
LKC34	g2452
LKC34	g7024
LKC34	g4350
LKC34	g7250
LKC34	g14713
LKC34	g22456
LKC34	g692
LKC34	g7234
LKC34	g6306
LKC34	g15848
LKC34	g17702
LKC34	g17013
LKC34	g20123
LKC34	g7031
LKC34	g9693
LKC34	g6739
LKC34	g17468
LKC34	g4586
LKC34	g704
LKC34	g3957
LKC34	g7028
LKC34	g18028
LKC34	g693
LKC34	g477
LKC34	g22451
LKC34	g5936
LKC34	g6935
LKC34	g22446
LKC34	g17530
LKC34	g10151
LKC34	g15711
LKC34	g6670
LKC34	g4909
LKC34	g22441
LKC34	g12000
LKC34	g3958
LKC34	g9707
LKC34	g22454
LKC34	g20191
LKC34	g14838
LKC34	g16808
LKC34	g691
LKC34	g18891
LKC34	g3335
LKC34	g22204
LKC34	g18889
LKC34	g4726
LKC34	g20251
LKC34	g700
LKC34	g7293
LKC34	g16800
LKC34	g22439
LKC34	g14587
LKC34	g9274
LKC34	g22120
LKC34	g3688
LKC34	g17690
LKC34	g16928
LKC34	g5607
LKC34	g4130
LKC34	g7033
LKC34	g234
LKC34	g690
LKC34	g6120
LKC34	g13106
LKC34	g20145
LKC34	g131
LKC34	g19065
LKC34	g3268
LKC34	g698
LKC34	g7423
LKC34	g466
LKC34	g20193
LKC34	g3959
LKC34	g22483
LKC34	g10193
LKC34	g10020
LKC34	g10157
LKC34	g7877
LKC34	g14087
LKC34	g21451
LKC34	g21435
LKC34	g7487
LKC34	g2392
LKC34	g4906
NIC199	g8600
NIC199	g5259
NIC199	g4432
NIC199	g17076
NIC199	g3893
NIC199	g18001
NIC199	g4795
NIC199	g16399
NIC199	g13551
NIC199	g4733
NIC199	g16749
NIC199	g12693
NIC199	g1261
NIC199	g4750
NIC199	g17793
NIC199	g15872
NIC199	g13767
NIC199	g11331
NIC199	g11572
NIC199	g8982
NIC199	g13312
NIC199	g18051
NIC199	g17401
NIC199	g8916
NIC199	g9491
NIC199	g18468
NIC199	g17100
NIC199	g17967
NIC199	g12476
NIC199	g17753
NIC199	g7401
NIC199	g12813
NIC199	g11534
NIC199	g511
NIC199	g18105
NIC199	g2108
NIC199	g487
NIC199	g13549
NIC199	g18702
NIC199	g12078
NIC199	g11327
NIC199	g18654
NIC199	g4769
NIC199	g19050
NIC199	g9498
NIC199	g11513
NIC199	g4764
NIC199	g18162
NIC199	g280
NIC199	g18119
NIC199	g2214
NIC199	g18150
NIC199	g18117
NIC199	g20169
NIC199	g16836
NIC199	g14760
NIC199	g13543
NIC199	g4229
NIC199	g11329
NIC199	g2004
NIC199	g13782
NIC199	g16621
NIC199	g2945
NIC199	g13304
NIC199	g6243
NIC199	g8913
NIC199	g16748
NIC199	g17978
NIC199	g4762
NIC199	g600
NIC199	g9159
NIC199	g19007
NIC199	g2217
NIC199	g2015
NIC199	g12286
NIC199	g12649
NIC199	g8786
NIC199	g6546
NIC199	g13308
NIC199	g13015
NIC199	g11032
NIC199	g4767
NIC199	g15951
NIC199	g13029
NIC199	g13783
NIC199	g17490
NIC199	g13027
NIC199	g12700
NIC199	g18004
NIC199	g4731
NIC199	g3728
NIC199	g811
NIC199	g18474
NIC199	g17469
NIC199	g292
NIC199	g17489
NIC199	g1498
NIC199	g16633
NIC199	g4820
NIC199	g13020
NIC199	g438
NIC199	g13025
NIC199	g18006
NIC199	g16745
NIC199	g10987
NIC199	g12399
NIC199	g4166
NIC199	g13026
NIC199	g4649
NIC199	g13019
NIC199	g15870
NIC199	g4163
NIC199	g8092
NIC199	g14611
NIC199	g2003
NIC199	g4758
NIC199	g11535
NIC199	g2237
NIC199	g12081
NIC199	g18090
NIC199	g13774
NIC199	g3511
NIC199	g13306
NIC199	g11954
NIC199	g8914
NIC199	g8006
NIC199	g15064
NIC199	g18106
NIC199	g18103
NIC199	g7315
NIC199	g18151
NIC199	g4760
NIC199	g8444
NIC199	g18471
NIC199	g4732
NIC199	g17975
NIC199	g17966
NIC199	g21749
NIC199	g4754
NIC199	g13772
NIC199	g11046
NIC199	g288
NIC199	g13309
NIC199	g17402
NIC199	g11328
NIC199	g19221
NIC199	g4757
NIC199	g8981
NIC199	g11607
NIC199	g17755
NIC199	g16400
NIC199	g13544
NIC199	g17096
NIC199	g3261
NIC199	g11031
NIC199	g14865
NIC199	g15873
NIC199	g4720
NIC199	g17470
NIC199	g17754
NIC199	g3512
NIC199	g18488
NIC199	g437
NIC199	g20129
NIC199	g8915
NIC199	g16747
NIC199	g16722
NIC199	g17828
NIC199	g18104
NIC199	g5348
NIC199	g18208
NIC199	g11332
NIC199	g9494
NIC199	g10823
NIC199	g18470
NIC199	g17758
NIC199	g10554
NIC199	g9492
NIC199	g13206
NIC199	g11324
NIC199	g4167
NIC199	g2892
NIC199	g4536
NIC199	g16622
NIC199	g17971
NIC199	g13024
NIC199	g21820
NIC199	g18377
NIC199	g13017
NIC199	g12801
NIC199	g11510
NIC199	g13554
NIC199	g4606
NIC199	g13781
NIC199	g13023
NIC199	g4755
NIC199	g17404
NIC199	g13779
NIC199	g11346
NIC199	g18467
NIC199	g11044
NIC199	g2893
NIC199	g21130
NIC199	g8787
NIC199	g4734
NIC199	g1262
NIC199	g4091
NIC199	g4759
NIC199	g18466
NIC199	g13310
NIC199	g14517
NIC199	g21846
NIC199	g16402
NIC199	g13550
NIC199	g2104
NIC199	g17403
NIC199	g510
NIC199	g3894
NIC199	g8917
NIC199	g11606
NIC199	g22111
NIC199	g4765
NIC199	g11330
NIC199	g18164
NIC199	g4797
NIC199	g21484
NIC199	g13788
NIC199	g17097
NIC199	g18954
NIC199	g18007
NIC199	g13028
NIC199	g14194
NIC199	g12802
NIC199	g11448
NIC199	g1883
NIC199	g4751
NIC199	g3030
NIC199	g11333
NIC199	g18048
NIC199	g13212
NIC199	g12082
NIC199	g17075
NIC199	g11115
NIC199	g16668
NIC199	g13021
NIC199	g13018
NIC199	g18469
NIC199	g7970
NIC199	g16902
NIC199	g9488
NIC199	g13784
NIC199	g18049
NIC199	g13552
NIC199	g3892
NIC199	g13893
NIC199	g17829
NIC199	g13773
NIC199	g13557
NIC199	g4756
NIC199	g1985
NIC199	g3031
NIC199	g4819
NIC199	g16401
NIC199	g13770
NIC199	g13766
NIC199	g4761
NIC199	g2891
NIC199	g16837
NIC199	g16750
NIC199	g11514
NIC199	g4766
NIC199	g3891
NIC199	g18454
NIC199	g12168
NIC199	g4752
NIC199	g11047
NIC199	g13619
NIC199	g1762
NIC199	g13352
NIC199	g13771
NIC199	g18163
NIC199	g14753
NIC199	g7971
NIC199	g14751
NIC199	g12295
NIC199	g4304
NIC199	g21131
NIC199	g13780
NIC199	g12759
NIC199	g17405
NIC199	g4768
NIC199	g5450
NIC199	g4162
NIC199	g11345
NIC199	g17417
NIC199	g5691
NIC199	g13016
NIC199	g13267
NIC199	g270
NIC199	g11093
NIC199	g2006
NIC199	g14927
NIC199	g4602
NIC199	g13778
NIC199	g12626
NIC199	g13545
NIC199	g11045
NIC199	g16744
NIC199	g3890
NIC199	g4725
NIC199	g18145
NIC199	g13768
NIC199	g15952
NIC199	g2005
NIC199	g15637
NIC199	g16542
NIC199	g16628
NIC199	g12562
NIC199	g19013
NIC199	g16746
CB4852	g11651
CB4852	g10699
CB4852	g22489
CB4852	g9629
CB4852	g10696
CB4852	g19202
CB4852	g15667
CB4852	g22281
CB4852	g15207
CB4852	g411
CB4852	g10876
CB4852	g2016
CB4852	g10916
CB4852	g18988
CB4852	g486
CB4852	g11274
CB4852	g18987
CB4852	g460
CB4852	g11343
CB4852	g19880
CB4852	g16953
CB4852	g10207
CB4852	g10702
CB4852	g16391
CB4852	g15325
CB4852	g6942
CB4852	g4653
CB4852	g10568
CB4852	g2117
CB4852	g7541
CB4852	g15930
CB4852	g15678
CB4852	g19204
CB4852	g9976
CB4852	g10620
CB4852	g6455
CB4852	g7136
CB4852	g10023
CB4852	g10704
CB4852	g10622
CB4852	g22449
CB4852	g6964
CB4852	g10511
CB4852	g10554
CB4852	g10523
CB4852	g10556
CB4852	g21631
CB4852	g4712
CB4852	g17975
CB4852	g19213
CB4852	g6132
CB4852	g18973
CB4852	g10703
CB4852	g2947
CB4852	g11346
CB4852	g7133
CB4852	g7116
CB4852	g2012
CB4852	g15668
CB4852	g22463
CB4852	g10693
CB4852	g22464
CB4852	g11097
CB4852	g6874
CB4852	g9673
CB4852	g2227
CB4852	g15876
CB4852	g15163
CB4852	g11466
CB4852	g10915
CB4852	g8345
CB4852	g5974
CB4852	g15536
CB4852	g10841
CB4852	g5959
CB4852	g10840
CB4852	g11465
CB4852	g15547
CB4852	g13874
CB4852	g2015
CB4852	g12884
CB4852	g19807
CB4852	g15545
CB4852	g15214
CB4852	g2017
CB4852	g4249
CB4852	g19141
CB4852	g10202
CB4852	g19828
CB4852	g19808
CB4852	g1502
CB4852	g6862
CB4852	g2224
CB4852	g19544
CB4852	g18967
CB4852	g15543
CB4852	g10662
CB4852	g22456
CB4852	g13877
CB4852	g13872
CB4852	g5914
CB4852	g410
CB4852	g2028
CB4852	g1998
CB4852	g2018
CB4852	g4188
CB4852	g15544
CB4852	g15540
CB4852	g14710
CB4852	g4185
CB4852	g20704
CB4852	g18126
CB4852	g11342
CB4852	g22418
CB4852	g6941
CB4852	g801
CB4852	g2247
CB4852	g6452
CB4852	g10583
CB4852	g6184
CB4852	g18981
CB4852	g3519
CB4852	g11345
CB4852	g20618
CB4852	g17682
CB4852	g7134
CB4852	g10567
CB4852	g10570
CB4852	g16306
CB4852	g13986
CB4852	g10522
CB4852	g22457
CB4852	g14626
CB4852	g10204
CB4852	g19196
CB4852	g13878
CB4852	g19895
CB4852	g7135
CB4852	g9458
CB4852	g10623
CB4852	g11275
CB4852	g10914
CB4852	g14188
CB4852	g19209
CB4852	g19212
CB4852	g3266
CB4852	g17870
CB4852	g19442
CB4852	g14707
CB4852	g22458
CB4852	g19827
CB4852	g10189
CB4852	g2013
CB4852	g21670
CB4852	g4614
CB4852	g11344
CB4852	g22481
CB4852	g18972
CB4852	g10569
CB4852	g10465
CB4852	g2027
CB4852	g6967
CB4852	g7130
CB4852	g3032
CB4852	g20584
CB4852	g16950
CB4852	g6531
CB4852	g5749
CB4852	g19896
CB4852	g22408
CB4852	g10205
CB4852	g10911
CB4852	g10664
CB4852	g5481
CB4852	g16952
CB4852	g15679
CB4852	g15541
CB4852	g13900
CB4852	g4189
CB4852	g2897
CB4852	g13950
CB4852	g10296
CB4852	g15538
CB4852	g20031
CB4852	g15314
CB4852	g4432
CB4852	g19401
CB4852	g19199
CB4852	g22452
CB4852	g22459
CB4852	g4619
CB4852	g5971
CB4852	g18974
CB4852	g13495
CB4852	g485
CB4852	g22480
CB4852	g19893
CB4852	g22453
CB4852	g22482
CB4852	g22387
CB4852	g13985
CB4852	g5973
CB4852	g18976
CB4852	g10208
CB4852	g6104
CB4852	g14627
CB4852	g2898
CB4852	g13496
CB4852	g4110
CB4852	g22460
CB4852	g10209
CB4852	g18221
CB4852	g14186
CB4852	g13980
CB4852	g12788
CB4852	g3912
CB4852	g19203
CB4852	g2113
CB4852	g19894
CB4852	g3913
CB4852	g7117
CB4852	g6902
CB4852	g19210
CB4852	g12524
CB4852	g7132
CB4852	g10509
CB4852	g19892
CB4852	g13142
CB4852	g18989
CB4852	g15931
CB4852	g22462
CB4852	g7016
CB4852	g15669
CB4852	g9727
CB4852	g15546
CB4852	g3520
CB4852	g18541
CB4852	g22455
CB4852	g15315
CB4852	g22411
CB4852	g1893
CB4852	g18983
CB4852	g3031
CB4852	g19437
CB4852	g6451
CB4852	g22538
CB4852	g15539
CB4852	g21051
CB4852	g11858
CB4852	g13875
CB4852	g10206
CB4852	g14189
CB4852	g18971
CB4852	g19201
CB4852	g19438
CB4852	g3911
CB4852	g15542
CB4852	g18852
CB4852	g18982
CB4852	g10661
CB4852	g5958
CB4852	g2896
CB4852	g7131
CB4852	g15332
CB4852	g13873
CB4852	g6963
CB4852	g3910
CB4852	g10220
CB4852	g16947
CB4852	g14708
CB4852	g7139
CB4852	g6291
CB4852	g22454
CB4852	g18984
CB4852	g22483
CB4852	g10510
CB4852	g22388
CB4852	g17983
CB4852	g4545
CB4852	g20585
CB4852	g17985
CB4852	g14054
CB4852	g18975
CB4852	g15270
CB4852	g6283
CB4852	g579
CB4852	g22450
CB4852	g1768
CB4852	g11956
CB4852	g4184
CB4852	g6368
CB4852	g8089
CB4852	g15638
CB4852	g3741
CB4852	g15636
CB4852	g15537
CB4852	g18985
CB4852	g22451
CB4852	g270
CB4852	g6020
CB4852	g19538
CB4852	g17808
CB4852	g18977
CB4852	g15140
CB4852	g19211
CB4852	g19208
CB4852	g5972
CB4852	g3909
CB4852	g10528
CB4852	g10667
CB4852	g1267
CB4852	g14942
CB4852	g15077
CB4852	g9667
CB4852	g7129
CB4852	g13876
CB4852	g16956
CB4852	g12814
CB4852	g19440
MY1	g17764
MY1	g9331
MY1	g14687
MY1	g15097
MY1	g11367
MY1	g312
MY1	g14494
MY1	g10055
MY1	g15110
MY1	g9462
MY1	g15568
MY1	g5375
MY1	g9294
MY1	g133
MY1	g3809
MY1	g93
MY1	g9842
MY1	g5301
MY1	g21136
MY1	g15912
MY1	g5327
MY1	g7495
MY1	g964
MY1	g305
MY1	g493
MY1	g6022
MY1	g15452
MY1	g20926
MY1	g1028
MY1	g1025
MY1	g9292
MY1	g13695
MY1	g3705
MY1	g15099
MY1	g10057
MY1	g11716
MY1	g15141
MY1	g12749
MY1	g9831
MY1	g16376
MY1	g21140
MY1	g10286
MY1	g20947
MY1	g505
MY1	g459
MY1	g17765
MY1	g491
MY1	g457
MY1	g304
MY1	g18112
MY1	g17766
MY1	g14867
MY1	g1030
MY1	g19164
MY1	g9301
MY1	g10066
MY1	g21677
MY1	g21138
MY1	g16701
MY1	g13487
MY1	g9827
MY1	g9303
MY1	g961
MY1	g1539
MY1	g3813
MY1	g15109
MY1	g3710
MY1	g315
MY1	g8287
MY1	g1212
MY1	g11410
MY1	g3594
MY1	g15612
MY1	g836
MY1	g94
MY1	g6872
MY1	g15242
MY1	g9295
MY1	g169
MY1	g3079
MY1	g170
MY1	g13694
MY1	g15231
MY1	g3810
MY1	g12678
MY1	g7056
MY1	g15233
MY1	g15561
MY1	g9837
MY1	g3808
MY1	g8789
MY1	g9993
MY1	g21673
MY1	g7077
MY1	g10289
MY1	g7057
MY1	g4320
MY1	g3597
MY1	g7579
MY1	g10399
MY1	g10292
MY1	g15235
MY1	g347
MY1	g9152
MY1	g3034
MY1	g5376
MY1	g14868
MY1	g3797
MY1	g3826
MY1	g3807
MY1	g8729
MY1	g15234
MY1	g15238
MY1	g13489
MY1	g9293
MY1	g17157
MY1	g8726
MY1	g19315
MY1	g9194
MY1	g4993
MY1	g3574
MY1	g9352
MY1	g16379
MY1	g9270
MY1	g16649
MY1	g9835
MY1	g8067
MY1	g9304
MY1	g962
MY1	g15881
MY1	g13700
MY1	g18869
MY1	g12069
MY1	g7145
MY1	g6108
MY1	g432
MY1	g9841
MY1	g9148
MY1	g9826
MY1	g20066
MY1	g10049
MY1	g3093
MY1	g7144
MY1	g21139
MY1	g11196
MY1	g21700
MY1	g13486
MY1	g15947
MY1	g95
MY1	g10062
MY1	g10065
MY1	g7811
MY1	g3078
MY1	g19059
MY1	g13955
MY1	g10294
MY1	g17160
MY1	g7076
MY1	g506
MY1	g3812
MY1	g965
MY1	g18073
MY1	g963
MY1	g21143
MY1	g9333
MY1	g9272
MY1	g3798
MY1	g1023
MY1	g21135
MY1	g15847
MY1	g1542
MY1	g16301
MY1	g2867
MY1	g17768
MY1	g98
MY1	g17631
MY1	g2594
MY1	g1540
MY1	g1024
MY1	g1029
MY1	g15237
MY1	g8730
MY1	g7445
MY1	g308
MY1	g13730
MY1	g719
MY1	g15240
MY1	g9302
MY1	g9297
MY1	g15463
MY1	g8970
MY1	g391
MY1	g20950
MY1	g10252
MY1	g10052
MY1	g9257
MY1	g9828
MY1	g5302
MY1	g7142
MY1	g445
MY1	g9300
MY1	g9290
MY1	g9353
MY1	g9830
MY1	g16729
MY1	g15935
MY1	g20065
MY1	g3091
MY1	g555
MY1	g12068
MY1	g837
MY1	g8652
MY1	g345
MY1	g19410
MY1	g12775
MY1	g9291
MY1	g15139
MY1	g8458
MY1	g10056
MY1	g13632
MY1	g3709
MY1	g22229
MY1	g7143
MY1	g8459
MY1	g7279
MY1	g9078
MY1	g10063
MY1	g15946
MY1	g13042
MY1	g21137
MY1	g21675
MY1	g17944
MY1	g21679
MY1	g12427
MY1	g9843
MY1	g7446
MY1	g9821
MY1	g9299
MY1	g15108
MY1	g11464
MY1	g15232
MY1	g8068
MY1	g9825
MY1	g15462
MY1	g21013
MY1	g3931
MY1	g7578
MY1	g21134
MY1	g16380
MY1	g9298
MY1	g21744
MY1	g388
MY1	g15239
MY1	g17767
MY1	g21121
MY1	g9289
MY1	g10054
MY1	g486
MY1	g9296
MY1	g21676
MY1	g8457
MY1	g15236
MY1	g20033
MY1	g7141
MY1	g9563
MY1	g17770
MY1	g9670
MY1	g348
MY1	g7444
MY1	g15446
MY1	g20946
MY1	g492
MY1	g8456
MY1	g10288
MY1	g17159
MY1	g3094
MY1	g16543
MY1	g9838
MY1	g9269
MY1	g19172
MY1	g15848
MY1	g19174
MY1	g9829
MY1	g15507
MY1	g16551
MY1	g5209
MY1	g4054
MY1	g8725
MY1	g21122
MY1	g16465
MY1	g21674
MY1	g1536
MY1	g7129
MY1	g1039
MY1	g21678
MY1	g389
MY1	g15241
MY1	g10290
MY1	g9839
MY1	g1038
MY1	g17771
MY1	g5516
MY1	g3140
MY1	g10393
MY1	g15635
MY1	g10064
MY1	g10061
MY1	g3092
MY1	g8455
MY1	g342
MY1	g9836
MY1	g4555
MY1	g16925
MY1	g15698
MY1	g17784
MY1	g20925
MY1	g9263
MY1	g9271
MY1	g11404
NIC526	g6842
NIC526	g14454
NIC526	g6642
NIC526	g7596
NIC526	g12569
NIC526	g16982
NIC526	g22159
NIC526	g17622
NIC526	g16497
NIC526	g21620
NIC526	g2060
NIC526	g15120
NIC526	g3666
NIC526	g15160
NIC526	g10624
NIC526	g2137
NIC526	g21424
NIC526	g2110
NIC526	g11845
NIC526	g12637
NIC526	g12051
NIC526	g14942
NIC526	g14758
NIC526	g771
NIC526	g20401
NIC526	g17496
NIC526	g3770
NIC526	g22378
NIC526	g17633
NIC526	g10477
NIC526	g17590
NIC526	g14860
NIC526	g7176
NIC526	g21419
NIC526	g14944
NIC526	g11072
NIC526	g22655
NIC526	g12045
NIC526	g18984
NIC526	g14746
NIC526	g14791
NIC526	g14453
NIC526	g14760
NIC526	g14793
NIC526	g20125
NIC526	g14452
NIC526	g12905
NIC526	g8401
NIC526	g10609
NIC526	g17592
NIC526	g4601
NIC526	g20906
NIC526	g12640
NIC526	g19574
NIC526	g21422
NIC526	g3662
NIC526	g4553
NIC526	g17623
NIC526	g22669
NIC526	g14932
NIC526	g22670
NIC526	g13845
NIC526	g10169
NIC526	g3880
NIC526	g7597
NIC526	g12568
NIC526	g17840
NIC526	g20560
NIC526	g12763
NIC526	g15159
NIC526	g6400
NIC526	g17491
NIC526	g15082
NIC526	g14759
NIC526	g6385
NIC526	g15081
NIC526	g6340
NIC526	g17502
NIC526	g3665
NIC526	g10608
NIC526	g17500
NIC526	g10849
NIC526	g13339
NIC526	g19600
NIC526	g18004
NIC526	g11075
NIC526	g11844
NIC526	g3151
NIC526	g10840
NIC526	g11772
NIC526	g3877
NIC526	g16400
NIC526	g11078
NIC526	g17498
NIC526	g14902
NIC526	g22662
NIC526	g19577
NIC526	g17211
NIC526	g20516
NIC526	g2059
NIC526	g3679
NIC526	g3648
NIC526	g3669
NIC526	g13400
NIC526	g17499
NIC526	g12954
NIC526	g17495
NIC526	g22243
NIC526	g11119
NIC526	g13403
NIC526	g8553
NIC526	g12636
NIC526	g21643
NIC526	g2447
NIC526	g3900
NIC526	g7173
NIC526	g3668
NIC526	g14745
NIC526	g6894
NIC526	g22624
NIC526	g14863
NIC526	g10617
NIC526	g11177
NIC526	g14064
NIC526	g11824
NIC526	g12639
NIC526	g21426
NIC526	g11313
NIC526	g8104
NIC526	g11756
NIC526	g854
NIC526	g10623
NIC526	g22663
NIC526	g1617
NIC526	g14448
NIC526	g19080
NIC526	g10619
NIC526	g19578
NIC526	g10603
NIC526	g11757
NIC526	g9957
NIC526	g17210
NIC526	g15158
NIC526	g16983
NIC526	g10848
NIC526	g4918
NIC526	g8294
NIC526	g21420
NIC526	g11080
NIC526	g22240
NIC526	g22664
NIC526	g11825
NIC526	g3663
NIC526	g22158
NIC526	g22697
NIC526	g6469
NIC526	g19010
NIC526	g20163
NIC526	g12987
NIC526	g12638
NIC526	g22689
NIC526	g3678
NIC526	g21425
NIC526	g11347
NIC526	g12048
NIC526	g7256
NIC526	g6176
NIC526	g14450
NIC526	g15155
NIC526	g5900
NIC526	g14904
NIC526	g17634
NIC526	g13399
NIC526	g19572
NIC526	g4552
NIC526	g14939
NIC526	g21642
NIC526	g17251
NIC526	g14536
NIC526	g17493
NIC526	g20413
NIC526	g21439
NIC526	g13152
NIC526	g11760
NIC526	g11037
NIC526	g10838
NIC526	g22658
NIC526	g10841
NIC526	g22665
NIC526	g12983
NIC526	g6397
NIC526	g10610
NIC526	g2136
NIC526	g22688
NIC526	g11759
NIC526	g21418
NIC526	g14805
NIC526	g22659
NIC526	g21617
NIC526	g22690
NIC526	g22594
NIC526	g6399
NIC526	g10612
NIC526	g20581
NIC526	g15393
NIC526	g10127
NIC526	g6815
NIC526	g14696
NIC526	g18005
NIC526	g12762
NIC526	g13476
NIC526	g22666
NIC526	g16984
NIC526	g8650
NIC526	g17216
NIC526	g16985
NIC526	g14935
NIC526	g13670
NIC526	g3766
NIC526	g1272
NIC526	g11758
NIC526	g13669
NIC526	g7598
NIC526	g21423
NIC526	g14744
NIC526	g14277
NIC526	g14818
NIC526	g19331
NIC526	g10625
NIC526	g12385
NIC526	g22377
NIC526	g22668
NIC526	g21559
NIC526	g11183
NIC526	g17624
NIC526	g10222
NIC526	g17501
NIC526	g14063
NIC526	g10607
NIC526	g22661
NIC526	g20412
NIC526	g22616
NIC526	g3542
NIC526	g21621
NIC526	g4684
NIC526	g7172
NIC526	g17494
NIC526	g22614
NIC526	g14451
NIC526	g15119
NIC526	g14862
NIC526	g14765
NIC526	g13671
NIC526	g17497
NIC526	g9279
NIC526	g4685
NIC526	g7629
NIC526	g1917
NIC526	g14901
NIC526	g6384
NIC526	g4551
NIC526	g17289
NIC526	g19575
NIC526	g13672
NIC526	g11074
NIC526	g22241
NIC526	g10777
NIC526	g7006
NIC526	g22660
NIC526	g10620
NIC526	g22691
NIC526	g22595
NIC526	g8409
NIC526	g13048
NIC526	g11346
NIC526	g20509
NIC526	g8411
NIC526	g10611
NIC526	g20458
NIC526	g6998
NIC526	g2230
NIC526	g22698
NIC526	g22656
NIC526	g3417
NIC526	g18545
NIC526	g10834
NIC526	g16300
NIC526	g13404
NIC526	g10843
NIC526	g21438
NIC526	g7088
NIC526	g12054
NIC526	g10842
NIC526	g17492
NIC526	g11076
NIC526	g10621
NIC526	g22657
NIC526	g14447
NIC526	g6446
NIC526	g12050
NIC526	g10847
NIC526	g8231
NIC526	g60
NIC526	g10613
NIC526	g6398
NIC526	g13673
NIC526	g14943
NIC526	g19573
NIC526	g14906
NIC526	g10618
NIC526	g2912
NIC526	g21421
NIC526	g16045
NIC526	g17134
NIC526	g20645
NIC526	g14435
NIC526	g7610
NIC526	g10163
NIC526	g19576
ECA347	g4752
ECA347	g2211
ECA347	g6506
ECA347	g11813
ECA347	g424
ECA347	g5205
ECA347	g4725
ECA347	g8460
ECA347	g19715
ECA347	g17541
ECA347	g21047
ECA347	g17078
ECA347	g5198
ECA347	g5802
ECA347	g4241
ECA347	g7048
ECA347	g20683
ECA347	g10920
ECA347	g8075
ECA347	g5379
ECA347	g4656
ECA347	g17079
ECA347	g16843
ECA347	g4621
ECA347	g16723
ECA347	g16933
ECA347	g425
ECA347	g5062
ECA347	g19718
ECA347	g6739
ECA347	g11250
ECA347	g7055
ECA347	g4748
ECA347	g5481
ECA347	g6133
ECA347	g585
ECA347	g4423
ECA347	g4749
ECA347	g473
ECA347	g6503
ECA347	g18724
ECA347	g2012
ECA347	g12770
ECA347	g9093
ECA347	g5072
ECA347	g9314
ECA347	g5425
ECA347	g6007
ECA347	g6498
ECA347	g3523
ECA347	g19944
ECA347	g4716
ECA347	g11498
ECA347	g9078
ECA347	g5390
ECA347	g8905
ECA347	g19724
ECA347	g5071
ECA347	g8812
ECA347	g4746
ECA347	g2214
ECA347	g19717
ECA347	g11494
ECA347	g12437
ECA347	g5526
ECA347	g11620
ECA347	g6166
ECA347	g13701
ECA347	g6134
ECA347	g5102
ECA347	g2001
ECA347	g11619
ECA347	g2101
ECA347	g19954
ECA347	g13617
ECA347	g5474
ECA347	g9375
ECA347	g19882
ECA347	g19714
ECA347	g16844
ECA347	g3263
ECA347	g5763
ECA347	g19716
ECA347	g7091
ECA347	g2099
ECA347	g1488
ECA347	g8152
ECA347	g19725
ECA347	g6521
ECA347	g6119
ECA347	g6502
ECA347	g6056
ECA347	g15060
ECA347	g21922
ECA347	g19720
ECA347	g5206
ECA347	g9360
ECA347	g16724
ECA347	g19726
ECA347	g4187
ECA347	g8906
ECA347	g1999
ECA347	g17851
ECA347	g4789
ECA347	g16518
ECA347	g19719
ECA347	g17622
ECA347	g8263
ECA347	g14939
ECA347	g5391
ECA347	g4751
ECA347	g808
ECA347	g2238
ECA347	g13687
ECA347	g6180
ECA347	g4741
ECA347	g19710
ECA347	g10923
ECA347	g13702
ECA347	g15026
ECA347	g1997
ECA347	g17081
ECA347	g6231
ECA347	g15635
ECA347	g15719
ECA347	g20218
ECA347	g6167
ECA347	g6101
ECA347	g11431
ECA347	g4787
ECA347	g18426
ECA347	g9292
ECA347	g5741
ECA347	g5767
ECA347	g5836
ECA347	g11496
ECA347	g9094
ECA347	g19939
ECA347	g10917
ECA347	g16725
ECA347	g20182
ECA347	g16839
ECA347	g17080
ECA347	g6226
ECA347	g9096
ECA347	g12411
ECA347	g5977
ECA347	g19953
ECA347	g1874
ECA347	g5203
ECA347	g6059
ECA347	g17619
ECA347	g13637
ECA347	g17620
ECA347	g16721
ECA347	g8450
ECA347	g8449
ECA347	g5100
ECA347	g1753
ECA347	g16483
ECA347	g20177
ECA347	g19468
ECA347	g20938
ECA347	g4744
ECA347	g19721
ECA347	g6013
ECA347	g4753
ECA347	g9092
ECA347	g9585
ECA347	g20175
ECA347	g9856
ECA347	g16722
ECA347	g16720
ECA347	g10919
ECA347	g20275
ECA347	g16747
ECA347	g4188
ECA347	g502
ECA347	g6404
ECA347	g2893
ECA347	g8573
ECA347	g16803
ECA347	g10915
ECA347	g8360
ECA347	g20140
ECA347	g8810
ECA347	g5983
ECA347	g19942
ECA347	g3743
ECA347	g9363
ECA347	g9362
ECA347	g13703
ECA347	g5204
ECA347	g8466
ECA347	g6121
ECA347	g5764
ECA347	g13638
ECA347	g9361
ECA347	g19722
ECA347	g15059
ECA347	g5549
ECA347	g13688
ECA347	g4184
ECA347	g8811
ECA347	g13137
ECA347	g5207
ECA347	g5193
ECA347	g4747
ECA347	g4743
ECA347	g17540
ECA347	g9418
ECA347	g14117
ECA347	g19946
ECA347	g3919
ECA347	g6505
ECA347	g18965
ECA347	g3033
ECA347	g2946
ECA347	g8257
ECA347	g16718
ECA347	g5974
ECA347	g4723
ECA347	g8849
ECA347	g12146
ECA347	g6117
ECA347	g2002
ECA347	g8885
ECA347	g8448
ECA347	g6509
ECA347	g9098
ECA347	g8451
ECA347	g8974
ECA347	g3918
ECA347	g5070
ECA347	g6992
ECA347	g13836
ECA347	g5192
ECA347	g4113
ECA347	g501
ECA347	g18552
ECA347	g9095
ECA347	g4745
ECA347	g3920
ECA347	g6179
ECA347	g9097
ECA347	g19723
ECA347	g4724
ECA347	g3916
ECA347	g5196
ECA347	g5202
ECA347	g5191
ECA347	g6116
ECA347	g6504
ECA347	g18615
ECA347	g6499
ECA347	g6501
ECA347	g19947
ECA347	g6057
ECA347	g11497
ECA347	g6136
ECA347	g2105
ECA347	g6689
ECA347	g3032
ECA347	g12511
ECA347	g19952
ECA347	g11430
ECA347	g8909
ECA347	g16719
ECA347	g4750
ECA347	g6486
ECA347	g1981
ECA347	g4711
ECA347	g9697
ECA347	g4549
ECA347	g4722
ECA347	g18732
ECA347	g13136
ECA347	g8264
ECA347	g11495
ECA347	g1244
ECA347	g7262
ECA347	g1996
ECA347	g14679
ECA347	g9091
ECA347	g13700
ECA347	g4755
ECA347	g20833
ECA347	g4183
ECA347	g9079
ECA347	g6118
ECA347	g3921
ECA347	g3522
ECA347	g1879
ECA347	g19945
ECA347	g5099
ECA347	g4808
ECA347	g4742
ECA347	g6012
ECA347	g4756
ECA347	g2000
ECA347	g2892
ECA347	g18873
ECA347	g281
ECA347	g20281
ECA347	g4754
ECA347	g4617
ECA347	g5837
ECA347	g5061
ECA347	g20178
ECA347	g6161
ECA347	g19608
ECA347	g18734
ECA347	g5980
ECA347	g13618
ECA347	g5762
ECA347	g5615
ECA347	g4809
ECA347	g20180
JU3166	g9923
JU3166	g11067
JU3166	g5864
JU3166	g11160
JU3166	g22179
JU3166	g5331
JU3166	g9920
JU3166	g10704
JU3166	g738
JU3166	g6758
JU3166	g6145
JU3166	g16367
JU3166	g6146
JU3166	g14205
JU3166	g1886
JU3166	g9927
JU3166	g10100
JU3166	g3459
JU3166	g19358
JU3166	g6973
JU3166	g1962
JU3166	g964
JU3166	g6525
JU3166	g10369
JU3166	g1936
JU3166	g10139
JU3166	g22158
JU3166	g1030
JU3166	g21159
JU3166	g9429
JU3166	g22155
JU3166	g9926
JU3166	g10345
JU3166	g10141
JU3166	g10693
JU3166	g17415
JU3166	g14087
JU3166	g13875
JU3166	g9794
JU3166	g3560
JU3166	g6756
JU3166	g9197
JU3166	g9846
JU3166	g11355
JU3166	g9243
JU3166	g9928
JU3166	g10136
JU3166	g21153
JU3166	g9736
JU3166	g9781
JU3166	g9748
JU3166	g9783
JU3166	g7716
JU3166	g12249
JU3166	g6750
JU3166	g5664
JU3166	g21994
JU3166	g4469
JU3166	g21993
JU3166	g6988
JU3166	g4382
JU3166	g1033
JU3166	g6171
JU3166	g3455
JU3166	g9917
JU3166	g3669
JU3166	g11068
JU3166	g14247
JU3166	g1156
JU3166	g6165
JU3166	g18265
JU3166	g15859
JU3166	g6521
JU3166	g13880
JU3166	g6166
JU3166	g10068
JU3166	g21902
JU3166	g15844
JU3166	g10067
JU3166	g15799
JU3166	g13868
JU3166	g18515
JU3166	g3458
JU3166	g6989
JU3166	g13870
JU3166	g14198
JU3166	g3460
JU3166	g5164
JU3166	g22180
JU3166	g20337
JU3166	g9424
JU3166	g21973
JU3166	g16734
JU3166	g2942
JU3166	g6163
JU3166	g6143
JU3166	g3666
JU3166	g6417
JU3166	g6173
JU3166	g16482
JU3166	g6974
JU3166	g13872
JU3166	g9887
JU3166	g18518
JU3166	g18513
JU3166	g1885
JU3166	g3471
JU3166	g3441
JU3166	g3461
JU3166	g5601
JU3166	g13871
JU3166	g21904
JU3166	g13876
JU3166	g19360
JU3166	g5598
JU3166	g12399
JU3166	g11138
JU3166	g2259
JU3166	g3690
JU3166	g6137
JU3166	g1155
JU3166	g6162
JU3166	g9809
JU3166	g21974
JU3166	g6144
JU3166	g6980
JU3166	g4949
JU3166	g6519
JU3166	g16604
JU3166	g1032
JU3166	g16818
JU3166	g11957
JU3166	g11351
JU3166	g9793
JU3166	g9796
JU3166	g17500
JU3166	g9747
JU3166	g6517
JU3166	g9426
JU3166	g13359
JU3166	g18519
JU3166	g6978
JU3166	g11159
JU3166	g6522
JU3166	g2700
JU3166	g8667
JU3166	g10809
JU3166	g9849
JU3166	g965
JU3166	g18834
JU3166	g6751
JU3166	g22159
JU3166	g4700
JU3166	g12144
JU3166	g11354
JU3166	g4333
JU3166	g19357
JU3166	g10140
JU3166	g4950
JU3166	g9410
JU3166	g3456
JU3166	g15929
JU3166	g7756
JU3166	g1031
JU3166	g10695
JU3166	g6175
JU3166	g9795
JU3166	g9690
JU3166	g3470
JU3166	g11350
JU3166	g6136
JU3166	g16852
JU3166	g10692
JU3166	g21156
JU3166	g15634
JU3166	g9427
JU3166	g19996
JU3166	g15359
JU3166	g5964
JU3166	g22417
JU3166	g6423
JU3166	g18541
JU3166	g21903
JU3166	g5602
JU3166	g4332
JU3166	g13289
JU3166	g11139
JU3166	g18590
JU3166	g9522
JU3166	g13878
JU3166	g21920
JU3166	g19279
JU3166	g14099
JU3166	g11336
JU3166	g6205
JU3166	g10517
JU3166	g22416
JU3166	g6761
JU3166	g6032
JU3166	g15856
JU3166	g6987
JU3166	g1961
JU3166	g13874
JU3166	g21905
JU3166	g11356
JU3166	g8890
JU3166	g18625
JU3166	g6130
JU3166	g15858
JU3166	g6985
JU3166	g9430
JU3166	g20336
JU3166	g5528
JU3166	g9431
JU3166	g6523
JU3166	g10696
JU3166	g12494
JU3166	g18832
JU3166	g18620
JU3166	g13263
JU3166	g6757
JU3166	g3556
JU3166	g11353
JU3166	g5332
JU3166	g1029
JU3166	g11069
JU3166	g21001
JU3166	g11352
JU3166	g9734
JU3166	g13608
JU3166	g21487
JU3166	g11223
JU3166	g10611
JU3166	g6994
JU3166	g8942
JU3166	g13869
JU3166	g14098
JU3166	g3337
JU3166	g4468
JU3166	g11081
JU3166	g13877
JU3166	g16593
JU3166	g18516
JU3166	g9428
JU3166	g10694
JU3166	g18835
JU3166	g6990
JU3166	g9848
JU3166	g6759
JU3166	g5330
JU3166	g13873
JU3166	g8845
JU3166	g13111
JU3166	g6979
JU3166	g16607
JU3166	g6764
JU3166	g6976
JU3166	g11100
JU3166	g6972
JU3166	g21906
JU3166	g11163
JU3166	g9886
JU3166	g15843
JU3166	g4331
JU3166	g6207
JU3166	g6170
JU3166	g5329
JU3166	g1341
JU3166	g9443
JU3166	g6824
JU3166	g10525
JU3166	g6562
JU3166	g6977
JU3166	g9735
JU3166	g6167
JU3166	g6229
JU3166	g12257
JU3166	g16851
JU3166	g12259
JU3166	g5740
JU3166	g18697
JU3166	g6986
JU3166	g14143
JU3166	g11349
JU3166	g2053
JU3166	g6174
JU3166	g3211
JU3166	g199
JU3166	g6168
JU3166	g5597
JU3166	g6172
JU3166	g11337
JU3166	g6164
JU3166	g21162
JU3166	g11082
JU3166	g13879
JU3166	g1744
JU3166	g6074
JU3166	g15906
JU3166	g21158
JU3166	g12082
JU3166	g6028
JU3166	g6984
JU3166	g6169
JU3166	g14270
JU3166	g6752
JU3166	g15857
JU3166	g6230
JU3166	g5328
JU3166	g9753
JU3166	g18514
JU3166	g9891
JU3166	g19278
JU3166	g19596
JU3166	g14334
JU3166	g10709
JU3166	g8883
JU3166	g18517
ECA1287	g10687
ECA1287	g6297
ECA1287	g1528
ECA1287	g5472
ECA1287	g1866
ECA1287	g18656
ECA1287	g2375
ECA1287	g14199
ECA1287	g9716
ECA1287	g5689
ECA1287	g1952
ECA1287	g5461
ECA1287	g15507
ECA1287	g1056
ECA1287	g5112
ECA1287	g15141
ECA1287	g2446
ECA1287	g8229
ECA1287	g21664
ECA1287	g8504
ECA1287	g4445
ECA1287	g1960
ECA1287	g9726
ECA1287	g12798
ECA1287	g7176
ECA1287	g18920
ECA1287	g15100
ECA1287	g14025
ECA1287	g14028
ECA1287	g9727
ECA1287	g7179
ECA1287	g14018
ECA1287	g9914
ECA1287	g1888
ECA1287	g5629
ECA1287	g2066
ECA1287	g5471
ECA1287	g5691
ECA1287	g16042
ECA1287	g1919
ECA1287	g7182
ECA1287	g9016
ECA1287	g17521
ECA1287	g6595
ECA1287	g15819
ECA1287	g9003
ECA1287	g3812
ECA1287	g5683
ECA1287	g15730
ECA1287	g5697
ECA1287	g4379
ECA1287	g3754
ECA1287	g20359
ECA1287	g9207
ECA1287	g9779
ECA1287	g1926
ECA1287	g22559
ECA1287	g21875
ECA1287	g15323
ECA1287	g14202
ECA1287	g11929
ECA1287	g9002
ECA1287	g15495
ECA1287	g6473
ECA1287	g12098
ECA1287	g9923
ECA1287	g5470
ECA1287	g1954
ECA1287	g22643
ECA1287	g15177
ECA1287	g22665
ECA1287	g14501
ECA1287	g15820
ECA1287	g6474
ECA1287	g8668
ECA1287	g14218
ECA1287	g15496
ECA1287	g14216
ECA1287	g13901
ECA1287	g8712
ECA1287	g1513
ECA1287	g9203
ECA1287	g2961
ECA1287	g11205
ECA1287	g4380
ECA1287	g15178
ECA1287	g5924
ECA1287	g4432
ECA1287	g20991
ECA1287	g6029
ECA1287	g15353
ECA1287	g20248
ECA1287	g8727
ECA1287	g22666
ECA1287	g15831
ECA1287	g2509
ECA1287	g22669
ECA1287	g14198
ECA1287	g1929
ECA1287	g15450
ECA1287	g15447
ECA1287	g22558
ECA1287	g9301
ECA1287	g13029
ECA1287	g2512
ECA1287	g20473
ECA1287	g6599
ECA1287	g20489
ECA1287	g22668
ECA1287	g1930
ECA1287	g1867
ECA1287	g1933
ECA1287	g1953
ECA1287	g10018
ECA1287	g14210
ECA1287	g3181
ECA1287	g6596
ECA1287	g2795
ECA1287	g4448
ECA1287	g20475
ECA1287	g14587
ECA1287	g15433
ECA1287	g20471
ECA1287	g13110
ECA1287	g8999
ECA1287	g15142
ECA1287	g19022
ECA1287	g14217
ECA1287	g15349
ECA1287	g8998
ECA1287	g16571
ECA1287	g13572
ECA1287	g9144
ECA1287	g15460
ECA1287	g15102
ECA1287	g13573
ECA1287	g9299
ECA1287	g5696
ECA1287	g20460
ECA1287	g5631
ECA1287	g3438
ECA1287	g14003
ECA1287	g5926
ECA1287	g16354
ECA1287	g13032
ECA1287	g22037
ECA1287	g4446
ECA1287	g13031
ECA1287	g15449
ECA1287	g15448
ECA1287	g15101
ECA1287	g3180
ECA1287	g10097
ECA1287	g21986
ECA1287	g17482
ECA1287	g9725
ECA1287	g15317
ECA1287	g1928
ECA1287	g15320
ECA1287	g15509
ECA1287	g9227
ECA1287	g22513
ECA1287	g9728
ECA1287	g18946
ECA1287	g5929
ECA1287	g10257
ECA1287	g1775
ECA1287	g22670
ECA1287	g20476
ECA1287	g2508
ECA1287	g19285
ECA1287	g20728
ECA1287	g22594
ECA1287	g21956
ECA1287	g15464
ECA1287	g5478
ECA1287	g16397
ECA1287	g13109
ECA1287	g11920
ECA1287	g5467
ECA1287	g15399
ECA1287	g758
ECA1287	g1774
ECA1287	g5967
ECA1287	g8725
ECA1287	g5686
ECA1287	g20245
ECA1287	g5925
ECA1287	g8724
ECA1287	g6664
ECA1287	g1951
ECA1287	g1922
ECA1287	g8726
ECA1287	g9228
ECA1287	g5476
ECA1287	g9300
ECA1287	g2024
ECA1287	g8997
ECA1287	g10719
ECA1287	g5466
ECA1287	g13832
ECA1287	g20600
ECA1287	g14212
ECA1287	g2594
ECA1287	g6844
ECA1287	g15817
ECA1287	g9724
ECA1287	g5927
ECA1287	g5465
ECA1287	g15314
ECA1287	g22514
ECA1287	g5690
ECA1287	g4447
ECA1287	g2793
ECA1287	g1527
ECA1287	g4360
ECA1287	g13851
ECA1287	g8801
ECA1287	g13575
ECA1287	g22672
ECA1287	g2791
ECA1287	g15560
ECA1287	g9000
ECA1287	g9811
ECA1287	g21957
ECA1287	g15994
ECA1287	g12227
ECA1287	g2794
ECA1287	g16301
ECA1287	g14004
ECA1287	g9206
ECA1287	g10603
ECA1287	g3810
ECA1287	g3668
ECA1287	g14201
ECA1287	g15396
ECA1287	g5208
ECA1287	g11064
ECA1287	g9263
ECA1287	g4581
ECA1287	g11687
ECA1287	g12035
ECA1287	g9810
ECA1287	g5688
ECA1287	g14209
ECA1287	g15351
ECA1287	g1890
ECA1287	g3669
ECA1287	g1479
ECA1287	g9001
ECA1287	g3811
ECA1287	g15354
ECA1287	g1931
ECA1287	g20223
ECA1287	g1924
ECA1287	g1932
ECA1287	g9015
ECA1287	g14197
ECA1287	g15806
ECA1287	g5479
ECA1287	g10720
ECA1287	g8389
ECA1287	g5883
ECA1287	g1921
ECA1287	g1512
ECA1287	g1927
ECA1287	g1482
ECA1287	g11922
ECA1287	g19643
ECA1287	g9593
ECA1287	g6598
ECA1287	g13961
ECA1287	g1514
ECA1287	g14215
ECA1287	g1920
ECA1287	g15818
ECA1287	g5468
ECA1287	g5307
ECA1287	g2513
ECA1287	g7173
ECA1287	g202
ECA1287	g20355
ECA1287	g6597
ECA1287	g15397
ECA1287	g13898
ECA1287	g15508
ECA1287	g5475
ECA1287	g6663
ECA1287	g20470
ECA1287	g11779
ECA1287	g22180
ECA1287	g5477
ECA1287	g8775
ECA1287	g6023
ECA1287	g2070
ECA1287	g1925
ECA1287	g4359
ECA1287	g5695
ECA1287	g2246
ECA1287	g20472
ECA1287	g7177
ECA1287	g22563
ECA1287	g15490
ECA1287	g22671
ECA1287	g21229
ECA1287	g1923
ECA1287	g1964
ECA1287	g22464
ECA1287	g13767
ECA1287	g22036
ECA1287	g9711
ECA1287	g16361
ECA1287	g2792
ECA1287	g15313
ECA1287	g5923
ECA1287	g22667
ECA1287	g8994
ECA2367	g4745
ECA2367	g2195
ECA2367	g17302
ECA2367	g9745
ECA2367	g5332
ECA2367	g22016
ECA2367	g418
ECA2367	g6122
ECA2367	g4716
ECA2367	g14563
ECA2367	g14397
ECA2367	g18300
ECA2367	g5148
ECA2367	g6043
ECA2367	g22220
ECA2367	g13844
ECA2367	g11657
ECA2367	g14579
ECA2367	g14301
ECA2367	g14060
ECA2367	g5151
ECA2367	g14578
ECA2367	g4735
ECA2367	g8463
ECA2367	g16419
ECA2367	g21756
ECA2367	g21327
ECA2367	g21335
ECA2367	g5369
ECA2367	g4610
ECA2367	g13743
ECA2367	g5112
ECA2367	g13203
ECA2367	g14299
ECA2367	g16746
ECA2367	g21141
ECA2367	g1214
ECA2367	g13726
ECA2367	g13678
ECA2367	g4413
ECA2367	g4742
ECA2367	g470
ECA2367	g13690
ECA2367	g21156
ECA2367	g21140
ECA2367	g20538
ECA2367	g13440
ECA2367	g7235
ECA2367	g22110
ECA2367	g1994
ECA2367	g5224
ECA2367	g10073
ECA2367	g5122
ECA2367	g16991
ECA2367	g419
ECA2367	g3498
ECA2367	g13871
ECA2367	g499
ECA2367	g16993
ECA2367	g21359
ECA2367	g11006
ECA2367	g5121
ECA2367	g4739
ECA2367	g21153
ECA2367	g21492
ECA2367	g13437
ECA2367	g13851
ECA2367	g21152
ECA2367	g14022
ECA2367	g13724
ECA2367	g19496
ECA2367	g13742
ECA2367	g1984
ECA2367	g8230
ECA2367	g14909
ECA2367	g2086
ECA2367	g14396
ECA2367	g21146
ECA2367	g8223
ECA2367	g8233
ECA2367	g10919
ECA2367	g20064
ECA2367	g7477
ECA2367	g8398
ECA2367	g8468
ECA2367	g584
ECA2367	g16414
ECA2367	g14802
ECA2367	g1461
ECA2367	g21807
ECA2367	g12847
ECA2367	g13420
ECA2367	g13441
ECA2367	g2199
ECA2367	g13804
ECA2367	g8820
ECA2367	g8714
ECA2367	g17988
ECA2367	g14099
ECA2367	g3886
ECA2367	g21144
ECA2367	g14849
ECA2367	g14865
ECA2367	g4167
ECA2367	g1982
ECA2367	g4782
ECA2367	g8471
ECA2367	g9719
ECA2367	g22526
ECA2367	g8227
ECA2367	g2866
ECA2367	g6124
ECA2367	g4164
ECA2367	g20184
ECA2367	g21360
ECA2367	g16989
ECA2367	g14374
ECA2367	g4744
ECA2367	g21930
ECA2367	g2224
ECA2367	g21515
ECA2367	g17116
ECA2367	g4734
ECA2367	g13677
ECA2367	g14781
ECA2367	g14339
ECA2367	g3497
ECA2367	g5593
ECA2367	g14021
ECA2367	g20098
ECA2367	g14581
ECA2367	g21449
ECA2367	g1980
ECA2367	g19411
ECA2367	g5223
ECA2367	g5370
ECA2367	g11003
ECA2367	g13758
ECA2367	g16926
ECA2367	g4779
ECA2367	g6934
ECA2367	g12884
ECA2367	g13689
ECA2367	g21394
ECA2367	g16990
ECA2367	g8217
ECA2367	g13845
ECA2367	g8458
ECA2367	g7384
ECA2367	g8758
ECA2367	g8229
ECA2367	g9818
ECA2367	g5247
ECA2367	g5596
ECA2367	g3241
ECA2367	g8472
ECA2367	g1857
ECA2367	g4746
ECA2367	g21150
ECA2367	g12890
ECA2367	g8221
ECA2367	g4741
ECA2367	g6121
ECA2367	g22112
ECA2367	g10939
ECA2367	g4646
ECA2367	g14373
ECA2367	g13722
ECA2367	g5149
ECA2367	g8712
ECA2367	g7976
ECA2367	g3007
ECA2367	g4737
ECA2367	g14375
ECA2367	g8469
ECA2367	g8716
ECA2367	g15075
ECA2367	g8710
ECA2367	g4935
ECA2367	g14096
ECA2367	g8473
ECA2367	g15354
ECA2367	g10437
ECA2367	g8813
ECA2367	g5220
ECA2367	g4168
ECA2367	g14400
ECA2367	g500
ECA2367	g13527
ECA2367	g14564
ECA2367	g10990
ECA2367	g12949
ECA2367	g8461
ECA2367	g14852
ECA2367	g13738
ECA2367	g8225
ECA2367	g22492
ECA2367	g8713
ECA2367	g10940
ECA2367	g4224
ECA2367	g21334
ECA2367	g14300
ECA2367	g8222
ECA2367	g21732
ECA2367	g10991
ECA2367	g5221
ECA2367	g10438
ECA2367	g4089
ECA2367	g8467
ECA2367	g4740
ECA2367	g4736
ECA2367	g6042
ECA2367	g8465
ECA2367	g3885
ECA2367	g14461
ECA2367	g13438
ECA2367	g2922
ECA2367	g13881
ECA2367	g4714
ECA2367	g4802
ECA2367	g9452
ECA2367	g1985
ECA2367	g13676
ECA2367	g13434
ECA2367	g14583
ECA2367	g14577
ECA2367	g5120
ECA2367	g13878
ECA2367	g11140
ECA2367	g8232
ECA2367	g7061
ECA2367	g4738
ECA2367	g5226
ECA2367	g4715
ECA2367	g8466
ECA2367	g14582
ECA2367	g13439
ECA2367	g16416
ECA2367	g21922
ECA2367	g5594
ECA2367	g7124
ECA2367	g13442
ECA2367	g13803
ECA2367	g21358
ECA2367	g16992
ECA2367	g14127
ECA2367	g20065
ECA2367	g13740
ECA2367	g2090
ECA2367	g5595
ECA2367	g3006
ECA2367	g21155
ECA2367	g11770
ECA2367	g21154
ECA2367	g14850
ECA2367	g11882
ECA2367	g13695
ECA2367	g14864
ECA2367	g13253
ECA2367	g16925
ECA2367	g11005
ECA2367	g7806
ECA2367	g14580
ECA2367	g7245
ECA2367	g4743
ECA2367	g18859
ECA2367	g13454
ECA2367	g1965
ECA2367	g4702
ECA2367	g15192
ECA2367	g4539
ECA2367	g8231
ECA2367	g1729
ECA2367	g17117
ECA2367	g14095
ECA2367	g4713
ECA2367	g2867
ECA2367	g7243
ECA2367	g21921
ECA2367	g21147
ECA2367	g12675
ECA2367	g1979
ECA2367	g5365
ECA2367	g4747
ECA2367	g8224
ECA2367	g8672
ECA2367	g4163
ECA2367	g13741
ECA2367	g11004
ECA2367	g3887
ECA2367	g14102
ECA2367	g1862
ECA2367	g8464
ECA2367	g5447
ECA2367	g5225
ECA2367	g4801
ECA2367	g4748
ECA2367	g8228
ECA2367	g1983
ECA2367	g21143
ECA2367	g276
ECA2367	g21151
ECA2367	g13801
ECA2367	g4606
ECA2367	g5111
ECA2367	g4707
ECA2367	g16422
ECA2367	g21452
ECA2367	g3883
ECA2367	g5222
ECA2367	g8114
ECA2367	g10920
ECA2367	g785
ECA2367	g21581
ECA2367	g13875
ECA2367	g3884
ECA2367	g8718
NIC195	g15325
NIC195	g11823
NIC195	g4335
NIC195	g6307
NIC195	g1923
NIC195	g20126
NIC195	g3789
NIC195	g4700
NIC195	g11793
NIC195	g4677
NIC195	g9431
NIC195	g4613
NIC195	g12676
NIC195	g11635
NIC195	g21310
NIC195	g9961
NIC195	g9963
NIC195	g4631
NIC195	g2784
NIC195	g11996
NIC195	g9212
NIC195	g12392
NIC195	g12639
NIC195	g9952
NIC195	g4546
NIC195	g20628
NIC195	g15007
NIC195	g20010
NIC195	g5490
NIC195	g11827
NIC195	g16140
NIC195	g12036
NIC195	g16620
NIC195	g19826
NIC195	g4679
NIC195	g12602
NIC195	g6237
NIC195	g20626
NIC195	g6350
NIC195	g9950
NIC195	g19995
NIC195	g9433
NIC195	g10174
NIC195	g11745
NIC195	g6345
NIC195	g15748
NIC195	g12388
NIC195	g4651
NIC195	g12581
NIC195	g4646
NIC195	g11678
NIC195	g9211
NIC195	g13474
NIC195	g9947
NIC195	g20366
NIC195	g1911
NIC195	g8204
NIC195	g9439
NIC195	g446
NIC195	g4129
NIC195	g15006
NIC195	g6564
NIC195	g1787
NIC195	g9198
NIC195	g758
NIC195	g15010
NIC195	g14432
NIC195	g11647
NIC195	g20116
NIC195	g11816
NIC195	g562
NIC195	g6234
NIC195	g14761
NIC195	g14942
NIC195	g15958
NIC195	g4632
NIC195	g19672
NIC195	g15128
NIC195	g20099
NIC195	g5790
NIC195	g18685
NIC195	g6238
NIC195	g15127
NIC195	g4649
NIC195	g2008
NIC195	g20540
NIC195	g19722
NIC195	g4611
NIC195	g3622
NIC195	g19990
NIC195	g20561
NIC195	g254
NIC195	g20541
NIC195	g1401
NIC195	g19814
NIC195	g243
NIC195	g2118
NIC195	g9773
NIC195	g470
NIC195	g9667
NIC195	g4701
NIC195	g11789
NIC195	g16066
NIC195	g1894
NIC195	g4066
NIC195	g19991
NIC195	g6562
NIC195	g7100
NIC195	g4063
NIC195	g8356
NIC195	g4640
NIC195	g12603
NIC195	g19816
NIC195	g2141
NIC195	g2012
NIC195	g15751
NIC195	g11680
NIC195	g9206
NIC195	g3407
NIC195	g15009
NIC195	g22242
NIC195	g7911
NIC195	g16536
NIC195	g4642
NIC195	g9664
NIC195	g471
NIC195	g7015
NIC195	g4612
NIC195	g11819
NIC195	g17770
NIC195	g4635
NIC195	g18671
NIC195	g250
NIC195	g20627
NIC195	g12389
NIC195	g10699
NIC195	g4637
NIC195	g4639
NIC195	g6351
NIC195	g6260
NIC195	g6565
NIC195	g12675
NIC195	g12034
NIC195	g9438
NIC195	g395
NIC195	g9425
NIC195	g3153
NIC195	g18686
NIC195	g8100
NIC195	g10483
NIC195	g9669
NIC195	g7097
NIC195	g4600
NIC195	g18378
NIC195	g20560
NIC195	g11690
NIC195	g12035
NIC195	g3408
NIC195	g6239
NIC195	g15008
NIC195	g11961
NIC195	g9197
NIC195	g9208
NIC195	g20115
NIC195	g12393
NIC195	g22276
NIC195	g4644
NIC195	g14429
NIC195	g18895
NIC195	g9949
NIC195	g17166
NIC195	g12031
NIC195	g19168
NIC195	g4437
NIC195	g20003
NIC195	g19577
NIC195	g14431
NIC195	g4067
NIC195	g2785
NIC195	g17701
NIC195	g11420
NIC195	g20008
NIC195	g20763
NIC195	g11706
NIC195	g19813
NIC195	g12578
NIC195	g9626
NIC195	g12386
NIC195	g20117
NIC195	g9428
NIC195	g4504
NIC195	g11585
NIC195	g20005
NIC195	g9199
NIC195	g4636
NIC195	g20625
NIC195	g10526
NIC195	g11689
NIC195	g11692
NIC195	g9663
NIC195	g20009
NIC195	g9201
NIC195	g12407
NIC195	g7016
NIC195	g18673
NIC195	g19992
NIC195	g18379
NIC195	g4614
NIC195	g3992
NIC195	g4641
NIC195	g19815
NIC195	g9945
NIC195	g8450
NIC195	g17675
NIC195	g2007
NIC195	g2835
NIC195	g9432
NIC195	g22157
NIC195	g3790
NIC195	g20127
NIC195	g12674
NIC195	g17409
NIC195	g4647
NIC195	g12391
NIC195	g11633
NIC195	g10126
NIC195	g11691
NIC195	g18023
NIC195	g9213
NIC195	g12390
NIC195	g9192
NIC195	g19651
NIC195	g10429
NIC195	g11788
NIC195	g9196
NIC195	g12515
NIC195	g18728
NIC195	g19833
NIC195	g2918
NIC195	g12394
NIC195	g19994
NIC195	g15752
NIC195	g12181
NIC195	g20002
NIC195	g11748
NIC195	g21361
NIC195	g9948
NIC195	g20295
NIC195	g9430
NIC195	g3788
NIC195	g19773
NIC195	g9079
NIC195	g11960
NIC195	g9207
NIC195	g20624
NIC195	g20096
NIC195	g4643
NIC195	g6236
NIC195	g2783
NIC195	g20365
NIC195	g20007
NIC195	g12582
NIC195	g4648
NIC195	g3787
NIC195	g9933
NIC195	g15837
NIC195	g4633
NIC195	g7098
NIC195	g18670
NIC195	g9365
NIC195	g1662
NIC195	g394
NIC195	g9209
NIC195	g11634
NIC195	g8212
NIC195	g22275
NIC195	g8214
NIC195	g15966
NIC195	g4205
NIC195	g9200
NIC195	g11828
NIC195	g4650
NIC195	g9946
NIC195	g21464
NIC195	g4062
NIC195	g12406
NIC195	g14435
NIC195	g20612
NIC195	g4942
NIC195	g11747
NIC195	g11646
NIC195	g9665
NIC195	g9210
NIC195	g14943
NIC195	g233
NIC195	g18624
NIC195	g9767
NIC195	g1914
NIC195	g8037
NIC195	g11791
NIC195	g4500
NIC195	g2919
NIC195	g9202
NIC195	g9661
NIC195	g9437
NIC195	g1912
NIC195	g15625
NIC195	g18672
NIC195	g3786
NIC195	g4605
NIC195	g6235
NIC195	g11652
NIC195	g1164
NIC195	g1913
NIC195	g7338
NIC195	g10490
NIC195	g19715
WN2117	g8810
WN2117	g1726
WN2117	g18883
WN2117	g10104
WN2117	g18907
WN2117	g15028
WN2117	g13305
WN2117	g14808
WN2117	g21941
WN2117	g10010
WN2117	g4085
WN2117	g9483
WN2117	g12261
WN2117	g17530
WN2117	g4162
WN2117	g9819
WN2117	g1352
WN2117	g4136
WN2117	g14404
WN2117	g9522
WN2117	g11152
WN2117	g1418
WN2117	g841
WN2117	g18881
WN2117	g9308
WN2117	g9524
WN2117	g14480
WN2117	g15363
WN2117	g14472
WN2117	g12363
WN2117	g15081
WN2117	g14819
WN2117	g13307
WN2117	g8581
WN2117	g18991
WN2117	g10516
WN2117	g9814
WN2117	g9310
WN2117	g9519
WN2117	g18870
WN2117	g834
WN2117	g9180
WN2117	g9108
WN2117	g9153
WN2117	g8809
WN2117	g9121
WN2117	g18319
WN2117	g8808
WN2117	g18910
WN2117	g16520
WN2117	g13313
WN2117	g10840
WN2117	g17515
WN2117	g20632
WN2117	g1421
WN2117	g9817
WN2117	g12257
WN2117	g14809
WN2117	g18838
WN2117	g9298
WN2117	g18884
WN2117	g19842
WN2117	g1177
WN2117	g12474
WN2117	g9301
WN2117	g14305
WN2117	g1543
WN2117	g2903
WN2117	g21717
WN2117	g14675
WN2117	g9446
WN2117	g21702
WN2117	g9445
WN2117	g1542
WN2117	g14686
WN2117	g14162
WN2117	g12260
WN2117	g11063
WN2117	g14354
WN2117	g14684
WN2117	g19341
WN2117	g10690
WN2117	g17684
WN2117	g11084
WN2117	g11064
WN2117	g11744
WN2117	g12471
WN2117	g13645
WN2117	g17509
WN2117	g14682
WN2117	g9266
WN2117	g14159
WN2117	g14164
WN2117	g12274
WN2117	g12242
WN2117	g12264
WN2117	g19401
WN2117	g14683
WN2117	g18958
WN2117	g14679
WN2117	g14049
WN2117	g469
WN2117	g19404
WN2117	g16673
WN2117	g20682
WN2117	g1417
WN2117	g10032
WN2117	g12494
WN2117	g10519
WN2117	g12263
WN2117	g21658
WN2117	g10789
WN2117	g17523
WN2117	g20062
WN2117	g22117
WN2117	g1420
WN2117	g18600
WN2117	g15881
WN2117	g3660
WN2117	g17529
WN2117	g4452
WN2117	g18877
WN2117	g385
WN2117	g13299
WN2117	g6282
WN2117	g14158
WN2117	g11151
WN2117	g8053
WN2117	g14473
WN2117	g1353
WN2117	g13539
WN2117	g10103
WN2117	g13838
WN2117	g13312
WN2117	g20315
WN2117	g16068
WN2117	g9815
WN2117	g13544
WN2117	g8273
WN2117	g466
WN2117	g18878
WN2117	g13542
WN2117	g9523
WN2117	g9107
WN2117	g12258
WN2117	g22397
WN2117	g18359
WN2117	g1419
WN2117	g18901
WN2117	g17514
WN2117	g12273
WN2117	g10089
WN2117	g9820
WN2117	g8804
WN2117	g20547
WN2117	g18634
WN2117	g838
WN2117	g10441
WN2117	g21493
WN2117	g8806
WN2117	g9268
WN2117	g21215
WN2117	g14452
WN2117	g14209
WN2117	g840
WN2117	g14820
WN2117	g14136
WN2117	g19400
WN2117	g20683
WN2117	g4253
WN2117	g9305
WN2117	g6211
WN2117	g10031
WN2117	g14086
WN2117	g8893
WN2117	g14677
WN2117	g11290
WN2117	g9834
WN2117	g19154
WN2117	g9222
WN2117	g4084
WN2117	g13501
WN2117	g13302
WN2117	g18879
WN2117	g18987
WN2117	g21714
WN2117	g17516
WN2117	g6892
WN2117	g4161
WN2117	g18900
WN2117	g11149
WN2117	g9813
WN2117	g9309
WN2117	g9166
WN2117	g18873
WN2117	g10007
WN2117	g18902
WN2117	g18812
WN2117	g14050
WN2117	g21716
WN2117	g17518
WN2117	g9120
WN2117	g10868
WN2117	g386
WN2117	g9058
WN2117	g6893
WN2117	g19478
WN2117	g21992
WN2117	g18880
WN2117	g16767
WN2117	g13840
WN2117	g14055
WN2117	g6185
WN2117	g19672
WN2117	g18872
WN2117	g13306
WN2117	g14453
WN2117	g16155
WN2117	g12359
WN2117	g18513
WN2117	g11150
WN2117	g19671
WN2117	g10102
WN2117	g5918
WN2117	g9818
WN2117	g8629
WN2117	g6539
WN2117	g11083
WN2117	g17531
WN2117	g15082
WN2117	g18882
WN2117	g9951
WN2117	g14284
WN2117	g14810
WN2117	g8326
WN2117	g14685
WN2117	g20061
WN2117	g18875
WN2117	g18831
WN2117	g18876
WN2117	g12134
WN2117	g10011
WN2117	g20549
WN2117	g10090
WN2117	g10520
WN2117	g9225
WN2117	g14678
WN2117	g18829
WN2117	g22104
WN2117	g14161
WN2117	g8807
WN2117	g13837
WN2117	g9155
WN2117	g844
WN2117	g17513
WN2117	g9482
WN2117	g13304
WN2117	g9126
WN2117	g19673
WN2117	g14681
WN2117	g17394
WN2117	g17524
WN2117	g22120
WN2117	g17525
WN2117	g10070
WN2117	g14680
WN2117	g9265
WN2117	g21701
WN2117	g20684
WN2117	g14163
WN2117	g19674
WN2117	g467
WN2117	g10680
WN2117	g18874
WN2117	g17526
WN2117	g18903
WN2117	g18813
WN2117	g16528
WN2117	g19049
WN2117	g18633
WN2117	g16530
WN2117	g13977
WN2117	g17517
WN2117	g9821
WN2117	g8227
WN2117	g11148
WN2117	g18871
WN2117	g12011
WN2117	g2599
WN2117	g19405
WN2117	g9833
WN2117	g10603
WN2117	g11136
WN2117	g2062
WN2117	g14777
WN2117	g14775
WN2117	g9224
WN2117	g14676
WN2117	g17527
WN2117	g8803
WN2117	g3943
WN2117	g21763
WN2117	g13639
WN2117	g16007
WN2117	g17519
WN2117	g13311
WN2117	g21715
WN2117	g19675
WN2117	g13535
WN2117	g9271
WN2117	g4861
WN2117	g9816
WN2117	g703
WN2117	g8789
WN2117	g8267
WN2117	g14347
WN2117	g14160
ECA703	g18822
ECA703	g19109
ECA703	g9925
ECA703	g17507
ECA703	g19550
ECA703	g815
ECA703	g5960
ECA703	g17240
ECA703	g1052
ECA703	g7789
ECA703	g6575
ECA703	g21564
ECA703	g6886
ECA703	g19549
ECA703	g17429
ECA703	g12240
ECA703	g15654
ECA703	g6926
ECA703	g2883
ECA703	g3363
ECA703	g3936
ECA703	g19578
ECA703	g8147
ECA703	g22217
ECA703	g5959
ECA703	g17919
ECA703	g19559
ECA703	g12344
ECA703	g12460
ECA703	g10814
ECA703	g1041
ECA703	g16415
ECA703	g21335
ECA703	g14787
ECA703	g21028
ECA703	g590
ECA703	g19138
ECA703	g6516
ECA703	g6529
ECA703	g19865
ECA703	g12236
ECA703	g1045
ECA703	g12373
ECA703	g807
ECA703	g14427
ECA703	g12361
ECA703	g5769
ECA703	g3364
ECA703	g5150
ECA703	g12363
ECA703	g1040
ECA703	g3360
ECA703	g9437
ECA703	g19558
ECA703	g6928
ECA703	g6707
ECA703	g3607
ECA703	g2019
ECA703	g3429
ECA703	g16957
ECA703	g18094
ECA703	g19127
ECA703	g22062
ECA703	g3238
ECA703	g17237
ECA703	g10887
ECA703	g3942
ECA703	g8993
ECA703	g2189
ECA703	g5491
ECA703	g1042
ECA703	g22391
ECA703	g17479
ECA703	g17349
ECA703	g3239
ECA703	g6927
ECA703	g22402
ECA703	g19130
ECA703	g19179
ECA703	g13351
ECA703	g22400
ECA703	g22112
ECA703	g5765
ECA703	g18616
ECA703	g10142
ECA703	g5981
ECA703	g1302
ECA703	g6200
ECA703	g19108
ECA703	g13330
ECA703	g15772
ECA703	g10813
ECA703	g17519
ECA703	g13350
ECA703	g7256
ECA703	g11855
ECA703	g17239
ECA703	g9302
ECA703	g6630
ECA703	g12566
ECA703	g485
ECA703	g6716
ECA703	g6214
ECA703	g18481
ECA703	g9303
ECA703	g584
ECA703	g22398
ECA703	g19233
ECA703	g5956
ECA703	g18556
ECA703	g6923
ECA703	g22399
ECA703	g22395
ECA703	g18553
ECA703	g19133
ECA703	g5982
ECA703	g11177
ECA703	g13266
ECA703	g12592
ECA703	g19204
ECA703	g6515
ECA703	g19107
ECA703	g18206
ECA703	g17914
ECA703	g3361
ECA703	g6528
ECA703	g10308
ECA703	g15687
ECA703	g19142
ECA703	g18102
ECA703	g13262
ECA703	g8231
ECA703	g19135
ECA703	g7336
ECA703	g5889
ECA703	g6710
ECA703	g17241
ECA703	g12455
ECA703	g6677
ECA703	g13263
ECA703	g5766
ECA703	g20809
ECA703	g19137
ECA703	g6564
ECA703	g17517
ECA703	g808
ECA703	g19573
ECA703	g9669
ECA703	g582
ECA703	g7257
ECA703	g1035
ECA703	g13817
ECA703	g13331
ECA703	g9926
ECA703	g885
ECA703	g10863
ECA703	g12364
ECA703	g12569
ECA703	g19905
ECA703	g3362
ECA703	g22208
ECA703	g6713
ECA703	g6848
ECA703	g22105
ECA703	g588
ECA703	g6218
ECA703	g3939
ECA703	g6217
ECA703	g4993
ECA703	g19129
ECA703	g17238
ECA703	g22396
ECA703	g18926
ECA703	g19315
ECA703	g19141
ECA703	g17263
ECA703	g10972
ECA703	g10888
ECA703	g6314
ECA703	g22393
ECA703	g6560
ECA703	g13127
ECA703	g7335
ECA703	g17920
ECA703	g5770
ECA703	g7790
ECA703	g19557
ECA703	g818
ECA703	g18994
ECA703	g6472
ECA703	g5488
ECA703	g13265
ECA703	g20983
ECA703	g19205
ECA703	g1037
ECA703	g17518
ECA703	g22039
ECA703	g18284
ECA703	g1047
ECA703	g13816
ECA703	g13264
ECA703	g19134
ECA703	g19132
ECA703	g6222
ECA703	g17343
ECA703	g14521
ECA703	g6627
ECA703	g1048
ECA703	g7792
ECA703	g814
ECA703	g10310
ECA703	g12456
ECA703	g6514
ECA703	g6576
ECA703	g19126
ECA703	g19139
ECA703	g5768
ECA703	g18990
ECA703	g6034
ECA703	g14170
ECA703	g17348
ECA703	g2316
ECA703	g10309
ECA703	g7254
ECA703	g21081
ECA703	g22401
ECA703	g15653
ECA703	g18012
ECA703	g19574
ECA703	g9436
ECA703	g5263
ECA703	g19316
ECA703	g5559
ECA703	g22394
ECA703	g19128
ECA703	g21490
ECA703	g6219
ECA703	g1039
ECA703	g14495
ECA703	g1160
ECA703	g6847
ECA703	g1780
ECA703	g2127
ECA703	g6885
ECA703	g18557
ECA703	g19177
ECA703	g6629
ECA703	g816
ECA703	g22397
ECA703	g821
ECA703	g18013
ECA703	g5764
ECA703	g19136
ECA703	g5785
ECA703	g6670
ECA703	g17236
ECA703	g6220
ECA703	g9352
ECA703	g19140
ECA703	g5784
ECA703	g6234
ECA703	g5772
ECA703	g6671
ECA703	g3937
ECA703	g19095
ECA703	g1034
ECA703	g12114
ECA703	g19100
ECA703	g19106
ECA703	g2012
ECA703	g18693
ECA703	g5476
ECA703	g6673
ECA703	g5431
ECA703	g586
ECA703	g6221
ECA703	g1044
ECA703	g21392
ECA703	g587
ECA703	g18552
ECA703	g16120
ECA703	g3933
ECA703	g13278
ECA703	g10312
ECA703	g624
ECA703	g17315
ECA703	g6577
ECA703	g22392
ECA703	g5490
ECA703	g19143
ECA703	g3428
ECA703	g1872
ECA703	g10670
ECA703	g19380
ECA703	g1036
ECA703	g22209
ECA703	g17794
ECA703	g22164
ECA703	g1038
ECA703	g5537
ECA703	g491
ECA703	g19131
ECA703	g813
ECA703	g3052
ECA703	g809
ECA703	g19038
ECA703	g12362
ECA703	g5489
ECA703	g5767
ECA703	g6534
ECA703	g2010
ECA703	g11615
ECA703	g21974
ECA703	g21021
ECA703	g10311
ECA722	g21167
ECA722	g14791
ECA722	g2558
ECA722	g21556
ECA722	g21540
ECA722	g17351
ECA722	g7408
ECA722	g3517
ECA722	g3116
ECA722	g8594
ECA722	g3529
ECA722	g11031
ECA722	g6961
ECA722	g1015
ECA722	g22108
ECA722	g16516
ECA722	g2849
ECA722	g7476
ECA722	g16298
ECA722	g2348
ECA722	g15954
ECA722	g7937
ECA722	g11217
ECA722	g18368
ECA722	g1018
ECA722	g6968
ECA722	g1021
ECA722	g21726
ECA722	g6926
ECA722	g6048
ECA722	g3512
ECA722	g21283
ECA722	g21966
ECA722	g6963
ECA722	g11214
ECA722	g16304
ECA722	g3413
ECA722	g3528
ECA722	g10981
ECA722	g3526
ECA722	g2845
ECA722	g7939
ECA722	g11219
ECA722	g6958
ECA722	g16527
ECA722	g1024
ECA722	g11522
ECA722	g7292
ECA722	g6970
ECA722	g11534
ECA722	g6813
ECA722	g133
ECA722	g15948
ECA722	g22072
ECA722	g16531
ECA722	g7873
ECA722	g19156
ECA722	g14759
ECA722	g442
ECA722	g3117
ECA722	g17500
ECA722	g11680
ECA722	g2850
ECA722	g21881
ECA722	g317
ECA722	g19100
ECA722	g17670
ECA722	g20997
ECA722	g14183
ECA722	g20552
ECA722	g446
ECA722	g16532
ECA722	g6967
ECA722	g13344
ECA722	g3702
ECA722	g3037
ECA722	g16364
ECA722	g11520
ECA722	g7874
ECA722	g20996
ECA722	g13036
ECA722	g18604
ECA722	g5429
ECA722	g3812
ECA722	g6964
ECA722	g3062
ECA722	g5925
ECA722	g21437
ECA722	g22147
ECA722	g11639
ECA722	g11211
ECA722	g5817
ECA722	g16059
ECA722	g16058
ECA722	g6160
ECA722	g2573
ECA722	g21170
ECA722	g7530
ECA722	g15028
ECA722	g9537
ECA722	g20999
ECA722	g21284
ECA722	g6969
ECA722	g7533
ECA722	g7066
ECA722	g5944
ECA722	g4748
ECA722	g11218
ECA722	g6904
ECA722	g318
ECA722	g6973
ECA722	g11521
ECA722	g16523
ECA722	g16056
ECA722	g19734
ECA722	g443
ECA722	g11567
ECA722	g21829
ECA722	g14098
ECA722	g11592
ECA722	g21360
ECA722	g16517
ECA722	g18684
ECA722	g10443
ECA722	g20127
ECA722	g445
ECA722	g16309
ECA722	g14928
ECA722	g21171
ECA722	g21278
ECA722	g11716
ECA722	g21558
ECA722	g2846
ECA722	g21557
ECA722	g22146
ECA722	g16297
ECA722	g4399
ECA722	g5955
ECA722	g19479
ECA722	g18605
ECA722	g11685
ECA722	g3694
ECA722	g7938
ECA722	g16519
ECA722	g19735
ECA722	g6959
ECA722	g444
ECA722	g16015
ECA722	g11565
ECA722	g16537
ECA722	g6960
ECA722	g8713
ECA722	g3041
ECA722	g11679
ECA722	g3097
ECA722	g5942
ECA722	g11215
ECA722	g22073
ECA722	g11860
ECA722	g21168
ECA722	g6814
ECA722	g1019
ECA722	g11719
ECA722	g5939
ECA722	g21193
ECA722	g3128
ECA722	g6965
ECA722	g7529
ECA722	g2237
ECA722	g6966
ECA722	g22360
ECA722	g21241
ECA722	g4471
ECA722	g16302
ECA722	g4398
ECA722	g18683
ECA722	g21738
ECA722	g16096
ECA722	g2571
ECA722	g19959
ECA722	g11216
ECA722	g11722
ECA722	g6163
ECA722	g11471
ECA722	g2570
ECA722	g21555
ECA722	g21546
ECA722	g16530
ECA722	g6992
ECA722	g22143
ECA722	g16053
ECA722	g21541
ECA722	g6903
ECA722	g2572
ECA722	g16528
ECA722	g16296
ECA722	g6972
ECA722	g7940
ECA722	g22148
ECA722	g11723
ECA722	g3895
ECA722	g16305
ECA722	g21900
ECA722	g21719
ECA722	g11313
ECA722	g7615
ECA722	g689
ECA722	g6971
ECA722	g3530
ECA722	g16303
ECA722	g16061
ECA722	g20128
ECA722	g2864
ECA722	g21436
ECA722	g21165
ECA722	g11713
ECA722	g3127
ECA722	g15293
ECA722	g6993
ECA722	g11233
ECA722	g21553
ECA722	g17795
ECA722	g20553
ECA722	g21450
ECA722	g21435
ECA722	g18602
ECA722	g10727
ECA722	g7007
ECA722	g4470
ECA722	g21737
ECA722	g3040
ECA722	g2976
ECA722	g12200
ECA722	g9499
ECA722	g2646
ECA722	g15003
ECA722	g16636
ECA722	g8074
ECA722	g6185
ECA722	g16533
ECA722	g17609
ECA722	g21542
ECA722	g11638
ECA722	g11200
ECA722	g22173
ECA722	g16521
ECA722	g16522
ECA722	g21548
ECA722	g11577
ECA722	g11636
ECA722	g512
ECA722	g6928
ECA722	g16057
ECA722	g19242
ECA722	g10669
ECA722	g19101
ECA722	g2848
ECA722	g21166
ECA722	g12479
ECA722	g21837
ECA722	g2078
ECA722	g5692
ECA722	g14758
ECA722	g7168
ECA722	g6994
ECA722	g16520
ECA722	g6995
ECA722	g5194
ECA722	g17493
ECA722	g2513
ECA722	g16529
ECA722	g2851
ECA722	g6962
ECA722	g21554
ECA722	g5940
ECA722	g7534
ECA722	g2863
ECA722	g21550
ECA722	g20130
ECA722	g6052
ECA722	g4554
ECA722	g21426
ECA722	g4449
ECA722	g11578
ECA722	g21425
ECA722	g3527
ECA722	g5945
ECA722	g7853
ECA722	g4254
ECA722	g511
ECA722	g2621
ECA722	g21775
ECA722	g20126
ECA722	g7104
ECA722	g19102
ECA722	g7924
ECA722	g7852
ECA722	g10626
ECA722	g3061
ECA722	g5943
ECA722	g8818
ECA722	g17258
ECA722	g11533
ECA722	g11539
ECA722	g17491
ECA722	g19243
ECA722	g2844
ECA722	g7002
ECA722	g2847
ECA722	g20129
ECA722	g7100
ECA722	g3605
ECA722	g21169
ECA722	g16515
NIC1775	g9671
NIC1775	g20162
NIC1775	g9183
NIC1775	g4761
NIC1775	g11859
NIC1775	g4459
NIC1775	g18747
NIC1775	g19783
NIC1775	g3916
NIC1775	g15056
NIC1775	g18531
NIC1775	g4641
NIC1775	g22162
NIC1775	g415
NIC1775	g9002
NIC1775	g8962
NIC1775	g17248
NIC1775	g491
NIC1775	g21971
NIC1775	g8842
NIC1775	g12513
NIC1775	g465
NIC1775	g19845
NIC1775	g19266
NIC1775	g273
NIC1775	g9180
NIC1775	g18200
NIC1775	g21026
NIC1775	g18192
NIC1775	g4673
NIC1775	g2116
NIC1775	g18542
NIC1775	g14118
NIC1775	g9902
NIC1775	g8384
NIC1775	g21967
NIC1775	g9178
NIC1775	g17691
NIC1775	g4775
NIC1775	g10251
NIC1775	g19259
NIC1775	g9373
NIC1775	g9329
NIC1775	g9672
NIC1775	g9360
NIC1775	g22324
NIC1775	g9673
NIC1775	g4730
NIC1775	g16240
NIC1775	g4255
NIC1775	g8057
NIC1775	g19844
NIC1775	g9361
NIC1775	g17234
NIC1775	g2951
NIC1775	g21969
NIC1775	g14676
NIC1775	g19848
NIC1775	g18532
NIC1775	g4924
NIC1775	g9189
NIC1775	g4760
NIC1775	g3744
NIC1775	g2015
NIC1775	g10209
NIC1775	g2226
NIC1775	g19782
NIC1775	g18008
NIC1775	g18032
NIC1775	g19971
NIC1775	g8963
NIC1775	g18817
NIC1775	g6496
NIC1775	g18400
NIC1775	g9040
NIC1775	g6481
NIC1775	g9041
NIC1775	g12511
NIC1775	g19970
NIC1775	g18405
NIC1775	g18411
NIC1775	g6644
NIC1775	g18409
NIC1775	g18079
NIC1775	g17471
NIC1775	g4969
NIC1775	g8208
NIC1775	g17399
NIC1775	g9677
NIC1775	g4734
NIC1775	g12578
NIC1775	g2025
NIC1775	g17694
NIC1775	g18193
NIC1775	g1499
NIC1775	g17462
NIC1775	g1994
NIC1775	g2223
NIC1775	g17801
NIC1775	g2902
NIC1775	g17697
NIC1775	g18407
NIC1775	g9221
NIC1775	g4768
NIC1775	g6647
NIC1775	g6642
NIC1775	g4194
NIC1775	g18408
NIC1775	g18404
NIC1775	g15139
NIC1775	g4191
NIC1775	g16392
NIC1775	g4806
NIC1775	g22184
NIC1775	g787
NIC1775	g2246
NIC1775	g8381
NIC1775	g9327
NIC1775	g8110
NIC1775	g17242
NIC1775	g3525
NIC1775	g19847
NIC1775	g21527
NIC1775	g15948
NIC1775	g21110
NIC1775	g6755
NIC1775	g9186
NIC1775	g9303
NIC1775	g4767
NIC1775	g13688
NIC1775	g17244
NIC1775	g6648
NIC1775	g1257
NIC1775	g10424
NIC1775	g8806
NIC1775	g8964
NIC1775	g6966
NIC1775	g17470
NIC1775	g3270
NIC1775	g16135
NIC1775	g21968
NIC1775	g17699
NIC1775	g15136
NIC1775	g4766
NIC1775	g12579
NIC1775	g9374
NIC1775	g15055
NIC1775	g13758
NIC1775	g22283
NIC1775	g4636
NIC1775	g19846
NIC1775	g18179
NIC1775	g17465
NIC1775	g4742
NIC1775	g18072
NIC1775	g17233
NIC1775	g11766
NIC1775	g21972
NIC1775	g12526
NIC1775	g3036
NIC1775	g21561
NIC1775	g19263
NIC1775	g8460
NIC1775	g6269
NIC1775	g9675
NIC1775	g8967
NIC1775	g20724
NIC1775	g5998
NIC1775	g19265
NIC1775	g18543
NIC1775	g6670
NIC1775	g4195
NIC1775	g2901
NIC1775	g414
NIC1775	g12598
NIC1775	g22183
NIC1775	g9585
NIC1775	g18402
NIC1775	g12371
NIC1775	g21986
NIC1775	g9265
NIC1775	g17657
NIC1775	g17460
NIC1775	g4772
NIC1775	g17463
NIC1775	g4765
NIC1775	g6493
NIC1775	g17235
NIC1775	g490
NIC1775	g4743
NIC1775	g12512
NIC1775	g21965
NIC1775	g9316
NIC1775	g4771
NIC1775	g22159
NIC1775	g12510
NIC1775	g4741
NIC1775	g4838
NIC1775	g6754
NIC1775	g6495
NIC1775	g12599
NIC1775	g17237
NIC1775	g7408
NIC1775	g8030
NIC1775	g2013
NIC1775	g9423
NIC1775	g13073
NIC1775	g4837
NIC1775	g4119
NIC1775	g4764
NIC1775	g18502
NIC1775	g16486
NIC1775	g6964
NIC1775	g6749
NIC1775	g13784
NIC1775	g12509
NIC1775	g2112
NIC1775	g20374
NIC1775	g3917
NIC1775	g8807
NIC1775	g21970
NIC1775	g9854
NIC1775	g13437
NIC1775	g17249
NIC1775	g19601
NIC1775	g4923
NIC1775	g4762
NIC1775	g22102
NIC1775	g2011
NIC1775	g17228
NIC1775	g18533
NIC1775	g10156
NIC1775	g18410
NIC1775	g3526
NIC1775	g17232
NIC1775	g4769
NIC1775	g4814
NIC1775	g1892
NIC1775	g22163
NIC1775	g3035
NIC1775	g8380
NIC1775	g6564
NIC1775	g9262
NIC1775	g18403
NIC1775	g4816
NIC1775	g6645
NIC1775	g9674
NIC1775	g6967
NIC1775	g19269
NIC1775	g9355
NIC1775	g3915
NIC1775	g18406
NIC1775	g17111
NIC1775	g9219
NIC1775	g9222
NIC1775	g6480
NIC1775	g2900
NIC1775	g2010
NIC1775	g6643
NIC1775	g6719
NIC1775	g13074
NIC1775	g3914
NIC1775	g17693
NIC1775	g15137
NIC1775	g8216
NIC1775	g4770
NIC1775	g17245
NIC1775	g4740
NIC1775	g16248
NIC1775	g4568
NIC1775	g21560
NIC1775	g16250
NIC1775	g4332
NIC1775	g6827
NIC1775	g6436
NIC1775	g17236
NIC1775	g21973
NIC1775	g579
NIC1775	g4774
NIC1775	g18181
NIC1775	g1764
NIC1775	g17457
NIC1775	g11667
NIC1775	g4190
NIC1775	g21985
NIC1775	g8297
NIC1775	g17464
NIC1775	g18500
NIC1775	g9263
NIC1775	g18401
NIC1775	g17695
NIC1775	g17246
NIC1775	g4773
NIC1775	g9678
NIC1775	g18180
NIC1775	g6542
NIC1775	g17795
NIC1775	g2016
NIC1775	g17469
NIC1775	g16074
NIC1775	g17238
NIC1775	g2014
NIC1775	g6494
NIC1775	g3913
NIC1775	g9179
NIC1775	g18134
NIC1775	g9216
NIC1775	g17243
NIC1775	g17247
NIC1775	g15370
NIC1775	g17942
NIC1775	g9692
NIC1775	g10215
NIC1775	g6646
QG4018	g1487
QG4018	g18341
QG4018	g9538
QG4018	g10274
QG4018	g14381
QG4018	g16370
QG4018	g1884
QG4018	g14590
QG4018	g6107
QG4018	g16185
QG4018	g5090
QG4018	g16145
QG4018	g15319
QG4018	g1869
QG4018	g7221
QG4018	g16864
QG4018	g16363
QG4018	g21751
QG4018	g18872
QG4018	g14940
QG4018	g2082
QG4018	g3590
QG4018	g1867
QG4018	g16498
QG4018	g5194
QG4018	g3566
QG4018	g14579
QG4018	g10955
QG4018	g13017
QG4018	g14622
QG4018	g16444
QG4018	g12180
QG4018	g2583
QG4018	g14721
QG4018	g17047
QG4018	g16361
QG4018	g15763
QG4018	g18355
QG4018	g7228
QG4018	g2061
QG4018	g16555
QG4018	g16511
QG4018	g16543
QG4018	g21581
QG4018	g1
QG4018	g19907
QG4018	g15549
QG4018	g1868
QG4018	g2912
QG4018	g15304
QG4018	g3894
QG4018	g6024
QG4018	g6636
QG4018	g5086
QG4018	g5976
QG4018	g14589
QG4018	g3056
QG4018	g16373
QG4018	g18340
QG4018	g965
QG4018	g6885
QG4018	g13335
QG4018	g5304
QG4018	g15127
QG4018	g15103
QG4018	g6508
QG4018	g16146
QG4018	g9836
QG4018	g1594
QG4018	g10967
QG4018	g14724
QG4018	g16225
QG4018	g8778
QG4018	g16226
QG4018	g14712
QG4018	g18273
QG4018	g5089
QG4018	g14718
QG4018	g12111
QG4018	g2164
QG4018	g11040
QG4018	g14714
QG4018	g15050
QG4018	g459
QG4018	g16870
QG4018	g15766
QG4018	g6639
QG4018	g11039
QG4018	g4549
QG4018	g2150
QG4018	g5301
QG4018	g15872
QG4018	g15769
QG4018	g14719
QG4018	g3517
QG4018	g14716
QG4018	g16403
QG4018	g18348
QG4018	g18270
QG4018	g18275
QG4018	g8733
QG4018	g5103
QG4018	g5072
QG4018	g5093
QG4018	g518
QG4018	g14715
QG4018	g14720
QG4018	g18160
QG4018	g17416
QG4018	g521
QG4018	g20059
QG4018	g6640
QG4018	g18386
QG4018	g2083
QG4018	g1864
QG4018	g5324
QG4018	g2586
QG4018	g16509
QG4018	g16482
QG4018	g5092
QG4018	g16556
QG4018	g2858
QG4018	g15312
QG4018	g1187
QG4018	g6637
QG4018	g22173
QG4018	g19610
QG4018	g11512
QG4018	g10954
QG4018	g16496
QG4018	g16499
QG4018	g18788
QG4018	g16544
QG4018	g15318
QG4018	g18347
QG4018	g17501
QG4018	g16867
QG4018	g18269
QG4018	g1866
QG4018	g13552
QG4018	g16441
QG4018	g6706
QG4018	g16147
QG4018	g17948
QG4018	g15548
QG4018	g6339
QG4018	g19800
QG4018	g15771
QG4018	g17419
QG4018	g18346
QG4018	g11020
QG4018	g16884
QG4018	g5087
QG4018	g18314
QG4018	g59
QG4018	g1662
QG4018	g21620
QG4018	g97
QG4018	g14952
QG4018	g18322
QG4018	g15057
QG4018	g15303
QG4018	g2761
QG4018	g16497
QG4018	g22492
QG4018	g16601
QG4018	g5102
QG4018	g2058
QG4018	g1870
QG4018	g22207
QG4018	g15471
QG4018	g7224
QG4018	g2506
QG4018	g18272
QG4018	g8570
QG4018	g18353
QG4018	g16866
QG4018	g16150
QG4018	g8296
QG4018	g16401
QG4018	g7222
QG4018	g14578
QG4018	g18247
QG4018	g517
QG4018	g5975
QG4018	g3678
QG4018	g16366
QG4018	g18197
QG4018	g16773
QG4018	g14722
QG4018	g15543
QG4018	g10818
QG4018	g1865
QG4018	g274
QG4018	g18394
QG4018	g15729
QG4018	g18352
QG4018	g15541
QG4018	g18345
QG4018	g92
QG4018	g1591
QG4018	g15305
QG4018	g18323
QG4018	g18351
QG4018	g18321
QG4018	g18416
QG4018	g18161
QG4018	g1593
QG4018	g15307
QG4018	g6638
QG4018	g13379
QG4018	g16863
QG4018	g3516
QG4018	g2940
QG4018	g17500
QG4018	g15540
QG4018	g11511
QG4018	g6509
QG4018	g15298
QG4018	g596
QG4018	g18344
QG4018	g16862
QG4018	g20155
QG4018	g17950
QG4018	g18166
QG4018	g12206
QG4018	g14620
QG4018	g791
QG4018	g2062
QG4018	g5190
QG4018	g22087
QG4018	g3589
QG4018	g11019
QG4018	g790
QG4018	g2122
QG4018	g12473
QG4018	g16557
QG4018	g11863
QG4018	g15320
QG4018	g3057
QG4018	g18342
QG4018	g14588
QG4018	g13281
QG4018	g14713
QG4018	g1186
QG4018	g18349
QG4018	g1997
QG4018	g4942
QG4018	g15314
QG4018	g2587
QG4018	g18396
QG4018	g16865
QG4018	g17947
QG4018	g7218
QG4018	g15302
QG4018	g16442
QG4018	g1871
QG4018	g792
QG4018	g14717
QG4018	g20781
QG4018	g15313
QG4018	g2162
QG4018	g16404
QG4018	g8777
QG4018	g5974
QG4018	g14933
QG4018	g18274
QG4018	g793
QG4018	g16851
QG4018	g15765
QG4018	g17418
QG4018	g2751
QG4018	g18350
QG4018	g15315
QG4018	g18320
QG4018	g18415
QG4018	g19915
QG4018	g164
QG4018	g22206
QG4018	g19917
QG4018	g18089
QG4018	g15306
QG4018	g18313
QG4018	g18354
QG4018	g4815
QG4018	g22392
QG4018	g522
QG4018	g1883
QG4018	g2670
QG4018	g8985
QG4018	g15542
QG4018	g14723
QG4018	g6707
QG4018	g15767
QG4018	g15316
QG4018	g3377
QG4018	g14951
QG4018	g1640
QG4018	g15866
QG4018	g15547
QG4018	g19737
QG4018	g15308
QG4018	g1592
QG4018	g794
QG4018	g16362
QG4018	g14998
QG4018	g16538
QG4018	g16399
QG4018	g4312
QG4018	g17186
QG4018	g15193
QG4018	g13342
QG4018	g18271
QG4018	g15537
ED3073	g5100
ED3073	g7868
ED3073	g12241
ED3073	g14093
ED3073	g22119
ED3073	g12238
ED3073	g5666
ED3073	g7514
ED3073	g5433
ED3073	g6172
ED3073	g2441
ED3073	g17817
ED3073	g407
ED3073	g7904
ED3073	g12417
ED3073	g2002
ED3073	g5454
ED3073	g484
ED3073	g2253
ED3073	g7908
ED3073	g13140
ED3073	g458
ED3073	g12455
ED3073	g5906
ED3073	g13074
ED3073	g13684
ED3073	g15026
ED3073	g12244
ED3073	g12457
ED3073	g14598
ED3073	g17942
ED3073	g18153
ED3073	g2536
ED3073	g10724
ED3073	g7525
ED3073	g13672
ED3073	g5668
ED3073	g21749
ED3073	g8360
ED3073	g2248
ED3073	g12246
ED3073	g12452
ED3073	g5900
ED3073	g15020
ED3073	g8554
ED3073	g12096
ED3073	g5101
ED3073	g8541
ED3073	g12098
ED3073	g21609
ED3073	g5102
ED3073	g7747
ED3073	g2476
ED3073	g18675
ED3073	g7897
ED3073	g5677
ED3073	g8036
ED3073	g5439
ED3073	g12245
ED3073	g4221
ED3073	g7895
ED3073	g13071
ED3073	g2251
ED3073	g7903
ED3073	g1998
ED3073	g7515
ED3073	g5438
ED3073	g7866
ED3073	g10729
ED3073	g12235
ED3073	g10614
ED3073	g17776
ED3073	g7008
ED3073	g16174
ED3073	g12383
ED3073	g16189
ED3073	g12382
ED3073	g16234
ED3073	g18159
ED3073	g20997
ED3073	g2001
ED3073	g11189
ED3073	g13756
ED3073	g18157
ED3073	g17824
ED3073	g2003
ED3073	g2934
ED3073	g5603
ED3073	g17951
ED3073	g5903
ED3073	g13755
ED3073	g1488
ED3073	g10617
ED3073	g6010
ED3073	g22134
ED3073	g18155
ED3073	g12206
ED3073	g20199
ED3073	g20994
ED3073	g20999
ED3073	g406
ED3073	g7746
ED3073	g2014
ED3073	g1984
ED3073	g2004
ED3073	g2993
ED3073	g18156
ED3073	g18152
ED3073	g7905
ED3073	g22204
ED3073	g2996
ED3073	g18825
ED3073	g13075
ED3073	g2463
ED3073	g790
ED3073	g10593
ED3073	g7846
ED3073	g8357
ED3073	g8089
ED3073	g5447
ED3073	g3653
ED3073	g7894
ED3073	g13072
ED3073	g21483
ED3073	g15841
ED3073	g13671
ED3073	g14516
ED3073	g20884
ED3073	g12122
ED3073	g5453
ED3073	g18439
ED3073	g5660
ED3073	g20993
ED3073	g9301
ED3073	g13139
ED3073	g22120
ED3073	g17614
ED3073	g5673
ED3073	g5676
ED3073	g3907
ED3073	g17930
ED3073	g16029
ED3073	g2249
ED3073	g9088
ED3073	g5908
ED3073	g22207
ED3073	g13736
ED3073	g5106
ED3073	g12456
ED3073	g8555
ED3073	g1999
ED3073	g21648
ED3073	g2574
ED3073	g13073
ED3073	g18148
ED3073	g7927
ED3073	g2013
ED3073	g2254
ED3073	g21450
ED3073	g15023
ED3073	g8436
ED3073	g16403
ED3073	g5104
ED3073	g17502
ED3073	g16680
ED3073	g7526
ED3073	g20971
ED3073	g2992
ED3073	g4272
ED3073	g11258
ED3073	g2462
ED3073	g20921
ED3073	g8762
ED3073	g18150
ED3073	g7896
ED3073	g7901
ED3073	g9131
ED3073	g2268
ED3073	g2753
ED3073	g12162
ED3073	g5865
ED3073	g5663
ED3073	g2569
ED3073	g16177
ED3073	g5440
ED3073	g483
ED3073	g2247
ED3073	g7936
ED3073	g12109
ED3073	g7898
ED3073	g2438
ED3073	g7929
ED3073	g7845
ED3073	g20885
ED3073	g16175
ED3073	g5442
ED3073	g8542
ED3073	g8009
ED3073	g7906
ED3073	g17943
ED3073	g18438
ED3073	g4271
ED3073	g8602
ED3073	g20198
ED3073	g12950
ED3073	g4135
ED3073	g3069
ED3073	g18920
ED3073	g17612
ED3073	g20890
ED3073	g11284
ED3073	g7907
ED3073	g3262
ED3073	g5667
ED3073	g17931
ED3073	g10728
ED3073	g17155
ED3073	g12949
ED3073	g13735
ED3073	g3261
ED3073	g22121
ED3073	g11549
ED3073	g2252
ED3073	g5282
ED3073	g10943
ED3073	g5455
ED3073	g15352
ED3073	g2383
ED3073	g7899
ED3073	g7516
ED3073	g9037
ED3073	g18158
ED3073	g3652
ED3073	g19237
ED3073	g1879
ED3073	g2442
ED3073	g4138
ED3073	g22133
ED3073	g7900
ED3073	g16106
ED3073	g12165
ED3073	g18151
ED3073	g18262
ED3073	g20996
ED3073	g5103
ED3073	g17615
ED3073	g5437
ED3073	g7909
ED3073	g5665
ED3073	g8535
ED3073	g7902
ED3073	g3263
ED3073	g18154
ED3073	g19546
ED3073	g5448
ED3073	g22153
ED3073	g12205
ED3073	g16190
ED3073	g4273
ED3073	g3264
ED3073	g5674
ED3073	g5902
ED3073	g22206
ED3073	g8196
ED3073	g5450
ED3073	g7930
ED3073	g18683
ED3073	g2643
ED3073	g21451
ED3073	g18685
ED3073	g20815
ED3073	g5441
ED3073	g17882
ED3073	g2255
ED3073	g8188
ED3073	g576
ED3073	g1755
ED3073	g18360
ED3073	g6704
ED3073	g2997
ED3073	g2267
ED3073	g8274
ED3073	g15029
ED3073	g12789
ED3073	g7486
ED3073	g7484
ED3073	g12164
ED3073	g18149
ED3073	g5904
ED3073	g5451
ED3073	g5107
ED3073	g265
ED3073	g16128
ED3073	g6004
ED3073	g15025
ED3073	g15966
ED3073	g5443
ED3073	g17753
ED3073	g5672
ED3073	g5675
ED3073	g16176
ED3073	g3265
ED3073	g20998
ED3073	g12209
ED3073	g1254
ED3073	g5449
ED3073	g2250
ED3073	g19753
ED3073	g17689
ED3073	g5121
ED3073	g7928
ED3073	g9095
ED3073	g20995
WN2082	g8478
WN2082	g4688
WN2082	g11323
WN2082	g5065
WN2082	g4854
WN2082	g15913
WN2082	g414
WN2082	g5344
WN2082	g2016
WN2082	g22413
WN2082	g497
WN2082	g13761
WN2082	g14015
WN2082	g4855
WN2082	g8859
WN2082	g21954
WN2082	g470
WN2082	g8793
WN2082	g11940
WN2082	g6033
WN2082	g4830
WN2082	g4690
WN2082	g9263
WN2082	g21276
WN2082	g13978
WN2082	g21052
WN2082	g2117
WN2082	g21651
WN2082	g6264
WN2082	g5606
WN2082	g4577
WN2082	g14476
WN2082	g6217
WN2082	g4701
WN2082	g6612
WN2082	g11946
WN2082	g5722
WN2082	g5709
WN2082	g13776
WN2082	g7731
WN2082	g4660
WN2082	g17549
WN2082	g14805
WN2082	g22428
WN2082	g2946
WN2082	g10419
WN2082	g8790
WN2082	g21575
WN2082	g13759
WN2082	g1996
WN2082	g2012
WN2082	g4731
WN2082	g5118
WN2082	g5534
WN2082	g4687
WN2082	g3736
WN2082	g6570
WN2082	g2227
WN2082	g21460
WN2082	g21436
WN2082	g8666
WN2082	g21852
WN2082	g10114
WN2082	g13494
WN2082	g21950
WN2082	g21057
WN2082	g5381
WN2082	g13479
WN2082	g13435
WN2082	g21046
WN2082	g2015
WN2082	g20112
WN2082	g18548
WN2082	g21048
WN2082	g21387
WN2082	g22183
WN2082	g4238
WN2082	g22418
WN2082	g22262
WN2082	g6039
WN2082	g18569
WN2082	g5382
WN2082	g21275
WN2082	g18549
WN2082	g1503
WN2082	g22192
WN2082	g2224
WN2082	g13953
WN2082	g21050
WN2082	g5563
WN2082	g21578
WN2082	g413
WN2082	g2028
WN2082	g1998
WN2082	g2018
WN2082	g4179
WN2082	g21049
WN2082	g4611
WN2082	g21846
WN2082	g16446
WN2082	g4176
WN2082	g17699
WN2082	g5303
WN2082	g13979
WN2082	g802
WN2082	g2247
WN2082	g14479
WN2082	g5643
WN2082	g5723
WN2082	g14750
WN2082	g22420
WN2082	g3518
WN2082	g21948
WN2082	g8791
WN2082	g15440
WN2082	g17255
WN2082	g9347
WN2082	g22414
WN2082	g4694
WN2082	g16362
WN2082	g6036
WN2082	g4670
WN2082	g5530
WN2082	g2896
WN2082	g21579
WN2082	g13756
WN2082	g21951
WN2082	g5560
WN2082	g18636
WN2082	g13757
WN2082	g6783
WN2082	g8794
WN2082	g21689
WN2082	g5603
WN2082	g13891
WN2082	g8858
WN2082	g14051
WN2082	g5672
WN2082	g5305
WN2082	g15912
WN2082	g22184
WN2082	g4834
WN2082	g3262
WN2082	g17445
WN2082	g16443
WN2082	g4693
WN2082	g5304
WN2082	g6053
WN2082	g2013
WN2082	g7690
WN2082	g8792
WN2082	g20474
WN2082	g21288
WN2082	g5527
WN2082	g4669
WN2082	g21053
WN2082	g21394
WN2082	g22429
WN2082	g11416
WN2082	g2027
WN2082	g13762
WN2082	g15474
WN2082	g13957
WN2082	g11943
WN2082	g14403
WN2082	g13271
WN2082	g18637
WN2082	g6035
WN2082	g15007
WN2082	g12997
WN2082	g21601
WN2082	g4180
WN2082	g2895
WN2082	g5943
WN2082	g21055
WN2082	g4418
WN2082	g21573
WN2082	g5676
WN2082	g22194
WN2082	g4699
WN2082	g22191
WN2082	g4692
WN2082	g4581
WN2082	g13491
WN2082	g22427
WN2082	g496
WN2082	g18634
WN2082	g4663
WN2082	g5661
WN2082	g4698
WN2082	g4668
WN2082	g4758
WN2082	g13493
WN2082	g15777
WN2082	g22425
WN2082	g6032
WN2082	g14832
WN2082	g16363
WN2082	g19496
WN2082	g8667
WN2082	g4104
WN2082	g4691
WN2082	g6031
WN2082	g21952
WN2082	g17793
WN2082	g21683
WN2082	g20208
WN2082	g15910
WN2082	g13492
WN2082	g3909
WN2082	g5710
WN2082	g5523
WN2082	g2113
WN2082	g15354
WN2082	g18635
WN2082	g21688
WN2082	g3910
WN2082	g5772
WN2082	g5658
WN2082	g14050
WN2082	g13760
WN2082	g5724
WN2082	g18633
WN2082	g19854
WN2082	g18568
WN2082	g11607
WN2082	g5119
WN2082	g4689
WN2082	g22434
WN2082	g6516
WN2082	g21047
WN2082	g3519
WN2082	g4696
WN2082	g4833
WN2082	g4738
WN2082	g4695
WN2082	g1893
WN2082	g3030
WN2082	g13755
WN2082	g14480
WN2082	g21054
WN2082	g4740
WN2082	g21576
WN2082	g6034
WN2082	g22430
WN2082	g5604
WN2082	g5703
WN2082	g3908
WN2082	g21051
WN2082	g18409
WN2082	g22419
WN2082	g3031
WN2082	g22416
WN2082	g22412
WN2082	g5564
WN2082	g13478
WN2082	g2894
WN2082	g21574
WN2082	g3907
WN2082	g6019
WN2082	g16444
WN2082	g2017
WN2082	g14646
WN2082	g21993
WN2082	g4697
WN2082	g22417
WN2082	g4667
WN2082	g4757
WN2082	g17556
WN2082	g4519
WN2082	g15473
WN2082	g17558
WN2082	g19497
WN2082	g22426
WN2082	g13763
WN2082	g14654
WN2082	g588
WN2082	g4700
WN2082	g21286
WN2082	g1770
WN2082	g10970
WN2082	g14039
WN2082	g22197
WN2082	g11517
WN2082	g4175
WN2082	g22189
WN2082	g14564
WN2082	g11937
WN2082	g18621
WN2082	g22190
WN2082	g13958
WN2082	g5657
WN2082	g21056
WN2082	g272
WN2082	g21287
WN2082	g13540
WN2082	g13562
WN2082	g11941
WN2082	g22185
WN2082	g17382
WN2082	g22424
WN2082	g3906
WN2082	g21332
WN2082	g1269
WN2082	g13758
WN2082	g16681
WN2082	g13775
WN2082	g21528
WN2082	g6576
WN2082	g5522
WN2082	g21577
WN2082	g20182
ECA1195	g22505
ECA1195	g4601
ECA1195	g2003
ECA1195	g16989
ECA1195	g13584
ECA1195	g22478
ECA1195	g13601
ECA1195	g21913
ECA1195	g22170
ECA1195	g4810
ECA1195	g5632
ECA1195	g12312
ECA1195	g5633
ECA1195	g2560
ECA1195	g8050
ECA1195	g6714
ECA1195	g13608
ECA1195	g13919
ECA1195	g18588
ECA1195	g6327
ECA1195	g12313
ECA1195	g12080
ECA1195	g2215
ECA1195	g11959
ECA1195	g12169
ECA1195	g15754
ECA1195	g21916
ECA1195	g19183
ECA1195	g18517
ECA1195	g7718
ECA1195	g5819
ECA1195	g5629
ECA1195	g18620
ECA1195	g21923
ECA1195	g22501
ECA1195	g18632
ECA1195	g15920
ECA1195	g22502
ECA1195	g17040
ECA1195	g22415
ECA1195	g7542
ECA1195	g18949
ECA1195	g10393
ECA1195	g18237
ECA1195	g4800
ECA1195	g214
ECA1195	g13548
ECA1195	g4833
ECA1195	g2383
ECA1195	g5751
ECA1195	g18436
ECA1195	g3284
ECA1195	g17279
ECA1195	g18443
ECA1195	g18474
ECA1195	g22469
ECA1195	g5648
ECA1195	g13585
ECA1195	g21922
ECA1195	g22499
ECA1195	g4598
ECA1195	g21915
ECA1195	g13450
ECA1195	g7344
ECA1195	g17282
ECA1195	g6210
ECA1195	g5900
ECA1195	g16976
ECA1195	g7345
ECA1195	g9550
ECA1195	g4711
ECA1195	g13906
ECA1195	g13903
ECA1195	g21532
ECA1195	g17060
ECA1195	g14387
ECA1195	g9595
ECA1195	g13107
ECA1195	g17216
ECA1195	g21912
ECA1195	g3542
ECA1195	g13930
ECA1195	g5331
ECA1195	g6634
ECA1195	g18969
ECA1195	g18948
ECA1195	g18514
ECA1195	g1839
ECA1195	g15615
ECA1195	g18473
ECA1195	g840
ECA1195	g9610
ECA1195	g11960
ECA1195	g21924
ECA1195	g2615
ECA1195	g13905
ECA1195	g4812
ECA1195	g11957
ECA1195	g17386
ECA1195	g22545
ECA1195	g18471
ECA1195	g570
ECA1195	g22381
ECA1195	g21917
ECA1195	g11720
ECA1195	g22088
ECA1195	g6516
ECA1195	g2180
ECA1195	g7473
ECA1195	g22504
ECA1195	g16130
ECA1195	g4573
ECA1195	g22494
ECA1195	g18633
ECA1195	g21908
ECA1195	g13776
ECA1195	g8047
ECA1195	g16975
ECA1195	g7469
ECA1195	g14353
ECA1195	g7470
ECA1195	g13500
ECA1195	g12315
ECA1195	g14964
ECA1195	g15050
ECA1195	g18202
ECA1195	g21265
ECA1195	g7541
ECA1195	g22542
ECA1195	g10690
ECA1195	g19504
ECA1195	g18621
ECA1195	g5841
ECA1195	g18281
ECA1195	g7472
ECA1195	g13920
ECA1195	g17274
ECA1195	g8053
ECA1195	g11961
ECA1195	g12076
ECA1195	g12314
ECA1195	g12081
ECA1195	g5630
ECA1195	g21309
ECA1195	g21308
ECA1195	g5911
ECA1195	g21533
ECA1195	g4940
ECA1195	g6418
ECA1195	g13586
ECA1195	g22091
ECA1195	g22090
ECA1195	g18572
ECA1195	g5820
ECA1195	g5067
ECA1195	g18684
ECA1195	g18952
ECA1195	g17918
ECA1195	g14265
ECA1195	g7468
ECA1195	g21652
ECA1195	g22497
ECA1195	g21919
ECA1195	g13492
ECA1195	g5634
ECA1195	g21305
ECA1195	g3772
ECA1195	g9389
ECA1195	g6332
ECA1195	g9114
ECA1195	g11958
ECA1195	g11956
ECA1195	g8051
ECA1195	g11983
ECA1195	g2614
ECA1195	g18468
ECA1195	g15837
ECA1195	g18859
ECA1195	g15808
ECA1195	g12040
ECA1195	g8055
ECA1195	g17277
ECA1195	g3057
ECA1195	g14386
ECA1195	g9607
ECA1195	g9608
ECA1195	g16974
ECA1195	g839
ECA1195	g22506
ECA1195	g17039
ECA1195	g9609
ECA1195	g21920
ECA1195	g18947
ECA1195	g16565
ECA1195	g18429
ECA1195	g2618
ECA1195	g11486
ECA1195	g13777
ECA1195	g5433
ECA1195	g22500
ECA1195	g19540
ECA1195	g22496
ECA1195	g22171
ECA1195	g17281
ECA1195	g2885
ECA1195	g18573
ECA1195	g18951
ECA1195	g10152
ECA1195	g3858
ECA1195	g6522
ECA1195	g11954
ECA1195	g22476
ECA1195	g14181
ECA1195	g18430
ECA1195	g5877
ECA1195	g18439
ECA1195	g4809
ECA1195	g21186
ECA1195	g18634
ECA1195	g5627
ECA1195	g5840
ECA1195	g18955
ECA1195	g18515
ECA1195	g21307
ECA1195	g18571
ECA1195	g18574
ECA1195	g2886
ECA1195	g13921
ECA1195	g19438
ECA1195	g16840
ECA1195	g21192
ECA1195	g2688
ECA1195	g15836
ECA1195	g10564
ECA1195	g22498
ECA1195	g2884
ECA1195	g18683
ECA1195	g21921
ECA1195	g22477
ECA1195	g2888
ECA1195	g18199
ECA1195	g13931
ECA1195	g18585
ECA1195	g18950
ECA1195	g10502
ECA1195	g9955
ECA1195	g18173
ECA1195	g15753
ECA1195	g18434
ECA1195	g18282
ECA1195	g4707
ECA1195	g3774
ECA1195	g469
ECA1195	g21534
ECA1195	g21303
ECA1195	g19134
ECA1195	g5816
ECA1195	g22503
ECA1195	g18936
ECA1195	g4830
ECA1195	g3912
ECA1195	g2126
ECA1195	g9273
ECA1195	g5912
ECA1195	g21918
ECA1195	g22475
ECA1195	g7168
ECA1195	g10385
ECA1195	g11487
ECA1195	g6515
ECA1195	g18556
ECA1195	g19714
ECA1195	g18241
ECA1195	g4815
ECA1195	g544
ECA1195	g16977
ECA1195	g19497
ECA1195	g22508
ECA1195	g21914
ECA1195	g4814
ECA1195	g21342
ECA1195	g2619
ECA1195	g5647
ECA1195	g21310
ECA1195	g2883
ECA1195	g18196
ECA1195	g3285
ECA1195	g4935
ECA1195	g17280
ECA1195	g14182
ECA1195	g22495
ECA1195	g22509
ECA1195	g4811
ECA1195	g3913
ECA1195	g10244
ECA1195	g9658
ECA1195	g13427
ECA1195	g13904
ECA1195	g22507
ECA1195	g2219
ECA1195	g5631
ECA1195	g21756
ECA1195	g18615
ECA1195	g18059
ECA1195	g10383
ECA1195	g11955
ECA1195	g17059
ECA1195	g13779
ECA1195	g13360
ECA3012	g3525
ECA3012	g1022
ECA3012	g4540
ECA3012	g12413
ECA3012	g7187
ECA3012	g12126
ECA3012	g3498
ECA3012	g4163
ECA3012	g17850
ECA3012	g20023
ECA3012	g811
ECA3012	g15318
ECA3012	g12411
ECA3012	g3043
ECA3012	g20548
ECA3012	g3860
ECA3012	g3527
ECA3012	g5431
ECA3012	g4156
ECA3012	g3844
ECA3012	g8270
ECA3012	g7227
ECA3012	g3394
ECA3012	g10561
ECA3012	g8866
ECA3012	g8200
ECA3012	g5096
ECA3012	g12415
ECA3012	g60
ECA3012	g8301
ECA3012	g17840
ECA3012	g3521
ECA3012	g8313
ECA3012	g10722
ECA3012	g3522
ECA3012	g22238
ECA3012	g4920
ECA3012	g8630
ECA3012	g18835
ECA3012	g7928
ECA3012	g822
ECA3012	g7087
ECA3012	g14387
ECA3012	g4217
ECA3012	g3217
ECA3012	g8122
ECA3012	g2332
ECA3012	g17619
ECA3012	g8129
ECA3012	g8158
ECA3012	g3489
ECA3012	g4853
ECA3012	g12396
ECA3012	g4179
ECA3012	g17841
ECA3012	g3519
ECA3012	g1025
ECA3012	g17848
ECA3012	g12397
ECA3012	g14054
ECA3012	g4321
ECA3012	g4732
ECA3012	g17616
ECA3012	g15317
ECA3012	g911
ECA3012	g3858
ECA3012	g3861
ECA3012	g17609
ECA3012	g15231
ECA3012	g21118
ECA3012	g6976
ECA3012	g16990
ECA3012	g17683
ECA3012	g17851
ECA3012	g2072
ECA3012	g3833
ECA3012	g297
ECA3012	g4857
ECA3012	g11449
ECA3012	g8650
ECA3012	g12197
ECA3012	g8629
ECA3012	g8197
ECA3012	g12771
ECA3012	g8157
ECA3012	g6991
ECA3012	g17839
ECA3012	g2988
ECA3012	g809
ECA3012	g7085
ECA3012	g19712
ECA3012	g7458
ECA3012	g3563
ECA3012	g8155
ECA3012	g22275
ECA3012	g7456
ECA3012	g17846
ECA3012	g7228
ECA3012	g19942
ECA3012	g3428
ECA3012	g3524
ECA3012	g10932
ECA3012	g1050
ECA3012	g3514
ECA3012	g8314
ECA3012	g17855
ECA3012	g7111
ECA3012	g3987
ECA3012	g5428
ECA3012	g21152
ECA3012	g4270
ECA3012	g807
ECA3012	g20465
ECA3012	g7893
ECA3012	g4919
ECA3012	g3560
ECA3012	g19135
ECA3012	g9184
ECA3012	g8302
ECA3012	g7969
ECA3012	g1701
ECA3012	g4855
ECA3012	g3843
ECA3012	g17624
ECA3012	g5434
ECA3012	g7223
ECA3012	g12414
ECA3012	g14028
ECA3012	g11849
ECA3012	g7459
ECA3012	g3859
ECA3012	g11553
ECA3012	g17610
ECA3012	g684
ECA3012	g4177
ECA3012	g7312
ECA3012	g19945
ECA3012	g15251
ECA3012	g19944
ECA3012	g7086
ECA3012	g8254
ECA3012	g12124
ECA3012	g11745
ECA3012	g12219
ECA3012	g8365
ECA3012	g17380
ECA3012	g8633
ECA3012	g18096
ECA3012	g21238
ECA3012	g12160
ECA3012	g16079
ECA3012	g3517
ECA3012	g17844
ECA3012	g4278
ECA3012	g12198
ECA3012	g12410
ECA3012	g1841
ECA3012	g6769
ECA3012	g17382
ECA3012	g6492
ECA3012	g5432
ECA3012	g17283
ECA3012	g7083
ECA3012	g2989
ECA3012	g8153
ECA3012	g10639
ECA3012	g8540
ECA3012	g3583
ECA3012	g10612
ECA3012	g12125
ECA3012	g5436
ECA3012	g17421
ECA3012	g17621
ECA3012	g2554
ECA3012	g21119
ECA3012	g6988
ECA3012	g6989
ECA3012	g15319
ECA3012	g7887
ECA3012	g4854
ECA3012	g3526
ECA3012	g15252
ECA3012	g12412
ECA3012	g6990
ECA3012	g11739
ECA3012	g17843
ECA3012	g8628
ECA3012	g8115
ECA3012	g11374
ECA3012	g15304
ECA3012	g2985
ECA3012	g7084
ECA3012	g14750
ECA3012	g3986
ECA3012	g12612
ECA3012	g4733
ECA3012	g3520
ECA3012	g3516
ECA3012	g20024
ECA3012	g6933
ECA3012	g17617
ECA3012	g2720
ECA3012	g8255
ECA3012	g8632
ECA3012	g18596
ECA3012	g1756
ECA3012	g3496
ECA3012	g8116
ECA3012	g13765
ECA3012	g8125
ECA3012	g11657
ECA3012	g812
ECA3012	g8315
ECA3012	g8636
ECA3012	g12416
ECA3012	g8198
ECA3012	g17379
ECA3012	g8256
ECA3012	g8253
ECA3012	g2719
ECA3012	g14749
ECA3012	g3322
ECA3012	g3842
ECA3012	g9118
ECA3012	g15453
ECA3012	g11658
ECA3012	g2915
ECA3012	g10638
ECA3012	g19007
ECA3012	g3518
ECA3012	g2721
ECA3012	g8364
ECA3012	g16431
ECA3012	g7089
ECA3012	g17842
ECA3012	g3497
ECA3012	g2717
ECA3012	g7890
ECA3012	g3832
ECA3012	g8267
ECA3012	g8631
ECA3012	g11546
ECA3012	g18947
ECA3012	g10419
ECA3012	g21589
ECA3012	g7863
ECA3012	g10560
ECA3012	g8120
ECA3012	g7970
ECA3012	g12220
ECA3012	g915
ECA3012	g1840
ECA3012	g12136
ECA3012	g14127
ECA3012	g17611
ECA3012	g8815
ECA3012	g12223
ECA3012	g17845
ECA3012	g3523
ECA3012	g12287
ECA3012	g8617
ECA3012	g792
ECA3012	g3484
ECA3012	g6654
ECA3012	g3495
ECA3012	g15953
ECA3012	g4180
ECA3012	g18828
ECA3012	g11545
ECA3012	g8239
ECA3012	g4856
ECA3012	g9392
ECA3012	g7932
ECA3012	g806
ECA3012	g17847
ECA3012	g17337
ECA3012	g15316
ECA3012	g17375
ECA3012	g9177
ECA3012	g3528
ECA3012	g17849
ECA3012	g2984
ECA3012	g2722
ECA3012	g2331
ECA3012	g689
ECA3012	g17618
ECA3012	g7088
ECA3012	g3582
ECA3012	g3515
ECA3012	g3529
ECA3012	g810
ECA3012	g1700
ECA3012	g18688
ECA3012	g7039
ECA3012	g17276
ECA3012	g4344
ECA3012	g560
ECA3012	g3390
ECA3012	g15303
ECA3012	g9221
ECA3012	g16181
ECA3012	g8296
ECA3012	g17958
ECA3012	g11740
ECA3012	g18826
ECA3012	g15232
ECA3012	g3984
ECA3012	g4409
ECA3012	g17377
ECA1693	g14024
ECA1693	g19818
ECA1693	g8548
ECA1693	g20302
ECA1693	g5143
ECA1693	g14705
ECA1693	g1872
ECA1693	g9484
ECA1693	g14586
ECA1693	g16699
ECA1693	g12061
ECA1693	g17228
ECA1693	g11995
ECA1693	g20703
ECA1693	g16776
ECA1693	g4101
ECA1693	g7876
ECA1693	g11507
ECA1693	g13450
ECA1693	g4619
ECA1693	g5330
ECA1693	g4659
ECA1693	g7877
ECA1693	g20525
ECA1693	g12020
ECA1693	g13404
ECA1693	g22181
ECA1693	g22399
ECA1693	g14356
ECA1693	g7988
ECA1693	g2583
ECA1693	g6032
ECA1693	g20305
ECA1693	g7260
ECA1693	g8734
ECA1693	g12063
ECA1693	g9151
ECA1693	g11816
ECA1693	g20589
ECA1693	g9378
ECA1693	g12015
ECA1693	g5453
ECA1693	g19572
ECA1693	g5701
ECA1693	g8446
ECA1693	g7387
ECA1693	g19619
ECA1693	g22185
ECA1693	g8740
ECA1693	g20113
ECA1693	g11703
ECA1693	g20157
ECA1693	g19817
ECA1693	g20125
ECA1693	g20159
ECA1693	g21173
ECA1693	g19816
ECA1693	g13293
ECA1693	g21951
ECA1693	g22411
ECA1693	g11926
ECA1693	g1589
ECA1693	g8889
ECA1693	g13600
ECA1693	g10209
ECA1693	g12024
ECA1693	g20706
ECA1693	g19812
ECA1693	g7874
ECA1693	g8055
ECA1693	g22074
ECA1693	g20296
ECA1693	g9487
ECA1693	g12017
ECA1693	g22075
ECA1693	g22538
ECA1693	g5329
ECA1693	g4658
ECA1693	g11580
ECA1693	g20588
ECA1693	g14590
ECA1693	g7551
ECA1693	g22180
ECA1693	g14596
ECA1693	g2656
ECA1693	g7596
ECA1693	g20704
ECA1693	g15342
ECA1693	g14421
ECA1693	g6037
ECA1693	g3127
ECA1693	g2635
ECA1693	g17230
ECA1693	g4878
ECA1693	g2655
ECA1693	g12364
ECA1693	g14355
ECA1693	g15582
ECA1693	g22182
ECA1693	g153
ECA1693	g10158
ECA1693	g22184
ECA1693	g20265
ECA1693	g7611
ECA1693	g13451
ECA1693	g9256
ECA1693	g11442
ECA1693	g22091
ECA1693	g7873
ECA1693	g22183
ECA1693	g14351
ECA1693	g3835
ECA1693	g14592
ECA1693	g16697
ECA1693	g11439
ECA1693	g10294
ECA1693	g5456
ECA1693	g8076
ECA1693	g8077
ECA1693	g13077
ECA1693	g9508
ECA1693	g18080
ECA1693	g12014
ECA1693	g8154
ECA1693	g9285
ECA1693	g20112
ECA1693	g22073
ECA1693	g11994
ECA1693	g10777
ECA1693	g1623
ECA1693	g1009
ECA1693	g11167
ECA1693	g2567
ECA1693	g7658
ECA1693	g923
ECA1693	g8549
ECA1693	g8054
ECA1693	g20184
ECA1693	g5522
ECA1693	g22398
ECA1693	g15879
ECA1693	g20124
ECA1693	g5455
ECA1693	g14602
ECA1693	g14361
ECA1693	g20702
ECA1693	g13596
ECA1693	g2568
ECA1693	g3735
ECA1693	g19047
ECA1693	g13608
ECA1693	g8743
ECA1693	g4657
ECA1693	g22187
ECA1693	g17229
ECA1693	g14350
ECA1693	g10524
ECA1693	g14598
ECA1693	g13592
ECA1693	g19262
ECA1693	g16700
ECA1693	g2636
ECA1693	g10778
ECA1693	g22188
ECA1693	g22186
ECA1693	g8838
ECA1693	g21133
ECA1693	g20299
ECA1693	g8542
ECA1693	g12019
ECA1693	g20065
ECA1693	g14115
ECA1693	g14846
ECA1693	g5451
ECA1693	g1779
ECA1693	g12026
ECA1693	g7878
ECA1693	g14353
ECA1693	g14016
ECA1693	g17231
ECA1693	g19814
ECA1693	g4654
ECA1693	g20946
ECA1693	g14117
ECA1693	g7094
ECA1693	g20705
ECA1693	g12021
ECA1693	g12018
ECA1693	g20707
ECA1693	g20680
ECA1693	g11443
ECA1693	g8051
ECA1693	g10157
ECA1693	g13379
ECA1693	g11885
ECA1693	g19909
ECA1693	g22495
ECA1693	g20224
ECA1693	g21950
ECA1693	g14150
ECA1693	g8638
ECA1693	g14358
ECA1693	g7608
ECA1693	g7609
ECA1693	g14589
ECA1693	g2570
ECA1693	g20171
ECA1693	g12025
ECA1693	g14594
ECA1693	g3809
ECA1693	g12084
ECA1693	g11981
ECA1693	g7610
ECA1693	g22561
ECA1693	g14597
ECA1693	g22064
ECA1693	g19219
ECA1693	g8915
ECA1693	g3126
ECA1693	g22413
ECA1693	g11996
ECA1693	g22397
ECA1693	g11364
ECA1693	g7680
ECA1693	g20306
ECA1693	g2571
ECA1693	g20630
ECA1693	g20594
ECA1693	g20449
ECA1693	g16777
ECA1693	g11169
ECA1693	g22412
ECA1693	g9374
ECA1693	g2569
ECA1693	g13380
ECA1693	g5452
ECA1693	g14354
ECA1693	g8115
ECA1693	g1590
ECA1693	g3485
ECA1693	g7871
ECA1693	g14114
ECA1693	g11168
ECA1693	g19315
ECA1693	g14587
ECA1693	g15754
ECA1693	g7875
ECA1693	g7892
ECA1693	g20066
ECA1693	g22063
ECA1693	g10293
ECA1693	g8607
ECA1693	g20227
ECA1693	g12016
ECA1693	g20111
ECA1693	g19815
ECA1693	g21892
ECA1693	g6035
ECA1693	g20708
ECA1693	g15693
ECA1693	g4618
ECA1693	g9276
ECA1693	g8153
ECA1693	g14073
ECA1693	g20448
ECA1693	g9274
ECA1693	g19797
ECA1693	g20264
ECA1693	g20130
ECA1693	g10156
ECA1693	g11170
ECA1693	g14348
ECA1693	g5523
ECA1693	g12023
ECA1693	g14588
ECA1693	g9029
ECA1693	g11993
ECA1693	g12083
ECA1693	g15575
ECA1693	g11438
ECA1693	g22447
ECA1693	g12028
ECA1693	g12027
ECA1693	g14595
ECA1693	g1677
ECA1693	g7891
ECA1693	g17515
ECA1693	g11171
ECA1693	g20226
ECA1693	g14591
ECA1693	g19811
ECA1693	g15435
ECA1693	g11881
ECA1693	g12022
ECA1693	g8143
ECA1693	g6029
ECA1693	g14110
ECA1693	g8547
ECA1693	g15573
ECA1693	g20270
ECA1693	g12612
ECA1693	g22189
ECA1693	g9275
ECA1693	g22625
ECA1693	g19256
ECA1693	g11987
ECA1693	g14112
ECA1693	g9273
