strain	gene
ECA3035	g11372
ECA3035	g17552
ECA3035	g483
ECA3035	g12463
ECA3035	g1344
ECA3035	g19787
ECA3035	g3604
ECA3035	g18704
ECA3035	g3992
ECA3035	g481
ECA3035	g1504
ECA3035	g7407
ECA3035	g2444
ECA3035	g9139
ECA3035	g7446
ECA3035	g20
ECA3035	g21804
ECA3035	g13512
ECA3035	g2001
ECA3035	g11373
ECA3035	g14905
ECA3035	g7439
ECA3035	g18577
ECA3035	g3952
ECA3035	g440
ECA3035	g25
ECA3035	g7443
ECA3035	g485
ECA3035	g482
ECA3035	g480
ECA3035	g7445
ECA3035	g19
ECA3035	g489
ECA3035	g7442
ECA3035	g24
ECA3035	g18705
ECA3035	g16
ECA3035	g3605
ECA3035	g490
ECA3035	g7444
ECA3035	g19326
ECA3035	g18
ECA3035	g255
ECA3035	g6303
ECA3035	g11371
ECA3035	g7440
ECA3035	g6025
ECA3035	g17312
ECA3035	g9141
ECA3035	g7438
ECA3035	g12168
ECA3035	g22
ECA3035	g1842
ECA3035	g3569
ECA3035	g21
ECA3035	g22349
ECA3035	g7441
ECA3035	g21795
ECA3035	g12170
ECA3035	g8604
ECA3035	g3154
ECA3035	g12462
ECA3035	g22587
ECA3035	g22573
ECA3035	g22580
ECA3035	g9153
ECA3035	g3
ECA3035	g9146
ECA3035	g9310
ECA3035	g1345
ECA3035	g12173
ECA3035	g9311
ECA3035	g22572
ECA3035	g13429
ECA3035	g479
ECA3035	g11996
ECA3035	g23
ECA3035	g7437
ECA3035	g18576
ECA3035	g487
ECA3035	g11367
ECA3035	g12172
ECA3035	g488
ECA3035	g510
ECA3035	g486
ECA3035	g9145
ECA3035	g9152
ECA3035	g22579
ECA3035	g22586
ECA3035	g2
ECA3035	g17
ECA3035	g507
ECA3035	g509
ECA3035	g876
ECA3035	g8804
ECA3035	g17686
ECA3035	g18586
ECA3035	g12143
ECA3035	g1473
ECA3035	g4036
ECA2452	g1042
ECA2452	g21582
ECA2452	g17374
ECA2452	g10511
ECA2452	g536
ECA2452	g4594
ECA2452	g15123
ECA2452	g1066
ECA2452	g1046
ECA2452	g10804
ECA2452	g16218
ECA2452	g532
ECA2452	g2080
ECA2452	g8257
ECA2452	g555
ECA2452	g10977
ECA2452	g17585
ECA2452	g5406
ECA2452	g1069
ECA2452	g2590
ECA2452	g1037
ECA2452	g19170
ECA2452	g16217
ECA2452	g1041
ECA2452	g4521
ECA2452	g3028
ECA2452	g21583
ECA2452	g188
ECA2452	g13615
ECA2452	g8289
ECA2452	g2044
ECA2452	g993
ECA2452	g1076
ECA2452	g1067
ECA2452	g1035
ECA2452	g8296
ECA2452	g558
ECA2452	g8293
ECA2452	g530
ECA2452	g1034
ECA2452	g4564
ECA2452	g8295
ECA2452	g1064
ECA2452	g554
ECA2452	g8292
ECA2452	g556
ECA2452	g557
ECA2452	g8291
ECA2452	g4185
ECA2452	g4184
ECA2452	g537
ECA2452	g1044
ECA2452	g8294
ECA2452	g15590
ECA2452	g553
ECA2452	g796
ECA2452	g4152
ECA2452	g21581
ECA2452	g1036
ECA2452	g9256
ECA2452	g1038
ECA2452	g1922
ECA2452	g16347
ECA2452	g6881
ECA2452	g7165
ECA2452	g551
ECA2452	g17236
ECA2452	g10806
ECA2452	g4593
ECA2452	g2428
ECA2452	g8288
ECA2452	g17237
ECA2452	g21070
ECA2452	g19171
ECA2452	g7
ECA2452	g10831
ECA2452	g3734
ECA2452	g1068
ECA2452	g10512
ECA2452	g10801
ECA2452	g5415
ECA2452	g9544
ECA2452	g559
ECA2452	g17239
ECA2452	g1449
ECA2452	g8290
ECA2452	g17240
ECA2452	g1043
ECA2452	g21577
ECA2452	g10802
ECA2452	g1921
ECA2452	g8287
ECA2452	g552
ECA2452	g1040
ECA2452	g16346
ECA2452	g16336
ECA2452	g1045
ECA1693	g11417
ECA1693	g12800
ECA1693	g2386
ECA1693	g12820
ECA1693	g14652
ECA1693	g10976
ECA1693	g13348
ECA1693	g16931
ECA1693	g11390
ECA1693	g13329
ECA1693	g12824
ECA1693	g18058
ECA1693	g15824
ECA1693	g11795
ECA1693	g9331
ECA1693	g6234
ECA1693	g22202
ECA1693	g12822
ECA1693	g9833
ECA1693	g13328
ECA1693	g15825
ECA1693	g13347
ECA1693	g9170
ECA1693	g5233
ECA1693	g10275
ECA1693	g6204
ECA1693	g2385
ECA1693	g19121
ECA1693	g109
ECA1693	g9169
ECA1693	g12871
ECA1693	g12802
ECA1693	g16459
ECA1693	g13696
ECA1693	g6196
ECA1693	g4464
ECA1693	g13354
ECA1693	g6201
ECA1693	g6194
ECA1693	g6193
ECA1693	g13331
ECA1693	g13327
ECA1693	g12827
ECA1693	g13352
ECA1693	g4463
ECA1693	g16458
ECA1693	g13332
ECA1693	g13088
ECA1693	g11415
ECA1693	g2387
ECA1693	g12825
ECA1693	g6202
ECA1693	g15698
ECA1693	g12830
ECA1693	g13333
ECA1693	g13330
ECA1693	g7344
ECA1693	g7336
ECA1693	g7340
ECA1693	g7348
ECA1693	g6197
ECA1693	g6203
ECA1693	g17873
ECA1693	g9673
ECA1693	g12829
ECA1693	g1177
ECA1693	g110
ECA1693	g12794
ECA1693	g11753
ECA1693	g12831
ECA1693	g15697
ECA1693	g6198
ECA1693	g12823
ECA1693	g7629
ECA1693	g12828
ECA1693	g13880
ECA1693	g18061
ECA1693	g22211
ECA1693	g1095
ECA1693	g18056
ECA1693	g6200
ECA1693	g11416
ECA1693	g11389
ECA1693	g11833
ECA1693	g6195
ECA1693	g6199
ECA1693	g2391
ECA1693	g18060
ECA1693	g14442
ECA1693	g15707
ECA1693	g12428
ECA1693	g13326
ECA1693	g14783
ECA1693	g18031
ECA1693	g9298
ECA1693	g12821
ECA742	g14734
ECA742	g9163
ECA742	g11912
ECA742	g14730
ECA742	g22495
ECA742	g20764
ECA742	g14751
ECA742	g7322
ECA742	g3480
ECA742	g14748
ECA742	g15213
ECA742	g10242
ECA742	g1942
ECA742	g3481
ECA742	g14750
ECA742	g4581
ECA742	g14395
ECA742	g20766
ECA742	g17377
ECA742	g12726
ECA742	g12690
ECA742	g15221
ECA742	g12328
ECA742	g10750
ECA742	g14728
ECA742	g12783
ECA742	g10064
ECA742	g1980
ECA742	g12355
ECA742	g1975
ECA742	g1982
ECA742	g1983
ECA742	g14749
ECA742	g14754
ECA742	g4582
ECA742	g14211
ECA742	g11196
ECA742	g15529
ECA742	g15066
ECA742	g15172
ECA742	g4111
ECA742	g15237
ECA742	g14982
ECA742	g14978
ECA742	g240
ECA742	g15222
ECA742	g15215
ECA742	g12356
ECA742	g1974
ECA742	g8121
ECA742	g10207
ECA742	g10065
ECA742	g10066
ECA742	g845
ECA742	g853
ECA742	g849
ECA742	g841
ECA742	g7135
ECA742	g16076
ECA742	g1979
ECA742	g1973
ECA742	g9373
ECA742	g14753
ECA742	g22135
ECA742	g10596
ECA742	g20765
ECA742	g4898
ECA742	g16075
ECA742	g12686
ECA742	g8122
ECA742	g1972
ECA742	g1978
ECA742	g21737
ECA742	g15219
ECA742	g14735
ECA742	g7325
ECA742	g22144
ECA742	g4980
ECA742	g7320
ECA742	g1976
ECA742	g14755
ECA742	g15239
ECA742	g15220
ECA742	g1981
ECA742	g14752
ECA742	g15212
ECA742	g1977
ECA742	g20760
ECA742	g7324
ECA742	g15218
ECA742	g15216
ECA742	g15214
ECA742	g8111
ECA742	g9027
ECA742	g7295
ECA1243	g7793
ECA1243	g17935
ECA1243	g12670
ECA1243	g19834
ECA1243	g7288
ECA1243	g7817
ECA1243	g7797
ECA1243	g3283
ECA1243	g13826
ECA1243	g7284
ECA1243	g8815
ECA1243	g1208
ECA1243	g7308
ECA1243	g7307
ECA1243	g21630
ECA1243	g3109
ECA1243	g7820
ECA1243	g9333
ECA1243	g7788
ECA1243	g7792
ECA1243	g11368
ECA1243	g11375
ECA1243	g11288
ECA1243	g9784
ECA1243	g17936
ECA1243	g5119
ECA1243	g1176
ECA1243	g7818
ECA1243	g7744
ECA1243	g7826
ECA1243	g7786
ECA1243	g1170
ECA1243	g7311
ECA1243	g6933
ECA1243	g1173
ECA1243	g7282
ECA1243	g7785
ECA1243	g11333
ECA1243	g1171
ECA1243	g7815
ECA1243	g7306
ECA1243	g1174
ECA1243	g7309
ECA1243	g7310
ECA1243	g13827
ECA1243	g10948
ECA1243	g10947
ECA1243	g7289
ECA1243	g1172
ECA1243	g7795
ECA1243	g7305
ECA1243	g7547
ECA1243	g10915
ECA1243	g17934
ECA1243	g7787
ECA1243	g214
ECA1243	g7789
ECA1243	g8663
ECA1243	g15873
ECA1243	g13696
ECA1243	g22494
ECA1243	g2303
ECA1243	g7303
ECA1243	g3281
ECA1243	g9171
ECA1243	g14455
ECA1243	g1177
ECA1243	g20886
ECA1243	g3256
ECA1243	g14918
ECA1243	g10498
ECA1243	g7819
ECA1243	g19833
ECA1243	g3286
ECA1243	g21621
ECA1243	g20805
ECA1243	g7312
ECA1243	g15872
ECA1243	g6753
ECA1243	g7794
ECA1243	g17930
ECA1243	g1175
ECA1243	g3285
ECA1243	g8662
ECA1243	g12459
ECA1243	g1178
ECA1243	g7304
ECA1243	g7791
ECA1243	g8194
ECA1243	g13697
ECA1243	g12800
ECA1243	g13707
ECA1243	g8782
ECA1243	g7796
ECA1228	g5077
ECA1228	g793
ECA1228	g3486
ECA1228	g18227
ECA1228	g11466
ECA1228	g1659
ECA1228	g17139
ECA1228	g6193
ECA1228	g783
ECA1228	g1826
ECA1228	g9472
ECA1228	g9433
ECA1228	g792
ECA1228	g4245
ECA1228	g531
ECA1228	g786
ECA1228	g301
ECA1228	g817
ECA1228	g6192
ECA1228	g18353
ECA1228	g7431
ECA1228	g784
ECA1228	g14767
ECA1228	g741
ECA1228	g6165
ECA1228	g3895
ECA1228	g16373
ECA1228	g2344
ECA1228	g9435
ECA1228	g791
ECA1228	g276
ECA1228	g297
ECA1228	g1792
ECA1228	g790
ECA1228	g9432
ECA1228	g789
ECA1228	g9436
ECA1228	g278
ECA1228	g22378
ECA1228	g1180
ECA1228	g6474
ECA1228	g788
ECA1228	g3928
ECA1228	g3927
ECA1228	g17610
ECA1228	g781
ECA1228	g1660
ECA1228	g16590
ECA1228	g8490
ECA1228	g815
ECA1228	g9437
ECA1228	g4296
ECA1228	g19730
ECA1228	g18354
ECA1228	g10551
ECA1228	g9438
ECA1228	g2782
ECA1228	g9440
ECA1228	g299
ECA1228	g2186
ECA1228	g6009
ECA1228	g814
ECA1228	g11467
ECA1228	g7512
ECA1228	g4241
ECA1228	g9441
ECA1228	g19728
ECA1228	g10826
ECA1228	g22190
ECA1228	g811
ECA1228	g19724
ECA1228	g782
ECA1228	g283
ECA1228	g6196
ECA1228	g5086
ECA1228	g9434
ECA1228	g16374
ECA1228	g298
ECA1228	g296
ECA1228	g6195
ECA1228	g282
ECA1228	g646
ECA1228	g813
ECA1228	g818
ECA1228	g19729
ECA1228	g6190
ECA1228	g785
ECA1228	g9439
ECA1228	g300
ECA1228	g19252
ECA1228	g18226
ECA1228	g18343
ECA1228	g4342
ECA1260	g19570
ECA1260	g41
ECA1260	g3495
ECA1260	g19544
ECA1260	g19575
ECA1260	g19566
ECA1260	g17609
ECA1260	g11437
ECA1260	g20095
ECA1260	g3105
ECA1260	g6783
ECA1260	g20071
ECA1260	g20072
ECA1260	g12312
ECA1260	g2589
ECA1260	g19571
ECA1260	g16740
ECA1260	g11308
ECA1260	g16656
ECA1260	g2147
ECA1260	g20395
ECA1260	g4943
ECA1260	g6815
ECA1260	g11438
ECA1260	g3141
ECA1260	g19538
ECA1260	g6822
ECA1260	g6819
ECA1260	g19578
ECA1260	g16703
ECA1260	g6821
ECA1260	g19548
ECA1260	g20073
ECA1260	g6818
ECA1260	g20070
ECA1260	g20069
ECA1260	g6817
ECA1260	g16317
ECA1260	g16316
ECA1260	g20090
ECA1260	g20396
ECA1260	g6820
ECA1260	g19568
ECA1260	g20074
ECA1260	g19839
ECA1260	g16283
ECA1260	g20397
ECA1260	g19576
ECA1260	g17434
ECA1260	g21716
ECA1260	g19574
ECA1260	g3271
ECA1260	g18305
ECA1260	g11307
ECA1260	g5409
ECA1260	g20076
ECA1260	g17607
ECA1260	g20091
ECA1260	g2750
ECA1260	g20068
ECA1260	g4016
ECA1260	g6814
ECA1260	g13422
ECA1260	g20097
ECA1260	g19618
ECA1260	g18467
ECA1260	g17582
ECA1260	g19545
ECA1260	g16016
ECA1260	g1441
ECA1260	g18644
ECA1260	g17612
ECA1260	g12321
ECA1260	g13342
ECA1260	g19577
ECA1260	g20067
ECA1260	g5685
ECA1260	g19546
ECA1260	g10446
ECA1260	g18306
ECA1260	g6816
ECA1260	g19569
ECA1260	g20401
ECA1260	g17611
ECA1260	g3272
ECA1260	g254
ECA1260	g6813
ECA1260	g20075
ECA1260	g19572
ECA1260	g9654
ECA1260	g11318
ECA1260	g19567
ECA1260	g3494
ECA3088	g4789
ECA3088	g6401
ECA3088	g6531
ECA3088	g411
ECA3088	g19823
ECA3088	g5305
ECA3088	g22836
ECA3088	g5288
ECA3088	g401
ECA3088	g10537
ECA3088	g10534
ECA3088	g18646
ECA3088	g18643
ECA3088	g5327
ECA3088	g7444
ECA3088	g5332
ECA3088	g22625
ECA3088	g5306
ECA3088	g3705
ECA3088	g4785
ECA3088	g14940
ECA3088	g4786
ECA3088	g10541
ECA3088	g19824
ECA3088	g21896
ECA3088	g10574
ECA3088	g8201
ECA3088	g18935
ECA3088	g5302
ECA3088	g5312
ECA3088	g3361
ECA3088	g3203
ECA3088	g1188
ECA3088	g4775
ECA3088	g7573
ECA3088	g4779
ECA3088	g10536
ECA3088	g3872
ECA3088	g4781
ECA3088	g21900
ECA3088	g18642
ECA3088	g18647
ECA3088	g10535
ECA3088	g1280
ECA3088	g3873
ECA3088	g5310
ECA3088	g10538
ECA3088	g5041
ECA3088	g2762
ECA3088	g4782
ECA3088	g18933
ECA3088	g4776
ECA3088	g1618
ECA3088	g7445
ECA3088	g17655
ECA3088	g7572
ECA3088	g5309
ECA3088	g1645
ECA3088	g11945
ECA3088	g10542
ECA3088	g9571
ECA3088	g2068
ECA3088	g1238
ECA3088	g4784
ECA3088	g17574
ECA3088	g5303
ECA3088	g10539
ECA3088	g10543
ECA3088	g4774
ECA3088	g4778
ECA3088	g4772
ECA3088	g5328
ECA3088	g5311
ECA3088	g1617
ECA3088	g21901
ECA3088	g18932
ECA3088	g11668
ECA3088	g18937
ECA3088	g5304
ECA3088	g5307
ECA3088	g22804
ECA3088	g4783
ECA3088	g10540
ECA3088	g4832
ECA3088	g4355
ECA3088	g21902
ECA3088	g19120
ECA3088	g6182
ECA3088	g7455
ECA3088	g18963
ECA3088	g4773
ECA3088	g3740
ECA3088	g22600
ECA1186	g1046
ECA1186	g6707
ECA1186	g8450
ECA1186	g546
ECA1186	g4468
ECA1186	g1069
ECA1186	g1050
ECA1186	g8163
ECA1186	g542
ECA1186	g2088
ECA1186	g11627
ECA1186	g565
ECA1186	g19689
ECA1186	g1072
ECA1186	g2599
ECA1186	g1041
ECA1186	g16829
ECA1186	g1045
ECA1186	g7983
ECA1186	g6924
ECA1186	g20699
ECA1186	g20630
ECA1186	g3039
ECA1186	g21061
ECA1186	g1924
ECA1186	g14463
ECA1186	g11658
ECA1186	g5561
ECA1186	g998
ECA1186	g1078
ECA1186	g1039
ECA1186	g11664
ECA1186	g568
ECA1186	g11661
ECA1186	g540
ECA1186	g1038
ECA1186	g20672
ECA1186	g11663
ECA1186	g1067
ECA1186	g564
ECA1186	g11660
ECA1186	g567
ECA1186	g5560
ECA1186	g20300
ECA1186	g20299
ECA1186	g547
ECA1186	g21062
ECA1186	g1048
ECA1186	g11662
ECA1186	g4933
ECA1186	g563
ECA1186	g798
ECA1186	g20267
ECA1186	g21063
ECA1186	g1040
ECA1186	g1042
ECA1186	g1925
ECA1186	g186
ECA1186	g5688
ECA1186	g10258
ECA1186	g6580
ECA1186	g10530
ECA1186	g561
ECA1186	g8161
ECA1186	g2438
ECA1186	g11657
ECA1186	g17579
ECA1186	g11656
ECA1186	g19698
ECA1186	g6
ECA1186	g8137
ECA1186	g1070
ECA1186	g3760
ECA1186	g1071
ECA1186	g8449
ECA1186	g12611
ECA1186	g8166
ECA1186	g16828
ECA1186	g17499
ECA1186	g569
ECA1186	g566
ECA1186	g1047
ECA1186	g21067
ECA1186	g11659
ECA1186	g8165
ECA1186	g562
ECA1186	g1044
ECA1186	g1449
ECA1186	g5687
ECA1186	g5678
ECA1186	g2053
ECA1186	g1049
ECA1943	g1103
ECA1943	g20294
ECA1943	g12996
ECA1943	g14561
ECA1943	g1610
ECA1943	g19197
ECA1943	g1080
ECA1943	g1099
ECA1943	g4668
ECA1943	g15884
ECA1943	g1614
ECA1943	g55
ECA1943	g3275
ECA1943	g1591
ECA1943	g3313
ECA1943	g6234
ECA1943	g1077
ECA1943	g17326
ECA1943	g1108
ECA1943	g15885
ECA1943	g1104
ECA1943	g12780
ECA1943	g21835
ECA1943	g21918
ECA1943	g17769
ECA1943	g20295
ECA1943	g3305
ECA1943	g7011
ECA1943	g3307
ECA1943	g91
ECA1943	g1152
ECA1943	g1071
ECA1943	g1110
ECA1943	g3308
ECA1943	g1588
ECA1943	g5504
ECA1943	g3310
ECA1943	g1616
ECA1943	g3312
ECA1943	g1111
ECA1943	g21873
ECA1943	g1082
ECA1943	g1592
ECA1943	g1590
ECA1943	g1589
ECA1943	g4847
ECA1943	g22254
ECA1943	g22255
ECA1943	g1609
ECA1943	g1101
ECA1943	g3311
ECA1943	g19667
ECA1943	g1593
ECA1943	g1352
ECA1943	g22287
ECA1943	g20293
ECA1943	g1109
ECA1943	g3309
ECA1943	g1107
ECA1943	g215
ECA1943	g11067
ECA1943	g14019
ECA1943	g1890
ECA1943	g13127
ECA1943	g2178
ECA1943	g1595
ECA1943	g3306
ECA1943	g4670
ECA1943	g17165
ECA1943	g20289
ECA1943	g14924
ECA1943	g4696
ECA1943	g1079
ECA1943	g18481
ECA1943	g5684
ECA1943	g1078
ECA1943	g14562
ECA1943	g4268
ECA1943	g4665
ECA1943	g6243
ECA1943	g14844
ECA1943	g1587
ECA1943	g694
ECA1943	g11066
ECA1943	g1102
ECA1943	g4666
ECA1943	g216
ECA1943	g1594
ECA1943	g1105
ECA1943	g14020
ECA1943	g14030
ECA1943	g1100
ECA2377	g4436
ECA2377	g21315
ECA2377	g15094
ECA2377	g20424
ECA2377	g4942
ECA2377	g13588
ECA2377	g17342
ECA2377	g4411
ECA2377	g4441
ECA2377	g4432
ECA2377	g16251
ECA2377	g4946
ECA2377	g3396
ECA2377	g12487
ECA2377	g4923
ECA2377	g12449
ECA2377	g4924
ECA2377	g19542
ECA2377	g2882
ECA2377	g4922
ECA2377	g16252
ECA2377	g4437
ECA2377	g882
ECA2377	g964
ECA2377	g2444
ECA2377	g12457
ECA2377	g7992
ECA2377	g12455
ECA2377	g3432
ECA2377	g16130
ECA2377	g4405
ECA2377	g4443
ECA2377	g12454
ECA2377	g5295
ECA2377	g12452
ECA2377	g4948
ECA2377	g12450
ECA2377	g4444
ECA2377	g917
ECA2377	g4415
ECA2377	g4925
ECA2377	g4921
ECA2377	g1292
ECA2377	g1293
ECA2377	g4941
ECA2377	g4434
ECA2377	g12451
ECA2377	g4926
ECA2377	g4685
ECA2377	g1325
ECA2377	g15224
ECA2377	g21316
ECA2377	g4442
ECA2377	g12453
ECA2377	g4440
ECA2377	g3557
ECA2377	g16119
ECA2377	g16118
ECA2377	g13866
ECA2377	g6023
ECA2377	g12456
ECA2377	g6201
ECA2377	g16129
ECA2377	g3042
ECA2377	g11120
ECA2377	g4920
ECA2377	g16873
ECA2377	g18895
ECA2377	g19551
ECA2377	g6203
ECA2377	g4484
ECA2377	g4927
ECA2377	g1740
ECA2377	g5475
ECA2377	g20425
ECA2377	g11490
ECA2377	g6206
ECA2377	g18975
ECA2377	g4919
ECA2377	g4413
ECA2377	g4035
ECA2377	g11121
ECA2377	g4412
ECA2377	g4435
ECA2377	g21320
ECA2377	g6205
ECA2377	g3558
ECA2377	g14894
ECA2377	g4438
ECA2377	g21314
ECA2377	g6176
ECA2377	g4433
ECA594	g2800
ECA594	g15011
ECA594	g22279
ECA594	g5952
ECA594	g10870
ECA594	g5087
ECA594	g6443
ECA594	g13658
ECA594	g2828
ECA594	g6423
ECA594	g5956
ECA594	g15899
ECA594	g12578
ECA594	g15901
ECA594	g4923
ECA594	g6425
ECA594	g18633
ECA594	g4401
ECA594	g6422
ECA594	g12579
ECA594	g6442
ECA594	g3960
ECA594	g15010
ECA594	g20603
ECA594	g10869
ECA594	g5961
ECA594	g6774
ECA594	g1926
ECA594	g5932
ECA594	g6002
ECA594	g10876
ECA594	g5934
ECA594	g10873
ECA594	g6449
ECA594	g10874
ECA594	g10875
ECA594	g16182
ECA594	g6426
ECA594	g10872
ECA594	g6421
ECA594	g5959
ECA594	g6447
ECA594	g13197
ECA594	g6427
ECA594	g6198
ECA594	g15012
ECA594	g5957
ECA594	g7339
ECA594	g5962
ECA594	g12450
ECA594	g5954
ECA594	g6424
ECA594	g5086
ECA594	g2416
ECA594	g12449
ECA594	g9469
ECA594	g6429
ECA594	g2802
ECA594	g10868
ECA594	g15897
ECA594	g2829
ECA594	g4564
ECA594	g9741
ECA594	g3251
ECA594	g5922
ECA594	g17242
ECA594	g2456
ECA594	g5963
ECA594	g10871
ECA594	g10867
ECA594	g18642
ECA594	g5955
ECA594	g2379
ECA594	g5960
ECA594	g15872
ECA594	g10837
ECA594	g6428
ECA594	g15902
ECA594	g1925
ECA594	g17162
ECA594	g2801
ECA594	g5927
ECA594	g15716
ECA594	g15016
ECA594	g22495
ECA594	g6951
ECA594	g5568
ECA594	g6420
ECA594	g11552
ECA594	g12460
ECA594	g4959
ECA594	g5953
ECA706	g7299
ECA706	g10442
ECA706	g20831
ECA706	g17765
ECA706	g13903
ECA706	g6805
ECA706	g8175
ECA706	g20019
ECA706	g7323
ECA706	g7294
ECA706	g221
ECA706	g7303
ECA706	g13621
ECA706	g18926
ECA706	g13623
ECA706	g1222
ECA706	g10850
ECA706	g1184
ECA706	g6822
ECA706	g16357
ECA706	g7326
ECA706	g8851
ECA706	g8338
ECA706	g10441
ECA706	g6453
ECA706	g14881
ECA706	g11336
ECA706	g18927
ECA706	g7298
ECA706	g6806
ECA706	g6824
ECA706	g20832
ECA706	g4615
ECA706	g1190
ECA706	g7324
ECA706	g6801
ECA706	g7252
ECA706	g7332
ECA706	g7292
ECA706	g10415
ECA706	g10767
ECA706	g1187
ECA706	g6799
ECA706	g6823
ECA706	g7291
ECA706	g1185
ECA706	g7321
ECA706	g6821
ECA706	g6825
ECA706	g13444
ECA706	g1186
ECA706	g7301
ECA706	g19548
ECA706	g6820
ECA706	g7058
ECA706	g20830
ECA706	g10004
ECA706	g7293
ECA706	g7295
ECA706	g8176
ECA706	g10814
ECA706	g2583
ECA706	g2306
ECA706	g1188
ECA706	g1191
ECA706	g13619
ECA706	g8690
ECA706	g14962
ECA706	g10771
ECA706	g6273
ECA706	g6819
ECA706	g9297
ECA706	g7325
ECA706	g13902
ECA706	g13624
ECA706	g16348
ECA706	g11337
ECA706	g6826
ECA706	g1189
ECA706	g21829
ECA706	g1192
ECA706	g18798
ECA706	g7300
ECA706	g20826
ECA706	g7297
ECA706	g7701
ECA706	g18799
ECA706	g17895
ECA706	g18809
ECA706	g13595
ECA706	g8304
ECA706	g7302
MY23	g17394
MY23	g14688
MY23	g12379
MY23	g13858
MY23	g14668
MY23	g10336
MY23	g751
MY23	g14290
MY23	g14971
MY23	g17420
MY23	g14269
MY23	g14664
MY23	g2186
MY23	g6298
MY23	g2188
MY23	g917
MY23	g14271
MY23	g18408
MY23	g1446
MY23	g14268
MY23	g6299
MY23	g14288
MY23	g9281
MY23	g12378
MY23	g4648
MY23	g10337
MY23	g14659
MY23	g19827
MY23	g14618
MY23	g10330
MY23	g17395
MY23	g14686
MY23	g21036
MY23	g10333
MY23	g14296
MY23	g10332
MY23	g3367
MY23	g10331
MY23	g14272
MY23	g10334
MY23	g14267
MY23	g14661
MY23	g14294
MY23	g17660
MY23	g14273
MY23	g14042
MY23	g12380
MY23	g14663
MY23	g21976
MY23	g14658
MY23	g20558
MY23	g14666
MY23	g14270
MY23	g752
MY23	g17022
MY23	g20559
MY23	g16819
MY23	g3366
MY23	g14275
MY23	g10338
MY23	g2184
MY23	g1280
MY23	g11078
MY23	g8575
MY23	g14700
MY23	g3673
MY23	g17062
MY23	g14657
MY23	g10335
MY23	g10339
MY23	g14665
MY23	g16984
MY23	g14660
MY23	g21957
MY23	g2159
MY23	g10369
MY23	g14274
MY23	g2189
MY23	g18399
MY23	g19826
MY23	g3754
MY23	g17421
MY23	g14694
MY23	g2004
MY23	g12384
MY23	g20616
MY23	g276
MY23	g14266
MY23	g11937
MY23	g20548
MY23	g881
MY23	g14667
ECA1255	g4309
ECA1255	g2499
ECA1255	g5065
ECA1255	g20532
ECA1255	g2479
ECA1255	g12165
ECA1255	g1963
ECA1255	g20946
ECA1255	g1983
ECA1255	g2475
ECA1255	g697
ECA1255	g13406
ECA1255	g695
ECA1255	g7689
ECA1255	g12132
ECA1255	g1981
ECA1255	g4280
ECA1255	g2735
ECA1255	g1984
ECA1255	g13407
ECA1255	g1964
ECA1255	g7851
ECA1255	g1978
ECA1255	g9985
ECA1255	g3173
ECA1255	g8413
ECA1255	g12164
ECA1255	g7852
ECA1255	g14065
ECA1255	g2429
ECA1255	g12171
ECA1255	g2497
ECA1255	g7179
ECA1255	g1607
ECA1255	g12168
ECA1255	g1957
ECA1255	g12169
ECA1255	g12166
ECA1255	g7178
ECA1255	g12170
ECA1255	g1980
ECA1255	g12167
ECA1255	g1985
ECA1255	g2472
ECA1255	g1959
ECA1255	g12163
ECA1255	g19167
ECA1255	g1979
ECA1255	g2216
ECA1255	g4307
ECA1255	g5066
ECA1255	g2474
ECA1255	g2469
ECA1255	g13279
ECA1255	g2477
ECA1255	g1982
ECA1255	g4681
ECA1255	g13278
ECA1255	g10752
ECA1255	g11031
ECA1255	g4281
ECA1255	g699
ECA1255	g7343
ECA1255	g2470
ECA1255	g2505
ECA1255	g6127
ECA1255	g4641
ECA1255	g2468
ECA1255	g12162
ECA1255	g873
ECA1255	g20741
ECA1255	g2476
ECA1255	g4717
ECA1255	g2471
ECA1255	g1426
ECA1255	g724
ECA1255	g3880
ECA1255	g694
ECA1255	g16737
ECA1255	g14066
ECA1255	g6207
ECA1255	g4308
ECA1255	g5070
ECA1255	g5064
ECA1255	g235
ECA1255	g1986
ECA1255	g16746
ECA1255	g13187
ECA1255	g13289
ECA1255	g7724
ECA1255	g2478
ECA2111	g2423
ECA2111	g2451
ECA2111	g12234
ECA2111	g10649
ECA2111	g11173
ECA2111	g20618
ECA2111	g11153
ECA2111	g10653
ECA2111	g3474
ECA2111	g19531
ECA2111	g15792
ECA2111	g3472
ECA2111	g2803
ECA2111	g344
ECA2111	g848
ECA2111	g2450
ECA2111	g11152
ECA2111	g19532
ECA2111	g11171
ECA2111	g184
ECA2111	g19403
ECA2111	g7613
ECA2111	g1293
ECA2111	g12235
ECA2111	g5560
ECA2111	g15785
ECA2111	g183
ECA2111	g16488
ECA2111	g10629
ECA2111	g10699
ECA2111	g10631
ECA2111	g9519
ECA2111	g2422
ECA2111	g11179
ECA2111	g8461
ECA2111	g15791
ECA2111	g11155
ECA2111	g11151
ECA2111	g10656
ECA2111	g11177
ECA2111	g11538
ECA2111	g15788
ECA2111	g15790
ECA2111	g20155
ECA2111	g11156
ECA2111	g10921
ECA2111	g14654
ECA2111	g12233
ECA2111	g10654
ECA2111	g10659
ECA2111	g15787
ECA2111	g10651
ECA2111	g2846
ECA2111	g11154
ECA2111	g19402
ECA2111	g14378
ECA2111	g11158
ECA2111	g18159
ECA2111	g3476
ECA2111	g3646
ECA2111	g2760
ECA2111	g686
ECA2111	g10658
ECA2111	g15784
ECA2111	g2763
ECA2111	g10623
ECA2111	g10660
ECA2111	g15783
ECA2111	g21463
ECA2111	g10652
ECA2111	g10657
ECA2111	g8460
ECA2111	g11717
ECA2111	g3500
ECA2111	g2003
ECA2111	g11157
ECA2111	g15753
ECA2111	g3471
ECA2111	g16489
ECA2111	g9438
ECA2111	g21472
ECA2111	g15786
ECA2111	g12229
ECA2111	g15789
ECA2111	g10266
ECA2111	g11150
ECA2111	g18506
ECA2111	g18368
ECA2111	g19413
ECA2111	g311
ECA2111	g10650
ECA2968	g2428
ECA2968	g4328
ECA2968	g22584
ECA2968	g9321
ECA2968	g4308
ECA2968	g1994
ECA2968	g3813
ECA2968	g2401
ECA2968	g3832
ECA2968	g4304
ECA2968	g9146
ECA2968	g16147
ECA2968	g2810
ECA2968	g9144
ECA2968	g347
ECA2968	g6211
ECA2968	g2426
ECA2968	g6179
ECA2968	g851
ECA2968	g3833
ECA2968	g16146
ECA2968	g6181
ECA2968	g3814
ECA2968	g185
ECA2968	g1292
ECA2968	g22585
ECA2968	g11467
ECA2968	g16275
ECA2968	g184
ECA2968	g20512
ECA2968	g4258
ECA2968	g4326
ECA2968	g3461
ECA2968	g6175
ECA2968	g3807
ECA2968	g6174
ECA2968	g17308
ECA2968	g8856
ECA2968	g3830
ECA2968	g3834
ECA2968	g4301
ECA2968	g3809
ECA2968	g15049
ECA2968	g15519
ECA2968	g3829
ECA2968	g4063
ECA2968	g22583
ECA2968	g4303
ECA2968	g5210
ECA2968	g4298
ECA2968	g6176
ECA2968	g3828
ECA2968	g4306
ECA2968	g3831
ECA2968	g16276
ECA2968	g22761
ECA2968	g7587
ECA2968	g7308
ECA2968	g18508
ECA2968	g6180
ECA2968	g9148
ECA2968	g18499
ECA2968	g692
ECA2968	g4299
ECA2968	g4334
ECA2968	g7797
ECA2968	g2767
ECA2968	g4297
ECA2968	g6177
ECA2968	g6178
ECA2968	g17526
ECA2968	g6172
ECA2968	g6173
ECA2968	g4305
ECA2968	g4300
ECA2968	g8857
ECA2968	g3283
ECA2968	g9173
ECA2968	g9143
ECA2968	g20513
ECA2968	g7876
ECA2968	g2427
ECA2968	g2400
ECA2968	g2849
ECA2968	g22578
ECA2968	g4696
ECA2968	g3835
ECA2968	g17174
ECA2968	g16265
ECA2968	g312
ECA2968	g4307
ECA923	g12682
ECA923	g12709
ECA923	g7712
ECA923	g13874
ECA923	g8569
ECA923	g3017
ECA923	g19850
ECA923	g21921
ECA923	g21142
ECA923	g271
ECA923	g9727
ECA923	g21164
ECA923	g19686
ECA923	g15589
ECA923	g20715
ECA923	g20692
ECA923	g21166
ECA923	g15557
ECA923	g19178
ECA923	g12708
ECA923	g21141
ECA923	g20720
ECA923	g13039
ECA923	g21146
ECA923	g20718
ECA923	g18736
ECA923	g7713
ECA923	g15559
ECA923	g21509
ECA923	g3952
ECA923	g20762
ECA923	g21500
ECA923	g21510
ECA923	g20712
ECA923	g5631
ECA923	g15553
ECA923	g12681
ECA923	g15552
ECA923	g20693
ECA923	g13117
ECA923	g13081
ECA923	g20711
ECA923	g21144
ECA923	g15554
ECA923	g21140
ECA923	g9728
ECA923	g10347
ECA923	g20921
ECA923	g7711
ECA923	g19849
ECA923	g9596
ECA923	g9606
ECA923	g21143
ECA923	g9595
ECA923	g16975
ECA923	g16696
ECA923	g15558
ECA923	g20719
ECA923	g273
ECA923	g21499
ECA923	g20721
ECA923	g19337
ECA923	g20713
ECA923	g1952
ECA923	g15555
ECA923	g15556
ECA923	g15550
ECA923	g15551
ECA923	g20695
ECA923	g12273
ECA923	g10813
ECA923	g3018
ECA923	g20714
ECA923	g21159
ECA923	g268
ECA923	g13883
ECA923	g5632
ECA923	g2034
ECA923	g21145
ECA923	g7707
ECA923	g269
ECA923	g8341
ECA923	g20717
ECA923	g19720
ECA923	g21160
ECA923	g21685
ECA923	g20318
ECA923	g21139
ECA923	g8706
ECA923	g297
ECA923	g449
JU346	g7798
JU346	g2321
JU346	g19845
JU346	g4720
JU346	g8232
JU346	g1505
JU346	g4765
JU346	g4272
JU346	g7824
JU346	g11887
JU346	g9925
JU346	g7417
JU346	g4763
JU346	g11885
JU346	g5783
JU346	g4792
JU346	g15215
JU346	g9371
JU346	g5621
JU346	g4291
JU346	g9691
JU346	g8932
JU346	g2320
JU346	g17816
JU346	g1504
JU346	g5620
JU346	g14652
JU346	g1511
JU346	g4761
JU346	g7799
JU346	g4790
JU346	g4293
JU346	g1508
JU346	g4767
JU346	g1509
JU346	g4762
JU346	g16263
JU346	g1510
JU346	g4289
JU346	g4771
JU346	g1507
JU346	g4268
JU346	g3916
JU346	g3144
JU346	g9926
JU346	g4286
JU346	g4772
JU346	g3611
JU346	g4288
JU346	g2322
JU346	g16875
JU346	g4266
JU346	g18565
JU346	g95
JU346	g12073
JU346	g1503
JU346	g11889
JU346	g22174
JU346	g4290
JU346	g369
JU346	g4798
JU346	g7459
JU346	g1506
JU346	g1502
JU346	g19629
JU346	g3735
JU346	g1472
JU346	g4524
JU346	g11884
JU346	g16866
JU346	g14651
JU346	g15294
JU346	g4294
JU346	g7825
JU346	g4622
JU346	g4273
JU346	g4292
JU346	g7379
JU346	g18566
JU346	g4769
JU346	g2326
JU346	g4770
JU346	g4764
JU346	g16264
JU346	g4768
JU346	g4287
JU346	g5153
JU346	g19465
JU346	g18555
JU346	g11915
JU346	g5748
NIC1790	g3333
NIC1790	g21503
NIC1790	g14577
NIC1790	g1098
NIC1790	g4929
NIC1790	g263
NIC1790	g6807
NIC1790	g13413
NIC1790	g241
NIC1790	g3687
NIC1790	g235
NIC1790	g6809
NIC1790	g1256
NIC1790	g17564
NIC1790	g13412
NIC1790	g3305
NIC1790	g5609
NIC1790	g1766
NIC1790	g3306
NIC1790	g3332
NIC1790	g238
NIC1790	g5602
NIC1790	g15370
NIC1790	g265
NIC1790	g266
NIC1790	g2206
NIC1790	g21504
NIC1790	g5606
NIC1790	g7088
NIC1790	g9963
NIC1790	g3636
NIC1790	g15929
NIC1790	g15905
NIC1790	g3640
NIC1790	g273
NIC1790	g15903
NIC1790	g5607
NIC1790	g233
NIC1790	g5608
NIC1790	g15927
NIC1790	g5605
NIC1790	g240
NIC1790	g15930
NIC1790	g15555
NIC1790	g245
NIC1790	g3732
NIC1790	g12776
NIC1790	g15926
NIC1790	g19
NIC1790	g21502
NIC1790	g6561
NIC1790	g15910
NIC1790	g1099
NIC1790	g13543
NIC1790	g234
NIC1790	g13544
NIC1790	g16187
NIC1790	g16474
NIC1790	g15924
NIC1790	g5601
NIC1790	g6805
NIC1790	g1606
NIC1790	g15928
NIC1790	g8138
NIC1790	g5604
NIC1790	g5600
NIC1790	g192
NIC1790	g262
NIC1790	g2903
NIC1790	g6810
NIC1790	g4496
NIC1790	g19725
NIC1790	g8057
NIC1790	g15931
NIC1790	g6634
NIC1790	g19724
NIC1790	g5603
NIC1790	g242
NIC1790	g21498
NIC1790	g237
NIC1790	g14809
NIC1790	g1224
NIC1790	g15909
NIC1790	g15925
NIC1790	g236
NIC1790	g625
NIC1790	g243
NIC1790	g14444
NIC1790	g13533
NIC1790	g6781
NIC1790	g244
NIC1792	g7821
NIC1792	g17776
NIC1792	g20429
NIC1792	g15424
NIC1792	g5575
NIC1792	g4739
NIC1792	g13338
NIC1792	g15300
NIC1792	g4710
NIC1792	g13340
NIC1792	g5739
NIC1792	g2754
NIC1792	g7793
NIC1792	g2793
NIC1792	g4258
NIC1792	g6246
NIC1792	g7820
NIC1792	g4713
NIC1792	g2786
NIC1792	g21502
NIC1792	g4741
NIC1792	g4742
NIC1792	g8155
NIC1792	g6683
NIC1792	g17775
NIC1792	g2790
NIC1792	g11074
NIC1792	g4260
NIC1792	g4235
NIC1792	g22004
NIC1792	g15299
NIC1792	g4747
NIC1792	g4233
NIC1792	g2791
NIC1792	g4708
NIC1792	g8234
NIC1792	g8197
NIC1792	g2792
NIC1792	g4257
NIC1792	g2789
NIC1792	g4715
NIC1792	g4261
NIC1792	g7794
NIC1792	g19390
NIC1792	g4720
NIC1792	g14660
NIC1792	g4256
NIC1792	g4495
NIC1792	g17777
NIC1792	g3754
NIC1792	g4240
NIC1792	g5576
NIC1792	g4709
NIC1792	g1373
NIC1792	g1657
NIC1792	g4254
NIC1792	g2785
NIC1792	g13336
NIC1792	g6086
NIC1792	g4259
NIC1792	g16477
NIC1792	g2788
NIC1792	g2784
NIC1792	g4716
NIC1792	g4667
NIC1792	g4738
NIC1792	g7386
NIC1792	g14183
NIC1792	g13341
NIC1792	g8994
NIC1792	g22003
NIC1792	g16397
NIC1792	g4262
NIC1792	g19379
NIC1792	g19389
NIC1792	g2787
NIC1792	g4717
NIC1792	g21319
NIC1792	g17781
NIC1792	g4712
NIC1792	g20663
NIC1792	g5706
NIC1792	g4239
NIC1792	g4255
NIC1792	g4711
NIC1792	g5103
NIC1792	g4718
NIC1792	g20298
NIC1792	g13312
NIC1792	g13162
NIC1792	g4719
QG4021	g4046
QG4021	g4019
QG4021	g17037
QG4021	g5777
QG4021	g9566
QG4021	g11227
QG4021	g12667
QG4021	g6983
QG4021	g11249
QG4021	g11255
QG4021	g12665
QG4021	g3668
QG4021	g9729
QG4021	g4385
QG4021	g1785
QG4021	g10233
QG4021	g4020
QG4021	g11252
QG4021	g17231
QG4021	g6982
QG4021	g11225
QG4021	g11224
QG4021	g12281
QG4021	g17038
QG4021	g743
QG4021	g4353
QG4021	g7113
QG4021	g13871
QG4021	g11704
QG4021	g11729
QG4021	g4347
QG4021	g11218
QG4021	g4350
QG4021	g4047
QG4021	g11731
QG4021	g4349
QG4021	g11257
QG4021	g4348
QG4021	g11707
QG4021	g4351
QG4021	g11250
QG4021	g11703
QG4021	g14507
QG4021	g11245
QG4021	g18183
QG4021	g11708
QG4021	g11471
QG4021	g17036
QG4021	g21687
QG4021	g11724
QG4021	g9567
QG4021	g7103
QG4021	g11256
QG4021	g3625
QG4021	g7114
QG4021	g17441
QG4021	g5481
QG4021	g11710
QG4021	g4354
QG4021	g12669
QG4021	g10074
QG4021	g11705
QG4021	g3710
QG4021	g18457
QG4021	g4355
QG4021	g11299
QG4021	g11228
QG4021	g8546
QG4021	g3202
QG4021	g11706
QG4021	g12664
QG4021	g1796
QG4021	g18537
QG4021	g11702
QG4021	g4218
QG4021	g11248
QG4021	g17232
QG4021	g17032
QG4021	g11253
QG4021	g4352
QG4021	g5985
QG4021	g9695
QG4021	g11725
QG4021	g11709
QG4021	g11254
QG4021	g14047
QG4021	g9100
QG4021	g11247
QG4021	g8013
QG4021	g12693
QG4021	g11246
XZ1513	g13170
XZ1513	g18196
XZ1513	g4032
XZ1513	g19502
XZ1513	g13607
XZ1513	g13197
XZ1513	g3527
XZ1513	g4028
XZ1513	g17068
XZ1513	g6060
XZ1513	g3503
XZ1513	g12793
XZ1513	g17066
XZ1513	g21463
XZ1513	g12285
XZ1513	g4052
XZ1513	g3501
XZ1513	g12316
XZ1513	g14743
XZ1513	g3528
XZ1513	g12314
XZ1513	g21300
XZ1513	g14308
XZ1513	g18197
XZ1513	g1528
XZ1513	g21299
XZ1513	g10928
XZ1513	g3983
XZ1513	g4050
XZ1513	g22263
XZ1513	g12320
XZ1513	g12321
XZ1513	g16785
XZ1513	g3525
XZ1513	g3529
XZ1513	g4025
XZ1513	g7149
XZ1513	g6679
XZ1513	g3523
XZ1513	g3761
XZ1513	g2720
XZ1513	g18195
XZ1513	g4027
XZ1513	g4022
XZ1513	g12319
XZ1513	g4030
XZ1513	g3526
XZ1513	g22451
XZ1513	g20534
XZ1513	g11418
XZ1513	g3521
XZ1513	g12315
XZ1513	g17070
XZ1513	g17251
XZ1513	g11427
XZ1513	g21805
XZ1513	g4023
XZ1513	g4058
XZ1513	g12836
XZ1513	g4021
XZ1513	g12318
XZ1513	g12317
XZ1513	g19739
XZ1513	g12323
XZ1513	g12322
XZ1513	g4029
XZ1513	g4024
XZ1513	g22083
XZ1513	g17095
XZ1513	g3522
XZ1513	g3508
XZ1513	g17065
XZ1513	g10927
XZ1513	g15195
XZ1513	g2796
XZ1513	g13171
XZ1513	g13198
XZ1513	g12755
XZ1513	g5931
XZ1513	g18191
XZ1513	g16786
XZ1513	g3507
XZ1513	g13172
XZ1513	g9726
XZ1513	g5932
XZ1513	g3530
XZ1513	g5029
XZ1513	g5942
XZ1513	g6061
XZ1513	g21428
XZ1513	g4031
CB4856	g5821
CB4856	g2777
CB4856	g10623
CB4856	g2704
CB4856	g14572
CB4856	g2749
CB4856	g2262
CB4856	g20322
CB4856	g1789
CB4856	g2747
CB4856	g1791
CB4856	g14533
CB4856	g11775
CB4856	g6882
CB4856	g17515
CB4856	g4260
CB4856	g5820
CB4856	g11646
CB4856	g6155
CB4856	g2281
CB4856	g14542
CB4856	g12827
CB4856	g14540
CB4856	g21757
CB4856	g3601
CB4856	g2745
CB4856	g5793
CB4856	g17895
CB4856	g2774
CB4856	g2283
CB4856	g14536
CB4856	g2256
CB4856	g2751
CB4856	g11776
CB4856	g14534
CB4856	g6201
CB4856	g2746
CB4856	g2279
CB4856	g2755
CB4856	g14535
CB4856	g2258
CB4856	g6238
CB4856	g14538
CB4856	g3759
CB4856	g2756
CB4856	g21578
CB4856	g21279
CB4856	g21267
CB4856	g2278
CB4856	g17897
CB4856	g14537
CB4856	g19666
CB4856	g3602
CB4856	g11645
CB4856	g15642
CB4856	g2276
CB4856	g2512
CB4856	g14541
CB4856	g1787
CB4856	g4099
CB4856	g2280
CB4856	g2783
CB4856	g16844
CB4856	g17516
CB4856	g5383
CB4856	g4684
CB4856	g17896
CB4856	g2263
CB4856	g1792
CB4856	g6873
CB4856	g16765
CB4856	g2284
CB4856	g2607
CB4856	g15915
CB4856	g1616
CB4856	g2282
CB4856	g14539
CB4856	g14393
CB4856	g2753
CB4856	g17901
CB4856	g2754
CB4856	g2748
CB4856	g10407
CB4856	g2752
CB4856	g2277
CB4856	g3131
CB4856	g10753
CB4856	g11656
CB4856	g1763
CB4856	g3726
DL238	g8853
DL238	g15190
DL238	g3114
DL238	g19535
DL238	g9350
DL238	g7983
DL238	g11846
DL238	g17549
DL238	g10753
DL238	g9354
DL238	g8851
DL238	g9331
DL238	g3153
DL238	g1238
DL238	g18788
DL238	g7307
DL238	g7303
DL238	g10754
DL238	g6851
DL238	g534
DL238	g3144
DL238	g8849
DL238	g13555
DL238	g3146
DL238	g8822
DL238	g8823
DL238	g21001
DL238	g9356
DL238	g3152
DL238	g9332
DL238	g8847
DL238	g9330
DL238	g9329
DL238	g3148
DL238	g18446
DL238	g18445
DL238	g9349
DL238	g3151
DL238	g11377
DL238	g9333
DL238	g9092
DL238	g18413
DL238	g8850
DL238	g8824
DL238	g7816
DL238	g15191
DL238	g3149
DL238	g4126
DL238	g7982
DL238	g8826
DL238	g10621
DL238	g1741
DL238	g2017
DL238	g9335
DL238	g5850
DL238	g3145
DL238	g756
DL238	g17551
DL238	g9726
DL238	g15189
DL238	g18834
DL238	g18784
DL238	g7470
DL238	g18867
DL238	g9328
DL238	g4795
DL238	g8894
DL238	g20821
DL238	g17576
DL238	g8846
DL238	g6141
DL238	g17546
DL238	g1229
DL238	g19536
DL238	g4875
DL238	g9327
DL238	g8845
DL238	g17726
DL238	g8455
DL238	g3147
DL238	g15195
DL238	g8843
DL238	g17547
DL238	g9334
DL238	g10622
DL238	g10633
DL238	g8852
DL238	g7852
DL238	g8844
DL238	g3150
ECA1757	g6515
ECA1757	g10914
ECA1757	g14621
ECA1757	g5203
ECA1757	g542
ECA1757	g8803
ECA1757	g18975
ECA1757	g4732
ECA1757	g5199
ECA1757	g2759
ECA1757	g20066
ECA1757	g4707
ECA1757	g2761
ECA1757	g8635
ECA1757	g4730
ECA1757	g20065
ECA1757	g5223
ECA1757	g4705
ECA1757	g3042
ECA1757	g8101
ECA1757	g4733
ECA1757	g13647
ECA1757	g7664
ECA1757	g10913
ECA1757	g4024
ECA1757	g15989
ECA1757	g543
ECA1757	g5154
ECA1757	g536
ECA1757	g6516
ECA1757	g5221
ECA1757	g4357
ECA1757	g539
ECA1757	g538
ECA1757	g20195
ECA1757	g537
ECA1757	g4729
ECA1757	g540
ECA1757	g4734
ECA1757	g5196
ECA1757	g19439
ECA1757	g4728
ECA1757	g4958
ECA1757	g10915
ECA1757	g5198
ECA1757	g12984
ECA1757	g5193
ECA1757	g5201
ECA1757	g4731
ECA1757	g8802
ECA1757	g6134
ECA1757	g20196
ECA1757	g1942
ECA1757	g4726
ECA1757	g6543
ECA1757	g544
ECA1757	g2757
ECA1757	g5056
ECA1757	g8271
ECA1757	g5194
ECA1757	g1667
ECA1757	g6964
ECA1757	g5229
ECA1757	g4104
ECA1757	g6175
ECA1757	g541
ECA1757	g545
ECA1757	g14405
ECA1757	g21619
ECA1757	g5200
ECA1757	g6095
ECA1757	g5195
ECA1757	g4174
ECA1757	g2732
ECA1757	g575
ECA1757	g4727
ECA1757	g4712
ECA1757	g2762
ECA1757	g12983
ECA1757	g5192
ECA1757	g6544
ECA1757	g2578
ECA1757	g10919
ECA1757	g4711
ECA1757	g9279
ECA1757	g4735
ECA1757	g21089
ECA1757	g20186
ECA1757	g8670
ECA1757	g5202
ECA1843	g1191
ECA1843	g17145
ECA1843	g2055
ECA1843	g1611
ECA1843	g5217
ECA1843	g19408
ECA1843	g10480
ECA1843	g18309
ECA1843	g4752
ECA1843	g10662
ECA1843	g5200
ECA1843	g3713
ECA1843	g8510
ECA1843	g5197
ECA1843	g18310
ECA1843	g448
ECA1843	g12071
ECA1843	g8542
ECA1843	g12070
ECA1843	g21380
ECA1843	g5199
ECA1843	g14899
ECA1843	g4793
ECA1843	g4744
ECA1843	g21385
ECA1843	g4725
ECA1843	g3203
ECA1843	g5224
ECA1843	g8549
ECA1843	g8544
ECA1843	g5198
ECA1843	g8551
ECA1843	g8552
ECA1843	g5222
ECA1843	g5567
ECA1843	g10200
ECA1843	g1610
ECA1843	g2759
ECA1843	g21384
ECA1843	g3881
ECA1843	g18941
ECA1843	g5218
ECA1843	g4728
ECA1843	g4978
ECA1843	g4357
ECA1843	g4747
ECA1843	g4743
ECA1843	g4750
ECA1843	g5201
ECA1843	g3880
ECA1843	g18182
ECA1843	g8548
ECA1843	g7412
ECA1843	g4888
ECA1843	g4727
ECA1843	g8541
ECA1843	g5202
ECA1843	g16938
ECA1843	g3359
ECA1843	g12799
ECA1843	g10199
ECA1843	g18181
ECA1843	g8540
ECA1843	g8547
ECA1843	g7128
ECA1843	g5747
ECA1843	g4746
ECA1843	g10477
ECA1843	g439
ECA1843	g12720
ECA1843	g10482
ECA1843	g8543
ECA1843	g8545
ECA1843	g9497
ECA1843	g8550
ECA1843	g1636
ECA1843	g1289
ECA1843	g4745
ECA1843	g4753
ECA1843	g8546
ECA1843	g3717
ECA1843	g10478
ECA1843	g4749
ECA1843	g4751
ECA1843	g18191
ECA1843	g1237
ECA1843	g21386
ECA1843	g17280
ECA1843	g10507
ECA1843	g3753
ECA1889	g3313
ECA1889	g6414
ECA1889	g18538
ECA1889	g19083
ECA1889	g17283
ECA1889	g6434
ECA1889	g6963
ECA1889	g1690
ECA1889	g3340
ECA1889	g6943
ECA1889	g6438
ECA1889	g20968
ECA1889	g2932
ECA1889	g17105
ECA1889	g5408
ECA1889	g13311
ECA1889	g6945
ECA1889	g13273
ECA1889	g15771
ECA1889	g6436
ECA1889	g4902
ECA1889	g6942
ECA1889	g20969
ECA1889	g6962
ECA1889	g5576
ECA1889	g4465
ECA1889	g18537
ECA1889	g11930
ECA1889	g13279
ECA1889	g5577
ECA1889	g7664
ECA1889	g6485
ECA1889	g6416
ECA1889	g7318
ECA1889	g13276
ECA1889	g6969
ECA1889	g13274
ECA1889	g6946
ECA1889	g19301
ECA1889	g18543
ECA1889	g13277
ECA1889	g6941
ECA1889	g6441
ECA1889	g6967
ECA1889	g13275
ECA1889	g2158
ECA1889	g6947
ECA1889	g6710
ECA1889	g3315
ECA1889	g13278
ECA1889	g18539
ECA1889	g16826
ECA1889	g6439
ECA1889	g6444
ECA1889	g6944
ECA1889	g20838
ECA1889	g14702
ECA1889	g14418
ECA1889	g6949
ECA1889	g13280
ECA1889	g17109
ECA1889	g5061
ECA1889	g6443
ECA1889	g3769
ECA1889	g6408
ECA1889	g2977
ECA1889	g6445
ECA1889	g13281
ECA1889	g22511
ECA1889	g6437
ECA1889	g6442
ECA1889	g7499
ECA1889	g6948
ECA1889	g10059
ECA1889	g17104
ECA1889	g7665
ECA1889	g15853
ECA1889	g3314
ECA1889	g3341
ECA1889	g22520
ECA1889	g2893
ECA1889	g6048
ECA1889	g20839
ECA1889	g6940
ECA1889	g19946
ECA1889	g20849
ECA1889	g17134
ECA1889	g5444
ECA1889	g6435
ECA1889	g17107
ECA2081	g6823
ECA2081	g12673
ECA2081	g16060
ECA2081	g12675
ECA2081	g2296
ECA2081	g17210
ECA2081	g3658
ECA2081	g1178
ECA2081	g3654
ECA2081	g1210
ECA2081	g4536
ECA2081	g3136
ECA2081	g20696
ECA2081	g3395
ECA2081	g3161
ECA2081	g3681
ECA2081	g3662
ECA2081	g3664
ECA2081	g3685
ECA2081	g17082
ECA2081	g3692
ECA2081	g8321
ECA2081	g1179
ECA2081	g12677
ECA2081	g7143
ECA2081	g3659
ECA2081	g7225
ECA2081	g3159
ECA2081	g5223
ECA2081	g1174
ECA2081	g12862
ECA2081	g12387
ECA2081	g3157
ECA2081	g4669
ECA2081	g3655
ECA2081	g1172
ECA2081	g6378
ECA2081	g1171
ECA2081	g1175
ECA2081	g3138
ECA2081	g2804
ECA2081	g4050
ECA2081	g6824
ECA2081	g3652
ECA2081	g3513
ECA2081	g3663
ECA2081	g19476
ECA2081	g21444
ECA2081	g21917
ECA2081	g15848
ECA2081	g222
ECA2081	g3156
ECA2081	g17081
ECA2081	g15666
ECA2081	g5660
ECA2081	g15670
ECA2081	g5064
ECA2081	g6784
ECA2081	g12386
ECA2081	g19472
ECA2081	g11332
ECA2081	g3653
ECA2081	g3612
ECA2081	g15667
ECA2081	g19478
ECA2081	g2623
ECA2081	g3661
ECA2081	g3684
ECA2081	g4704
ECA2081	g20705
ECA2081	g11412
ECA2081	g2574
ECA2081	g4535
ECA2081	g7184
ECA2081	g1173
ECA2081	g3656
ECA2081	g3660
ECA2081	g3142
ECA2081	g19477
ECA2081	g1176
ECA2081	g12672
ECA2081	g17211
ECA2081	g1177
ECA2081	g3160
ECA2081	g16193
ECA2081	g17092
ECA2081	g12702
ECA2081	g3158
ECA2081	g3143
ECA2081	g3683
ECA2417	g10290
ECA2417	g9148
ECA2417	g13428
ECA2417	g15586
ECA2417	g13430
ECA2417	g16684
ECA2417	g724
ECA2417	g13433
ECA2417	g4886
ECA2417	g4924
ECA2417	g12564
ECA2417	g13953
ECA2417	g13405
ECA2417	g13699
ECA2417	g13928
ECA2417	g723
ECA2417	g15587
ECA2417	g4920
ECA2417	g1978
ECA2417	g7159
ECA2417	g9957
ECA2417	g13398
ECA2417	g13930
ECA2417	g13932
ECA2417	g11877
ECA2417	g4922
ECA2417	g538
ECA2417	g13437
ECA2417	g12429
ECA2417	g13438
ECA2417	g20467
ECA2417	g10726
ECA2417	g9876
ECA2417	g4925
ECA2417	g4921
ECA2417	g13951
ECA2417	g14287
ECA2417	g13043
ECA2417	g10289
ECA2417	g13426
ECA2417	g20262
ECA2417	g18372
ECA2417	g16210
ECA2417	g13436
ECA2417	g5881
ECA2417	g13933
ECA2417	g15460
ECA2417	g21096
ECA2417	g3791
ECA2417	g11437
ECA2417	g4918
ECA2417	g3513
ECA2417	g721
ECA2417	g21100
ECA2417	g13434
ECA2417	g10322
ECA2417	g1015
ECA2417	g2058
ECA2417	g4917
ECA2417	g13480
ECA2417	g21097
ECA2417	g12035
ECA2417	g18374
ECA2417	g14473
ECA2417	g13409
ECA2417	g12393
ECA2417	g727
ECA2417	g9139
ECA2417	g13435
ECA2417	g12565
ECA2417	g9917
ECA2417	g4923
ECA2417	g1014
ECA2417	g13406
ECA2417	g13429
ECA2417	g18368
ECA2417	g726
ECA2417	g13947
ECA2417	g18373
ECA2417	g15461
ECA2417	g13407
ECA2417	g4919
ECA2417	g13929
ECA2417	g14562
ECA2417	g15471
ECA2417	g697
ECA2417	g13427
ECA2417	g13431
ECA2417	g13931
ECA2417	g13946
ECA722	g5013
ECA722	g5833
ECA722	g18838
ECA722	g1188
ECA722	g13015
ECA722	g1220
ECA722	g21571
ECA722	g7245
ECA722	g4738
ECA722	g4522
ECA722	g4989
ECA722	g13014
ECA722	g14270
ECA722	g10518
ECA722	g4931
ECA722	g4937
ECA722	g4925
ECA722	g7589
ECA722	g4503
ECA722	g6530
ECA722	g4988
ECA722	g2591
ECA722	g1184
ECA722	g4497
ECA722	g4979
ECA722	g13301
ECA722	g5966
ECA722	g1182
ECA722	g4978
ECA722	g1181
ECA722	g1185
ECA722	g4165
ECA722	g5365
ECA722	g4517
ECA722	g7556
ECA722	g8118
ECA722	g18364
ECA722	g8117
ECA722	g7557
ECA722	g1186
ECA722	g4986
ECA722	g220
ECA722	g5834
ECA722	g7195
ECA722	g17614
ECA722	g2313
ECA722	g4827
ECA722	g19223
ECA722	g13012
ECA722	g4987
ECA722	g4520
ECA722	g7249
ECA722	g6368
ECA722	g13302
ECA722	g16380
ECA722	g14353
ECA722	g1189
ECA722	g8120
ECA722	g3973
ECA722	g5006
ECA722	g5008
ECA722	g19937
ECA722	g6003
ECA722	g4985
ECA722	g4504
ECA722	g13018
ECA722	g21580
ECA722	g15669
ECA722	g1183
ECA722	g12828
ECA722	g4982
ECA722	g4519
ECA722	g4499
ECA722	g17741
ECA722	g4980
ECA722	g4518
ECA722	g8113
ECA722	g13017
ECA722	g15670
ECA722	g4984
ECA722	g8119
ECA722	g17615
ECA722	g4981
ECA722	g1187
ECA722	g4521
ECA722	g16718
ECA722	g17742
ECA722	g17625
ECA722	g12987
ECA722	g7149
ECA741	g16971
ECA741	g10126
ECA741	g1965
ECA741	g2402
ECA741	g11731
ECA741	g16991
ECA741	g7887
ECA741	g5641
ECA741	g301
ECA741	g4286
ECA741	g2376
ECA741	g11729
ECA741	g11728
ECA741	g12382
ECA741	g6745
ECA741	g2708
ECA741	g16594
ECA741	g4254
ECA741	g5642
ECA741	g16973
ECA741	g16961
ECA741	g20321
ECA741	g11730
ECA741	g18825
ECA741	g16920
ECA741	g16826
ECA741	g16972
ECA741	g20326
ECA741	g4253
ECA741	g2375
ECA741	g8167
ECA741	g814
ECA741	g11704
ECA741	g4250
ECA741	g16827
ECA741	g16962
ECA741	g16989
ECA741	g4248
ECA741	g4247
ECA741	g11706
ECA741	g16593
ECA741	g2403
ECA741	g3290
ECA741	g1262
ECA741	g20325
ECA741	g7702
ECA741	g6271
ECA741	g11348
ECA741	g11950
ECA741	g17349
ECA741	g11727
ECA741	g137
ECA741	g5513
ECA741	g13507
ECA741	g5384
ECA741	g4251
ECA741	g136
ECA741	g4255
ECA741	g16965
ECA741	g6273
ECA741	g655
ECA741	g9232
ECA741	g8168
ECA741	g5512
ECA741	g4256
ECA741	g4252
ECA741	g16964
ECA741	g11162
ECA741	g2758
ECA741	g11732
ECA741	g16969
ECA741	g11711
ECA741	g7890
ECA741	g12373
ECA741	g9151
ECA741	g7885
ECA741	g16963
ECA741	g4249
ECA741	g11725
ECA741	g7889
ECA741	g9917
ECA741	g11710
ECA741	g5522
ECA741	g16970
ECA741	g16968
ECA741	g20327
ECA741	g10261
ECA741	g7859
ECA741	g266
ECA741	g2804
ED3049	g8103
ED3049	g8076
ED3049	g1575
ED3049	g4440
ED3049	g11653
ED3049	g10316
ED3049	g11153
ED3049	g17477
ED3049	g14367
ED3049	g5586
ED3049	g11675
ED3049	g11182
ED3049	g14365
ED3049	g7729
ED3049	g10153
ED3049	g2853
ED3049	g2892
ED3049	g11677
ED3049	g9647
ED3049	g8077
ED3049	g11179
ED3049	g5587
ED3049	g11151
ED3049	g11150
ED3049	g9210
ED3049	g2889
ED3049	g18212
ED3049	g2885
ED3049	g11651
ED3049	g12007
ED3049	g15943
ED3049	g11144
ED3049	g11669
ED3049	g8104
ED3049	g2890
ED3049	g11184
ED3049	g3184
ED3049	g2891
ED3049	g11656
ED3049	g14548
ED3049	g2888
ED3049	g11177
ED3049	g11654
ED3049	g11172
ED3049	g6213
ED3049	g11397
ED3049	g20377
ED3049	g1574
ED3049	g10315
ED3049	g5468
ED3049	g11183
ED3049	g7689
ED3049	g5457
ED3049	g20094
ED3049	g2884
ED3049	g14369
ED3049	g7768
ED3049	g9805
ED3049	g7765
ED3049	g15193
ED3049	g2887
ED3049	g2883
ED3049	g11176
ED3049	g11225
ED3049	g11154
ED3049	g8513
ED3049	g6677
ED3049	g14364
ED3049	g21784
ED3049	g15944
ED3049	g15273
ED3049	g2886
ED3049	g11175
ED3049	g1570
ED3049	g11180
ED3049	g11650
ED3049	g1576
ED3049	g4207
ED3049	g3183
ED3049	g10187
ED3049	g11671
ED3049	g11181
ED3049	g12184
ED3049	g10793
ED3049	g5458
ED3049	g11174
ED3049	g4565
ED3049	g14395
ED3049	g11173
ED3049	g11652
JU258	g15659
JU258	g11326
JU258	g8872
JU258	g16254
JU258	g8458
JU258	g197
JU258	g19026
JU258	g11345
JU258	g3526
JU258	g8924
JU258	g11322
JU258	g11316
JU258	g35
JU258	g15631
JU258	g2692
JU258	g18604
JU258	g15658
JU258	g11319
JU258	g15632
JU258	g11347
JU258	g11348
JU258	g15986
JU258	g2143
JU258	g8873
JU258	g5073
JU258	g2687
JU258	g2686
JU258	g13600
JU258	g8925
JU258	g13624
JU258	g11354
JU258	g2691
JU258	g3734
JU258	g2689
JU258	g13626
JU258	g2690
JU258	g11314
JU258	g16031
JU258	g13602
JU258	g2688
JU258	g11321
JU258	g13599
JU258	g17889
JU258	g13603
JU258	g13376
JU258	g5399
JU258	g8871
JU258	g2651
JU258	g19882
JU258	g13619
JU258	g196
JU258	g13973
JU258	g1039
JU258	g11315
JU258	g13972
JU258	g13605
JU258	g2685
JU258	g3524
JU258	g10548
JU258	g16067
JU258	g13601
JU258	g1117
JU258	g2684
JU258	g11273
JU258	g12148
JU258	g13620
JU258	g11344
JU258	g1446
JU258	g3529
JU258	g20598
JU258	g19242
JU258	g13598
JU258	g19241
JU258	g18717
JU258	g11323
JU258	g8867
JU258	g11318
JU258	g3528
JU258	g19317
JU258	g69
JU258	g13604
JU258	g11317
JU258	g666
JU258	g11324
JU258	g15105
JU258	g13983
JU258	g3500
JU258	g7455
JU258	g11325
JU258	g8459
JU3226	g7566
JU3226	g19182
JU3226	g10107
JU3226	g8016
JU3226	g4427
JU3226	g17879
JU3226	g6282
JU3226	g2732
JU3226	g7545
JU3226	g13445
JU3226	g362
JU3226	g2731
JU3226	g22163
JU3226	g19826
JU3226	g394
JU3226	g7564
JU3226	g7575
JU3226	g8017
JU3226	g17881
JU3226	g9279
JU3226	g10903
JU3226	g7712
JU3226	g7565
JU3226	g13608
JU3226	g12941
JU3226	g8042
JU3226	g10993
JU3226	g399
JU3226	g10555
JU3226	g8021
JU3226	g7711
JU3226	g7574
JU3226	g401
JU3226	g402
JU3226	g8040
JU3226	g19827
JU3226	g10939
JU3226	g1356
JU3226	g10528
JU3226	g7615
JU3226	g4902
JU3226	g7548
JU3226	g7801
JU3226	g7185
JU3226	g8019
JU3226	g10556
JU3226	g16233
JU3226	g14471
JU3226	g398
JU3226	g13609
JU3226	g10899
JU3226	g7547
JU3226	g393
JU3226	g6098
JU3226	g7571
JU3226	g6693
JU3226	g13100
JU3226	g17880
JU3226	g3013
JU3226	g22162
JU3226	g16232
JU3226	g392
JU3226	g397
JU3226	g6684
JU3226	g14754
JU3226	g7572
JU3226	g12488
JU3226	g16218
JU3226	g8015
JU3226	g7568
JU3226	g8035
JU3226	g6285
JU3226	g3093
JU3226	g6280
JU3226	g395
JU3226	g18969
JU3226	g8378
JU3226	g7573
JU3226	g400
JU3226	g396
JU3226	g17875
JU3226	g6284
JU3226	g8036
JU3226	g16243
JU3226	g7567
JU3226	g8018
JU3226	g7569
JU3226	g19317
JU3226	g6254
JU3226	g13481
NIC195	g4044
NIC195	g20811
NIC195	g956
NIC195	g9125
NIC195	g503
NIC195	g1804
NIC195	g6867
NIC195	g952
NIC195	g5469
NIC195	g7964
NIC195	g1964
NIC195	g14232
NIC195	g7963
NIC195	g4016
NIC195	g14270
NIC195	g521
NIC195	g19976
NIC195	g4043
NIC195	g524
NIC195	g4378
NIC195	g523
NIC195	g2900
NIC195	g20812
NIC195	g14267
NIC195	g10625
NIC195	g14263
NIC195	g504
NIC195	g499
NIC195	g906
NIC195	g974
NIC195	g2462
NIC195	g525
NIC195	g976
NIC195	g497
NIC195	g14268
NIC195	g4454
NIC195	g4421
NIC195	g5747
NIC195	g14269
NIC195	g520
NIC195	g5292
NIC195	g14266
NIC195	g949
NIC195	g4017
NIC195	g517
NIC195	g7342
NIC195	g519
NIC195	g747
NIC195	g21778
NIC195	g20810
NIC195	g951
NIC195	g15237
NIC195	g1805
NIC195	g946
NIC195	g8094
NIC195	g8084
NIC195	g954
NIC195	g8095
NIC195	g18652
NIC195	g18930
NIC195	g14262
NIC195	g5467
NIC195	g2300
NIC195	g947
NIC195	g522
NIC195	g16784
NIC195	g945
NIC195	g14265
NIC195	g14261
NIC195	g146
NIC195	g953
NIC195	g948
NIC195	g17273
NIC195	g3603
NIC195	g5472
NIC195	g19965
NIC195	g16705
NIC195	g526
NIC195	g14264
NIC195	g20806
NIC195	g5471
NIC195	g21779
NIC195	g9351
NIC195	g5746
NIC195	g518
NIC195	g1334
NIC195	g8997
NIC195	g5443
NIC195	g1933
NIC195	g955
ECA1208	g9250
ECA1208	g15128
ECA1208	g16470
ECA1208	g14069
ECA1208	g13580
ECA1208	g18465
ECA1208	g16965
ECA1208	g16736
ECA1208	g16480
ECA1208	g20795
ECA1208	g1198
ECA1208	g16475
ECA1208	g16472
ECA1208	g16471
ECA1208	g3096
ECA1208	g17785
ECA1208	g16477
ECA1208	g16966
ECA1208	g16479
ECA1208	g6029
ECA1208	g1231
ECA1208	g15127
ECA1208	g16522
ECA1208	g20379
ECA1208	g9254
ECA1208	g4011
ECA1208	g1235
ECA1208	g9252
ECA1208	g16988
ECA1208	g18598
ECA1208	g19523
ECA1208	g1237
ECA1208	g1238
ECA1208	g16474
ECA1208	g1234
ECA1208	g16986
ECA1208	g16085
ECA1208	g14070
ECA1208	g2777
ECA1208	g14689
ECA1208	g16482
ECA1208	g19746
ECA1208	g16967
ECA1208	g5274
ECA1208	g13581
ECA1208	g18466
ECA1208	g16451
ECA1208	g16619
ECA1208	g1233
ECA1208	g3146
ECA1208	g20380
ECA1208	g115
ECA1208	g16968
ECA1208	g1232
ECA1208	g19330
ECA1208	g1230
ECA1208	g11120
ECA1208	g9431
ECA1208	g3854
ECA1208	g2752
ECA1208	g8302
ECA1208	g8968
ECA1208	g15129
ECA1208	g7222
ECA1208	g16473
ECA1208	g1229
ECA1208	g2776
ECA1208	g17969
ECA1208	g16453
ECA1208	g16450
ECA1208	g2336
ECA1208	g18633
ECA1208	g16481
ECA1208	g16981
ECA1208	g9249
ECA1208	g20786
ECA1208	g7303
ECA1208	g16963
ECA1208	g1236
ECA1208	g8969
ECA1208	g15133
ECA1208	g16982
ECA1208	g16449
ECA1208	g16478
ECA1208	g16964
ECA1208	g17632
ECA1208	g20369
ECA1208	g9279
ECA1208	g3194
ECA1761	g18250
ECA1761	g18230
ECA1761	g19537
ECA1761	g974
ECA1761	g22999
ECA1761	g9519
ECA1761	g8205
ECA1761	g2638
ECA1761	g6389
ECA1761	g6357
ECA1761	g13532
ECA1761	g523
ECA1761	g17741
ECA1761	g19986
ECA1761	g12996
ECA1761	g11865
ECA1761	g17723
ECA1761	g22804
ECA1761	g18180
ECA1761	g8075
ECA1761	g12991
ECA1761	g18248
ECA1761	g18226
ECA1761	g2129
ECA1761	g6352
ECA1761	g17737
ECA1761	g5384
ECA1761	g17192
ECA1761	g6350
ECA1761	g6349
ECA1761	g18223
ECA1761	g13533
ECA1761	g8206
ECA1761	g1684
ECA1761	g12992
ECA1761	g4969
ECA1761	g18623
ECA1761	g18225
ECA1761	g17962
ECA1761	g2805
ECA1761	g8077
ECA1761	g18220
ECA1761	g548
ECA1761	g18228
ECA1761	g19974
ECA1761	g3434
ECA1761	g7485
ECA1761	g6353
ECA1761	g6358
ECA1761	g2806
ECA1761	g9235
ECA1761	g17739
ECA1761	g2283
ECA1761	g17716
ECA1761	g18221
ECA1761	g17740
ECA1761	g9706
ECA1761	g125
ECA1761	g10579
ECA1761	g18262
ECA1761	g18256
ECA1761	g18219
ECA1761	g6359
ECA1761	g6354
ECA1761	g18227
ECA1761	g18222
ECA1761	g9516
ECA1761	g10659
ECA1761	g9521
ECA1761	g6356
ECA1761	g169
ECA1761	g521
ECA1761	g17738
ECA1761	g15286
ECA1761	g17718
ECA1761	g6351
ECA1761	g6355
ECA1761	g8076
ECA1761	g9517
ECA1761	g17374
ECA1761	g17722
ECA1761	g8087
ECA1761	g74
ECA1761	g17736
ECA1761	g12990
ECA1761	g12989
ECA1761	g9546
ECA1761	g2673
ECA1761	g18229
ECA2367	g4559
ECA2367	g8166
ECA2367	g3696
ECA2367	g4136
ECA2367	g534
ECA2367	g5890
ECA2367	g6988
ECA2367	g999
ECA2367	g551
ECA2367	g2043
ECA2367	g16217
ECA2367	g554
ECA2367	g9095
ECA2367	g16249
ECA2367	g9096
ECA2367	g6987
ECA2367	g11182
ECA2367	g552
ECA2367	g12747
ECA2367	g958
ECA2367	g1007
ECA2367	g11187
ECA2367	g1025
ECA2367	g2548
ECA2367	g527
ECA2367	g16256
ECA2367	g16251
ECA2367	g553
ECA2367	g16258
ECA2367	g11186
ECA2367	g16259
ECA2367	g529
ECA2367	g188
ECA2367	g8377
ECA2367	g4137
ECA2367	g2988
ECA2367	g2039
ECA2367	g1877
ECA2367	g6361
ECA2367	g533
ECA2367	g1023
ECA2367	g773
ECA2367	g1396
ECA2367	g1004
ECA2367	g1008
ECA2367	g1001
ECA2367	g18320
ECA2367	g550
ECA2367	g1878
ECA2367	g7118
ECA2367	g18033
ECA2367	g16255
ECA2367	g15114
ECA2367	g18325
ECA2367	g864
ECA2367	g549
ECA2367	g16248
ECA2367	g6359
ECA2367	g2394
ECA2367	g18323
ECA2367	g18509
ECA2367	g19659
ECA2367	g18032
ECA2367	g7119
ECA2367	g16247
ECA2367	g16254
ECA2367	g14831
ECA2367	g8
ECA2367	g1005
ECA2367	g21177
ECA2367	g19579
ECA2367	g16250
ECA2367	g16252
ECA2367	g17209
ECA2367	g16257
ECA2367	g4112
ECA2367	g4460
ECA2367	g1006
ECA2367	g998
ECA2367	g16253
ECA2367	g18321
ECA2367	g1002
ECA2367	g1000
ECA2367	g7108
ECA2367	g4513
ECA2367	g11188
ECA2367	g8033
ECA2367	g18351
ECA2367	g2004
ECA3025	g6819
ECA3025	g16169
ECA3025	g3709
ECA3025	g17679
ECA3025	g4566
ECA3025	g19968
ECA3025	g6792
ECA3025	g3705
ECA3025	g13747
ECA3025	g18861
ECA3025	g4735
ECA3025	g1220
ECA3025	g2840
ECA3025	g3729
ECA3025	g1188
ECA3025	g5241
ECA3025	g15863
ECA3025	g5682
ECA3025	g9586
ECA3025	g3203
ECA3025	g3659
ECA3025	g1187
ECA3025	g3727
ECA3025	g3183
ECA3025	g1184
ECA3025	g14034
ECA3025	g1182
ECA3025	g1181
ECA3025	g3702
ECA3025	g3185
ECA3025	g3189
ECA3025	g18862
ECA3025	g3208
ECA3025	g19493
ECA3025	g14033
ECA3025	g16168
ECA3025	g3704
ECA3025	g3204
ECA3025	g215
ECA3025	g4567
ECA3025	g18733
ECA3025	g17469
ECA3025	g3699
ECA3025	g3707
ECA3025	g7194
ECA3025	g2598
ECA3025	g2320
ECA3025	g6817
ECA3025	g1185
ECA3025	g1189
ECA3025	g20408
ECA3025	g3706
ECA3025	g3209
ECA3025	g5081
ECA3025	g3700
ECA3025	g3206
ECA3025	g13567
ECA3025	g3207
ECA3025	g15100
ECA3025	g3734
ECA3025	g7154
ECA3025	g3698
ECA3025	g18732
ECA3025	g1190
ECA3025	g1186
ECA3025	g3701
ECA3025	g2655
ECA3025	g6385
ECA3025	g3190
ECA3025	g13750
ECA3025	g20397
ECA3025	g3435
ECA3025	g15019
ECA3025	g13745
ECA3025	g6818
ECA3025	g6791
ECA3025	g15862
ECA3025	g17813
ECA3025	g7233
ECA3025	g1183
ECA3025	g16164
ECA3025	g13749
ECA3025	g16170
ECA3025	g18743
ECA3025	g4094
ECA3025	g13719
ECA3025	g4700
ECA3025	g3708
ECA3025	g3205
ECA738	g10661
ECA738	g20616
ECA738	g20228
ECA738	g3907
ECA738	g3262
ECA738	g7073
ECA738	g2485
ECA738	g18873
ECA738	g21131
ECA738	g10634
ECA738	g7092
ECA738	g3258
ECA738	g4084
ECA738	g13291
ECA738	g11040
ECA738	g4086
ECA738	g1359
ECA738	g1396
ECA738	g1820
ECA738	g7093
ECA738	g13290
ECA738	g7074
ECA738	g9537
ECA738	g20617
ECA738	g1389
ECA738	g5038
ECA738	g1391
ECA738	g13421
ECA738	g1393
ECA738	g10178
ECA738	g3282
ECA738	g3213
ECA738	g3280
ECA738	g6064
ECA738	g7067
ECA738	g1395
ECA738	g4369
ECA738	g7090
ECA738	g1392
ECA738	g7094
ECA738	g3255
ECA738	g7069
ECA738	g1394
ECA738	g7860
ECA738	g7089
ECA738	g20942
ECA738	g14527
ECA738	g20615
ECA738	g3257
ECA738	g2484
ECA738	g3252
ECA738	g3260
ECA738	g7091
ECA738	g13422
ECA738	g21024
ECA738	g257
ECA738	g7087
ECA738	g10659
ECA738	g1390
ECA738	g4082
ECA738	g2356
ECA738	g2323
ECA738	g1982
ECA738	g3253
ECA738	g3287
ECA738	g10999
ECA738	g3251
ECA738	g20436
ECA738	g3259
ECA738	g3254
ECA738	g4368
ECA738	g22183
ECA738	g4057
ECA738	g8833
ECA738	g7088
ECA738	g4087
ECA738	g22463
ECA738	g10177
ECA738	g14606
ECA738	g10660
ECA738	g10633
ECA738	g11078
ECA738	g20611
ECA738	g2963
ECA738	g7095
ECA738	g22454
ECA738	g15595
ECA738	g13411
ECA738	g3261
JU2841	g16914
JU2841	g16941
JU2841	g20232
JU2841	g13840
JU2841	g7749
JU2841	g14686
JU2841	g13836
JU2841	g9227
JU2841	g6584
JU2841	g9229
JU2841	g17290
JU2841	g14850
JU2841	g3591
JU2841	g13339
JU2841	g9942
JU2841	g15355
JU2841	g16940
JU2841	g6583
JU2841	g15797
JU2841	g20231
JU2841	g735
JU2841	g3559
JU2841	g12966
JU2841	g13341
JU2841	g13317
JU2841	g13790
JU2841	g3553
JU2841	g13858
JU2841	g13860
JU2841	g3556
JU2841	g16913
JU2841	g13315
JU2841	g3555
JU2841	g3554
JU2841	g13338
JU2841	g3557
JU2841	g13342
JU2841	g13833
JU2841	g21543
JU2841	g5967
JU2841	g13572
JU2841	g20233
JU2841	g13835
JU2841	g13322
JU2841	g14687
JU2841	g13830
JU2841	g6703
JU2841	g13838
JU2841	g17333
JU2841	g6714
JU2841	g4967
JU2841	g4687
JU2841	g3560
JU2841	g9225
JU2841	g17245
JU2841	g15196
JU2841	g13831
JU2841	g13340
JU2841	g17248
JU2841	g10999
JU2841	g13829
JU2841	g3561
JU2841	g13837
JU2841	g13337
JU2841	g13832
JU2841	g16503
JU2841	g5497
JU2841	g9230
JU2841	g9933
JU2841	g19306
JU2841	g10919
JU2841	g3558
JU2841	g13343
JU2841	g9044
JU2841	g19311
JU2841	g19307
JU2841	g20237
JU2841	g13336
JU2841	g2797
JU2841	g7974
JU2841	g14818
JU2841	g13321
JU2841	g12792
JU2841	g14217
JU2841	g6713
JU2841	g19310
JU2841	g7618
JU2841	g9201
JU2841	g13839
LKC34	g3735
LKC34	g3708
LKC34	g758
LKC34	g13879
LKC34	g5432
LKC34	g14729
LKC34	g7727
LKC34	g13875
LKC34	g8751
LKC34	g19631
LKC34	g3360
LKC34	g14891
LKC34	g5399
LKC34	g3709
LKC34	g19630
LKC34	g15830
LKC34	g2257
LKC34	g5431
LKC34	g13014
LKC34	g13372
LKC34	g13348
LKC34	g10666
LKC34	g13829
LKC34	g5438
LKC34	g13897
LKC34	g13899
LKC34	g5435
LKC34	g3736
LKC34	g13346
LKC34	g5436
LKC34	g8475
LKC34	g5437
LKC34	g15390
LKC34	g13370
LKC34	g5434
LKC34	g13373
LKC34	g13872
LKC34	g21439
LKC34	g21455
LKC34	g13369
LKC34	g13608
LKC34	g12743
LKC34	g13874
LKC34	g6404
LKC34	g13353
LKC34	g14730
LKC34	g13869
LKC34	g19009
LKC34	g13877
LKC34	g3317
LKC34	g19008
LKC34	g8476
LKC34	g20173
LKC34	g20454
LKC34	g13367
LKC34	g552
LKC34	g5430
LKC34	g8753
LKC34	g15235
LKC34	g13870
LKC34	g13371
LKC34	g3400
LKC34	g1406
LKC34	g13868
LKC34	g5433
LKC34	g3403
LKC34	g5429
LKC34	g13876
LKC34	g13871
LKC34	g4149
LKC34	g8748
LKC34	g7061
LKC34	g10667
LKC34	g1325
LKC34	g13374
LKC34	g12744
LKC34	g12739
LKC34	g8749
LKC34	g12745
LKC34	g14859
LKC34	g13352
LKC34	g13368
LKC34	g12837
LKC34	g14257
LKC34	g18106
LKC34	g19018
LKC34	g8777
LKC34	g8927
LKC34	g13878
QG4018	g543
QG4018	g10771
QG4018	g15245
QG4018	g4104
QG4018	g4958
QG4018	g1576
QG4018	g4100
QG4018	g4093
QG4018	g9516
QG4018	g19664
QG4018	g9518
QG4018	g189
QG4018	g5147
QG4018	g7424
QG4018	g570
QG4018	g7387
QG4018	g3639
QG4018	g5650
QG4018	g544
QG4018	g19663
QG4018	g6090
QG4018	g7395
QG4018	g13479
QG4018	g7392
QG4018	g3288
QG4018	g3641
QG4018	g3616
QG4018	g12848
QG4018	g4049
QG4018	g4122
QG4018	g4124
QG4018	g7390
QG4018	g571
QG4018	g3614
QG4018	g7393
QG4018	g7388
QG4018	g3638
QG4018	g7391
QG4018	g3642
QG4018	g4097
QG4018	g4096
QG4018	g7389
QG4018	g17182
QG4018	g3880
QG4018	g10772
QG4018	g4099
QG4018	g4094
QG4018	g3621
QG4018	g4959
QG4018	g4091
QG4018	g19784
QG4018	g4102
QG4018	g146
QG4018	g19795
QG4018	g1612
QG4018	g8535
QG4018	g3635
QG4018	g7394
QG4018	g9514
QG4018	g234
QG4018	g5491
QG4018	g3640
QG4018	g9331
QG4018	g231
QG4018	g4092
QG4018	g19034
QG4018	g4090
QG4018	g19794
QG4018	g4101
QG4018	g9489
QG4018	g983
QG4018	g17647
QG4018	g9519
QG4018	g14751
QG4018	g12847
QG4018	g18957
QG4018	g3643
QG4018	g3637
QG4018	g9793
QG4018	g10776
QG4018	g10770
QG4018	g15457
QG4018	g5113
QG4018	g3620
QG4018	g3636
QG4018	g3109
QG4018	g4485
QG4018	g20702
QG4018	g4103
QX1794	g12028
QX1794	g3100
QX1794	g21106
QX1794	g5769
QX1794	g1132
QX1794	g7794
QX1794	g12000
QX1794	g7774
QX1794	g5765
QX1794	g11543
QX1794	g19680
QX1794	g12410
QX1794	g17557
QX1794	g7396
QX1794	g7776
QX1794	g11366
QX1794	g5789
QX1794	g7433
QX1794	g17336
QX1794	g10046
QX1794	g7773
QX1794	g7793
QX1794	g17720
QX1794	g7779
QX1794	g5297
QX1794	g3101
QX1794	g7426
QX1794	g19306
QX1794	g16652
QX1794	g7428
QX1794	g17721
QX1794	g7430
QX1794	g21980
QX1794	g11545
QX1794	g5719
QX1794	g5787
QX1794	g8149
QX1794	g11546
QX1794	g7800
QX1794	g7432
QX1794	g7777
QX1794	g7429
QX1794	g7772
QX1794	g5762
QX1794	g7798
QX1794	g17984
QX1794	g19681
QX1794	g4956
QX1794	g7431
QX1794	g7778
QX1794	g7539
QX1794	g3099
QX1794	g5764
QX1794	g4955
QX1794	g5759
QX1794	g5767
QX1794	g7775
QX1794	g20653
QX1794	g10802
QX1794	g6299
QX1794	g15072
QX1794	g7427
QX1794	g11541
QX1794	g20884
QX1794	g5760
QX1794	g5795
QX1794	g3894
QX1794	g12366
QX1794	g5758
QX1794	g5766
QX1794	g5761
QX1794	g14681
QX1794	g11518
QX1794	g17327
QX1794	g21979
QX1794	g22509
QX1794	g3975
QX1794	g3095
QX1794	g12027
QX1794	g11999
QX1794	g12450
QX1794	g12026
QX1794	g5900
QX1794	g20654
QX1794	g7771
QX1794	g3222
QX1794	g20663
QX1794	g17592
QX1794	g5768
ECA1287	g21417
ECA1287	g21418
ECA1287	g12172
ECA1287	g21445
ECA1287	g13268
ECA1287	g21909
ECA1287	g21421
ECA1287	g736
ECA1287	g21416
ECA1287	g21419
ECA1287	g20403
ECA1287	g7382
ECA1287	g7344
ECA1287	g14183
ECA1287	g21675
ECA1287	g12173
ECA1287	g5406
ECA1287	g735
ECA1287	g14416
ECA1287	g16496
ECA1287	g21908
ECA1287	g708
ECA1287	g21437
ECA1287	g733
ECA1287	g2197
ECA1287	g2118
ECA1287	g4131
ECA1287	g21438
ECA1287	g22270
ECA1287	g21929
ECA1287	g12040
ECA1287	g20438
ECA1287	g7348
ECA1287	g7343
ECA1287	g5407
ECA1287	g21927
ECA1287	g21056
ECA1287	g1010
ECA1287	g2535
ECA1287	g2536
ECA1287	g21447
ECA1287	g7346
ECA1287	g4627
ECA1287	g12794
ECA1287	g2568
ECA1287	g21444
ECA1287	g5613
ECA1287	g6382
ECA1287	g12039
ECA1287	g8469
ECA1287	g3687
ECA1287	g7350
ECA1287	g8745
ECA1287	g21443
ECA1287	g21906
ECA1287	g20044
ECA1287	g549
ECA1287	g21436
ECA1287	g1011
ECA1287	g21446
ECA1287	g14335
ECA1287	g7351
ECA1287	g21486
ECA1287	g22450
ECA1287	g2982
ECA1287	g21440
ECA1287	g21922
ECA1287	g739
ECA1287	g14174
ECA1287	g18303
ECA1287	g21904
ECA1287	g20583
ECA1287	g2157
ECA1287	g7347
ECA1287	g7345
ECA1287	g21907
ECA1287	g20582
ECA1287	g4623
ECA1287	g738
ECA1287	g18302
ECA1287	g21441
ECA1287	g21923
ECA1287	g4628
ECA1287	g7349
ECA1287	g21905
ECA1287	g11146
ECA1287	g4629
ECA1287	g12050
ECA1825	g1050
ECA1825	g14200
ECA1825	g3748
ECA1825	g22851
ECA1825	g11132
ECA1825	g13018
ECA1825	g2076
ECA1825	g6783
ECA1825	g1070
ECA1825	g21082
ECA1825	g22095
ECA1825	g6751
ECA1825	g560
ECA1825	g20185
ECA1825	g15868
ECA1825	g4542
ECA1825	g542
ECA1825	g14405
ECA1825	g1000
ECA1825	g13149
ECA1825	g20190
ECA1825	g6750
ECA1825	g1913
ECA1825	g1068
ECA1825	g1046
ECA1825	g2581
ECA1825	g4631
ECA1825	g6747
ECA1825	g4195
ECA1825	g11417
ECA1825	g20191
ECA1825	g6745
ECA1825	g6744
ECA1825	g1043
ECA1825	g13017
ECA1825	g4578
ECA1825	g22096
ECA1825	g5779
ECA1825	g20189
ECA1825	g4167
ECA1825	g12392
ECA1825	g195
ECA1825	g782
ECA1825	g1437
ECA1825	g1045
ECA1825	g4196
ECA1825	g13147
ECA1825	g1040
ECA1825	g1048
ECA1825	g7878
ECA1825	g6748
ECA1825	g1912
ECA1825	g6752
ECA1825	g558
ECA1825	g2423
ECA1825	g535
ECA1825	g1041
ECA1825	g559
ECA1825	g10946
ECA1825	g1082
ECA1825	g1076
ECA1825	g10347
ECA1825	g1039
ECA1825	g6753
ECA1825	g6749
ECA1825	g1047
ECA1825	g8159
ECA1825	g1042
ECA1825	g3037
ECA1825	g6
ECA1825	g11135
ECA1825	g21091
ECA1825	g10268
ECA1825	g11130
ECA1825	g537
ECA1825	g557
ECA1825	g14064
ECA1825	g6746
ECA1825	g13148
ECA1825	g11134
ECA1825	g11416
ECA1825	g541
ECA1825	g13137
ECA1825	g555
ECA1825	g556
ECA1825	g11105
ECA1825	g2041
ECA1825	g1049
ECA2187	g15992
ECA2187	g2631
ECA2187	g3079
ECA2187	g12081
ECA2187	g12082
ECA2187	g18257
ECA2187	g739
ECA2187	g17165
ECA2187	g12089
ECA2187	g12086
ECA2187	g19519
ECA2187	g7635
ECA2187	g17166
ECA2187	g11825
ECA2187	g7603
ECA2187	g12084
ECA2187	g9747
ECA2187	g12641
ECA2187	g5394
ECA2187	g15783
ECA2187	g17034
ECA2187	g9742
ECA2187	g19679
ECA2187	g19013
ECA2187	g12638
ECA2187	g3517
ECA2187	g7594
ECA2187	g7601
ECA2187	g7599
ECA2187	g9741
ECA2187	g6630
ECA2187	g7592
ECA2187	g7591
ECA2187	g11824
ECA2187	g9743
ECA2187	g12354
ECA2187	g17789
ECA2187	g12091
ECA2187	g20151
ECA2187	g12619
ECA2187	g17036
ECA2187	g3422
ECA2187	g21493
ECA2187	g7595
ECA2187	g20594
ECA2187	g8735
ECA2187	g12092
ECA2187	g19680
ECA2187	g1920
ECA2187	g7604
ECA2187	g1021
ECA2187	g19171
ECA2187	g555
ECA2187	g12093
ECA2187	g12098
ECA2187	g20780
ECA2187	g13307
ECA2187	g7605
ECA2187	g7596
ECA2187	g21483
ECA2187	g12083
ECA2187	g12090
ECA2187	g12623
ECA2187	g9014
ECA2187	g12140
ECA2187	g12637
ECA2187	g3080
ECA2187	g742
ECA2187	g13388
ECA2187	g737
ECA2187	g7598
ECA2187	g7600
ECA2187	g7602
ECA2187	g12621
ECA2187	g7593
ECA2187	g12088
ECA2187	g16124
ECA2187	g12085
ECA2187	g7597
ECA2187	g17035
ECA2187	g741
ECA2187	g12622
ECA2187	g17046
ECA2187	g3466
ECA2187	g12620
ECA2187	g12624
ECA2187	g712
ECA2187	g19553
ECA2529	g5088
ECA2529	g5115
ECA2529	g2038
ECA2529	g22347
ECA2529	g2018
ECA2529	g15231
ECA2529	g11587
ECA2529	g2873
ECA2529	g19320
ECA2529	g1541
ECA2529	g2014
ECA2529	g712
ECA2529	g14070
ECA2529	g1518
ECA2529	g5463
ECA2529	g3034
ECA2529	g9535
ECA2529	g11136
ECA2529	g1516
ECA2529	g3538
ECA2529	g5114
ECA2529	g1542
ECA2529	g5419
ECA2529	g14199
ECA2529	g1536
ECA2529	g3972
ECA2529	g22346
ECA2529	g11139
ECA2529	g17634
ECA2529	g8154
ECA2529	g11142
ECA2529	g19485
ECA2529	g1968
ECA2529	g2036
ECA2529	g1168
ECA2529	g5087
ECA2529	g11138
ECA2529	g11137
ECA2529	g1539
ECA2529	g11140
ECA2529	g1543
ECA2529	g2011
ECA2529	g14069
ECA2529	g13451
ECA2529	g1537
ECA2529	g1775
ECA2529	g22348
ECA2529	g2013
ECA2529	g2874
ECA2529	g2008
ECA2529	g14190
ECA2529	g2016
ECA2529	g5506
ECA2529	g1540
ECA2529	g14200
ECA2529	g8434
ECA2529	g15454
ECA2529	g11141
ECA2529	g11143
ECA2529	g710
ECA2529	g3379
ECA2529	g2009
ECA2529	g5422
ECA2529	g2044
ECA2529	g11710
ECA2529	g2007
ECA2529	g11144
ECA2529	g2015
ECA2529	g2010
ECA2529	g988
ECA2529	g4675
ECA2529	g12978
ECA2529	g11588
ECA2529	g1523
ECA2529	g715
ECA2529	g6258
ECA2529	g19486
ECA2529	g11789
ECA2529	g537
ECA2529	g22352
ECA2529	g714
ECA2529	g3002
ECA2529	g1522
ECA2529	g2401
ECA2529	g1544
ECA2529	g15102
ECA2529	g686
ECA2529	g2017
ECA703	g18532
ECA703	g11434
ECA703	g13080
ECA703	g11361
ECA703	g2261
ECA703	g11406
ECA703	g7492
ECA703	g16936
ECA703	g4097
ECA703	g11404
ECA703	g16938
ECA703	g12921
ECA703	g18531
ECA703	g8062
ECA703	g18865
ECA703	g9418
ECA703	g13079
ECA703	g20884
ECA703	g4104
ECA703	g12258
ECA703	g10915
ECA703	g15157
ECA703	g11402
ECA703	g18505
ECA703	g11431
ECA703	g1108
ECA703	g10913
ECA703	g11408
ECA703	g10939
ECA703	g18910
ECA703	g11403
ECA703	g4098
ECA703	g10936
ECA703	g11412
ECA703	g10585
ECA703	g18943
ECA703	g16760
ECA703	g4101
ECA703	g12415
ECA703	g11413
ECA703	g4099
ECA703	g2879
ECA703	g10935
ECA703	g5229
ECA703	g4102
ECA703	g13081
ECA703	g3139
ECA703	g12259
ECA703	g2262
ECA703	g2132
ECA703	g5509
ECA703	g10933
ECA703	g16934
ECA703	g12764
ECA703	g10937
ECA703	g4105
ECA703	g11440
ECA703	g4106
ECA703	g10938
ECA703	g10402
ECA703	g10123
ECA703	g9038
ECA703	g11166
ECA703	g10920
ECA703	g4136
ECA703	g899
ECA703	g16939
ECA703	g22366
ECA703	g15156
ECA703	g10940
ECA703	g11264
ECA703	g4103
ECA703	g11410
ECA703	g13085
ECA703	g11411
ECA703	g1107
ECA703	g11405
ECA703	g11409
ECA703	g10919
ECA703	g10934
ECA703	g4100
ECA703	g11785
ECA703	g2133
ECA703	g1241
ECA703	g2143
ECA703	g16910
ECA703	g12383
ECA703	g7982
ECA723	g17110
ECA723	g17109
ECA723	g5462
ECA723	g6424
ECA723	g20461
ECA723	g12396
ECA723	g5460
ECA723	g22345
ECA723	g17083
ECA723	g11296
ECA723	g17106
ECA723	g17108
ECA723	g17111
ECA723	g10709
ECA723	g10748
ECA723	g16583
ECA723	g12395
ECA723	g19718
ECA723	g22347
ECA723	g16605
ECA723	g8447
ECA723	g4626
ECA723	g17090
ECA723	g17081
ECA723	g10746
ECA723	g13748
ECA723	g10749
ECA723	g10745
ECA723	g16606
ECA723	g16585
ECA723	g14368
ECA723	g13747
ECA723	g20748
ECA723	g17091
ECA723	g1628
ECA723	g1629
ECA723	g1281
ECA723	g17043
ECA723	g11770
ECA723	g446
ECA723	g17084
ECA723	g16603
ECA723	g21753
ECA723	g19717
ECA723	g17087
ECA723	g13886
ECA723	g12524
ECA723	g16607
ECA723	g10744
ECA723	g12525
ECA723	g9616
ECA723	g13887
ECA723	g10743
ECA723	g16946
ECA723	g4183
ECA723	g10741
ECA723	g9338
ECA723	g5458
ECA723	g6425
ECA723	g17085
ECA723	g13349
ECA723	g5279
ECA723	g17092
ECA723	g1661
ECA723	g12514
ECA723	g17082
ECA723	g15595
ECA723	g16828
ECA723	g10740
ECA723	g16054
ECA723	g22341
ECA723	g13710
ECA723	g17088
ECA723	g5463
ECA723	g437
ECA723	g15514
ECA723	g6197
ECA723	g1235
ECA723	g10747
ECA723	g16604
ECA723	g16589
ECA723	g16243
ECA723	g22346
ECA723	g10742
ECA723	g6562
ECA723	g5433
ECA723	g1193
ECA723	g16590
ECA768	g21231
ECA768	g8868
ECA768	g16090
ECA768	g10139
ECA768	g1067
ECA768	g12946
ECA768	g5501
ECA768	g9618
ECA768	g17354
ECA768	g10135
ECA768	g5220
ECA768	g14932
ECA768	g21594
ECA768	g11158
ECA768	g12907
ECA768	g11661
ECA768	g21230
ECA768	g10996
ECA768	g9637
ECA768	g368
ECA768	g8869
ECA768	g12915
ECA768	g2884
ECA768	g12913
ECA768	g15061
ECA768	g10995
ECA768	g6789
ECA768	g5222
ECA768	g10159
ECA768	g21549
ECA768	g10088
ECA768	g10157
ECA768	g9639
ECA768	g5223
ECA768	g12910
ECA768	g9612
ECA768	g12908
ECA768	g9635
ECA768	g12909
ECA768	g10132
ECA768	g9614
ECA768	g9283
ECA768	g14931
ECA768	g15051
ECA768	g9619
ECA768	g21642
ECA768	g17831
ECA768	g9866
ECA768	g21545
ECA768	g8867
ECA768	g12911
ECA768	g10134
ECA768	g11946
ECA768	g10129
ECA768	g6473
ECA768	g10137
ECA768	g15062
ECA768	g14320
ECA768	g14039
ECA768	g16298
ECA768	g5039
ECA768	g12914
ECA768	g5218
ECA768	g11500
ECA768	g10130
ECA768	g9636
ECA768	g10165
ECA768	g6555
ECA768	g10128
ECA768	g17250
ECA768	g10136
ECA768	g10131
ECA768	g9101
ECA768	g9634
ECA768	g5500
ECA768	g6790
ECA768	g9640
ECA768	g9632
ECA768	g9638
ECA768	g8863
ECA768	g12912
ECA768	g21203
ECA768	g9633
ECA768	g10523
ECA768	g15958
ECA768	g5193
ECA768	g11121
ECA768	g10138
MY10	g18686
MY10	g12627
MY10	g974
MY10	g967
MY10	g1815
MY10	g3232
MY10	g14935
MY10	g3234
MY10	g1979
MY10	g4680
MY10	g4638
MY10	g966
MY10	g536
MY10	g10250
MY10	g2487
MY10	g965
MY10	g14936
MY10	g21330
MY10	g16938
MY10	g8117
MY10	g4645
MY10	g4640
MY10	g184
MY10	g538
MY10	g513
MY10	g17853
MY10	g991
MY10	g993
MY10	g4641
MY10	g511
MY10	g21288
MY10	g4639
MY10	g535
MY10	g4642
MY10	g539
MY10	g517
MY10	g4643
MY10	g21671
MY10	g21672
MY10	g12488
MY10	g534
MY10	g762
MY10	g21703
MY10	g18687
MY10	g7455
MY10	g518
MY10	g1816
MY10	g964
MY10	g14805
MY10	g972
MY10	g14804
MY10	g6061
MY10	g5781
MY10	g532
MY10	g15949
MY10	g4646
MY10	g3230
MY10	g2327
MY10	g21254
MY10	g537
MY10	g11462
MY10	g21333
MY10	g4647
MY10	g971
MY10	g969
MY10	g4644
MY10	g16236
MY10	g970
MY10	g2789
MY10	g3235
MY10	g10241
MY10	g17854
MY10	g11542
MY10	g540
MY10	g963
MY10	g3051
MY10	g18691
MY10	g18685
MY10	g12836
MY10	g1946
MY10	g533
MY10	g6
MY10	g1347
MY10	g13910
MY10	g14815
MY10	g923
MY10	g3206
MY10	g973
XZ1516	g9931
XZ1516	g10277
XZ1516	g52
XZ1516	g22840
XZ1516	g15976
XZ1516	g20053
XZ1516	g13636
XZ1516	g13470
XZ1516	g10754
XZ1516	g13504
XZ1516	g12094
XZ1516	g9926
XZ1516	g20052
XZ1516	g9914
XZ1516	g20071
XZ1516	g20048
XZ1516	g3070
XZ1516	g10761
XZ1516	g10757
XZ1516	g16385
XZ1516	g20049
XZ1516	g9893
XZ1516	g9913
XZ1516	g1647
XZ1516	g20067
XZ1516	g9708
XZ1516	g9924
XZ1516	g10756
XZ1516	g10759
XZ1516	g14784
XZ1516	g4890
XZ1516	g10755
XZ1516	g5393
XZ1516	g14783
XZ1516	g21463
XZ1516	g2354
XZ1516	g8170
XZ1516	g9891
XZ1516	g1207
XZ1516	g5395
XZ1516	g9912
XZ1516	g9918
XZ1516	g10793
XZ1516	g4889
XZ1516	g2483
XZ1516	g22623
XZ1516	g2355
XZ1516	g9615
XZ1516	g15987
XZ1516	g9915
XZ1516	g8246
XZ1516	g10762
XZ1516	g2497
XZ1516	g20050
XZ1516	g1807
XZ1516	g9923
XZ1516	g5396
XZ1516	g12011
XZ1516	g10763
XZ1516	g14788
XZ1516	g17796
XZ1516	g9921
XZ1516	g20047
XZ1516	g20066
XZ1516	g51
XZ1516	g9974
XZ1516	g7873
XZ1516	g4851
XZ1516	g5391
XZ1516	g9919
XZ1516	g9922
XZ1516	g13635
XZ1516	g9925
XZ1516	g7987
XZ1516	g20051
XZ1516	g10760
XZ1516	g507
XZ1516	g5366
XZ1516	g13126
XZ1516	g10758
XZ1516	g2498
XZ1516	g2484
XZ1516	g9658
XZ1516	g9911
XZ1516	g14782
XZ1516	g5211
XZ1516	g9916
XZ1516	g2473
ECA1185	g16713
ECA1185	g12121
ECA1185	g12563
ECA1185	g22188
ECA1185	g4325
ECA1185	g13737
ECA1185	g17663
ECA1185	g2092
ECA1185	g10007
ECA1185	g21517
ECA1185	g9975
ECA1185	g19708
ECA1185	g12865
ECA1185	g20339
ECA1185	g13738
ECA1185	g14340
ECA1185	g7032
ECA1185	g17661
ECA1185	g17671
ECA1185	g21165
ECA1185	g14335
ECA1185	g17689
ECA1185	g1581
ECA1185	g21185
ECA1185	g9970
ECA1185	g4611
ECA1185	g9968
ECA1185	g9967
ECA1185	g17528
ECA1185	g21183
ECA1185	g21179
ECA1185	g12564
ECA1185	g1132
ECA1185	g20338
ECA1185	g21161
ECA1185	g14336
ECA1185	g17621
ECA1185	g13393
ECA1185	g17687
ECA1185	g17431
ECA1185	g17668
ECA1185	g4610
ECA1185	g17672
ECA1185	g17665
ECA1185	g21164
ECA1185	g9007
ECA1185	g2256
ECA1185	g13610
ECA1185	g18911
ECA1185	g12909
ECA1185	g11377
ECA1185	g11103
ECA1185	g9971
ECA1185	g2257
ECA1185	g9976
ECA1185	g21160
ECA1185	g1738
ECA1185	g21163
ECA1185	g4140
ECA1185	g21162
ECA1185	g5678
ECA1185	g13609
ECA1185	g9977
ECA1185	g9972
ECA1185	g12953
ECA1185	g21703
ECA1185	g17669
ECA1185	g21178
ECA1185	g4328
ECA1185	g18902
ECA1185	g15953
ECA1185	g5597
ECA1185	g4323
ECA1185	g9974
ECA1185	g12539
ECA1185	g18401
ECA1185	g17670
ECA1185	g9969
ECA1185	g9973
ECA1185	g4327
ECA1185	g17666
ECA1185	g17664
ECA1185	g13620
ECA1185	g14334
ECA1185	g4298
ECA1185	g2128
ECA1185	g17662
ECA1187	g12177
ECA1187	g12610
ECA1187	g16078
ECA1187	g8840
ECA1187	g20529
ECA1187	g2152
ECA1187	g1657
ECA1187	g10522
ECA1187	g16993
ECA1187	g1306
ECA1187	g20240
ECA1187	g14541
ECA1187	g5673
ECA1187	g17025
ECA1187	g17811
ECA1187	g12944
ECA1187	g1643
ECA1187	g9764
ECA1187	g2160
ECA1187	g12904
ECA1187	g2110
ECA1187	g17806
ECA1187	g11033
ECA1187	g1637
ECA1187	g17030
ECA1187	g6987
ECA1187	g12585
ECA1187	g2177
ECA1187	g17029
ECA1187	g12984
ECA1187	g7441
ECA1187	g17032
ECA1187	g17807
ECA1187	g1639
ECA1187	g20530
ECA1187	g12611
ECA1187	g11473
ECA1187	g5672
ECA1187	g1661
ECA1187	g2180
ECA1187	g14040
ECA1187	g1888
ECA1187	g2161
ECA1187	g2154
ECA1187	g1658
ECA1187	g10360
ECA1187	g19351
ECA1187	g18482
ECA1187	g13231
ECA1187	g6986
ECA1187	g18226
ECA1187	g10359
ECA1187	g17024
ECA1187	g1662
ECA1187	g8664
ECA1187	g10878
ECA1187	g1659
ECA1187	g1660
ECA1187	g6351
ECA1187	g19352
ECA1187	g17023
ECA1187	g17028
ECA1187	g17033
ECA1187	g1121
ECA1187	g2158
ECA1187	g1644
ECA1187	g8843
ECA1187	g14532
ECA1187	g6270
ECA1187	g8838
ECA1187	g17026
ECA1187	g2178
ECA1187	g2159
ECA1187	g2151
ECA1187	g21905
ECA1187	g17027
ECA1187	g8842
ECA1187	g2157
ECA1187	g2155
ECA1187	g2153
ECA1187	g17031
ECA1187	g19341
ECA1187	g12586
ECA1187	g17805
ECA1187	g15553
ECA1187	g8813
ECA1187	g10487
ECA1195	g21857
ECA1195	g3081
ECA1195	g2642
ECA1195	g2666
ECA1195	g12612
ECA1195	g13085
ECA1195	g10636
ECA1195	g16356
ECA1195	g4755
ECA1195	g8251
ECA1195	g8219
ECA1195	g5397
ECA1195	g13763
ECA1195	g1202
ECA1195	g10637
ECA1195	g16383
ECA1195	g16800
ECA1195	g2307
ECA1195	g19641
ECA1195	g16314
ECA1195	g17202
ECA1195	g16364
ECA1195	g2348
ECA1195	g16795
ECA1195	g8218
ECA1195	g4240
ECA1195	g15864
ECA1195	g8215
ECA1195	g1882
ECA1195	g2667
ECA1195	g16221
ECA1195	g2265
ECA1195	g8213
ECA1195	g8212
ECA1195	g12906
ECA1195	g15866
ECA1195	g16220
ECA1195	g2641
ECA1195	g3792
ECA1195	g1201
ECA1195	g15889
ECA1195	g16796
ECA1195	g17382
ECA1195	g15529
ECA1195	g16358
ECA1195	g16365
ECA1195	g15886
ECA1195	g1911
ECA1195	g4920
ECA1195	g10508
ECA1195	g1883
ECA1195	g9628
ECA1195	g9350
ECA1195	g8216
ECA1195	g4921
ECA1195	g8220
ECA1195	g15885
ECA1195	g4396
ECA1195	g15887
ECA1195	g15888
ECA1195	g14797
ECA1195	g10507
ECA1195	g8221
ECA1195	g8217
ECA1195	g15338
ECA1195	g15890
ECA1195	g16362
ECA1195	g15871
ECA1195	g13088
ECA1195	g13754
ECA1195	g14879
ECA1195	g13083
ECA1195	g16381
ECA1195	g17977
ECA1195	g16363
ECA1195	g16118
ECA1195	g8214
ECA1195	g16361
ECA1195	g13087
ECA1195	g16355
ECA1195	g16359
ECA1195	g15870
ECA1195	g16357
ECA1195	g10518
ECA1195	g16794
ECA1195	g13058
ECA1195	g4790
ECA1202	g16510
ECA1202	g10582
ECA1202	g2268
ECA1202	g16511
ECA1202	g17476
ECA1202	g375
ECA1202	g16546
ECA1202	g22484
ECA1202	g5133
ECA1202	g8158
ECA1202	g18620
ECA1202	g1508
ECA1202	g16000
ECA1202	g16520
ECA1202	g11766
ECA1202	g9437
ECA1202	g6521
ECA1202	g5134
ECA1202	g5165
ECA1202	g376
ECA1202	g1857
ECA1202	g16515
ECA1202	g16518
ECA1202	g3397
ECA1202	g5129
ECA1202	g15975
ECA1202	g15996
ECA1202	g3941
ECA1202	g8160
ECA1202	g5127
ECA1202	g1411
ECA1202	g5126
ECA1202	g5130
ECA1202	g15977
ECA1202	g15638
ECA1202	g4546
ECA1202	g18629
ECA1202	g1824
ECA1202	g1825
ECA1202	g16519
ECA1202	g14883
ECA1202	g16857
ECA1202	g4078
ECA1202	g16514
ECA1202	g13
ECA1202	g8156
ECA1202	g19933
ECA1202	g1272
ECA1202	g16231
ECA1202	g1457
ECA1202	g19934
ECA1202	g6244
ECA1202	g5131
ECA1202	g2967
ECA1202	g19590
ECA1202	g16508
ECA1202	g15998
ECA1202	g3554
ECA1202	g10810
ECA1202	g8338
ECA1202	g11845
ECA1202	g1512
ECA1202	g16509
ECA1202	g16467
ECA1202	g15456
ECA1202	g16517
ECA1202	g3907
ECA1202	g4079
ECA1202	g15982
ECA1202	g8155
ECA1202	g5128
ECA1202	g16512
ECA1202	g16516
ECA1202	g15997
ECA1202	g14887
ECA1202	g15995
ECA1202	g15981
ECA1202	g14882
ECA1202	g5132
ECA1202	g15999
ECA1202	g11994
ECA1202	g14881
ECA1202	g17475
ECA1202	g19924
ECA1202	g8185
ECA1202	g16537
ECA1202	g16539
ECA1286	g4318
ECA1286	g10374
ECA1286	g4319
ECA1286	g11470
ECA1286	g3827
ECA1286	g17300
ECA1286	g5374
ECA1286	g15087
ECA1286	g4058
ECA1286	g16359
ECA1286	g17301
ECA1286	g10243
ECA1286	g3807
ECA1286	g15121
ECA1286	g1550
ECA1286	g4279
ECA1286	g17327
ECA1286	g4327
ECA1286	g17303
ECA1286	g16358
ECA1286	g7800
ECA1286	g15118
ECA1286	g22529
ECA1286	g3832
ECA1286	g5882
ECA1286	g4326
ECA1286	g17482
ECA1286	g3828
ECA1286	g5341
ECA1286	g15125
ECA1286	g15126
ECA1286	g16360
ECA1286	g15122
ECA1286	g3809
ECA1286	g4716
ECA1286	g10375
ECA1286	g7477
ECA1286	g7476
ECA1286	g4317
ECA1286	g20991
ECA1286	g10997
ECA1286	g4320
ECA1286	g16566
ECA1286	g16090
ECA1286	g10242
ECA1286	g5207
ECA1286	g19881
ECA1286	g13725
ECA1286	g14003
ECA1286	g6320
ECA1286	g15119
ECA1286	g15120
ECA1286	g4321
ECA1286	g4348
ECA1286	g4347
ECA1286	g3830
ECA1286	g5723
ECA1286	g4328
ECA1286	g7444
ECA1286	g8654
ECA1286	g19882
ECA1286	g22339
ECA1286	g18448
ECA1286	g4345
ECA1286	g7027
ECA1286	g7842
ECA1286	g4324
ECA1286	g7883
ECA1286	g3814
ECA1286	g3829
ECA1286	g17297
ECA1286	g18584
ECA1286	g8736
ECA1286	g15123
ECA1286	g5206
ECA1286	g3831
ECA1286	g15124
ECA1286	g5208
ECA1286	g20987
ECA1286	g17298
ECA1286	g4323
ECA1286	g3813
ECA1286	g20992
ECA1286	g18575
ECA1286	g9351
ECA1286	g20993
ECA1286	g10253
ECA1409	g9030
ECA1409	g22508
ECA1409	g14978
ECA1409	g11578
ECA1409	g8007
ECA1409	g11546
ECA1409	g9010
ECA1409	g15447
ECA1409	g9523
ECA1409	g1546
ECA1409	g9541
ECA1409	g9038
ECA1409	g19056
ECA1409	g9081
ECA1409	g8168
ECA1409	g21896
ECA1409	g9012
ECA1409	g9034
ECA1409	g7501
ECA1409	g5473
ECA1409	g10174
ECA1409	g11583
ECA1409	g21897
ECA1409	g9527
ECA1409	g11585
ECA1409	g11586
ECA1409	g11582
ECA1409	g14511
ECA1409	g9885
ECA1409	g9301
ECA1409	g8639
ECA1409	g9035
ECA1409	g12566
ECA1409	g22507
ECA1409	g9040
ECA1409	g5567
ECA1409	g13766
ECA1409	g9032
ECA1409	g11581
ECA1409	g13765
ECA1409	g10455
ECA1409	g8169
ECA1409	g11580
ECA1409	g5246
ECA1409	g21676
ECA1409	g9525
ECA1409	g5066
ECA1409	g7659
ECA1409	g5248
ECA1409	g9548
ECA1409	g9039
ECA1409	g9524
ECA1409	g19597
ECA1409	g8998
ECA1409	g9004
ECA1409	g20652
ECA1409	g9041
ECA1409	g11577
ECA1409	g9033
ECA1409	g7049
ECA1409	g10066
ECA1409	g6347
ECA1409	g5904
ECA1409	g5251
ECA1409	g15438
ECA1409	g20570
ECA1409	g11584
ECA1409	g9526
ECA1409	g9546
ECA1409	g13893
ECA1409	g19596
ECA1409	g19060
ECA1409	g5250
ECA1409	g9542
ECA1409	g5905
ECA1409	g9037
ECA1409	g5524
ECA1409	g19055
ECA1409	g9528
ECA1409	g11579
ECA1409	g12864
ECA1409	g19054
ECA1409	g13894
ECA1409	g13776
ECA1409	g5221
ECA1409	g8043
ECA1409	g9031
ECA1725	g7764
ECA1725	g15759
ECA1725	g21889
ECA1725	g4655
ECA1725	g18037
ECA1725	g7768
ECA1725	g16943
ECA1725	g718
ECA1725	g6749
ECA1725	g3416
ECA1725	g16944
ECA1725	g3384
ECA1725	g7766
ECA1725	g12348
ECA1725	g8257
ECA1725	g6913
ECA1725	g717
ECA1725	g14429
ECA1725	g5809
ECA1725	g10668
ECA1725	g8275
ECA1725	g15550
ECA1725	g6914
ECA1725	g7744
ECA1725	g7815
ECA1725	g14434
ECA1725	g7746
ECA1725	g6244
ECA1725	g4217
ECA1725	g3379
ECA1725	g8805
ECA1725	g3377
ECA1725	g3376
ECA1725	g7771
ECA1725	g1013
ECA1725	g12349
ECA1725	g14433
ECA1725	g17571
ECA1725	g8035
ECA1725	g7769
ECA1725	g2401
ECA1725	g16814
ECA1725	g7774
ECA1725	g4311
ECA1725	g20089
ECA1725	g20367
ECA1725	g3380
ECA1725	g3385
ECA1725	g715
ECA1725	g8259
ECA1725	g538
ECA1725	g6400
ECA1725	g8282
ECA1725	g7773
ECA1725	g8258
ECA1725	g7738
ECA1725	g2063
ECA1725	g7775
ECA1725	g3386
ECA1725	g3381
ECA1725	g21878
ECA1725	g7767
ECA1725	g7772
ECA1725	g5099
ECA1725	g4654
ECA1725	g721
ECA1725	g1982
ECA1725	g8260
ECA1725	g15895
ECA1725	g8280
ECA1725	g16813
ECA1725	g3378
ECA1725	g3382
ECA1725	g720
ECA1725	g8625
ECA1725	g8276
ECA1725	g16824
ECA1725	g4268
ECA1725	g3383
ECA1725	g8262
ECA1725	g14435
ECA1725	g8261
ECA1725	g14436
ECA1725	g7383
ECA1725	g690
ECA1725	g6785
ECA1725	g7765
ECA2151	g1037
ECA2151	g21421
ECA2151	g14062
ECA2151	g10477
ECA2151	g1058
ECA2151	g2054
ECA2151	g10509
ECA2151	g540
ECA2151	g1897
ECA2151	g12642
ECA2151	g2998
ECA2151	g6250
ECA2151	g522
ECA2151	g1896
ECA2151	g20565
ECA2151	g18502
ECA2151	g1057
ECA2151	g986
ECA2151	g16305
ECA2151	g1055
ECA2151	g16529
ECA2151	g1033
ECA2151	g2562
ECA2151	g4585
ECA2151	g11879
ECA2151	g10473
ECA2151	g536
ECA2151	g10471
ECA2151	g10470
ECA2151	g10474
ECA2151	g1030
ECA2151	g14533
ECA2151	g766
ECA2151	g12643
ECA2151	g1032
ECA2151	g9486
ECA2151	g1027
ECA2151	g4491
ECA2151	g15275
ECA2151	g1035
ECA2151	g15276
ECA2151	g11600
ECA2151	g12640
ECA2151	g538
ECA2151	g2406
ECA2151	g515
ECA2151	g1028
ECA2151	g539
ECA2151	g12929
ECA2151	g1063
ECA2151	g1068
ECA2151	g13984
ECA2151	g1026
ECA2151	g10478
ECA2151	g21432
ECA2151	g1034
ECA2151	g1029
ECA2151	g3704
ECA2151	g4152
ECA2151	g12646
ECA2151	g20564
ECA2151	g13903
ECA2151	g10472
ECA2151	g12458
ECA2151	g537
ECA2151	g517
ECA2151	g15148
ECA2151	g12928
ECA2151	g18506
ECA2151	g12645
ECA2151	g192
ECA2151	g521
ECA2151	g4151
ECA2151	g4534
ECA2151	g18501
ECA2151	g535
ECA2151	g10475
ECA2151	g1431
ECA2151	g8
ECA2151	g10476
ECA2151	g16172
ECA2151	g18500
ECA2151	g15147
ECA2151	g15265
ECA2151	g12614
ECA2151	g2019
ECA2151	g1036
ECA2581	g20741
ECA2581	g8117
ECA2581	g3149
ECA2581	g17219
ECA2581	g21190
ECA2581	g8596
ECA2581	g16026
ECA2581	g6956
ECA2581	g1481
ECA2581	g14520
ECA2581	g18908
ECA2581	g20738
ECA2581	g20751
ECA2581	g21191
ECA2581	g8598
ECA2581	g10211
ECA2581	g3938
ECA2581	g20889
ECA2581	g14527
ECA2581	g20739
ECA2581	g14521
ECA2581	g1319
ECA2581	g1987
ECA2581	g21216
ECA2581	g4026
ECA2581	g14523
ECA2581	g3592
ECA2581	g20888
ECA2581	g20750
ECA2581	g14522
ECA2581	g14524
ECA2581	g21214
ECA2581	g7087
ECA2581	g18907
ECA2581	g6955
ECA2581	g3974
ECA2581	g3565
ECA2581	g20792
ECA2581	g6335
ECA2581	g20722
ECA2581	g20979
ECA2581	g837
ECA2581	g14560
ECA2581	g21193
ECA2581	g13545
ECA2581	g3593
ECA2581	g22491
ECA2581	g15657
ECA2581	g1318
ECA2581	g14528
ECA2581	g16209
ECA2581	g20747
ECA2581	g1827
ECA2581	g8597
ECA2581	g12700
ECA2581	g3934
ECA2581	g14525
ECA2581	g20748
ECA2581	g2439
ECA2581	g21735
ECA2581	g21189
ECA2581	g5862
ECA2581	g17220
ECA2581	g20743
ECA2581	g21208
ECA2581	g16023
ECA2581	g4723
ECA2581	g12778
ECA2581	g16028
ECA2581	g7076
ECA2581	g7086
ECA2581	g21552
ECA2581	g14529
ECA2581	g20720
ECA2581	g20749
ECA2581	g21195
ECA2581	g14526
ECA2581	g8592
ECA2581	g16024
ECA2581	g22337
ECA2581	g21210
ECA2581	g20742
ECA2581	g21192
ECA2581	g20744
ECA2581	g7988
ECA2581	g16053
ECA2581	g1446
ECA259	g1600
ECA259	g14151
ECA259	g9378
ECA259	g14171
ECA259	g19022
ECA259	g14697
ECA259	g3858
ECA259	g1628
ECA259	g14678
ECA259	g6961
ECA259	g14175
ECA259	g5111
ECA259	g16135
ECA259	g15955
ECA259	g3694
ECA259	g6995
ECA259	g1602
ECA259	g5110
ECA259	g6958
ECA259	g15300
ECA259	g3184
ECA259	g14677
ECA259	g14696
ECA259	g14682
ECA259	g2742
ECA259	g9377
ECA259	g6965
ECA259	g10506
ECA259	g6963
ECA259	g19821
ECA259	g14221
ECA259	g14153
ECA259	g17536
ECA259	g14703
ECA259	g6959
ECA259	g17535
ECA259	g14680
ECA259	g6962
ECA259	g14676
ECA259	g14178
ECA259	g14701
ECA259	g15042
ECA259	g15380
ECA259	g6960
ECA259	g12164
ECA259	g14681
ECA259	g14443
ECA259	g9379
ECA259	g14176
ECA259	g20878
ECA259	g3857
ECA259	g14181
ECA259	g5240
ECA259	g5230
ECA259	g14173
ECA259	g14679
ECA259	g1231
ECA259	g5241
ECA259	g8372
ECA259	g8093
ECA259	g19243
ECA259	g6964
ECA259	g15959
ECA259	g3346
ECA259	g14180
ECA259	g14146
ECA259	g1268
ECA259	g14182
ECA259	g14174
ECA259	g14179
ECA259	g15220
ECA259	g2036
ECA259	g11697
ECA259	g15954
ECA259	g12700
ECA259	g19820
ECA259	g1601
ECA259	g1629
ECA259	g1197
ECA259	g9383
ECA259	g3728
ECA259	g4324
ECA259	g14675
ECA259	g6140
ECA259	g15983
ECA259	g14172
ECA259	g15957
ECA3005	g16286
ECA3005	g22637
ECA3005	g6410
ECA3005	g3685
ECA3005	g18568
ECA3005	g22627
ECA3005	g13213
ECA3005	g17463
ECA3005	g4747
ECA3005	g1414
ECA3005	g3547
ECA3005	g3221
ECA3005	g19402
ECA3005	g17464
ECA3005	g3695
ECA3005	g21485
ECA3005	g3223
ECA3005	g10821
ECA3005	g3642
ECA3005	g16080
ECA3005	g7232
ECA3005	g21490
ECA3005	g3687
ECA3005	g1447
ECA3005	g5257
ECA3005	g3197
ECA3005	g7283
ECA3005	g1446
ECA3005	g1450
ECA3005	g13498
ECA3005	g3224
ECA3005	g21492
ECA3005	g3712
ECA3005	g2419
ECA3005	g1452
ECA3005	g1453
ECA3005	g3199
ECA3005	g3693
ECA3005	g5703
ECA3005	g19403
ECA3005	g21489
ECA3005	g18094
ECA3005	g2823
ECA3005	g3684
ECA3005	g21491
ECA3005	g4095
ECA3005	g3220
ECA3005	g4579
ECA3005	g17337
ECA3005	g3692
ECA3005	g13497
ECA3005	g45
ECA3005	g321
ECA3005	g1449
ECA3005	g1445
ECA3005	g3218
ECA3005	g4578
ECA3005	g5098
ECA3005	g13028
ECA3005	g15001
ECA3005	g3458
ECA3005	g1444
ECA3005	g1448
ECA3005	g2635
ECA3005	g3691
ECA3005	g3204
ECA3005	g6838
ECA3005	g3690
ECA3005	g13216
ECA3005	g3222
ECA3005	g15080
ECA3005	g13211
ECA3005	g3225
ECA3005	g3714
ECA3005	g16420
ECA3005	g17336
ECA3005	g7191
ECA3005	g1451
ECA3005	g13215
ECA3005	g3688
ECA3005	g3203
ECA3005	g3686
ECA3005	g6837
ECA3005	g17346
ECA3005	g13186
ECA3005	g4713
ECA3005	g3694
ECA3012	g3342
ECA3012	g17905
ECA3012	g2530
ECA3012	g2962
ECA3012	g20177
ECA3012	g16969
ECA3012	g19079
ECA3012	g11156
ECA3012	g10687
ECA3012	g867
ECA3012	g5633
ECA3012	g5601
ECA3012	g232
ECA3012	g4000
ECA3012	g3255
ECA3012	g13406
ECA3012	g11155
ECA3012	g15492
ECA3012	g9321
ECA3012	g11116
ECA3012	g17697
ECA3012	g11164
ECA3012	g19080
ECA3012	g15497
ECA3012	g5600
ECA3012	g11022
ECA3012	g1380
ECA3012	g10666
ECA3012	g11163
ECA3012	g5597
ECA3012	g12731
ECA3012	g2937
ECA3012	g11161
ECA3012	g5595
ECA3012	g11159
ECA3012	g5594
ECA3012	g16784
ECA3012	g10668
ECA3012	g11158
ECA3012	g2963
ECA3012	g1822
ECA3012	g13407
ECA3012	g10692
ECA3012	g15496
ECA3012	g11182
ECA3012	g19708
ECA3012	g10331
ECA3012	g11180
ECA3012	g10921
ECA3012	g11165
ECA3012	g10688
ECA3012	g4630
ECA3012	g704
ECA3012	g18952
ECA3012	g3297
ECA3012	g7009
ECA3012	g6730
ECA3012	g5598
ECA3012	g703
ECA3012	g5602
ECA3012	g1223
ECA3012	g10690
ECA3012	g10691
ECA3012	g20713
ECA3012	g18951
ECA3012	g5603
ECA3012	g5599
ECA3012	g10143
ECA3012	g10693
ECA3012	g10673
ECA3012	g16972
ECA3012	g4009
ECA3012	g20633
ECA3012	g16967
ECA3012	g11162
ECA3012	g18039
ECA3012	g5596
ECA3012	g16971
ECA3012	g12730
ECA3012	g10672
ECA3012	g11157
ECA3012	g18961
ECA3012	g2938
ECA3012	g15498
ECA3012	g16941
ECA3012	g832
ECA3012	g10689
ECA347	g4569
ECA347	g19660
ECA347	g1040
ECA347	g3722
ECA347	g4160
ECA347	g1032
ECA347	g17382
ECA347	g14140
ECA347	g18480
ECA347	g2057
ECA347	g10718
ECA347	g4136
ECA347	g199
ECA347	g10750
ECA347	g1423
ECA347	g5220
ECA347	g22222
ECA347	g1042
ECA347	g13876
ECA347	g553
ECA347	g7191
ECA347	g19868
ECA347	g13881
ECA347	g1034
ECA347	g2570
ECA347	g529
ECA347	g10755
ECA347	g4135
ECA347	g1059
ECA347	g10757
ECA347	g10758
ECA347	g18479
ECA347	g531
ECA347	g4161
ECA347	g3014
ECA347	g13880
ECA347	g17855
ECA347	g796
ECA347	g1031
ECA347	g551
ECA347	g1893
ECA347	g18609
ECA347	g1039
ECA347	g9342
ECA347	g9620
ECA347	g11719
ECA347	g10754
ECA347	g1892
ECA347	g10749
ECA347	g893
ECA347	g550
ECA347	g2411
ECA347	g14324
ECA347	g15471
ECA347	g18610
ECA347	g10748
ECA347	g10753
ECA347	g552
ECA347	g989
ECA347	g16
ECA347	g555
ECA347	g1038
ECA347	g536
ECA347	g1037
ECA347	g14137
ECA347	g5229
ECA347	g15550
ECA347	g14142
ECA347	g10751
ECA347	g1061
ECA347	g4471
ECA347	g22223
ECA347	g19526
ECA347	g10756
ECA347	g21965
ECA347	g554
ECA347	g10752
ECA347	g14138
ECA347	g1035
ECA347	g535
ECA347	g1033
ECA347	g18599
ECA347	g4523
ECA347	g13882
ECA347	g14167
ECA347	g2022
ECA347	g1041
EG4725	g12330
EG4725	g18614
EG4725	g8276
EG4725	g9131
EG4725	g21086
EG4725	g8272
EG4725	g13802
EG4725	g22179
EG4725	g13800
EG4725	g8268
EG4725	g9295
EG4725	g14981
EG4725	g15019
EG4725	g11702
EG4725	g9799
EG4725	g7302
EG4725	g10233
EG4725	g12331
EG4725	g15016
EG4725	g5646
EG4725	g15013
EG4725	g7817
EG4725	g8294
EG4725	g8226
EG4725	g13519
EG4725	g8296
EG4725	g7815
EG4725	g15017
EG4725	g13518
EG4725	g15018
EG4725	g7821
EG4725	g7839
EG4725	g15015
EG4725	g8269
EG4725	g7486
EG4725	g22178
EG4725	g11367
EG4725	g11366
EG4725	g21559
EG4725	g7838
EG4725	g8064
EG4725	g11336
EG4725	g12329
EG4725	g8271
EG4725	g15963
EG4725	g7822
EG4725	g9132
EG4725	g8266
EG4725	g19672
EG4725	g19650
EG4725	g19663
EG4725	g22299
EG4725	g8274
EG4725	g19673
EG4725	g3210
EG4725	g3489
EG4725	g7836
EG4725	g15014
EG4725	g11698
EG4725	g7841
EG4725	g15012
EG4725	g13804
EG4725	g11747
EG4725	g9640
EG4725	g8267
EG4725	g11782
EG4725	g7840
EG4725	g17280
EG4725	g8265
EG4725	g15011
EG4725	g8273
EG4725	g10933
EG4725	g13799
EG4725	g16644
EG4725	g1678
EG4725	g17361
EG4725	g7842
EG4725	g1679
EG4725	g12325
EG4725	g18407
EG4725	g9261
EG4725	g7837
EG4725	g8658
EG4725	g18754
EG4725	g13829
EG4725	g13988
EG4725	g8275
JU310	g8698
JU310	g8725
JU310	g16669
JU310	g728
JU310	g19689
JU310	g1574
JU310	g724
JU310	g5689
JU310	g12894
JU310	g5691
JU310	g9075
JU310	g1736
JU310	g2338
JU310	g22693
JU310	g2246
JU310	g8724
JU310	g12893
JU310	g7577
JU310	g22686
JU310	g6318
JU310	g22688
JU310	g227
JU310	g202
JU310	g20610
JU310	g678
JU310	g20818
JU310	g746
JU310	g748
JU310	g22690
JU310	g8697
JU310	g200
JU310	g22692
JU310	g15940
JU310	g206
JU310	g225
JU310	g22612
JU310	g22689
JU310	g228
JU310	g721
JU310	g20611
JU310	g22691
JU310	g17665
JU310	g223
JU310	g458
JU310	g16668
JU310	g723
JU310	g21022
JU310	g207
JU310	g1575
JU310	g718
JU310	g13022
JU310	g13012
JU310	g726
JU310	g9118
JU310	g13023
JU310	g20706
JU310	g3437
JU310	g221
JU310	g19910
JU310	g22687
JU310	g5687
JU310	g16670
JU310	g2086
JU310	g719
JU310	g226
JU310	g9034
JU310	g9485
JU310	g717
JU310	g725
JU310	g720
JU310	g22151
JU310	g8287
JU310	g21824
JU310	g5692
JU310	g10526
JU310	g9565
JU310	g229
JU310	g16664
JU310	g15939
JU310	g1702
JU310	g222
JU310	g14012
JU310	g1104
JU310	g13922
JU310	g5663
JU310	g5509
JU310	g727
JU782	g20591
JU782	g2721
JU782	g4497
JU782	g5356
JU782	g446
JU782	g15774
JU782	g4493
JU782	g9416
JU782	g1555
JU782	g5523
JU782	g14767
JU782	g14804
JU782	g4056
JU782	g22189
JU782	g7969
JU782	g6041
JU782	g1554
JU782	g6471
JU782	g20590
JU782	g14797
JU782	g9142
JU782	g11801
JU782	g14799
JU782	g4059
JU782	g4033
JU782	g18267
JU782	g4446
JU782	g3674
JU782	g4515
JU782	g4518
JU782	g14801
JU782	g4031
JU782	g14803
JU782	g4037
JU782	g4055
JU782	g14800
JU782	g4060
JU782	g4490
JU782	g7637
JU782	g7636
JU782	g14802
JU782	g920
JU782	g4054
JU782	g4285
JU782	g7606
JU782	g20592
JU782	g4492
JU782	g4038
JU782	g5357
JU782	g4487
JU782	g4495
JU782	g1685
JU782	g13386
JU782	g13665
JU782	g4052
JU782	g7966
JU782	g14798
JU782	g9418
JU782	g8012
JU782	g5880
JU782	g4488
JU782	g8044
JU782	g4057
JU782	g16097
JU782	g4486
JU782	g4494
JU782	g4489
JU782	g3492
JU782	g7186
JU782	g4058
JU782	g9413
JU782	g22198
JU782	g18266
JU782	g16180
JU782	g4061
JU782	g2939
JU782	g20596
JU782	g9414
JU782	g5486
JU782	g4053
JU782	g4880
JU782	g1684
JU782	g2589
JU782	g1674
JU782	g9442
JU782	g9600
JU782	g4496
NIC1810	g14451
NIC1810	g10237
NIC1810	g15436
NIC1810	g19910
NIC1810	g20132
NIC1810	g11124
NIC1810	g22323
NIC1810	g15440
NIC1810	g10409
NIC1810	g19215
NIC1810	g10411
NIC1810	g21025
NIC1810	g3698
NIC1810	g19216
NIC1810	g15938
NIC1810	g15438
NIC1810	g3666
NIC1810	g16485
NIC1810	g3668
NIC1810	g20864
NIC1810	g545
NIC1810	g14452
NIC1810	g7875
NIC1810	g19086
NIC1810	g15936
NIC1810	g20863
NIC1810	g15960
NIC1810	g12378
NIC1810	g15416
NIC1810	g2107
NIC1810	g15486
NIC1810	g15418
NIC1810	g3662
NIC1810	g15962
NIC1810	g3661
NIC1810	g15939
NIC1810	g15935
NIC1810	g15443
NIC1810	g16297
NIC1810	g1699
NIC1810	g9850
NIC1810	g15940
NIC1810	g15706
NIC1810	g4786
NIC1810	g1698
NIC1810	g14450
NIC1810	g10412
NIC1810	g15441
NIC1810	g15955
NIC1810	g15446
NIC1810	g3663
NIC1810	g19096
NIC1810	g2066
NIC1810	g19085
NIC1810	g5066
NIC1810	g21366
NIC1810	g3667
NIC1810	g10407
NIC1810	g3659
NIC1810	g15445
NIC1810	g1666
NIC1810	g15937
NIC1810	g15410
NIC1810	g5731
NIC1810	g2026
NIC1810	g15447
NIC1810	g3664
NIC1810	g3665
NIC1810	g3660
NIC1810	g15439
NIC1810	g108
NIC1810	g15444
NIC1810	g15956
NIC1810	g1252
NIC1810	g9381
NIC1810	g11125
NIC1810	g2687
NIC1810	g12379
NIC1810	g5652
NIC1810	g15934
NIC1810	g15941
NIC1810	g3252
NIC1810	g17994
NIC1810	g10383
NIC1810	g20991
NIC1810	g15437
NIC1810	g14446
PX179	g4176
PX179	g4149
PX179	g17825
PX179	g9536
PX179	g7248
PX179	g8322
PX179	g7763
PX179	g6401
PX179	g7252
PX179	g1830
PX179	g14887
PX179	g7786
PX179	g1828
PX179	g3796
PX179	g6236
PX179	g11527
PX179	g14888
PX179	g11489
PX179	g7788
PX179	g5729
PX179	g4150
PX179	g5296
PX179	g17824
PX179	g3035
PX179	g11496
PX179	g7761
PX179	g8125
PX179	g19633
PX179	g7298
PX179	g7780
PX179	g7230
PX179	g7228
PX179	g11492
PX179	g4177
PX179	g11490
PX179	g7767
PX179	g11493
PX179	g7255
PX179	g11494
PX179	g7765
PX179	g11495
PX179	g11491
PX179	g15508
PX179	g7764
PX179	g7520
PX179	g17826
PX179	g7253
PX179	g10528
PX179	g6400
PX179	g7258
PX179	g14769
PX179	g7250
PX179	g3756
PX179	g14758
PX179	g12903
PX179	g12623
PX179	g11497
PX179	g1832
PX179	g5887
PX179	g7257
PX179	g3833
PX179	g9379
PX179	g7259
PX179	g3836
PX179	g11498
PX179	g7251
PX179	g7256
PX179	g4589
PX179	g13127
PX179	g8321
PX179	g1827
PX179	g21456
PX179	g19632
PX179	g9297
PX179	g2007
PX179	g17830
PX179	g7760
PX179	g9748
PX179	g6270
PX179	g7782
PX179	g8300
PX179	g6871
PX179	g14759
PX179	g13863
PX179	g1857
PX179	g7249
PX179	g7762
QX1791	g20702
QX1791	g18804
QX1791	g19010
QX1791	g7222
QX1791	g5101
QX1791	g12943
QX1791	g4414
QX1791	g16306
QX1791	g7382
QX1791	g1220
QX1791	g1182
QX1791	g15777
QX1791	g13541
QX1791	g7888
QX1791	g3173
QX1791	g15447
QX1791	g4413
QX1791	g16277
QX1791	g8332
QX1791	g20703
QX1791	g1191
QX1791	g16280
QX1791	g17297
QX1791	g1189
QX1791	g16284
QX1791	g16307
QX1791	g1185
QX1791	g1183
QX1791	g16276
QX1791	g15446
QX1791	g16282
QX1791	g21145
QX1791	g15776
QX1791	g1187
QX1791	g9492
QX1791	g12945
QX1791	g16134
QX1791	g15759
QX1791	g1184
QX1791	g10393
QX1791	g9491
QX1791	g20701
QX1791	g1186
QX1791	g7223
QX1791	g4545
QX1791	g16278
QX1791	g4546
QX1791	g2589
QX1791	g2310
QX1791	g16285
QX1791	g1190
QX1791	g12941
QX1791	g15780
QX1791	g7729
QX1791	g15774
QX1791	g9459
QX1791	g15778
QX1791	g9034
QX1791	g14384
QX1791	g9811
QX1791	g13532
QX1791	g15775
QX1791	g21321
QX1791	g12765
QX1791	g16283
QX1791	g15760
QX1791	g16304
QX1791	g12946
QX1791	g3172
QX1791	g14464
QX1791	g9871
QX1791	g219
QX1791	g6749
QX1791	g9915
QX1791	g1188
QX1791	g20697
QX1791	g16230
QX1791	g16037
QX1791	g7353
QX1791	g16286
QX1791	g15755
QX1791	g15779
QX1791	g19389
QX1791	g15680
QX1791	g4535
QX1791	g12916
QX1791	g16279
RC301	g1491
RC301	g1518
RC301	g10997
RC301	g14841
RC301	g6006
RC301	g7322
RC301	g9815
RC301	g15348
RC301	g13999
RC301	g14845
RC301	g9532
RC301	g4850
RC301	g15370
RC301	g1870
RC301	g13836
RC301	g7355
RC301	g15372
RC301	g2654
RC301	g13329
RC301	g1517
RC301	g4849
RC301	g7323
RC301	g370
RC301	g10996
RC301	g17054
RC301	g15346
RC301	g15707
RC301	g13073
RC301	g14891
RC301	g7316
RC301	g15364
RC301	g14823
RC301	g14821
RC301	g7319
RC301	g1490
RC301	g7318
RC301	g7317
RC301	g15351
RC301	g7320
RC301	g14848
RC301	g15349
RC301	g9534
RC301	g4231
RC301	g15113
RC301	g10998
RC301	g14846
RC301	g13998
RC301	g14851
RC301	g4978
RC301	g4969
RC301	g14843
RC301	g1913
RC301	g4979
RC301	g8726
RC301	g8446
RC301	g6230
RC301	g7324
RC301	g9530
RC301	g13489
RC301	g14850
RC301	g9361
RC301	g1828
RC301	g18678
RC301	g14852
RC301	g7321
RC301	g1825
RC301	g7325
RC301	g14844
RC301	g14849
RC301	g1077
RC301	g3761
RC301	g10486
RC301	g9535
RC301	g2663
RC301	g13072
RC301	g18758
RC301	g11002
RC301	g15345
RC301	g13870
RC301	g15366
RC301	g15883
RC301	g14468
RC301	g5876
RC301	g9506
RC301	g14842
RC301	g9814
RC301	g15347
WN2001	g3951
WN2001	g19985
WN2001	g1143
WN2001	g11647
WN2001	g10340
WN2001	g11171
WN2001	g1145
WN2001	g16547
WN2001	g11668
WN2001	g11199
WN2001	g10180
WN2001	g14965
WN2001	g15009
WN2001	g11670
WN2001	g8453
WN2001	g9665
WN2001	g11196
WN2001	g16548
WN2001	g11169
WN2001	g11168
WN2001	g21239
WN2001	g9225
WN2001	g3950
WN2001	g15002
WN2001	g3122
WN2001	g15004
WN2001	g11645
WN2001	g12003
WN2001	g11163
WN2001	g11662
WN2001	g15006
WN2001	g15008
WN2001	g11201
WN2001	g21192
WN2001	g11649
WN2001	g15005
WN2001	g11194
WN2001	g11648
WN2001	g21565
WN2001	g11189
WN2001	g15007
WN2001	g18928
WN2001	g22045
WN2001	g11403
WN2001	g3952
WN2001	g10339
WN2001	g16416
WN2001	g16426
WN2001	g11200
WN2001	g16415
WN2001	g21935
WN2001	g13865
WN2001	g15003
WN2001	g1147
WN2001	g21242
WN2001	g9828
WN2001	g21159
WN2001	g7006
WN2001	g11193
WN2001	g17410
WN2001	g11242
WN2001	g11172
WN2001	g1326
WN2001	g18540
WN2001	g19402
WN2001	g20360
WN2001	g1142
WN2001	g8444
WN2001	g6035
WN2001	g6926
WN2001	g6036
WN2001	g11192
WN2001	g3956
WN2001	g11197
WN2001	g11644
WN2001	g11664
WN2001	g11198
WN2001	g21592
WN2001	g12178
WN2001	g10817
WN2001	g11191
WN2001	g15517
WN2001	g1172
WN2001	g10213
WN2001	g11190
WN2001	g11646
WN2001	g21566
WN2117	g19452
WN2117	g19425
WN2117	g11337
WN2117	g4654
WN2117	g17443
WN2117	g12150
WN2117	g4650
WN2117	g2578
WN2117	g15934
WN2117	g2580
WN2117	g19073
WN2117	g12316
WN2117	g12886
WN2117	g12849
WN2117	g2403
WN2117	g4214
WN2117	g5291
WN2117	g19426
WN2117	g19113
WN2117	g16062
WN2117	g20567
WN2117	g11338
WN2117	g12856
WN2117	g8127
WN2117	g12854
WN2117	g3852
WN2117	g4216
WN2117	g4191
WN2117	g4604
WN2117	g4672
WN2117	g4674
WN2117	g12852
WN2117	g19453
WN2117	g4189
WN2117	g12850
WN2117	g2861
WN2117	g4213
WN2117	g12853
WN2117	g4217
WN2117	g4647
WN2117	g15933
WN2117	g12851
WN2117	g707
WN2117	g4212
WN2117	g4440
WN2117	g11336
WN2117	g4649
WN2117	g1639
WN2117	g4196
WN2117	g12151
WN2117	g4644
WN2117	g16052
WN2117	g4652
WN2117	g19033
WN2117	g16063
WN2117	g21735
WN2117	g21458
WN2117	g4210
WN2117	g17669
WN2117	g12855
WN2117	g2576
WN2117	g12665
WN2117	g4645
WN2117	g4215
WN2117	g19110
WN2117	g15199
WN2117	g4643
WN2117	g4651
WN2117	g4646
WN2117	g4195
WN2117	g19861
WN2117	g241
WN2117	g2581
WN2117	g14649
WN2117	g5554
WN2117	g15277
WN2117	g4218
WN2117	g5553
WN2117	g11332
WN2117	g2860
WN2117	g12284
WN2117	g4211
WN2117	g3675
WN2117	g11680
WN2117	g17314
WN2117	g2552
WN2117	g4653
AB1	g4172
AB1	g4199
AB1	g21334
AB1	g14070
AB1	g1090
AB1	g574
AB1	g1941
AB1	g1086
AB1	g9332
AB1	g12910
AB1	g553
AB1	g9330
AB1	g19582
AB1	g2105
AB1	g7839
AB1	g7878
AB1	g551
AB1	g2611
AB1	g4198
AB1	g12909
AB1	g3049
AB1	g21333
AB1	g4915
AB1	g7871
AB1	g576
AB1	g16530
AB1	g1040
AB1	g1108
AB1	g1110
AB1	g7875
AB1	g4171
AB1	g7877
AB1	g571
AB1	g7874
AB1	g1083
AB1	g17139
AB1	g7873
AB1	g184
AB1	g572
AB1	g7872
AB1	g7876
AB1	g12284
AB1	g573
AB1	g819
AB1	g21335
AB1	g1085
AB1	g8845
AB1	g1942
AB1	g1080
AB1	g13039
AB1	g13029
AB1	g1088
AB1	g19625
AB1	g13040
AB1	g6457
AB1	g6736
AB1	g575
AB1	g7870
AB1	g9334
AB1	g22697
AB1	g2451
AB1	g1081
AB1	g9504
AB1	g22700
AB1	g18683
AB1	g1079
AB1	g7869
AB1	g1087
AB1	g1082
AB1	g6
AB1	g3761
AB1	g11815
AB1	g558
AB1	g9329
AB1	g18144
AB1	g16529
AB1	g18764
AB1	g21339
AB1	g577
AB1	g14280
AB1	g2072
AB1	g557
AB1	g1469
AB1	g13941
AB1	g9358
AB1	g1089
CX11254	g4071
CX11254	g15561
CX11254	g988
CX11254	g4829
CX11254	g535
CX11254	g1833
CX11254	g22206
CX11254	g4045
CX11254	g984
CX11254	g9917
CX11254	g18679
CX11254	g514
CX11254	g9919
CX11254	g1998
CX11254	g6415
CX11254	g18680
CX11254	g6378
CX11254	g512
CX11254	g17536
CX11254	g9733
CX11254	g2499
CX11254	g2941
CX11254	g15562
CX11254	g6381
CX11254	g11781
CX11254	g6384
CX11254	g537
CX11254	g183
CX11254	g13497
CX11254	g938
CX11254	g4070
CX11254	g1006
CX11254	g1008
CX11254	g6380
CX11254	g10198
CX11254	g6379
CX11254	g533
CX11254	g6382
CX11254	g981
CX11254	g534
CX11254	g9915
CX11254	g19300
CX11254	g774
CX11254	g15560
CX11254	g983
CX11254	g1834
CX11254	g978
CX11254	g18561
CX11254	g986
CX11254	g4441
CX11254	g18551
CX11254	g7785
CX11254	g7506
CX11254	g5059
CX11254	g6385
CX11254	g2340
CX11254	g979
CX11254	g11251
CX11254	g4402
CX11254	g977
CX11254	g6386
CX11254	g6383
CX11254	g985
CX11254	g980
CX11254	g9889
CX11254	g3641
CX11254	g19771
CX11254	g9920
CX11254	g17527
CX11254	g13498
CX11254	g11172
CX11254	g4044
CX11254	g4477
CX11254	g15556
CX11254	g538
CX11254	g10197
CX11254	g518
CX11254	g520
CX11254	g6
CX11254	g9914
CX11254	g1365
CX11254	g18552
CX11254	g17653
CX11254	g1967
CX11254	g987
CX11254	g536
ECA1237	g12371
ECA1237	g145
ECA1237	g22120
ECA1237	g16116
ECA1237	g11206
ECA1237	g147
ECA1237	g15754
ECA1237	g12372
ECA1237	g22480
ECA1237	g12395
ECA1237	g6429
ECA1237	g6391
ECA1237	g11205
ECA1237	g11874
ECA1237	g10054
ECA1237	g15756
ECA1237	g6395
ECA1237	g11896
ECA1237	g2888
ECA1237	g13479
ECA1237	g12379
ECA1237	g12370
ECA1237	g6393
ECA1237	g19985
ECA1237	g4787
ECA1237	g6390
ECA1237	g6394
ECA1237	g11897
ECA1237	g11876
ECA1237	g5410
ECA1237	g4786
ECA1237	g12380
ECA1237	g9188
ECA1237	g9187
ECA1237	g9529
ECA1237	g12332
ECA1237	g10583
ECA1237	g18803
ECA1237	g12373
ECA1237	g11894
ECA1237	g5639
ECA1237	g10055
ECA1237	g12376
ECA1237	g4923
ECA1237	g11898
ECA1237	g11334
ECA1237	g7522
ECA1237	g4924
ECA1237	g12235
ECA1237	g13915
ECA1237	g6397
ECA1237	g21664
ECA1237	g149
ECA1237	g12374
ECA1237	g4394
ECA1237	g328
ECA1237	g12381
ECA1237	g9156
ECA1237	g11323
ECA1237	g19984
ECA1237	g18916
ECA1237	g12118
ECA1237	g6398
ECA1237	g11347
ECA1237	g15750
ECA1237	g4748
ECA1237	g12377
ECA1237	g144
ECA1237	g18794
ECA1237	g19005
ECA1237	g9575
ECA1237	g6392
ECA1237	g12398
ECA1237	g12397
ECA1237	g11895
ECA1237	g11880
ECA1237	g11534
ECA1237	g11533
ECA1237	g15755
ECA1237	g11333
ECA1237	g6396
ECA1237	g20745
ECA1237	g174
ECA1237	g20850
ECA1237	g9617
ECA1237	g11881
ECA1751	g10934
ECA1751	g22469
ECA1751	g15933
ECA1751	g2639
ECA1751	g874
ECA1751	g2671
ECA1751	g707
ECA1751	g10914
ECA1751	g6180
ECA1751	g6928
ECA1751	g11423
ECA1751	g12458
ECA1751	g11441
ECA1751	g14485
ECA1751	g10984
ECA1751	g18172
ECA1751	g10916
ECA1751	g11427
ECA1751	g10938
ECA1751	g1385
ECA1751	g4041
ECA1751	g2635
ECA1751	g838
ECA1751	g2633
ECA1751	g2632
ECA1751	g2636
ECA1751	g10941
ECA1751	g229
ECA1751	g17018
ECA1751	g5288
ECA1751	g7247
ECA1751	g7248
ECA1751	g16401
ECA1751	g11789
ECA1751	g11202
ECA1751	g2637
ECA1751	g10939
ECA1751	g1664
ECA1751	g22470
ECA1751	g10944
ECA1751	g10936
ECA1751	g17147
ECA1751	g3763
ECA1751	g8387
ECA1751	g19117
ECA1751	g11425
ECA1751	g6932
ECA1751	g1224
ECA1751	g19115
ECA1751	g11448
ECA1751	g10943
ECA1751	g11424
ECA1751	g7282
ECA1751	g10902
ECA1751	g10908
ECA1751	g10711
ECA1751	g10945
ECA1751	g2640
ECA1751	g10937
ECA1751	g10942
ECA1751	g11968
ECA1751	g7691
ECA1751	g19112
ECA1751	g6171
ECA1751	g10628
ECA1751	g18390
ECA1751	g6875
ECA1751	g706
ECA1751	g2634
ECA1751	g19296
ECA1751	g11426
ECA1751	g11446
ECA1751	g17019
ECA1751	g14481
ECA1751	g19113
ECA1751	g11442
ECA1751	g6831
ECA1751	g14486
ECA1751	g11428
ECA1751	g17146
ECA1751	g2638
ECA1751	g18038
ECA1751	g14487
ECA1751	g17137
ECA1751	g19142
ECA1751	g10935
ECA1769	g10830
ECA1769	g6451
ECA1769	g13656
ECA1769	g5054
ECA1769	g8404
ECA1769	g18278
ECA1769	g5086
ECA1769	g18110
ECA1769	g10339
ECA1769	g8405
ECA1769	g14273
ECA1769	g10321
ECA1769	g15013
ECA1769	g10850
ECA1769	g10778
ECA1769	g22543
ECA1769	g10848
ECA1769	g10826
ECA1769	g18805
ECA1769	g1387
ECA1769	g17122
ECA1769	g5050
ECA1769	g22544
ECA1769	g10335
ECA1769	g18242
ECA1769	g5048
ECA1769	g5047
ECA1769	g5051
ECA1769	g10823
ECA1769	g11223
ECA1769	g1296
ECA1769	g17921
ECA1769	g9973
ECA1769	g10558
ECA1769	g10825
ECA1769	g4079
ECA1769	g6452
ECA1769	g10820
ECA1769	g10828
ECA1769	g15835
ECA1769	g19579
ECA1769	g6182
ECA1769	g2989
ECA1769	g8407
ECA1769	g19270
ECA1769	g10337
ECA1769	g18965
ECA1769	g10314
ECA1769	g10821
ECA1769	g10338
ECA1769	g10856
ECA1769	g10862
ECA1769	g247
ECA1769	g10819
ECA1769	g5055
ECA1769	g19569
ECA1769	g10827
ECA1769	g10822
ECA1769	g9790
ECA1769	g2287
ECA1769	g1841
ECA1769	g8401
ECA1769	g329
ECA1769	g18109
ECA1769	g1486
ECA1769	g5049
ECA1769	g8590
ECA1769	g10336
ECA1769	g1842
ECA1769	g10316
ECA1769	g17299
ECA1769	g15009
ECA1769	g8402
ECA1769	g10320
ECA1769	g1438
ECA1769	g15014
ECA1769	g10334
ECA1769	g5052
ECA1769	g15834
ECA1769	g17300
ECA1769	g5053
ECA1769	g16731
ECA1769	g15015
ECA1769	g15825
ECA1769	g8432
ECA1769	g10829
ECA191	g6736
ECA191	g21018
ECA191	g17596
ECA191	g9236
ECA191	g15054
ECA191	g21658
ECA191	g4275
ECA191	g4307
ECA191	g2660
ECA191	g1837
ECA191	g6474
ECA191	g6254
ECA191	g6711
ECA191	g16946
ECA191	g9234
ECA191	g12533
ECA191	g6659
ECA191	g19963
ECA191	g1495
ECA191	g6235
ECA191	g17675
ECA191	g6710
ECA191	g21017
ECA191	g6701
ECA191	g14922
ECA191	g6700
ECA191	g4268
ECA191	g4272
ECA191	g15517
ECA191	g17595
ECA191	g6249
ECA191	g8046
ECA191	g6229
ECA191	g1528
ECA191	g6730
ECA191	g4271
ECA191	g4269
ECA191	g13811
ECA191	g5903
ECA191	g1527
ECA191	g6708
ECA191	g21225
ECA191	g3308
ECA191	g16945
ECA191	g15053
ECA191	g1888
ECA191	g19964
ECA191	g5396
ECA191	g375
ECA191	g7757
ECA191	g6704
ECA191	g6709
ECA191	g6252
ECA191	g17833
ECA191	g7759
ECA191	g11282
ECA191	g4276
ECA191	g5722
ECA191	g6728
ECA191	g9240
ECA191	g1088
ECA191	g14885
ECA191	g6707
ECA191	g6236
ECA191	g7762
ECA191	g2669
ECA191	g11199
ECA191	g5672
ECA191	g4270
ECA191	g7575
ECA191	g6251
ECA191	g6231
ECA191	g6702
ECA191	g7761
ECA191	g6706
ECA191	g6564
ECA191	g9235
ECA191	g4273
ECA191	g6250
ECA191	g6703
ECA191	g4274
ECA191	g6253
ECA191	g18610
ECA191	g19953
ECA191	g7732
ECA191	g1936
ECA2565	g12393
ECA2565	g12420
ECA2565	g19864
ECA2565	g9332
ECA2565	g4374
ECA2565	g1007
ECA2565	g8821
ECA2565	g10179
ECA2565	g9328
ECA2565	g720
ECA2565	g3209
ECA2565	g8799
ECA2565	g722
ECA2565	g12769
ECA2565	g10340
ECA2565	g16362
ECA2565	g16401
ECA2565	g8797
ECA2565	g10843
ECA2565	g12419
ECA2565	g11280
ECA2565	g19865
ECA2565	g6634
ECA2565	g16394
ECA2565	g8823
ECA2565	g8461
ECA2565	g14799
ECA2565	g8805
ECA2565	g9350
ECA2565	g9352
ECA2565	g16398
ECA2565	g12392
ECA2565	g16400
ECA2565	g8818
ECA2565	g16397
ECA2565	g9325
ECA2565	g16396
ECA2565	g9322
ECA2565	g16395
ECA2565	g8820
ECA2565	g3208
ECA2565	g9282
ECA2565	g16399
ECA2565	g2589
ECA2565	g9062
ECA2565	g19863
ECA2565	g9327
ECA2565	g20400
ECA2565	g10180
ECA2565	g3328
ECA2565	g9330
ECA2565	g12813
ECA2565	g3339
ECA2565	g14989
ECA2565	g15264
ECA2565	g4599
ECA2565	g16393
ECA2565	g718
ECA2565	g12725
ECA2565	g10686
ECA2565	g9323
ECA2565	g12728
ECA2565	g22042
ECA2565	g9321
ECA2565	g16392
ECA2565	g9329
ECA2565	g9324
ECA2565	g11984
ECA2565	g2115
ECA2565	g1006
ECA2565	g723
ECA2565	g17641
ECA2565	g14798
ECA2565	g21961
ECA2565	g544
ECA2565	g19859
ECA2565	g8824
ECA2565	g10308
ECA2565	g8803
ECA2565	g8284
ECA2565	g9710
ECA2565	g3338
ECA2565	g4244
ECA2565	g694
ECA2565	g9331
ECA2565	g8822
ED3017	g4072
ED3017	g4099
ED3017	g18800
ED3017	g1002
ED3017	g8894
ED3017	g995
ED3017	g1847
ED3017	g4728
ED3017	g10053
ED3017	g4726
ED3017	g4445
ED3017	g2008
ED3017	g13430
ED3017	g10054
ED3017	g13393
ED3017	g567
ED3017	g2511
ED3017	g4098
ED3017	g993
ED3017	g2949
ED3017	g18799
ED3017	g13400
ED3017	g16827
ED3017	g13398
ED3017	g569
ED3017	g544
ED3017	g7701
ED3017	g186
ED3017	g1019
ED3017	g1021
ED3017	g13396
ED3017	g4071
ED3017	g542
ED3017	g13394
ED3017	g7882
ED3017	g566
ED3017	g13397
ED3017	g570
ED3017	g13395
ED3017	g19901
ED3017	g565
ED3017	g790
ED3017	g18801
ED3017	g994
ED3017	g12425
ED3017	g549
ED3017	g1848
ED3017	g992
ED3017	g9925
ED3017	g9935
ED3017	g1000
ED3017	g4483
ED3017	g9924
ED3017	g14808
ED3017	g14526
ED3017	g563
ED3017	g8670
ED3017	g13399
ED3017	g4730
ED3017	g2352
ED3017	g568
ED3017	g4407
ED3017	g11085
ED3017	g999
ED3017	g997
ED3017	g6
ED3017	g548
ED3017	g4905
ED3017	g3655
ED3017	g998
ED3017	g19432
ED3017	g4725
ED3017	g15340
ED3017	g7700
ED3017	g11164
ED3017	g571
ED3017	g991
ED3017	g18805
ED3017	g7881
ED3017	g1974
ED3017	g564
ED3017	g1376
ED3017	g9023
ED3017	g951
ED3017	g4754
ED3017	g1001
JU2829	g15140
JU2829	g15167
JU2829	g17989
JU2829	g12029
JU2829	g12880
JU2829	g11510
JU2829	g2348
JU2829	g21688
JU2829	g12025
JU2829	g272
JU2829	g17082
JU2829	g11488
JU2829	g270
JU2829	g15517
JU2829	g13046
JU2829	g17083
JU2829	g11486
JU2829	g13568
JU2829	g15166
JU2829	g5288
JU2829	g14010
JU2829	g5289
JU2829	g20282
JU2829	g6608
JU2829	g11512
JU2829	g11153
JU2829	g3186
JU2829	g11978
JU2829	g6602
JU2829	g11494
JU2829	g12047
JU2829	g12049
JU2829	g6605
JU2829	g15139
JU2829	g6604
JU2829	g6603
JU2829	g11507
JU2829	g6606
JU2829	g12022
JU2829	g21633
JU2829	g11508
JU2829	g1878
JU2829	g11509
JU2829	g11757
JU2829	g12024
JU2829	g12019
JU2829	g16959
JU2829	g12027
JU2829	g15560
JU2829	g12881
JU2829	g16948
JU2829	g8017
JU2829	g6609
JU2829	g274
JU2829	g13402
JU2829	g12020
JU2829	g7743
JU2829	g15475
JU2829	g14723
JU2829	g10016
JU2829	g12018
JU2829	g15472
JU2829	g6610
JU2829	g16949
JU2829	g12026
JU2829	g12021
JU2829	g6640
JU2829	g269
JU2829	g22347
JU2829	g3187
JU2829	g9935
JU2829	g457
JU2829	g5283
JU2829	g6607
JU2829	g11513
JU2829	g18205
JU2829	g11492
JU2829	g10975
JU2829	g12403
JU2829	g22356
JU2829	g16040
JU2829	g5287
JU2829	g299
JU2829	g13012
JU2829	g12028
JU2829	g11511
JU311	g4187
JU311	g13817
JU311	g16513
JU311	g1066
JU311	g545
JU311	g16724
JU311	g1925
JU311	g1062
JU311	g11765
JU311	g15357
JU311	g523
JU311	g11763
JU311	g4538
JU311	g2093
JU311	g9087
JU311	g4160
JU311	g9130
JU311	g521
JU311	g21826
JU311	g2604
JU311	g4186
JU311	g3040
JU311	g13816
JU311	g11480
JU311	g19302
JU311	g9123
JU311	g547
JU311	g185
JU311	g17446
JU311	g1015
JU311	g529
JU311	g1085
JU311	g1087
JU311	g9127
JU311	g4159
JU311	g9129
JU311	g542
JU311	g9126
JU311	g9125
JU311	g543
JU311	g9124
JU311	g15356
JU311	g9128
JU311	g14722
JU311	g544
JU311	g793
JU311	g13818
JU311	g1061
JU311	g10094
JU311	g1926
JU311	g1056
JU311	g1064
JU311	g4581
JU311	g15484
JU311	g7703
JU311	g7981
JU311	g9122
JU311	g11767
JU311	g2444
JU311	g1057
JU311	g4497
JU311	g10424
JU311	g1055
JU311	g9121
JU311	g1059
JU311	g1063
JU311	g1058
JU311	g11942
JU311	g3751
JU311	g14243
JU311	g11762
JU311	g21817
JU311	g17447
JU311	g10504
JU311	g15473
JU311	g13822
JU311	g548
JU311	g2056
JU311	g527
JU311	g7
JU311	g1449
JU311	g15483
JU311	g16381
JU311	g11792
JU311	g1065
JU311	g546
JU3128	g9160
JU3128	g9187
JU3128	g1107
JU3128	g2657
JU3128	g12618
JU3128	g16730
JU3128	g5427
JU3128	g2139
JU3128	g3511
JU3128	g19942
JU3128	g2653
JU3128	g267
JU3128	g11453
JU3128	g2117
JU3128	g9539
JU3128	g3675
JU3128	g16697
JU3128	g2115
JU3128	g4184
JU3128	g9186
JU3128	g8038
JU3128	g1108
JU3128	g6191
JU3128	g16729
JU3128	g2141
JU3128	g1782
JU3128	g11452
JU3128	g14364
JU3128	g2608
JU3128	g16736
JU3128	g2123
JU3128	g2675
JU3128	g2677
JU3128	g16733
JU3128	g9159
JU3128	g16734
JU3128	g16735
JU3128	g2136
JU3128	g16732
JU3128	g2650
JU3128	g2137
JU3128	g265
JU3128	g10829
JU3128	g2138
JU3128	g2386
JU3128	g1106
JU3128	g2652
JU3128	g3512
JU3128	g2647
JU3128	g11573
JU3128	g2655
JU3128	g9582
JU3128	g11584
JU3128	g21635
JU3128	g15594
JU3128	g12841
JU3128	g16728
JU3128	g269
JU3128	g4023
JU3128	g2648
JU3128	g439
JU3128	g9497
JU3128	g4364
JU3128	g2646
JU3128	g16731
JU3128	g16727
JU3128	g2654
JU3128	g2649
JU3128	g8749
JU3128	g10361
JU3128	g5428
JU3128	g264
JU3128	g17303
JU3128	g14363
JU3128	g4443
JU3128	g1102
JU3128	g2142
JU3128	g3643
JU3128	g2121
JU3128	g1603
JU3128	g3040
JU3128	g11583
JU3128	g12490
JU3128	g294
JU3128	g2656
JU3128	g2140
MY2212	g9581
MY2212	g9608
MY2212	g10694
MY2212	g12621
MY2212	g6504
MY2212	g1196
MY2212	g5977
MY2212	g7349
MY2212	g6500
MY2212	g4715
MY2212	g18429
MY2212	g5954
MY2212	g4713
MY2212	g9957
MY2212	g7514
MY2212	g1229
MY2212	g5952
MY2212	g8020
MY2212	g9607
MY2212	g8459
MY2212	g10695
MY2212	g14271
MY2212	g1197
MY2212	g5979
MY2212	g5617
MY2212	g6453
MY2212	g1190
MY2212	g5960
MY2212	g6522
MY2212	g6524
MY2212	g1193
MY2212	g9580
MY2212	g1192
MY2212	g1191
MY2212	g5973
MY2212	g1194
MY2212	g6497
MY2212	g4432
MY2212	g5975
MY2212	g18428
MY2212	g17806
MY2212	g5976
MY2212	g6236
MY2212	g10693
MY2212	g6499
MY2212	g221
MY2212	g7350
MY2212	g6494
MY2212	g18560
MY2212	g18550
MY2212	g6502
MY2212	g10000
MY2212	g18561
MY2212	g2600
MY2212	g2322
MY2212	g1198
MY2212	g4717
MY2212	g7859
MY2212	g6495
MY2212	g9915
MY2212	g11464
MY2212	g6493
MY2212	g1195
MY2212	g1199
MY2212	g12835
MY2212	g6501
MY2212	g6496
MY2212	g9165
MY2212	g17340
MY2212	g4712
MY2212	g16213
MY2212	g20028
MY2212	g11543
MY2212	g9912
MY2212	g20027
MY2212	g10689
MY2212	g5980
MY2212	g7482
MY2212	g5958
MY2212	g5440
MY2212	g6880
MY2212	g19466
MY2212	g4741
MY2212	g6503
MY2212	g4888
MY2212	g5978
NIC1	g4300
NIC1	g4328
NIC1	g21165
NIC1	g1237
NIC1	g9446
NIC1	g2081
NIC1	g9386
NIC1	g1233
NIC1	g10673
NIC1	g20276
NIC1	g10675
NIC1	g4684
NIC1	g2245
NIC1	g5036
NIC1	g20277
NIC1	g4999
NIC1	g18732
NIC1	g2753
NIC1	g4327
NIC1	g4639
NIC1	g20145
NIC1	g3186
NIC1	g21164
NIC1	g5006
NIC1	g7891
NIC1	g12566
NIC1	g5004
NIC1	g453
NIC1	g810
NIC1	g786
NIC1	g6881
NIC1	g1187
NIC1	g1255
NIC1	g1257
NIC1	g5002
NIC1	g4299
NIC1	g784
NIC1	g5000
NIC1	g808
NIC1	g5003
NIC1	g811
NIC1	g1230
NIC1	g5001
NIC1	g15947
NIC1	g807
NIC1	g1029
NIC1	g21166
NIC1	g1232
NIC1	g791
NIC1	g2082
NIC1	g1227
NIC1	g20154
NIC1	g1235
NIC1	g4727
NIC1	g20144
NIC1	g9073
NIC1	g6133
NIC1	g805
NIC1	g5005
NIC1	g10671
NIC1	g2593
NIC1	g1228
NIC1	g809
NIC1	g4642
NIC1	g8944
NIC1	g1226
NIC1	g1234
NIC1	g1229
NIC1	g790
NIC1	g3892
NIC1	g15474
NIC1	g10676
NIC1	g18723
NIC1	g6880
NIC1	g8863
NIC1	g812
NIC1	g10498
NIC1	g21170
NIC1	g9670
NIC1	g2210
NIC1	g806
NIC1	g277
NIC1	g1612
NIC1	g19253
NIC1	g10647
NIC1	g1236
CB4852	g4137
CB4852	g4164
CB4852	g20078
CB4852	g1061
CB4852	g18901
CB4852	g537
CB4852	g1909
CB4852	g1057
CB4852	g7564
CB4852	g17735
CB4852	g515
CB4852	g4520
CB4852	g2070
CB4852	g16790
CB4852	g513
CB4852	g2575
CB4852	g4163
CB4852	g17734
CB4852	g3012
CB4852	g20079
CB4852	g9530
CB4852	g16783
CB4852	g539
CB4852	g181
CB4852	g12152
CB4852	g1010
CB4852	g521
CB4852	g1079
CB4852	g1081
CB4852	g16787
CB4852	g4136
CB4852	g16789
CB4852	g534
CB4852	g16786
CB4852	g1054
CB4852	g16785
CB4852	g536
CB4852	g16784
CB4852	g7562
CB4852	g16788
CB4852	g14946
CB4852	g16751
CB4852	g790
CB4852	g20077
CB4852	g1056
CB4852	g11563
CB4852	g1910
CB4852	g1051
CB4852	g17865
CB4852	g17855
CB4852	g1059
CB4852	g4564
CB4852	g17866
CB4852	g5992
CB4852	g5714
CB4852	g19125
CB4852	g16782
CB4852	g7566
CB4852	g2415
CB4852	g1052
CB4852	g7739
CB4852	g4477
CB4852	g16555
CB4852	g1050
CB4852	g4474
CB4852	g16781
CB4852	g1058
CB4852	g1053
CB4852	g3722
CB4852	g14481
CB4852	g7561
CB4852	g15510
CB4852	g12153
CB4852	g16474
CB4852	g8301
CB4852	g20073
CB4852	g540
CB4852	g2038
CB4852	g519
CB4852	g6
CB4852	g1438
CB4852	g18771
CB4852	g7590
CB4852	g1060
CB4852	g538
CX11264	g4125
CX11264	g21895
CX11264	g1045
CX11264	g20904
CX11264	g535
CX11264	g1886
CX11264	g4097
CX11264	g8175
CX11264	g1041
CX11264	g16391
CX11264	g19082
CX11264	g513
CX11264	g16393
CX11264	g2056
CX11264	g8208
CX11264	g4123
CX11264	g8172
CX11264	g511
CX11264	g17488
CX11264	g2562
CX11264	g19081
CX11264	g2997
CX11264	g21894
CX11264	g8179
CX11264	g15503
CX11264	g6350
CX11264	g8177
CX11264	g537
CX11264	g19211
CX11264	g183
CX11264	g13108
CX11264	g995
CX11264	g1063
CX11264	g1065
CX11264	g8173
CX11264	g532
CX11264	g8176
CX11264	g1038
CX11264	g533
CX11264	g8174
CX11264	g18456
CX11264	g534
CX11264	g775
CX11264	g21896
CX11264	g1040
CX11264	g1887
CX11264	g1035
CX11264	g19201
CX11264	g1043
CX11264	g4495
CX11264	g19212
CX11264	g9581
CX11264	g9303
CX11264	g21126
CX11264	g8178
CX11264	g16389
CX11264	g2402
CX11264	g1036
CX11264	g16214
CX11264	g14450
CX11264	g4455
CX11264	g1034
CX11264	g1042
CX11264	g1037
CX11264	g16364
CX11264	g3691
CX11264	g20206
CX11264	g16394
CX11264	g17497
CX11264	g13107
CX11264	g21598
CX11264	g14528
CX11264	g4124
CX11264	g4096
CX11264	g4535
CX11264	g21900
CX11264	g538
CX11264	g517
CX11264	g519
CX11264	g6
CX11264	g1420
CX11264	g20110
CX11264	g2022
CX11264	g1044
CX11264	g536
CX11314	g20424
CX11314	g19918
CX11314	g7055
CX11314	g21938
CX11314	g5514
CX11314	g6536
CX11314	g7907
CX11314	g20396
CX11314	g10686
CX11314	g7051
CX11314	g16729
CX11314	g3616
CX11314	g6513
CX11314	g8077
CX11314	g10720
CX11314	g10683
CX11314	g6511
CX11314	g8583
CX11314	g12644
CX11314	g10690
CX11314	g9805
CX11314	g10688
CX11314	g6538
CX11314	g6183
CX11314	g159
CX11314	g7003
CX11314	g7073
CX11314	g7075
CX11314	g10684
CX11314	g6532
CX11314	g10687
CX11314	g7048
CX11314	g6534
CX11314	g3617
CX11314	g10685
CX11314	g15151
CX11314	g6535
CX11314	g6782
CX11314	g19917
CX11314	g7050
CX11314	g7908
CX11314	g7045
CX11314	g3484
CX11314	g3494
CX11314	g7053
CX11314	g20796
CX11314	g3483
CX11314	g12105
CX11314	g11825
CX11314	g20422
CX11314	g22159
CX11314	g10689
CX11314	g16731
CX11314	g8422
CX11314	g7046
CX11314	g1911
CX11314	g20757
CX11314	g7044
CX11314	g7052
CX11314	g7047
CX11314	g13352
CX11314	g15618
CX11314	g5513
CX11314	g16726
CX11314	g5182
CX11314	g160
CX11314	g21365
CX11314	g1993
CX11314	g20423
CX11314	g20395
CX11314	g20833
CX11314	g19913
CX11314	g16727
CX11314	g6539
CX11314	g19919
CX11314	g6517
CX11314	g6519
CX11314	g6005
CX11314	g7437
CX11314	g2577
CX11314	g16755
CX11314	g8043
CX11314	g16905
CX11314	g7054
CX11314	g6537
ECA1413	g9776
ECA1413	g17731
ECA1413	g760
ECA1413	g6678
ECA1413	g9336
ECA1413	g6164
ECA1413	g9749
ECA1413	g6674
ECA1413	g4911
ECA1413	g1916
ECA1413	g6143
ECA1413	g10157
ECA1413	g4909
ECA1413	g7697
ECA1413	g14258
ECA1413	g1917
ECA1413	g14295
ECA1413	g6141
ECA1413	g8202
ECA1413	g7535
ECA1413	g1789
ECA1413	g8637
ECA1413	g17732
ECA1413	g14288
ECA1413	g20098
ECA1413	g14290
ECA1413	g6166
ECA1413	g5810
ECA1413	g7534
ECA1413	g15659
ECA1413	g6628
ECA1413	g6149
ECA1413	g6696
ECA1413	g4624
ECA1413	g6698
ECA1413	g14294
ECA1413	g4623
ECA1413	g6162
ECA1413	g14291
ECA1413	g6671
ECA1413	g3011
ECA1413	g6163
ECA1413	g14293
ECA1413	g2542
ECA1413	g6406
ECA1413	g17730
ECA1413	g6673
ECA1413	g15270
ECA1413	g6668
ECA1413	g6676
ECA1413	g1788
ECA1413	g12881
ECA1413	g13161
ECA1413	g11044
ECA1413	g9774
ECA1413	g14289
ECA1413	g4913
ECA1413	g11035
ECA1413	g8041
ECA1413	g6669
ECA1413	g3568
ECA1413	g10114
ECA1413	g6667
ECA1413	g550
ECA1413	g6675
ECA1413	g6670
ECA1413	g4938
ECA1413	g14292
ECA1413	g4908
ECA1413	g15660
ECA1413	g3649
ECA1413	g9775
ECA1413	g9748
ECA1413	g5093
ECA1413	g10195
ECA1413	g17726
ECA1413	g6167
ECA1413	g6147
ECA1413	g5635
ECA1413	g7061
ECA1413	g893
ECA1413	g1799
ECA1413	g7662
ECA1413	g6677
ECA1413	g6165
ECA1493	g3928
ECA1493	g18996
ECA1493	g12747
ECA1493	g5434
ECA1493	g3925
ECA1493	g4416
ECA1493	g4431
ECA1493	g4436
ECA1493	g22532
ECA1493	g2860
ECA1493	g16263
ECA1493	g1214
ECA1493	g4411
ECA1493	g22509
ECA1493	g8685
ECA1493	g3922
ECA1493	g16262
ECA1493	g19993
ECA1493	g12743
ECA1493	g3918
ECA1493	g2518
ECA1493	g2357
ECA1493	g19006
ECA1493	g22065
ECA1493	g3916
ECA1493	g16266
ECA1493	g3027
ECA1493	g16267
ECA1493	g22069
ECA1493	g16268
ECA1493	g3920
ECA1493	g3028
ECA1493	g4415
ECA1493	g22447
ECA1493	g16265
ECA1493	g16261
ECA1493	g12462
ECA1493	g1915
ECA1493	g5907
ECA1493	g16264
ECA1493	g7559
ECA1493	g12746
ECA1493	g16230
ECA1493	g6653
ECA1493	g11488
ECA1493	g17233
ECA1493	g437
ECA1493	g14863
ECA1493	g16260
ECA1493	g3921
ECA1493	g3927
ECA1493	g393
ECA1493	g4051
ECA1493	g6526
ECA1493	g344
ECA1493	g4412
ECA1493	g3919
ECA1493	g12461
ECA1493	g4432
ECA1493	g3917
ECA1493	g773
ECA1493	g22070
ECA1493	g4413
ECA1493	g15142
ECA1493	g3924
ECA1493	g12749
ECA1493	g6654
ECA1493	g16269
ECA1493	g22712
ECA1493	g4171
ECA1493	g3926
ECA1493	g12744
ECA1493	g3969
ECA1493	g3915
ECA1493	g3513
ECA1493	g19992
ECA1493	g22232
ECA1493	g774
ECA1493	g4414
ECA1493	g22071
ECA1493	g11408
ECA1493	g12928
ECA1493	g6644
ECA1493	g12774
ECA1493	g2894
ECA1997	g20132
ECA1997	g5756
ECA1997	g16847
ECA1997	g8143
ECA1997	g5754
ECA1997	g1174
ECA1997	g20122
ECA1997	g2300
ECA1997	g15753
ECA1997	g1179
ECA1997	g18367
ECA1997	g1211
ECA1997	g20131
ECA1997	g20660
ECA1997	g4664
ECA1997	g20998
ECA1997	g20634
ECA1997	g20121
ECA1997	g4303
ECA1997	g16975
ECA1997	g20133
ECA1997	g13691
ECA1997	g5752
ECA1997	g20638
ECA1997	g20636
ECA1997	g2727
ECA1997	g18402
ECA1997	g4706
ECA1997	g20105
ECA1997	g10452
ECA1997	g1173
ECA1997	g1172
ECA1997	g1176
ECA1997	g20658
ECA1997	g19006
ECA1997	g4741
ECA1997	g4338
ECA1997	g4337
ECA1997	g11615
ECA1997	g16227
ECA1997	g10670
ECA1997	g223
ECA1997	g8142
ECA1997	g6040
ECA1997	g1178
ECA1997	g20405
ECA1997	g20125
ECA1997	g20639
ECA1997	g16976
ECA1997	g3167
ECA1997	g20129
ECA1997	g18016
ECA1997	g10339
ECA1997	g4660
ECA1997	g1180
ECA1997	g3879
ECA1997	g20130
ECA1997	g20173
ECA1997	g21182
ECA1997	g20126
ECA1997	g18537
ECA1997	g20127
ECA1997	g5757
ECA1997	g15647
ECA1997	g15656
ECA1997	g10257
ECA1997	g1175
ECA1997	g2581
ECA1997	g18538
ECA1997	g5570
ECA1997	g20124
ECA1997	g11611
ECA1997	g20103
ECA1997	g20102
ECA1997	g20654
ECA1997	g11616
ECA1997	g1177
ECA1997	g20635
ECA1997	g17873
ECA1997	g11617
ECA1997	g16846
ECA1997	g16965
ECA1997	g5727
ECA1997	g20637
ECA1997	g20653
ECA2109	g20810
ECA2109	g539
ECA2109	g4221
ECA2109	g1082
ECA2109	g18535
ECA2109	g12756
ECA2109	g19633
ECA2109	g1077
ECA2109	g1973
ECA2109	g546
ECA2109	g2139
ECA2109	g17309
ECA2109	g2104
ECA2109	g9103
ECA2109	g17341
ECA2109	g19632
ECA2109	g1079
ECA2109	g11190
ECA2109	g7441
ECA2109	g21021
ECA2109	g19764
ECA2109	g11195
ECA2109	g1489
ECA2109	g17342
ECA2109	g2637
ECA2109	g4661
ECA2109	g17345
ECA2109	g12472
ECA2109	g11196
ECA2109	g17347
ECA2109	g17348
ECA2109	g568
ECA2109	g567
ECA2109	g1074
ECA2109	g3074
ECA2109	g9104
ECA2109	g18301
ECA2109	g11194
ECA2109	g19004
ECA2109	g563
ECA2109	g1073
ECA2109	g1081
ECA2109	g19762
ECA2109	g4568
ECA2109	g5377
ECA2109	g12473
ECA2109	g17
ECA2109	g16211
ECA2109	g1072
ECA2109	g17344
ECA2109	g17340
ECA2109	g2476
ECA2109	g3779
ECA2109	g12943
ECA2109	g1071
ECA2109	g208
ECA2109	g562
ECA2109	g14016
ECA2109	g17339
ECA2109	g17343
ECA2109	g540
ECA2109	g5388
ECA2109	g1080
ECA2109	g15929
ECA2109	g1025
ECA2109	g4222
ECA2109	g12753
ECA2109	g13932
ECA2109	g12758
ECA2109	g565
ECA2109	g547
ECA2109	g1075
ECA2109	g1974
ECA2109	g817
ECA2109	g20678
ECA2109	g17346
ECA2109	g1078
ECA2109	g19763
ECA2109	g12754
ECA2109	g542
ECA2109	g564
ECA2109	g19752
ECA2109	g4611
ECA2109	g566
ECA2109	g12783
ECA2199	g14208
ECA2199	g16756
ECA2199	g16301
ECA2199	g14065
ECA2199	g4143
ECA2199	g1808
ECA2199	g4797
ECA2199	g13016
ECA2199	g859
ECA2199	g21128
ECA2199	g6252
ECA2199	g13015
ECA2199	g16827
ECA2199	g699
ECA2199	g19851
ECA2199	g14418
ECA2199	g5267
ECA2199	g16279
ECA2199	g8868
ECA2199	g21096
ECA2199	g1371
ECA2199	g16804
ECA2199	g2937
ECA2199	g16298
ECA2199	g16283
ECA2199	g4984
ECA2199	g19845
ECA2199	g16825
ECA2199	g16806
ECA2199	g16297
ECA2199	g17770
ECA2199	g16801
ECA2199	g16797
ECA2199	g2961
ECA2199	g21094
ECA2199	g16803
ECA2199	g13142
ECA2199	g16800
ECA2199	g16660
ECA2199	g21093
ECA2199	g16808
ECA2199	g19849
ECA2199	g21092
ECA2199	g21098
ECA2199	g16299
ECA2199	g16300
ECA2199	g22242
ECA2199	g20100
ECA2199	g15729
ECA2199	g16799
ECA2199	g12391
ECA2199	g3341
ECA2199	g16807
ECA2199	g21097
ECA2199	g22526
ECA2199	g21091
ECA2199	g13141
ECA2199	g4154
ECA2199	g6336
ECA2199	g16757
ECA2199	g21095
ECA2199	g15920
ECA2199	g2520
ECA2199	g11918
ECA2199	g16798
ECA2199	g16284
ECA2199	g700
ECA2199	g4987
ECA2199	g4982
ECA2199	g13131
ECA2199	g2963
ECA2199	g16562
ECA2199	g3300
ECA2199	g21090
ECA2199	g4986
ECA2199	g16805
ECA2199	g229
ECA2199	g3379
ECA2199	g17771
ECA2199	g19850
ECA2199	g2962
ECA2199	g15918
ECA2199	g1208
ECA2199	g826
ECA2199	g4957
ECA2281	g11482
ECA2281	g1934
ECA2281	g5622
ECA2281	g2477
ECA2281	g9198
ECA2281	g10301
ECA2281	g2472
ECA2281	g3367
ECA2281	g1941
ECA2281	g3534
ECA2281	g7827
ECA2281	g3499
ECA2281	g20225
ECA2281	g7859
ECA2281	g2474
ECA2281	g18126
ECA2281	g1962
ECA2281	g14895
ECA2281	g11690
ECA2281	g10432
ECA2281	g18121
ECA2281	g2886
ECA2281	g4028
ECA2281	g6062
ECA2281	g7864
ECA2281	g18120
ECA2281	g7867
ECA2281	g2469
ECA2281	g10300
ECA2281	g7866
ECA2281	g4468
ECA2281	g20224
ECA2281	g8825
ECA2281	g18122
ECA2281	g9669
ECA2281	g2468
ECA2281	g2476
ECA2281	g10430
ECA2281	g5967
ECA2281	g20749
ECA2281	g1409
ECA2281	g6726
ECA2281	g2467
ECA2281	g7863
ECA2281	g7858
ECA2281	g17182
ECA2281	g21090
ECA2281	g3865
ECA2281	g17184
ECA2281	g5172
ECA2281	g2466
ECA2281	g1600
ECA2281	g12772
ECA2281	g1957
ECA2281	g7857
ECA2281	g7862
ECA2281	g2461
ECA2281	g1935
ECA2281	g20760
ECA2281	g2475
ECA2281	g6443
ECA2281	g2419
ECA2281	g5623
ECA2281	g17187
ECA2281	g12691
ECA2281	g7860
ECA2281	g1960
ECA2281	g1942
ECA2281	g2470
ECA2281	g17002
ECA2281	g3368
ECA2281	g2213
ECA2281	g11350
ECA2281	g7865
ECA2281	g2473
ECA2281	g7861
ECA2281	g10431
ECA2281	g17186
ECA2281	g1937
ECA2281	g1958
ECA2281	g1959
ECA2281	g10420
ECA2281	g6011
ECA2281	g1961
ECA2281	g17157
ECA2473	g1436
ECA2473	g17690
ECA2473	g3896
ECA2473	g1427
ECA2473	g6170
ECA2473	g18781
ECA2473	g7291
ECA2473	g19665
ECA2473	g413
ECA2473	g7257
ECA2473	g1435
ECA2473	g10477
ECA2473	g1943
ECA2473	g1426
ECA2473	g1437
ECA2473	g13009
ECA2473	g14847
ECA2473	g8572
ECA2473	g7295
ECA2473	g1968
ECA2473	g1947
ECA2473	g448
ECA2473	g19667
ECA2473	g10518
ECA2473	g1410
ECA2473	g12423
ECA2473	g7297
ECA2473	g7298
ECA2473	g7294
ECA2473	g1966
ECA2473	g22383
ECA2473	g1052
ECA2473	g10552
ECA2473	g10161
ECA2473	g20745
ECA2473	g18311
ECA2473	g7293
ECA2473	g8255
ECA2473	g3895
ECA2473	g19663
ECA2473	g7292
ECA2473	g1710
ECA2473	g1429
ECA2473	g17564
ECA2473	g9004
ECA2473	g1433
ECA2473	g1945
ECA2473	g60
ECA2473	g15883
ECA2473	g12208
ECA2473	g13088
ECA2473	g7290
ECA2473	g9710
ECA2473	g1477
ECA2473	g22196
ECA2473	g1430
ECA2473	g582
ECA2473	g1961
ECA2473	g10126
ECA2473	g1431
ECA2473	g19662
ECA2473	g20567
ECA2473	g20576
ECA2473	g5889
ECA2473	g583
ECA2473	g1434
ECA2473	g7296
ECA2473	g19854
ECA2473	g1946
ECA2473	g15884
ECA2473	g1428
ECA2473	g20749
ECA2473	g1948
ECA2473	g1408
ECA2473	g1407
ECA2473	g1962
ECA2473	g20744
ECA2473	g17565
ECA2473	g1944
ECA2473	g22105
ECA2473	g10160
ECA2473	g20743
ECA2473	g17691
ECA2473	g17574
ECA2473	g19695
ECA2561	g17455
ECA2561	g9371
ECA2561	g13363
ECA2561	g1007
ECA2561	g8519
ECA2561	g11099
ECA2561	g3283
ECA2561	g9375
ECA2561	g726
ECA2561	g12195
ECA2561	g9898
ECA2561	g728
ECA2561	g8371
ECA2561	g9874
ECA2561	g4254
ECA2561	g21672
ECA2561	g9382
ECA2561	g7864
ECA2561	g10419
ECA2561	g7427
ECA2561	g15594
ECA2561	g20059
ECA2561	g9353
ECA2561	g4260
ECA2561	g20434
ECA2561	g19522
ECA2561	g9422
ECA2561	g4259
ECA2561	g4255
ECA2561	g9873
ECA2561	g9351
ECA2561	g4257
ECA2561	g20406
ECA2561	g4256
ECA2561	g4258
ECA2561	g9378
ECA2561	g9896
ECA2561	g10231
ECA2561	g9876
ECA2561	g12325
ECA2561	g20023
ECA2561	g11577
ECA2561	g9644
ECA2561	g17456
ECA2561	g4293
ECA2561	g9376
ECA2561	g8518
ECA2561	g20405
ECA2561	g9381
ECA2561	g9373
ECA2561	g5665
ECA2561	g5386
ECA2561	g4261
ECA2561	g724
ECA2561	g9872
ECA2561	g12194
ECA2561	g20063
ECA2561	g8024
ECA2561	g9380
ECA2561	g9875
ECA2561	g2071
ECA2561	g4262
ECA2561	g9891
ECA2561	g9374
ECA2561	g9379
ECA2561	g20863
ECA2561	g1006
ECA2561	g19975
ECA2561	g729
ECA2561	g21681
ECA2561	g19521
ECA2561	g1991
ECA2561	g12314
ECA2561	g12324
ECA2561	g552
ECA2561	g17460
ECA2561	g17454
ECA2561	g13557
ECA2561	g8390
ECA2561	g9892
ECA2561	g8992
ECA2561	g13229
ECA2561	g9877
ECA2561	g700
ECA2561	g9372
ECA2607	g4077
ECA2607	g4104
ECA2607	g16179
ECA2607	g22105
ECA2607	g1046
ECA2607	g8081
ECA2607	g536
ECA2607	g21898
ECA2607	g1886
ECA2607	g1042
ECA2607	g16751
ECA2607	g12218
ECA2607	g515
ECA2607	g16749
ECA2607	g4451
ECA2607	g2047
ECA2607	g9733
ECA2607	g9695
ECA2607	g513
ECA2607	g2541
ECA2607	g4103
ECA2607	g12219
ECA2607	g537
ECA2607	g2973
ECA2607	g16180
ECA2607	g6561
ECA2607	g9702
ECA2607	g538
ECA2607	g184
ECA2607	g996
ECA2607	g521
ECA2607	g1064
ECA2607	g1066
ECA2607	g9698
ECA2607	g4076
ECA2607	g9696
ECA2607	g534
ECA2607	g9699
ECA2607	g1039
ECA2607	g9700
ECA2607	g535
ECA2607	g9697
ECA2607	g12841
ECA2607	g780
ECA2607	g16178
ECA2607	g1041
ECA2607	g8751
ECA2607	g1887
ECA2607	g1036
ECA2607	g1044
ECA2607	g4494
ECA2607	g12092
ECA2607	g11074
ECA2607	g10800
ECA2607	g9703
ECA2607	g16753
ECA2607	g2386
ECA2607	g1037
ECA2607	g9701
ECA2607	g16923
ECA2607	g4412
ECA2607	g19669
ECA2607	g1035
ECA2607	g9704
ECA2607	g12093
ECA2607	g1043
ECA2607	g1038
ECA2607	g3670
ECA2607	g13303
ECA2607	g16748
ECA2607	g5240
ECA2607	g14119
ECA2607	g19747
ECA2607	g12102
ECA2607	g14118
ECA2607	g16174
ECA2607	g539
ECA2607	g2015
ECA2607	g519
ECA2607	g6
ECA2607	g1418
ECA2607	g11959
ECA2607	g16778
ECA2607	g1045
ECA2607	g8080
ECA2948	g21305
ECA2948	g12164
ECA2948	g15194
ECA2948	g5785
ECA2948	g865
ECA2948	g5817
ECA2948	g4126
ECA2948	g21764
ECA2948	g21303
ECA2948	g21315
ECA2948	g16407
ECA2948	g16278
ECA2948	g10376
ECA2948	g21782
ECA2948	g21454
ECA2948	g19128
ECA2948	g21304
ECA2948	g700
ECA2948	g17440
ECA2948	g1369
ECA2948	g3403
ECA2948	g7189
ECA2948	g5781
ECA2948	g21453
ECA2948	g21314
ECA2948	g5779
ECA2948	g5778
ECA2948	g5782
ECA2948	g8657
ECA2948	g21356
ECA2948	g15661
ECA2948	g22153
ECA2948	g21287
ECA2948	g21543
ECA2948	g228
ECA2948	g5783
ECA2948	g4802
ECA2948	g12165
ECA2948	g3308
ECA2948	g16408
ECA2948	g6914
ECA2948	g699
ECA2948	g21286
ECA2948	g8371
ECA2948	g17662
ECA2948	g21311
ECA2948	g21766
ECA2948	g1213
ECA2948	g8373
ECA2948	g21789
ECA2948	g21765
ECA2948	g9718
ECA2948	g5786
ECA2948	g21312
ECA2948	g1816
ECA2948	g22335
ECA2948	g2524
ECA2948	g21307
ECA2948	g2968
ECA2948	g8376
ECA2948	g4135
ECA2948	g9637
ECA2948	g5780
ECA2948	g8191
ECA2948	g21767
ECA2948	g21787
ECA2948	g16279
ECA2948	g21284
ECA2948	g21313
ECA2948	g19124
ECA2948	g8375
ECA2948	g21783
ECA2948	g2967
ECA2948	g3352
ECA2948	g19129
ECA2948	g21306
ECA2948	g21769
ECA2948	g21768
ECA2948	g21308
ECA2948	g5784
ECA2948	g17308
ECA2948	g19130
ECA2948	g16397
ECA2948	g8346
ECA2948	g830
ECA2952	g7860
ECA2952	g537
ECA2952	g4212
ECA2952	g1080
ECA2952	g10143
ECA2952	g18853
ECA2952	g9045
ECA2952	g1075
ECA2952	g544
ECA2952	g2129
ECA2952	g12034
ECA2952	g1963
ECA2952	g2094
ECA2952	g13608
ECA2952	g12002
ECA2952	g9046
ECA2952	g1077
ECA2952	g15692
ECA2952	g6364
ECA2952	g7655
ECA2952	g8916
ECA2952	g15697
ECA2952	g1481
ECA2952	g12001
ECA2952	g2626
ECA2952	g4649
ECA2952	g11998
ECA2952	g18570
ECA2952	g15698
ECA2952	g11996
ECA2952	g11995
ECA2952	g566
ECA2952	g565
ECA2952	g1072
ECA2952	g3064
ECA2952	g13609
ECA2952	g11042
ECA2952	g15696
ECA2952	g9676
ECA2952	g561
ECA2952	g1071
ECA2952	g1079
ECA2952	g8918
ECA2952	g4555
ECA2952	g22190
ECA2952	g20
ECA2952	g13130
ECA2952	g1070
ECA2952	g11999
ECA2952	g12003
ECA2952	g2463
ECA2952	g3768
ECA2952	g19041
ECA2952	g1069
ECA2952	g209
ECA2952	g560
ECA2952	g20872
ECA2952	g12004
ECA2952	g12000
ECA2952	g538
ECA2952	g22180
ECA2952	g1078
ECA2952	g13414
ECA2952	g1023
ECA2952	g4213
ECA2952	g18850
ECA2952	g20790
ECA2952	g18855
ECA2952	g563
ECA2952	g545
ECA2952	g1073
ECA2952	g1964
ECA2952	g816
ECA2952	g7995
ECA2952	g11997
ECA2952	g1076
ECA2952	g8917
ECA2952	g18851
ECA2952	g540
ECA2952	g18571
ECA2952	g562
ECA2952	g8928
ECA2952	g4598
ECA2952	g564
ECA2952	g18880
ECA369	g28
ECA369	g22476
ECA369	g18356
ECA369	g13663
ECA369	g1444
ECA369	g5296
ECA369	g20665
ECA369	g6805
ECA369	g5294
ECA369	g682
ECA369	g2469
ECA369	g2431
ECA369	g6596
ECA369	g6334
ECA369	g6813
ECA369	g9304
ECA369	g20334
ECA369	g6335
ECA369	g12876
ECA369	g7525
ECA369	g6336
ECA369	g888
ECA369	g15171
ECA369	g6829
ECA369	g6309
ECA369	g4366
ECA369	g7970
ECA369	g2437
ECA369	g6332
ECA369	g6812
ECA369	g2436
ECA369	g509
ECA369	g7940
ECA369	g6804
ECA369	g2432
ECA369	g6809
ECA369	g2435
ECA369	g8339
ECA369	g20666
ECA369	g2434
ECA369	g2433
ECA369	g13184
ECA369	g16369
ECA369	g15169
ECA369	g6803
ECA369	g8296
ECA369	g14759
ECA369	g6811
ECA369	g6761
ECA369	g20533
ECA369	g647
ECA369	g20532
ECA369	g16650
ECA369	g2438
ECA369	g5298
ECA369	g22691
ECA369	g6349
ECA369	g9481
ECA369	g6330
ECA369	g11461
ECA369	g2439
ECA369	g6831
ECA369	g6333
ECA369	g15170
ECA369	g6315
ECA369	g510
ECA369	g7971
ECA369	g5293
ECA369	g6807
ECA369	g11382
ECA369	g6314
ECA369	g6331
ECA369	g6806
ECA369	g5473
ECA369	g18355
ECA369	g15165
ECA369	g12867
ECA369	g8387
ECA369	g6329
ECA369	g6810
ECA369	g20187
ECA369	g20543
ECA369	g5322
ECA369	g20518
ECA369	g20309
ECA36	g10999
ECA36	g20354
ECA36	g3754
ECA36	g17610
ECA36	g5996
ECA36	g18272
ECA36	g3149
ECA36	g2677
ECA36	g10467
ECA36	g7221
ECA36	g12077
ECA36	g7189
ECA36	g11001
ECA36	g10990
ECA36	g17611
ECA36	g18274
ECA36	g1408
ECA36	g4540
ECA36	g10856
ECA36	g11000
ECA36	g7188
ECA36	g10632
ECA36	g9961
ECA36	g17635
ECA36	g4629
ECA36	g7185
ECA36	g4200
ECA36	g10991
ECA36	g7183
ECA36	g7182
ECA36	g17633
ECA36	g12078
ECA36	g2676
ECA36	g4575
ECA36	g6235
ECA36	g4173
ECA36	g10950
ECA36	g97
ECA36	g11017
ECA36	g17391
ECA36	g11371
ECA36	g17613
ECA36	g4201
ECA36	g21637
ECA36	g8322
ECA36	g7186
ECA36	g10633
ECA36	g7190
ECA36	g2967
ECA36	g10994
ECA36	g19449
ECA36	g10121
ECA36	g18273
ECA36	g16732
ECA36	g21638
ECA36	g7191
ECA36	g7187
ECA36	g19440
ECA36	g8604
ECA36	g10993
ECA36	g9503
ECA36	g13765
ECA36	g17609
ECA36	g10997
ECA36	g17628
ECA36	g3152
ECA36	g16811
ECA36	g3147
ECA36	g2110
ECA36	g13948
ECA36	g11019
ECA36	g10992
ECA36	g7184
ECA36	g17615
ECA36	g18268
ECA36	g3151
ECA36	g20567
ECA36	g17629
ECA36	g21627
ECA36	g10998
ECA36	g17612
ECA36	g10996
ECA36	g22629
ECA36	g3121
ECA36	g10503
ECA730	g14408
ECA730	g13481
ECA730	g17419
ECA730	g15788
ECA730	g6437
ECA730	g5845
ECA730	g14410
ECA730	g21021
ECA730	g12615
ECA730	g16883
ECA730	g13485
ECA730	g159
ECA730	g13461
ECA730	g4990
ECA730	g13756
ECA730	g13975
ECA730	g125
ECA730	g121
ECA730	g21019
ECA730	g10282
ECA730	g13531
ECA730	g128
ECA730	g13994
ECA730	g13463
ECA730	g11916
ECA730	g14000
ECA730	g9196
ECA730	g12481
ECA730	g5095
ECA730	g120
ECA730	g124
ECA730	g13488
ECA730	g13092
ECA730	g13980
ECA730	g15789
ECA730	g4676
ECA730	g4675
ECA730	g16407
ECA730	g22547
ECA730	g13486
ECA730	g19601
ECA730	g6438
ECA730	g12614
ECA730	g13491
ECA730	g13483
ECA730	g5048
ECA730	g15660
ECA730	g1253
ECA730	g3519
ECA730	g127
ECA730	g1530
ECA730	g14412
ECA730	g13484
ECA730	g13977
ECA730	g12076
ECA730	g13490
ECA730	g14589
ECA730	g4642
ECA730	g15671
ECA730	g9195
ECA730	g13455
ECA730	g8146
ECA730	g13492
ECA730	g13489
ECA730	g22728
ECA730	g21025
ECA730	g4225
ECA730	g12444
ECA730	g13993
ECA730	g14407
ECA730	g5854
ECA730	g8227
ECA730	g123
ECA730	g17646
ECA730	g122
ECA730	g13978
ECA730	g13998
ECA730	g21020
ECA730	g13979
ECA730	g15661
ECA730	g126
ECA730	g13976
ECA730	g17282
ECA730	g14437
ECA730	g13482
ED3073	g3044
ED3073	g3016
ED3073	g1048
ED3073	g5369
ED3073	g533
ED3073	g1895
ED3073	g14181
ED3073	g1044
ED3073	g6682
ED3073	g15894
ED3073	g512
ED3073	g6684
ED3073	g2668
ED3073	g2058
ED3073	g4591
ED3073	g4552
ED3073	g6506
ED3073	g510
ED3073	g10260
ED3073	g3017
ED3073	g6965
ED3073	g15893
ED3073	g4156
ED3073	g13490
ED3073	g4555
ED3073	g9229
ED3073	g4559
ED3073	g535
ED3073	g2712
ED3073	g182
ED3073	g11919
ED3073	g997
ED3073	g518
ED3073	g1066
ED3073	g1068
ED3073	g3045
ED3073	g4554
ED3073	g13492
ED3073	g4553
ED3073	g531
ED3073	g4556
ED3073	g1041
ED3073	g532
ED3073	g19757
ED3073	g779
ED3073	g1043
ED3073	g1896
ED3073	g1038
ED3073	g16023
ED3073	g16014
ED3073	g1046
ED3073	g2624
ED3073	g16024
ED3073	g16156
ED3073	g16438
ED3073	g5589
ED3073	g4560
ED3073	g6680
ED3073	g10422
ED3073	g1039
ED3073	g2709
ED3073	g14761
ED3073	g1037
ED3073	g4557
ED3073	g4561
ED3073	g1045
ED3073	g1040
ED3073	g3453
ED3073	g4538
ED3073	g13491
ED3073	g6685
ED3073	g18122
ED3073	g11918
ED3073	g14681
ED3073	g4558
ED3073	g13496
ED3073	g536
ED3073	g2024
ED3073	g516
ED3073	g6
ED3073	g1424
ED3073	g19464
ED3073	g6656
ED3073	g1047
ED3073	g534
JU1400	g9690
JU1400	g20818
JU1400	g2306
JU1400	g4518
JU1400	g20822
JU1400	g12052
JU1400	g13899
JU1400	g12050
JU1400	g4353
JU1400	g2521
JU1400	g2484
JU1400	g12231
JU1400	g21345
JU1400	g13900
JU1400	g21910
JU1400	g5405
JU1400	g19367
JU1400	g547
JU1400	g2491
JU1400	g8047
JU1400	g2489
JU1400	g21343
JU1400	g21368
JU1400	g11782
JU1400	g20869
JU1400	g20800
JU1400	g20798
JU1400	g2487
JU1400	g21370
JU1400	g2485
JU1400	g19445
JU1400	g19409
JU1400	g6385
JU1400	g21346
JU1400	g2488
JU1400	g21342
JU1400	g20825
JU1400	g21723
JU1400	g19028
JU1400	g19027
JU1400	g2486
JU1400	g14521
JU1400	g21347
JU1400	g21118
JU1400	g18997
JU1400	g3629
JU1400	g9691
JU1400	g20823
JU1400	g18023
JU1400	g21363
JU1400	g4517
JU1400	g20828
JU1400	g13769
JU1400	g13779
JU1400	g20820
JU1400	g13768
JU1400	g6386
JU1400	g21349
JU1400	g2078
JU1400	g2490
JU1400	g12054
JU1400	g4004
JU1400	g20827
JU1400	g21344
JU1400	g5324
JU1400	g20829
JU1400	g20821
JU1400	g20826
JU1400	g1248
JU1400	g14992
JU1400	g12049
JU1400	g20218
JU1400	g11781
JU1400	g21341
JU1400	g3906
JU1400	g9695
JU1400	g9689
JU1400	g4388
JU1400	g21364
JU1400	g21348
JU1400	g4987
JU1400	g104
JU1400	g12859
JU1400	g12078
JU1400	g20819
JU2526	g10062
JU2526	g13057
JU2526	g952
JU2526	g945
JU2526	g1800
JU2526	g17728
JU2526	g7001
JU2526	g7003
JU2526	g1958
JU2526	g5224
JU2526	g5187
JU2526	g972
JU2526	g20162
JU2526	g4386
JU2526	g943
JU2526	g2910
JU2526	g5194
JU2526	g7726
JU2526	g5192
JU2526	g518
JU2526	g494
JU2526	g19614
JU2526	g145
JU2526	g2469
JU2526	g5190
JU2526	g492
JU2526	g5188
JU2526	g21992
JU2526	g516
JU2526	g5191
JU2526	g519
JU2526	g14071
JU2526	g4055
JU2526	g4054
JU2526	g5189
JU2526	g14827
JU2526	g515
JU2526	g738
JU2526	g4024
JU2526	g10061
JU2526	g944
JU2526	g10613
JU2526	g499
JU2526	g1801
JU2526	g942
JU2526	g950
JU2526	g22261
JU2526	g6315
JU2526	g513
JU2526	g4382
JU2526	g5193
JU2526	g6999
JU2526	g4430
JU2526	g2306
JU2526	g973
JU2526	g4465
JU2526	g517
JU2526	g21066
JU2526	g949
JU2526	g947
JU2526	g22386
JU2526	g498
JU2526	g970
JU2526	g3618
JU2526	g948
JU2526	g7004
JU2526	g20153
JU2526	g19613
JU2526	g20984
JU2526	g520
JU2526	g14082
JU2526	g14072
JU2526	g941
JU2526	g6816
JU2526	g10057
JU2526	g14203
JU2526	g10063
JU2526	g12851
JU2526	g514
JU2526	g1331
JU2526	g13176
JU2526	g901
JU2526	g6975
JU2526	g1925
JU2526	g951
JU3282	g4026
JU3282	g3999
JU3282	g1060
JU3282	g16480
JU3282	g542
JU3282	g1906
JU3282	g8949
JU3282	g1056
JU3282	g12396
JU3282	g15330
JU3282	g521
JU3282	g12394
JU3282	g3650
JU3282	g2067
JU3282	g18915
JU3282	g15329
JU3282	g7993
JU3282	g519
JU3282	g2573
JU3282	g4000
JU3282	g3005
JU3282	g9904
JU3282	g7990
JU3282	g13136
JU3282	g6339
JU3282	g7986
JU3282	g544
JU3282	g182
JU3282	g11978
JU3282	g1010
JU3282	g527
JU3282	g1078
JU3282	g1080
JU3282	g4027
JU3282	g7991
JU3282	g9906
JU3282	g7992
JU3282	g540
JU3282	g7989
JU3282	g1053
JU3282	g541
JU3282	g14709
JU3282	g789
JU3282	g1055
JU3282	g1907
JU3282	g1050
JU3282	g15457
JU3282	g15448
JU3282	g1058
JU3282	g3610
JU3282	g15458
JU3282	g21719
JU3282	g21997
JU3282	g16704
JU3282	g7985
JU3282	g12398
JU3282	g2411
JU3282	g1051
JU3282	g3688
JU3282	g17874
JU3282	g1049
JU3282	g7988
JU3282	g3691
JU3282	g7984
JU3282	g1057
JU3282	g1052
JU3282	g4437
JU3282	g14240
JU3282	g9905
JU3282	g12393
JU3282	g18451
JU3282	g11977
JU3282	g17792
JU3282	g7987
JU3282	g9910
JU3282	g545
JU3282	g2035
JU3282	g525
JU3282	g6
JU3282	g1436
JU3282	g16352
JU3282	g12423
JU3282	g12575
JU3282	g1059
JU3282	g543
JU394	g6439
JU394	g6466
JU394	g21661
JU394	g16487
JU394	g10664
JU394	g10151
JU394	g11518
JU394	g20271
JU394	g10660
JU394	g12792
JU394	g13416
JU394	g10131
JU394	g6820
JU394	g11680
JU394	g1221
JU394	g1182
JU394	g10129
JU394	g18434
JU394	g4890
JU394	g6465
JU394	g9439
JU394	g13546
JU394	g5327
JU394	g21662
JU394	g4331
JU394	g1189
JU394	g10153
JU394	g13415
JU394	g10614
JU394	g10682
JU394	g10684
JU394	g1185
JU394	g6438
JU394	g1183
JU394	g10149
JU394	g1186
JU394	g10657
JU394	g1187
JU394	g10150
JU394	g1188
JU394	g12794
JU394	g1184
JU394	g19676
JU394	g15717
JU394	g10394
JU394	g21660
JU394	g10659
JU394	g226
JU394	g11519
JU394	g10654
JU394	g10662
JU394	g6863
JU394	g13547
JU394	g2599
JU394	g2324
JU394	g10152
JU394	g1190
JU394	g12790
JU394	g12023
JU394	g10655
JU394	g12620
JU394	g6778
JU394	g14657
JU394	g10653
JU394	g1191
JU394	g10661
JU394	g10656
JU394	g9598
JU394	g6029
JU394	g10136
JU394	g12795
JU394	g18425
JU394	g14737
JU394	g9778
JU394	g9438
JU394	g21656
JU394	g10154
JU394	g16697
JU394	g11648
JU394	g10135
JU394	g11042
JU394	g14463
JU394	g13536
JU394	g12766
JU394	g10663
JU440	g3094
JU440	g3066
JU440	g20663
JU440	g1590
JU440	g15742
JU440	g2105
JU440	g738
JU440	g18091
JU440	g13856
JU440	g2126
JU440	g18089
JU440	g2709
JU440	g577
JU440	g5785
JU440	g13855
JU440	g5746
JU440	g2128
JU440	g70
JU440	g3067
JU440	g4208
JU440	g20664
JU440	g19284
JU440	g5753
JU440	g2103
JU440	g1640
JU440	g1572
JU440	g1570
JU440	g5749
JU440	g3095
JU440	g5747
JU440	g2108
JU440	g5750
JU440	g1597
JU440	g5751
JU440	g2106
JU440	g5752
JU440	g5748
JU440	g9173
JU440	g1861
JU440	g20662
JU440	g1595
JU440	g4791
JU440	g737
JU440	g1600
JU440	g13985
JU440	g13976
JU440	g1592
JU440	g2667
JU440	g13986
JU440	g20899
JU440	g6883
JU440	g2104
JU440	g5754
JU440	g18093
JU440	g231
JU440	g1599
JU440	g21239
JU440	g2751
JU440	g17553
JU440	g1601
JU440	g2754
JU440	g5755
JU440	g1598
JU440	g22400
JU440	g3505
JU440	g8701
JU440	g1594
JU440	g2121
JU440	g18088
JU440	g7984
JU440	g11911
JU440	g17473
JU440	g22221
JU440	g18263
JU440	g11912
JU440	g20658
JU440	g2102
JU440	g15515
JU440	g611
JU440	g2122
JU440	g1213
JU440	g14880
JU440	g18117
JU440	g1591
JU440	g1593
MY16	g5266
MY16	g21997
MY16	g15216
MY16	g19749
MY16	g18903
MY16	g539
MY16	g12827
MY16	g5294
MY16	g19753
MY16	g10198
MY16	g20222
MY16	g3344
MY16	g518
MY16	g20224
MY16	g18736
MY16	g516
MY16	g18643
MY16	g6850
MY16	g3345
MY16	g6409
MY16	g21996
MY16	g9422
MY16	g10196
MY16	g541
MY16	g185
MY16	g8014
MY16	g19799
MY16	g10190
MY16	g5267
MY16	g524
MY16	g19731
MY16	g19729
MY16	g10193
MY16	g10192
MY16	g3217
MY16	g22525
MY16	g10191
MY16	g537
MY16	g10194
MY16	g19756
MY16	g538
MY16	g21682
MY16	g784
MY16	g21998
MY16	g19754
MY16	g1281
MY16	g19759
MY16	g19751
MY16	g18902
MY16	g4883
MY16	g3216
MY16	g22526
MY16	g2014
MY16	g10197
MY16	g20220
MY16	g7017
MY16	g19758
MY16	g14666
MY16	g5705
MY16	g15461
MY16	g4925
MY16	g19760
MY16	g19752
MY16	g4845
MY16	g19757
MY16	g20048
MY16	g10228
MY16	g20225
MY16	g18634
MY16	g8015
MY16	g15544
MY16	g10195
MY16	g5295
MY16	g22002
MY16	g14999
MY16	g542
MY16	g522
MY16	g6
MY16	g19374
MY16	g17135
MY16	g3227
MY16	g20196
MY16	g18772
MY16	g19750
MY16	g540
MY2147	g900
MY2147	g872
MY2147	g17949
MY2147	g19114
MY2147	g14783
MY2147	g9156
MY2147	g126
MY2147	g14779
MY2147	g3190
MY2147	g10058
MY2147	g9176
MY2147	g3192
MY2147	g518
MY2147	g292
MY2147	g2341
MY2147	g2303
MY2147	g9178
MY2147	g15194
MY2147	g873
MY2147	g1189
MY2147	g17948
MY2147	g4996
MY2147	g2309
MY2147	g9154
MY2147	g14732
MY2147	g14801
MY2147	g14803
MY2147	g2306
MY2147	g901
MY2147	g8852
MY2147	g2304
MY2147	g9158
MY2147	g2307
MY2147	g14776
MY2147	g9157
MY2147	g10057
MY2147	g2305
MY2147	g17268
MY2147	g8910
MY2147	g17950
MY2147	g14778
MY2147	g12541
MY2147	g21776
MY2147	g127
MY2147	g14773
MY2147	g17373
MY2147	g14781
MY2147	g475
MY2147	g17372
MY2147	g8853
MY2147	g21526
MY2147	g5594
MY2147	g9155
MY2147	g2310
MY2147	g3188
MY2147	g562
MY2147	g13019
MY2147	g14774
MY2147	g559
MY2147	g14542
MY2147	g14772
MY2147	g2311
MY2147	g14780
MY2147	g14775
MY2147	g22155
MY2147	g11120
MY2147	g2308
MY2147	g9171
MY2147	g3193
MY2147	g13269
MY2147	g21896
MY2147	g14462
MY2147	g19746
MY2147	g3016
MY2147	g21897
MY2147	g17954
MY2147	g9153
MY2147	g18904
MY2147	g258
MY2147	g9172
MY2147	g7194
MY2147	g17011
MY2147	g17383
MY2147	g3163
MY2147	g14782
NIC1119	g14923
NIC1119	g14896
NIC1119	g999
NIC1119	g21550
NIC1119	g4573
NIC1119	g553
NIC1119	g1846
NIC1119	g20312
NIC1119	g995
NIC1119	g6332
NIC1119	g11009
NIC1119	g533
NIC1119	g6330
NIC1119	g2008
NIC1119	g4606
NIC1119	g531
NIC1119	g14567
NIC1119	g2512
NIC1119	g14897
NIC1119	g11008
NIC1119	g18473
NIC1119	g2943
NIC1119	g18474
NIC1119	g13593
NIC1119	g4574
NIC1119	g555
NIC1119	g10361
NIC1119	g950
NIC1119	g4567
NIC1119	g1017
NIC1119	g1019
NIC1119	g185
NIC1119	g4570
NIC1119	g14924
NIC1119	g4569
NIC1119	g4568
NIC1119	g551
NIC1119	g4571
NIC1119	g992
NIC1119	g17628
NIC1119	g19910
NIC1119	g795
NIC1119	g994
NIC1119	g1847
NIC1119	g989
NIC1119	g11136
NIC1119	g11127
NIC1119	g997
NIC1119	g11137
NIC1119	g5972
NIC1119	g5694
NIC1119	g554
NIC1119	g14571
NIC1119	g4575
NIC1119	g6334
NIC1119	g14522
NIC1119	g2354
NIC1119	g990
NIC1119	g14489
NIC1119	g12692
NIC1119	g988
NIC1119	g4572
NIC1119	g4576
NIC1119	g996
NIC1119	g991
NIC1119	g7
NIC1119	g15332
NIC1119	g8437
NIC1119	g538
NIC1119	g6329
NIC1119	g18970
NIC1119	g10360
NIC1119	g12612
NIC1119	g6508
NIC1119	g18468
NIC1119	g552
NIC1119	g556
NIC1119	g21324
NIC1119	g1976
NIC1119	g537
NIC1119	g1376
NIC1119	g12037
NIC1119	g18472
NIC1119	g6359
NIC1119	g998
NIC1775	g4172
NIC1775	g12325
NIC1775	g1044
NIC1775	g17160
NIC1775	g538
NIC1775	g7271
NIC1775	g1040
NIC1775	g14654
NIC1775	g16001
NIC1775	g520
NIC1775	g14656
NIC1775	g4543
NIC1775	g2069
NIC1775	g16000
NIC1775	g4143
NIC1775	g1064
NIC1775	g5096
NIC1775	g518
NIC1775	g14467
NIC1775	g2581
NIC1775	g4171
NIC1775	g4502
NIC1775	g3017
NIC1775	g5103
NIC1775	g10351
NIC1775	g5101
NIC1775	g540
NIC1775	g18772
NIC1775	g7774
NIC1775	g994
NIC1775	g1062
NIC1775	g5099
NIC1775	g5097
NIC1775	g5133
NIC1775	g18773
NIC1775	g5100
NIC1775	g535
NIC1775	g1037
NIC1775	g536
NIC1775	g4144
NIC1775	g5098
NIC1775	g15374
NIC1775	g539
NIC1775	g537
NIC1775	g776
NIC1775	g1910
NIC1775	g12326
NIC1775	g1039
NIC1775	g20072
NIC1775	g1911
NIC1775	g1034
NIC1775	g16120
NIC1775	g1042
NIC1775	g4586
NIC1775	g16131
NIC1775	g6514
NIC1775	g6234
NIC1775	g5102
NIC1775	g14652
NIC1775	g2421
NIC1775	g1035
NIC1775	g1070
NIC1775	g20860
NIC1775	g1033
NIC1775	g1041
NIC1775	g1036
NIC1775	g3725
NIC1775	g525
NIC1775	g14657
NIC1775	g18373
NIC1775	g7773
NIC1775	g20941
NIC1775	g12330
NIC1775	g541
NIC1775	g12324
NIC1775	g17384
NIC1775	g524
NIC1775	g6
NIC1775	g1432
NIC1775	g16130
NIC1775	g187
NIC1775	g17031
NIC1775	g14628
NIC1775	g2035
NIC1775	g1043
NIC199	g4144
NIC199	g1045
NIC199	g17220
NIC199	g13841
NIC199	g542
NIC199	g1898
NIC199	g16100
NIC199	g8690
NIC199	g6222
NIC199	g15003
NIC199	g1038
NIC199	g6224
NIC199	g2061
NIC199	g9692
NIC199	g4116
NIC199	g9655
NIC199	g2576
NIC199	g4117
NIC199	g4143
NIC199	g562
NIC199	g4475
NIC199	g561
NIC199	g3011
NIC199	g17219
NIC199	g9662
NIC199	g19148
NIC199	g9660
NIC199	g543
NIC199	g538
NIC199	g1044
NIC199	g187
NIC199	g563
NIC199	g9658
NIC199	g536
NIC199	g1043
NIC199	g9656
NIC199	g4518
NIC199	g1037
NIC199	g6502
NIC199	g559
NIC199	g1042
NIC199	g9659
NIC199	g15004
NIC199	g556
NIC199	g9657
NIC199	g15633
NIC199	g558
NIC199	g801
NIC199	g17221
NIC199	g1036
NIC199	g1899
NIC199	g993
NIC199	g7485
NIC199	g14869
NIC199	g11065
NIC199	g10789
NIC199	g9661
NIC199	g6220
NIC199	g1046
NIC199	g2415
NIC199	g4554
NIC199	g560
NIC199	g6040
NIC199	g1067
NIC199	g7564
NIC199	g1069
NIC199	g7
NIC199	g3709
NIC199	g6225
NIC199	g12989
NIC199	g22472
NIC199	g564
NIC199	g22473
NIC199	g1432
NIC199	g17225
NIC199	g1040
NIC199	g13633
NIC199	g6501
NIC199	g557
NIC199	g14870
NIC199	g13970
NIC199	g14880
NIC199	g6196
NIC199	g2028
NIC199	g1039
NIC259	g8395
NIC259	g8367
NIC259	g6321
NIC259	g15440
NIC259	g11465
NIC259	g11940
NIC259	g10613
NIC259	g11469
NIC259	g2299
NIC259	g17000
NIC259	g11960
NIC259	g8017
NIC259	g10447
NIC259	g164
NIC259	g16999
NIC259	g128
NIC259	g11962
NIC259	g18574
NIC259	g9942
NIC259	g8368
NIC259	g9508
NIC259	g135
NIC259	g12955
NIC259	g133
NIC259	g11938
NIC259	g7497
NIC259	g22450
NIC259	g11515
NIC259	g12314
NIC259	g11447
NIC259	g11445
NIC259	g131
NIC259	g8396
NIC259	g129
NIC259	g2573
NIC259	g11942
NIC259	g132
NIC259	g11472
NIC259	g11941
NIC259	g130
NIC259	g16374
NIC259	g11711
NIC259	g6320
NIC259	g11470
NIC259	g10612
NIC259	g11475
NIC259	g11467
NIC259	g7974
NIC259	g17127
NIC259	g1543
NIC259	g1265
NIC259	g11939
NIC259	g134
NIC259	g2297
NIC259	g10102
NIC259	g11474
NIC259	g8058
NIC259	g4175
NIC259	g11476
NIC259	g8061
NIC259	g11468
NIC259	g11473
NIC259	g12495
NIC259	g8805
NIC259	g15911
NIC259	g11955
NIC259	g2302
NIC259	g18565
NIC259	g7496
NIC259	g4255
NIC259	g17116
NIC259	g6316
NIC259	g2301
NIC259	g11937
NIC259	g6322
NIC259	g15234
NIC259	g2572
NIC259	g10483
NIC259	g11956
NIC259	g11082
NIC259	g17126
NIC259	g18026
NIC259	g2273
NIC259	g2125
NIC259	g11466
NIC2	g6445
NIC2	g6473
NIC2	g19458
NIC2	g141
NIC2	g21006
NIC2	g11128
NIC2	g11951
NIC2	g987
NIC2	g14261
NIC2	g137
NIC2	g4824
NIC2	g11972
NIC2	g4822
NIC2	g6823
NIC2	g1150
NIC2	g4560
NIC2	g4521
NIC2	g11974
NIC2	g17441
NIC2	g1656
NIC2	g6472
NIC2	g5323
NIC2	g19457
NIC2	g8934
NIC2	g4528
NIC2	g11949
NIC2	g13774
NIC2	g12311
NIC2	g7501
NIC2	g91
NIC2	g11966
NIC2	g159
NIC2	g161
NIC2	g4524
NIC2	g13645
NIC2	g6444
NIC2	g4522
NIC2	g11953
NIC2	g4525
NIC2	g134
NIC2	g4526
NIC2	g11952
NIC2	g4527
NIC2	g4523
NIC2	g22147
NIC2	g11706
NIC2	g19459
NIC2	g136
NIC2	g988
NIC2	g131
NIC2	g13764
NIC2	g139
NIC2	g6866
NIC2	g13775
NIC2	g13807
NIC2	g2479
NIC2	g21229
NIC2	g4529
NIC2	g4826
NIC2	g1495
NIC2	g132
NIC2	g6781
NIC2	g12558
NIC2	g130
NIC2	g4530
NIC2	g138
NIC2	g133
NIC2	g6027
NIC2	g16944
NIC2	g11127
NIC2	g4821
NIC2	g17450
NIC2	g7500
NIC2	g12639
NIC2	g4998
NIC2	g19463
NIC2	g11948
NIC2	g1116
NIC2	g11968
NIC2	g17341
NIC2	g516
NIC2	g19120
NIC2	g4850
NIC2	g140
NIC2	g11950
NIC526	g13452
NIC526	g13425
NIC526	g2705
NIC526	g10534
NIC526	g2188
NIC526	g3558
NIC526	g6733
NIC526	g2701
NIC526	g20928
NIC526	g8158
NIC526	g2166
NIC526	g20926
NIC526	g13072
NIC526	g3723
NIC526	g5039
NIC526	g2164
NIC526	g4229
NIC526	g13426
NIC526	g8157
NIC526	g1643
NIC526	g4666
NIC526	g11573
NIC526	g10027
NIC526	g5008
NIC526	g2190
NIC526	g8288
NIC526	g15758
NIC526	g2655
NIC526	g5002
NIC526	g2172
NIC526	g2723
NIC526	g2725
NIC526	g5005
NIC526	g13453
NIC526	g5004
NIC526	g11575
NIC526	g16
NIC526	g5003
NIC526	g2185
NIC526	g5006
NIC526	g2698
NIC526	g1832
NIC526	g2186
NIC526	g16041
NIC526	g2187
NIC526	g2436
NIC526	g2700
NIC526	g3559
NIC526	g2695
NIC526	g8278
NIC526	g2703
NIC526	g13031
NIC526	g8289
NIC526	g15
NIC526	g6418
NIC526	g6141
NIC526	g5009
NIC526	g20930
NIC526	g4068
NIC526	g2696
NIC526	g13110
NIC526	g610
NIC526	g2694
NIC526	g5010
NIC526	g2702
NIC526	g2697
NIC526	g13863
NIC526	g11574
NIC526	g20925
NIC526	g17465
NIC526	g15757
NIC526	g688
NIC526	g11579
NIC526	g16668
NIC526	g5007
NIC526	g2191
NIC526	g10763
NIC526	g3689
NIC526	g2170
NIC526	g3084
NIC526	g9197
NIC526	g20957
NIC526	g21113
NIC526	g2704
NIC526	g2189
TWN2530	g17291
TWN2530	g17318
TWN2530	g4629
TWN2530	g1598
TWN2530	g9757
TWN2530	g2116
TWN2530	g743
TWN2530	g22332
TWN2530	g1602
TWN2530	g3374
TWN2530	g10911
TWN2530	g2137
TWN2530	g3376
TWN2530	g17673
TWN2530	g580
TWN2530	g4596
TWN2530	g2139
TWN2530	g4628
TWN2530	g75
TWN2530	g17317
TWN2530	g4626
TWN2530	g16174
TWN2530	g15082
TWN2530	g7069
TWN2530	g2114
TWN2530	g2473
TWN2530	g19702
TWN2530	g1648
TWN2530	g2131
TWN2530	g1580
TWN2530	g1578
TWN2530	g4631
TWN2530	g17290
TWN2530	g4632
TWN2530	g2118
TWN2530	g1605
TWN2530	g3653
TWN2530	g2117
TWN2530	g10912
TWN2530	g11531
TWN2530	g1870
TWN2530	g15080
TWN2530	g1603
TWN2530	g742
TWN2530	g1608
TWN2530	g4630
TWN2530	g10791
TWN2530	g1600
TWN2530	g17716
TWN2530	g10780
TWN2530	g8879
TWN2530	g8599
TWN2530	g9534
TWN2530	g17628
TWN2530	g4627
TWN2530	g3372
TWN2530	g234
TWN2530	g1607
TWN2530	g17631
TWN2530	g13253
TWN2530	g1609
TWN2530	g4634
TWN2530	g4633
TWN2530	g1601
TWN2530	g1606
TWN2530	g16878
TWN2530	g11997
TWN2530	g15081
TWN2530	g3377
TWN2530	g14244
TWN2530	g19701
TWN2530	g13331
TWN2530	g3199
TWN2530	g15076
TWN2530	g2113
TWN2530	g616
TWN2530	g2133
TWN2530	g2649
TWN2530	g1213
TWN2530	g10781
TWN2530	g14235
TWN2530	g9885
TWN2530	g3348
TWN2530	g1599
TWN2530	g2115
XZ1515	g19565
XZ1515	g22420
XZ1515	g764
XZ1515	g13509
XZ1515	g19130
XZ1515	g7928
XZ1515	g14027
XZ1515	g22324
XZ1515	g19538
XZ1515	g20535
XZ1515	g4123
XZ1515	g13513
XZ1515	g1930
XZ1515	g14048
XZ1515	g20537
XZ1515	g19951
XZ1515	g17489
XZ1515	g4157
XZ1515	g1931
XZ1515	g14050
XZ1515	g17988
XZ1515	g8984
XZ1515	g17330
XZ1515	g18428
XZ1515	g22419
XZ1515	g4127
XZ1515	g15807
XZ1515	g4125
XZ1515	g14025
XZ1515	g14382
XZ1515	g17329
XZ1515	g12050
XZ1515	g13559
XZ1515	g14042
XZ1515	g13491
XZ1515	g13489
XZ1515	g4121
XZ1515	g8983
XZ1515	g14029
XZ1515	g4124
XZ1515	g13516
XZ1515	g3027
XZ1515	g14028
XZ1515	g4122
XZ1515	g2556
XZ1515	g13780
XZ1515	g22421
XZ1515	g13514
XZ1515	g13519
XZ1515	g4120
XZ1515	g13511
XZ1515	g1802
XZ1515	g5529
XZ1515	g5248
XZ1515	g9717
XZ1515	g19563
XZ1515	g4126
XZ1515	g20713
XZ1515	g9708
XZ1515	g17831
XZ1515	g13518
XZ1515	g19908
XZ1515	g13520
XZ1515	g557
XZ1515	g13512
XZ1515	g13517
XZ1515	g20534
XZ1515	g12049
XZ1515	g8008
XZ1515	g19564
XZ1515	g19537
XZ1515	g19991
XZ1515	g22425
XZ1515	g14024
XZ1515	g20539
XZ1515	g14044
XZ1515	g14558
XZ1515	g13125
XZ1515	g1803
XZ1515	g902
XZ1515	g1812
XZ1515	g20564
XZ1515	g17456
XZ1515	g13510
XZ1515	g14026
ECA1851	g14754
ECA1851	g1447
ECA1851	g9684
ECA1851	g1949
ECA1851	g17023
ECA1851	g19550
ECA1851	g15931
ECA1851	g1445
ECA1851	g715
ECA1851	g1944
ECA1851	g7415
ECA1851	g1427
ECA1851	g1448
ECA1851	g7582
ECA1851	g5297
ECA1851	g21894
ECA1851	g11910
ECA1851	g7547
ECA1851	g17456
ECA1851	g1084
ECA1851	g1449
ECA1851	g1946
ECA1851	g714
ECA1851	g19552
ECA1851	g4372
ECA1851	g14546
ECA1851	g535
ECA1851	g15801
ECA1851	g6932
ECA1851	g1446
ECA1851	g1694
ECA1851	g8075
ECA1851	g10128
ECA1851	g11915
ECA1851	g21893
ECA1851	g11917
ECA1851	g11918
ECA1851	g1941
ECA1851	g15932
ECA1851	g8538
ECA1851	g17457
ECA1851	g12885
ECA1851	g16555
ECA1851	g1940
ECA1851	g1948
ECA1851	g15803
ECA1851	g10032
ECA1851	g21080
ECA1851	g6672
ECA1851	g6394
ECA1851	g1939
ECA1851	g11914
ECA1851	g11909
ECA1851	g712
ECA1851	g7915
ECA1851	g9242
ECA1851	g1938
ECA1851	g19551
ECA1851	g13722
ECA1851	g11908
ECA1851	g11913
ECA1851	g21070
ECA1851	g1947
ECA1851	g894
ECA1851	g1431
ECA1851	g1893
ECA1851	g1432
ECA1851	g9685
ECA1851	g718
ECA1851	g13641
ECA1851	g11911
ECA1851	g1942
ECA1851	g7416
ECA1851	g14890
ECA1851	g11916
ECA1851	g1945
ECA1851	g11912
ECA1851	g19546
ECA1851	g15802
ECA1851	g717
ECA1851	g1450
ECA1851	g15812
ECA1851	g10077
ECA1851	g687
ECA250	g16284
ECA250	g19393
ECA250	g1423
ECA250	g10891
ECA250	g1943
ECA250	g572
ECA250	g19292
ECA250	g1427
ECA250	g12059
ECA250	g1965
ECA250	g15936
ECA250	g408
ECA250	g2648
ECA250	g16311
ECA250	g2614
ECA250	g2611
ECA250	g1967
ECA250	g22599
ECA250	g16285
ECA250	g12060
ECA250	g11930
ECA250	g17438
ECA250	g19392
ECA250	g2618
ECA250	g6948
ECA250	g2616
ECA250	g1941
ECA250	g2297
ECA250	g21050
ECA250	g1474
ECA250	g1959
ECA250	g1405
ECA250	g1403
ECA250	g16312
ECA250	g2612
ECA250	g571
ECA250	g1946
ECA250	g2615
ECA250	g1430
ECA250	g1945
ECA250	g2613
ECA250	g12686
ECA250	g1944
ECA250	g1697
ECA250	g19394
ECA250	g1428
ECA250	g1433
ECA250	g11940
ECA250	g1425
ECA250	g15896
ECA250	g11929
ECA250	g4030
ECA250	g3752
ECA250	g10667
ECA250	g18100
ECA250	g2617
ECA250	g17924
ECA250	g57
ECA250	g1432
ECA250	g15973
ECA250	g7909
ECA250	g1434
ECA250	g15976
ECA250	g17922
ECA250	g1426
ECA250	g1431
ECA250	g16727
ECA250	g13156
ECA250	g19989
ECA250	g21051
ECA250	g7991
ECA250	g8986
ECA250	g17919
ECA250	g19398
ECA250	g17920
ECA250	g1940
ECA250	g443
ECA250	g1961
ECA250	g2476
ECA250	g1039
ECA250	g11021
ECA250	g17949
ECA250	g1424
ECA250	g1942
ECA251	g5296
ECA251	g5323
ECA251	g8534
ECA251	g2215
ECA251	g16853
ECA251	g11203
ECA251	g1701
ECA251	g3066
ECA251	g12426
ECA251	g6113
ECA251	g2211
ECA251	g11490
ECA251	g15698
ECA251	g1680
ECA251	g5671
ECA251	g3228
ECA251	g6147
ECA251	g6110
ECA251	g1678
ECA251	g3736
ECA251	g5322
ECA251	g15697
ECA251	g4177
ECA251	g8533
ECA251	g6117
ECA251	g18992
ECA251	g6115
ECA251	g1703
ECA251	g1343
ECA251	g10612
ECA251	g2165
ECA251	g2233
ECA251	g2235
ECA251	g5295
ECA251	g6111
ECA251	g1699
ECA251	g6114
ECA251	g2208
ECA251	g1700
ECA251	g6112
ECA251	g15078
ECA251	g1943
ECA251	g8535
ECA251	g2210
ECA251	g3067
ECA251	g2205
ECA251	g15827
ECA251	g15818
ECA251	g2213
ECA251	g5710
ECA251	g15828
ECA251	g7529
ECA251	g7249
ECA251	g17075
ECA251	g6116
ECA251	g11492
ECA251	g5631
ECA251	g3574
ECA251	g2206
ECA251	g5634
ECA251	g13379
ECA251	g2204
ECA251	g2212
ECA251	g2207
ECA251	g4880
ECA251	g14608
ECA251	g11204
ECA251	g11487
ECA251	g22112
ECA251	g10611
ECA251	g13457
ECA251	g8539
ECA251	g11488
ECA251	g1704
ECA251	g3196
ECA251	g1684
ECA251	g1686
ECA251	g20857
ECA251	g2595
ECA251	g16725
ECA251	g11516
ECA251	g11667
ECA251	g2214
ECA251	g1702
ECA2555	g18595
ECA2555	g1061
ECA2555	g10430
ECA2555	g542
ECA2555	g1919
ECA2555	g14979
ECA2555	g1057
ECA2555	g6070
ECA2555	g9270
ECA2555	g520
ECA2555	g4558
ECA2555	g6072
ECA2555	g2083
ECA2555	g13978
ECA2555	g14017
ECA2555	g518
ECA2555	g2596
ECA2555	g3034
ECA2555	g18594
ECA2555	g14014
ECA2555	g16853
ECA2555	g14010
ECA2555	g544
ECA2555	g9398
ECA2555	g4515
ECA2555	g183
ECA2555	g9269
ECA2555	g20662
ECA2555	g4519
ECA2555	g1010
ECA2555	g1078
ECA2555	g1081
ECA2555	g14015
ECA2555	g14016
ECA2555	g539
ECA2555	g14013
ECA2555	g1054
ECA2555	g541
ECA2555	g4189
ECA2555	g4188
ECA2555	g4602
ECA2555	g8646
ECA2555	g787
ECA2555	g12868
ECA2555	g18596
ECA2555	g1056
ECA2555	g4155
ECA2555	g1920
ECA2555	g1051
ECA2555	g9388
ECA2555	g1059
ECA2555	g9399
ECA2555	g12589
ECA2555	g14009
ECA2555	g6068
ECA2555	g2435
ECA2555	g1052
ECA2555	g5887
ECA2555	g7412
ECA2555	g1050
ECA2555	g14012
ECA2555	g14008
ECA2555	g1058
ECA2555	g1053
ECA2555	g6044
ECA2555	g3738
ECA2555	g8178
ECA2555	g6073
ECA2555	g22130
ECA2555	g20661
ECA2555	g7330
ECA2555	g14011
ECA2555	g6346
ECA2555	g18600
ECA2555	g545
ECA2555	g10662
ECA2555	g2049
ECA2555	g524
ECA2555	g526
ECA2555	g6
ECA2555	g1444
ECA2555	g10300
ECA2555	g1060
ECA2555	g543
ECA701	g18366
ECA701	g19224
ECA701	g7103
ECA701	g18806
ECA701	g16389
ECA701	g20614
ECA701	g7048
ECA701	g14053
ECA701	g15659
ECA701	g7553
ECA701	g524
ECA701	g7056
ECA701	g689
ECA701	g7054
ECA701	g2119
ECA701	g7025
ECA701	g7548
ECA701	g15774
ECA701	g2121
ECA701	g2125
ECA701	g3503
ECA701	g17676
ECA701	g2122
ECA701	g2156
ECA701	g6912
ECA701	g8616
ECA701	g18367
ECA701	g7307
ECA701	g2123
ECA701	g7055
ECA701	g3937
ECA701	g7049
ECA701	g11700
ECA701	g7102
ECA701	g7572
ECA701	g7057
ECA701	g2120
ECA701	g15658
ECA701	g7051
ECA701	g19432
ECA701	g20790
ECA701	g7047
ECA701	g7554
ECA701	g17674
ECA701	g19628
ECA701	g11654
ECA701	g7550
ECA701	g5832
ECA701	g14306
ECA701	g15784
ECA701	g18021
ECA701	g20032
ECA701	g7058
ECA701	g18394
ECA701	g21323
ECA701	g2124
ECA701	g7549
ECA701	g2126
ECA701	g20788
ECA701	g7027
ECA701	g4092
ECA701	g7052
ECA701	g7552
ECA701	g2127
ECA701	g20792
ECA701	g18011
ECA701	g8091
ECA701	g2802
ECA701	g7567
ECA701	g20793
ECA701	g14305
ECA701	g18887
ECA701	g7568
ECA701	g7551
ECA701	g11611
ECA701	g525
ECA701	g7050
ECA701	g7911
ECA701	g17675
ECA701	g17670
ECA701	g15783
ECA701	g28
ECA701	g20763
ECA701	g655
JU1581	g1762
JU1581	g1735
JU1581	g3410
JU1581	g20321
JU1581	g18536
JU1581	g11774
JU1581	g553
JU1581	g20909
JU1581	g21687
JU1581	g18540
JU1581	g6321
JU1581	g12544
JU1581	g11795
JU1581	g1384
JU1581	g717
JU1581	g916
JU1581	g879
JU1581	g11797
JU1581	g13571
JU1581	g1736
JU1581	g17344
JU1581	g2696
JU1581	g3411
JU1581	g886
JU1581	g7940
JU1581	g884
JU1581	g11772
JU1581	g1428
JU1581	g10381
JU1581	g18586
JU1581	g18518
JU1581	g18516
JU1581	g882
JU1581	g1763
JU1581	g880
JU1581	g11777
JU1581	g883
JU1581	g18543
JU1581	g11379
JU1581	g11776
JU1581	g12543
JU1581	g6323
JU1581	g881
JU1581	g17239
JU1581	g11775
JU1581	g11533
JU1581	g3409
JU1581	g18541
JU1581	g554
JU1581	g18546
JU1581	g18538
JU1581	g1341
JU1581	g17343
JU1581	g8782
JU1581	g4826
JU1581	g11773
JU1581	g885
JU1581	g6319
JU1581	g13733
JU1581	g18545
JU1581	g6146
JU1581	g1425
JU1581	g15284
JU1581	g18547
JU1581	g18539
JU1581	g18544
JU1581	g16069
JU1581	g2178
JU1581	g11790
JU1581	g6324
JU1581	g20782
JU1581	g10380
JU1581	g15366
JU1581	g6576
JU1581	g3405
JU1581	g11771
JU1581	g20119
JU1581	g683
JU1581	g11791
JU1581	g10562
JU1581	g19276
JU1581	g17354
JU1581	g6295
JU1581	g18537
JU2001	g18302
JU2001	g6350
JU2001	g9162
JU2001	g16250
JU2001	g16766
JU2001	g15398
JU2001	g12643
JU2001	g5296
JU2001	g16254
JU2001	g17618
JU2001	g11840
JU2001	g16787
JU2001	g17620
JU2001	g15231
JU2001	g1488
JU2001	g16789
JU2001	g14735
JU2001	g18303
JU2001	g17124
JU2001	g11841
JU2001	g17959
JU2001	g14295
JU2001	g21124
JU2001	g1520
JU2001	g16764
JU2001	g5124
JU2001	g16301
JU2001	g1526
JU2001	g16232
JU2001	g16230
JU2001	g1523
JU2001	g1524
JU2001	g17917
JU2001	g1525
JU2001	g16769
JU2001	g1522
JU2001	g16257
JU2001	g16768
JU2001	g22629
JU2001	g16767
JU2001	g16522
JU2001	g18330
JU2001	g6351
JU2001	g16255
JU2001	g15397
JU2001	g16260
JU2001	g11709
JU2001	g16252
JU2001	g11708
JU2001	g99
JU2001	g383
JU2001	g16765
JU2001	g17441
JU2001	g1519
JU2001	g17616
JU2001	g14894
JU2001	g16259
JU2001	g10205
JU2001	g16261
JU2001	g1518
JU2001	g16253
JU2001	g16258
JU2001	g17306
JU2001	g13588
JU2001	g16251
JU2001	g16782
JU2001	g17621
JU2001	g7698
JU2001	g5123
JU2001	g10285
JU2001	g11256
JU2001	g6355
JU2001	g1521
JU2001	g16763
JU2001	g6349
JU2001	g9378
JU2001	g15266
JU2001	g16783
JU2001	g15872
JU2001	g19372
JU2001	g11719
JU2001	g17592
JU2001	g17881
JU2001	g11255
JU775	g19453
JU775	g20361
JU775	g4202
JU775	g4209
JU775	g4654
JU775	g3339
JU775	g15409
JU775	g15177
JU775	g21839
JU775	g4675
JU775	g3176
JU775	g11780
JU775	g14057
JU775	g11743
JU775	g4181
JU775	g4677
JU775	g19940
JU775	g735
JU775	g4211
JU775	g2229
JU775	g11750
JU775	g7893
JU775	g11748
JU775	g4652
JU775	g5011
JU775	g18563
JU775	g2666
JU775	g11746
JU775	g11744
JU775	g18058
JU775	g4657
JU775	g11747
JU775	g4655
JU775	g14189
JU775	g1075
JU775	g1076
JU775	g11745
JU775	g6151
JU775	g4420
JU775	g1106
JU775	g19454
JU775	g4210
JU775	g3338
JU775	g4212
JU775	g4204
JU775	g18059
JU775	g22416
JU775	g12887
JU775	g4653
JU775	g739
JU775	g11749
JU775	g21837
JU775	g688
JU775	g2827
JU775	g4180
JU775	g653
JU775	g16996
JU775	g4205
JU775	g4207
JU775	g4183
JU775	g1518
JU775	g4206
JU775	g4670
JU775	g21842
JU775	g19949
JU775	g18562
JU775	g17077
JU775	g14178
JU775	g14188
JU775	g4213
JU775	g21659
JU775	g19458
JU775	g21841
JU775	g4651
JU775	g19452
JU775	g20570
JU775	g4671
JU775	g5189
JU775	g3819
JU775	g15087
JU775	g4254
JU775	g21813
JU775	g3209
JU775	g4203
MY1	g8678
MY1	g8705
MY1	g9770
MY1	g5251
MY1	g3916
MY1	g14600
MY1	g4765
MY1	g14473
MY1	g18922
MY1	g5272
MY1	g9054
MY1	g3752
MY1	g1740
MY1	g1705
MY1	g1701
MY1	g5274
MY1	g8704
MY1	g7326
MY1	g7560
MY1	g7327
MY1	g13416
MY1	g11269
MY1	g1708
MY1	g5249
MY1	g5606
MY1	g13417
MY1	g4812
MY1	g5266
MY1	g4743
MY1	g4741
MY1	g1704
MY1	g8677
MY1	g1703
MY1	g1702
MY1	g5253
MY1	g4768
MY1	g6916
MY1	g5252
MY1	g18921
MY1	g4761
MY1	g9100
MY1	g16921
MY1	g5005
MY1	g4766
MY1	g3915
MY1	g4771
MY1	g19043
MY1	g4763
MY1	g19054
MY1	g3112
MY1	g2832
MY1	g9979
MY1	g1709
MY1	g14471
MY1	g3404
MY1	g4770
MY1	g9013
MY1	g5857
MY1	g4772
MY1	g1706
MY1	g1710
MY1	g4764
MY1	g4769
MY1	g8268
MY1	g20213
MY1	g14476
MY1	g15269
MY1	g5938
MY1	g3242
MY1	g1707
MY1	g7321
MY1	g14475
MY1	g5248
MY1	g3787
MY1	g5268
MY1	g5783
MY1	g4384
MY1	g19053
MY1	g19952
MY1	g7325
MY1	g14447
MY1	g14299
MY1	g4762
MY1	g5250
MY2693	g15329
MY2693	g15356
MY2693	g21607
MY2693	g8929
MY2693	g19085
MY2693	g20762
MY2693	g9447
MY2693	g8077
MY2693	g8933
MY2693	g21065
MY2693	g502
MY2693	g9469
MY2693	g21067
MY2693	g15709
MY2693	g7912
MY2693	g6475
MY2693	g9471
MY2693	g7406
MY2693	g15355
MY2693	g501
MY2693	g12667
MY2693	g21608
MY2693	g11410
MY2693	g6507
MY2693	g9445
MY2693	g16796
MY2693	g8979
MY2693	g6513
MY2693	g9463
MY2693	g8911
MY2693	g8909
MY2693	g6510
MY2693	g15328
MY2693	g6511
MY2693	g6512
MY2693	g9450
MY2693	g6509
MY2693	g8936
MY2693	g9448
MY2693	g20514
MY2693	g9201
MY2693	g21606
MY2693	g8934
MY2693	g6651
MY2693	g8076
MY2693	g8939
MY2693	g621
MY2693	g8931
MY2693	g15752
MY2693	g632
MY2693	g5097
MY2693	g5379
MY2693	g19310
MY2693	g6506
MY2693	g21063
MY2693	g7564
MY2693	g8938
MY2693	g15669
MY2693	g14313
MY2693	g8940
MY2693	g6505
MY2693	g8932
MY2693	g8937
MY2693	g14923
MY2693	g16409
MY2693	g20763
MY2693	g21068
MY2693	g2055
MY2693	g3851
MY2693	g14234
MY2693	g20891
MY2693	g3852
MY2693	g21602
MY2693	g6508
MY2693	g9444
MY2693	g7946
MY2693	g9465
MY2693	g16972
MY2693	g8547
MY2693	g631
MY2693	g1531
MY2693	g21038
MY2693	g8930
MY2693	g9446
ECA2336	g17439
ECA2336	g6295
ECA2336	g6738
ECA2336	g3583
ECA2336	g19715
ECA2336	g8242
ECA2336	g18619
ECA2336	g3575
ECA2336	g3578
ECA2336	g4622
ECA2336	g13872
ECA2336	g3043
ECA2336	g9800
ECA2336	g13839
ECA2336	g3580
ECA2336	g11893
ECA2336	g3025
ECA2336	g1603
ECA2336	g17228
ECA2336	g18620
ECA2336	g11898
ECA2336	g13838
ECA2336	g4457
ECA2336	g5131
ECA2336	g3028
ECA2336	g7184
ECA2336	g13835
ECA2336	g8525
ECA2336	g11899
ECA2336	g12873
ECA2336	g13833
ECA2336	g13832
ECA2336	g3047
ECA2336	g9801
ECA2336	g11897
ECA2336	g3314
ECA2336	g19249
ECA2336	g2693
ECA2336	g3573
ECA2336	g3981
ECA2336	g3582
ECA2336	g18490
ECA2336	g7089
ECA2336	g22278
ECA2336	g8524
ECA2336	g14966
ECA2336	g3572
ECA2336	g13836
ECA2336	g4456
ECA2336	g13840
ECA2336	g4971
ECA2336	g8054
ECA2336	g3571
ECA2336	g3048
ECA2336	g9591
ECA2336	g13841
ECA2336	g13837
ECA2336	g22267
ECA2336	g3581
ECA2336	g3574
ECA2336	g15249
ECA2336	g5588
ECA2336	g2504
ECA2336	g3526
ECA2336	g3029
ECA2336	g6739
ECA2336	g8245
ECA2336	g9508
ECA2336	g8240
ECA2336	g3045
ECA2336	g3576
ECA2336	g17573
ECA2336	g18489
ECA2336	g13834
ECA2336	g3579
ECA2336	g8244
ECA2336	g3044
ECA2336	g18500
ECA2336	g7133
ECA2336	g3046
ECA2336	g3042
ECA2336	g8215
ECA2336	g4587
ECA2676	g15782
ECA2676	g1035
ECA2676	g12439
ECA2676	g546
ECA2676	g1885
ECA2676	g22415
ECA2676	g1031
ECA2676	g18724
ECA2676	g11283
ECA2676	g525
ECA2676	g4515
ECA2676	g2045
ECA2676	g20414
ECA2676	g20452
ECA2676	g523
ECA2676	g2548
ECA2676	g2984
ECA2676	g15781
ECA2676	g20449
ECA2676	g7960
ECA2676	g20446
ECA2676	g548
ECA2676	g1053
ECA2676	g186
ECA2676	g17861
ECA2676	g4475
ECA2676	g986
ECA2676	g531
ECA2676	g1055
ECA2676	g20450
ECA2676	g20451
ECA2676	g544
ECA2676	g20448
ECA2676	g1028
ECA2676	g8435
ECA2676	g545
ECA2676	g4138
ECA2676	g4137
ECA2676	g4561
ECA2676	g10665
ECA2676	g791
ECA2676	g19312
ECA2676	g15783
ECA2676	g1030
ECA2676	g4105
ECA2676	g1886
ECA2676	g1025
ECA2676	g11412
ECA2676	g11403
ECA2676	g1033
ECA2676	g11413
ECA2676	g19033
ECA2676	g20447
ECA2676	g20445
ECA2676	g18722
ECA2676	g4471
ECA2676	g2391
ECA2676	g1026
ECA2676	g8930
ECA2676	g1024
ECA2676	g20444
ECA2676	g1032
ECA2676	g1027
ECA2676	g3694
ECA2676	g10196
ECA2676	g18727
ECA2676	g5305
ECA2676	g17860
ECA2676	g9010
ECA2676	g15787
ECA2676	g18726
ECA2676	g549
ECA2676	g12658
ECA2676	g2013
ECA2676	g529
ECA2676	g6
ECA2676	g1410
ECA2676	g12312
ECA2676	g18698
ECA2676	g11282
ECA2676	g18548
ECA2676	g1034
ECA2676	g547
JT11398	g9631
JT11398	g9658
JT11398	g6460
JT11398	g5617
JT11398	g1730
JT11398	g14413
JT11398	g2223
JT11398	g7413
JT11398	g1734
JT11398	g1339
JT11398	g12173
JT11398	g2244
JT11398	g10008
JT11398	g7576
JT11398	g4110
JT11398	g4146
JT11398	g2246
JT11398	g15333
JT11398	g8080
JT11398	g9657
JT11398	g12174
JT11398	g12045
JT11398	g8518
JT11398	g6461
JT11398	g4139
JT11398	g13508
JT11398	g4141
JT11398	g2221
JT11398	g2578
JT11398	g1780
JT11398	g2238
JT11398	g1712
JT11398	g1710
JT11398	g4143
JT11398	g9630
JT11398	g4145
JT11398	g2225
JT11398	g4142
JT11398	g1737
JT11398	g2224
JT11398	g4144
JT11398	g1337
JT11398	g20876
JT11398	g1974
JT11398	g6459
JT11398	g1735
JT11398	g7414
JT11398	g1740
JT11398	g12054
JT11398	g1732
JT11398	g10051
JT11398	g12044
JT11398	g21377
JT11398	g3017
JT11398	g5827
JT11398	g4140
JT11398	g1341
JT11398	g7918
JT11398	g1739
JT11398	g1510
JT11398	g9967
JT11398	g5007
JT11398	g1741
JT11398	g1733
JT11398	g1738
JT11398	g9221
JT11398	g21011
JT11398	g16154
JT11398	g1336
JT11398	g15342
JT11398	g16367
JT11398	g5084
JT11398	g16366
JT11398	g6455
JT11398	g2220
JT11398	g7542
JT11398	g2240
JT11398	g2757
JT11398	g6947
JT11398	g11152
JT11398	g1365
JT11398	g1731
JT11398	g2222
JU1409	g18891
JU1409	g18918
JU1409	g19840
JU1409	g15844
JU1409	g10001
JU1409	g3392
JU1409	g14999
JU1409	g22362
JU1409	g3391
JU1409	g15848
JU1409	g4199
JU1409	g7047
JU1409	g3413
JU1409	g4197
JU1409	g19268
JU1409	g14837
JU1409	g10038
JU1409	g3415
JU1409	g4380
JU1409	g14334
JU1409	g18917
JU1409	g7048
JU1409	g13894
JU1409	g8445
JU1409	g10030
JU1409	g12673
JU1409	g10032
JU1409	g3390
JU1409	g6916
JU1409	g3747
JU1409	g3389
JU1409	g811
JU1409	g15894
JU1409	g3407
JU1409	g15826
JU1409	g15824
JU1409	g10035
JU1409	g18890
JU1409	g10037
JU1409	g3394
JU1409	g10036
JU1409	g15851
JU1409	g3393
JU1409	g12005
JU1409	g3148
JU1409	g8443
JU1409	g10034
JU1409	g15849
JU1409	g14998
JU1409	g15854
JU1409	g6926
JU1409	g15846
JU1409	g19312
JU1409	g6915
JU1409	g8625
JU1409	g8900
JU1409	g20056
JU1409	g10031
JU1409	g4201
JU1409	g14493
JU1409	g15853
JU1409	g19226
JU1409	g64
JU1409	g15855
JU1409	g15847
JU1409	g15852
JU1409	g18480
JU1409	g17454
JU1409	g8444
JU1409	g4196
JU1409	g2434
JU1409	g812
JU1409	g141
JU1409	g16740
JU1409	g8439
JU1409	g10033
JU1409	g14871
JU1409	g3409
JU1409	g3924
JU1409	g15470
JU1409	g6016
JU1409	g4225
JU1409	g15845
JU2600	g4160
JU2600	g4187
JU2600	g15269
JU2600	g1082
JU2600	g8443
JU2600	g568
JU2600	g1935
JU2600	g5495
JU2600	g1078
JU2600	g18411
JU2600	g20249
JU2600	g548
JU2600	g18409
JU2600	g4539
JU2600	g2095
JU2600	g11336
JU2600	g11373
JU2600	g546
JU2600	g9532
JU2600	g2600
JU2600	g4186
JU2600	g20250
JU2600	g3041
JU2600	g15268
JU2600	g11366
JU2600	g6876
JU2600	g11368
JU2600	g570
JU2600	g1033
JU2600	g1100
JU2600	g1102
JU2600	g11370
JU2600	g4159
JU2600	g11372
JU2600	g566
JU2600	g11369
JU2600	g1075
JU2600	g13208
JU2600	g193
JU2600	g11371
JU2600	g5021
JU2600	g567
JU2600	g816
JU2600	g15270
JU2600	g1077
JU2600	g12974
JU2600	g1936
JU2600	g1072
JU2600	g21777
JU2600	g1080
JU2600	g4582
JU2600	g20119
JU2600	g21530
JU2600	g10237
JU2600	g8649
JU2600	g569
JU2600	g11367
JU2600	g18413
JU2600	g2439
JU2600	g1073
JU2600	g4498
JU2600	g14264
JU2600	g1071
JU2600	g1079
JU2600	g1074
JU2600	g6
JU2600	g3748
JU2600	g553
JU2600	g18408
JU2600	g9541
JU2600	g14183
JU2600	g18593
JU2600	g15274
JU2600	g571
JU2600	g21776
JU2600	g2061
JU2600	g552
JU2600	g1460
JU2600	g20120
JU2600	g19224
JU2600	g20130
JU2600	g18438
JU2600	g1081
JU3166	g5579
JU3166	g2508
JU3166	g21723
JU3166	g7042
JU3166	g2489
JU3166	g2011
JU3166	g3352
JU3166	g19132
JU3166	g14471
JU3166	g2485
JU3166	g716
JU3166	g12011
JU3166	g1991
JU3166	g3513
JU3166	g14509
JU3166	g1989
JU3166	g4010
JU3166	g5578
JU3166	g12010
JU3166	g5907
JU3166	g4449
JU3166	g21722
JU3166	g8743
JU3166	g14477
JU3166	g2013
JU3166	g1657
JU3166	g2440
JU3166	g2506
JU3166	g5552
JU3166	g14474
JU3166	g14473
JU3166	g5982
JU3166	g5948
JU3166	g14472
JU3166	g2009
JU3166	g14475
JU3166	g2482
JU3166	g18309
JU3166	g2010
JU3166	g19600
JU3166	g2012
JU3166	g2248
JU3166	g21724
JU3166	g2484
JU3166	g1246
JU3166	g3353
JU3166	g2479
JU3166	g12139
JU3166	g17331
JU3166	g2487
JU3166	g12140
JU3166	g15878
JU3166	g15599
JU3166	g14478
JU3166	g714
JU3166	g3851
JU3166	g2480
JU3166	g2513
JU3166	g17251
JU3166	g2478
JU3166	g14479
JU3166	g2486
JU3166	g2481
JU3166	g5146
JU3166	g1996
JU3166	g719
JU3166	g13907
JU3166	g20643
JU3166	g20642
JU3166	g21728
JU3166	g718
JU3166	g14476
JU3166	g2014
JU3166	g6837
JU3166	g3481
JU3166	g1995
JU3166	g1480
JU3166	g2877
JU3166	g13033
JU3166	g12129
JU3166	g690
JU3166	g540
JU3166	g2488
WN2082	g4129
WN2082	g4156
WN2082	g18819
WN2082	g22483
WN2082	g1062
WN2082	g547
WN2082	g1908
WN2082	g16214
WN2082	g8569
WN2082	g1058
WN2082	g10440
WN2082	g17309
WN2082	g525
WN2082	g10438
WN2082	g4496
WN2082	g2070
WN2082	g12141
WN2082	g17308
WN2082	g12104
WN2082	g523
WN2082	g2577
WN2082	g4155
WN2082	g3011
WN2082	g18820
WN2082	g12111
WN2082	g6711
WN2082	g12109
WN2082	g549
WN2082	g183
WN2082	g1011
WN2082	g531
WN2082	g1080
WN2082	g1082
WN2082	g12107
WN2082	g4128
WN2082	g12105
WN2082	g10157
WN2082	g544
WN2082	g12108
WN2082	g1055
WN2082	g546
WN2082	g12106
WN2082	g16685
WN2082	g791
WN2082	g18818
WN2082	g1057
WN2082	g1909
WN2082	g1052
WN2082	g9177
WN2082	g17429
WN2082	g1060
WN2082	g4533
WN2082	g17440
WN2082	g13512
WN2082	g13235
WN2082	g12110
WN2082	g10442
WN2082	g2418
WN2082	g1053
WN2082	g4459
WN2082	g9098
WN2082	g1051
WN2082	g1059
WN2082	g1054
WN2082	g3717
WN2082	g10437
WN2082	g21083
WN2082	g20836
WN2082	g20837
WN2082	g18814
WN2082	g550
WN2082	g22278
WN2082	g10158
WN2082	g2038
WN2082	g529
WN2082	g6
WN2082	g1439
WN2082	g17439
WN2082	g18331
WN2082	g10467
WN2082	g10627
WN2082	g1061
WN2082	g548
ECA248	g3464
ECA248	g12180
ECA248	g13321
ECA248	g20733
ECA248	g12805
ECA248	g14167
ECA248	g16980
ECA248	g13317
ECA248	g19267
ECA248	g551
ECA248	g12783
ECA248	g732
ECA248	g3810
ECA248	g14330
ECA248	g5079
ECA248	g12781
ECA248	g14834
ECA248	g3437
ECA248	g3463
ECA248	g1013
ECA248	g2324
ECA248	g12181
ECA248	g9075
ECA248	g16006
ECA248	g12807
ECA248	g12445
ECA248	g19266
ECA248	g10112
ECA248	g13270
ECA248	g16012
ECA248	g12789
ECA248	g13339
ECA248	g13341
ECA248	g16009
ECA248	g16010
ECA248	g16011
ECA248	g12802
ECA248	g16008
ECA248	g13314
ECA248	g12804
ECA248	g17894
ECA248	g13049
ECA248	g12179
ECA248	g13316
ECA248	g14168
ECA248	g13311
ECA248	g19387
ECA248	g13319
ECA248	g3853
ECA248	g19397
ECA248	g6449
ECA248	g6170
ECA248	g16005
ECA248	g728
ECA248	g14675
ECA248	g13312
ECA248	g3770
ECA248	g2071
ECA248	g13310
ECA248	g16004
ECA248	g20936
ECA248	g13318
ECA248	g13313
ECA248	g3030
ECA248	g17425
ECA248	g733
ECA248	g4619
ECA248	g10113
ECA248	g1992
ECA248	g12175
ECA248	g16007
ECA248	g12808
ECA248	g14298
ECA248	g12787
ECA248	g12271
ECA248	g13699
ECA248	g19396
ECA248	g20289
ECA248	g704
ECA248	g13320
ECA248	g730
ECA248	g12806
