strain	gene
ECA3035	g21581
ECA3035	g18424
ECA3035	g457
ECA3035	g15836
ECA3035	g12264
ECA3035	g12269
ECA3035	g6801
ECA3035	g6
ECA3035	g9149
ECA3035	g9156
ECA3035	g22576
ECA3035	g22583
ECA3035	g3802
ECA3035	g3812
ECA3035	g18172
ECA3035	g15884
ECA3035	g555
ECA3035	g11736
ECA3035	g7381
ECA3035	g8647
ECA3035	g15
ECA3035	g4337
ECA3035	g2994
ECA3035	g3751
ECA3035	g8987
ECA3035	g3763
ECA3035	g2194
ECA3035	g8731
ECA3035	g18743
ECA3035	g8984
ECA3035	g3912
ECA3035	g9028
ECA3035	g31
ECA3035	g17071
ECA3035	g3748
ECA3035	g3755
ECA3035	g12221
ECA3035	g19288
ECA3035	g12258
ECA3035	g12262
ECA3035	g8983
ECA3035	g22577
ECA3035	g22584
ECA3035	g7
ECA3035	g9150
ECA3035	g9157
ECA3035	g29
ECA3035	g5892
ECA3035	g17076
ECA3035	g6011
ECA3035	g454
ECA3035	g22501
ECA3035	g8989
ECA3035	g468
ECA3035	g13338
ECA3035	g1414
ECA3035	g18693
ECA3035	g17920
ECA3035	g6013
ECA3035	g1226
ECA3035	g2677
ECA3035	g3752
ECA3035	g8678
ECA3035	g8786
ECA3035	g15288
ECA3035	g2676
ECA3035	g20576
ECA3035	g866
ECA3035	g18863
ECA3035	g14
ECA3035	g37
ECA3035	g8547
ECA3035	g12077
ECA3035	g4026
ECA3035	g3642
ECA3035	g8659
ECA3035	g1335
ECA3035	g15869
ECA3035	g898
ECA3035	g12267
ECA3035	g12265
ECA3035	g1818
ECA3035	g3762
ECA3035	g17692
ECA3035	g14811
ECA3035	g615
ECA3035	g8736
ECA3035	g453
ECA3035	g18425
ECA3035	g8685
ECA3035	g9144
ECA3035	g12723
ECA3035	g1816
ECA3035	g964
ECA3035	g15651
ECA3035	g15664
ECA3035	g8739
ECA3035	g8738
ECA3035	g8741
ECA3035	g8740
ECA3035	g450
ECA3035	g4331
ECA3035	g8662
ECA3035	g19802
ECA3035	g8688
ECA3035	g3624
ECA3035	g1140
ECA3035	g15902
ECA3035	g12272
ECA3035	g10576
ECA3035	g1225
ECA3035	g17073
ECA3035	g6562
ECA3035	g1819
ECA3035	g3758
ECA3035	g10
ECA3035	g458
ECA3035	g12401
ECA3035	g15903
ECA3035	g528
ECA3035	g8988
ECA3035	g11743
ECA3035	g8829
ECA3035	g1475
ECA3035	g19442
ECA3035	g8640
ECA3035	g2679
ECA3035	g15650
ECA3035	g12261
ECA3035	g3852
ECA3035	g8772
ECA3035	g8754
ECA3035	g8763
ECA3035	g10573
ECA3035	g3753
ECA3035	g14310
ECA3035	g729
ECA3035	g4328
ECA3035	g1902
ECA3035	g2678
ECA3035	g4324
ECA3035	g18467
ECA3035	g2681
ECA3035	g8737
ECA3035	g40
ECA3035	g3870
ECA3035	g1909
ECA3035	g1813
ECA3035	g3143
ECA3035	g3968
ECA3035	g1814
ECA3035	g377
ECA3035	g21812
ECA3035	g3822
ECA3035	g1815
ECA3035	g8701
ECA3035	g1415
ECA3035	g2121
ECA3035	g17285
ECA3035	g17156
ECA3035	g3572
ECA3035	g452
ECA3035	g13341
ECA3035	g89
ECA3035	g459
ECA3035	g4137
ECA3035	g10569
ECA3035	g11923
ECA3035	g5898
ECA3035	g1227
ECA3035	g18155
ECA3035	g2554
ECA3035	g8690
ECA3035	g4339
ECA3035	g14810
ECA3035	g15895
ECA3035	g8750
ECA3035	g8768
ECA3035	g8759
ECA3035	g3953
ECA3035	g2555
ECA3035	g5887
ECA3035	g4610
ECA3035	g3759
ECA3035	g8660
ECA3035	g2125
ECA3035	g1231
ECA3035	g45
ECA3035	g13012
ECA3035	g8679
ECA3035	g2675
ECA3035	g8687
ECA3035	g9
ECA3035	g3803
ECA3035	g11800
ECA3035	g4120
ECA3035	g3760
ECA3035	g1385
ECA3035	g16894
ECA3035	g4255
ECA3035	g14662
ECA3035	g17573
ECA3035	g21803
ECA3035	g1258
ECA3035	g8143
ECA3035	g4334
ECA3035	g15834
ECA3035	g3851
ECA3035	g11283
ECA3035	g44
ECA3035	g8677
ECA3035	g4140
ECA3035	g21802
ECA3035	g17210
ECA3035	g20325
ECA3035	g3757
ECA3035	g591
ECA3035	g12260
ECA3035	g456
ECA3035	g32
ECA3035	g15866
ECA3035	g13752
ECA3035	g12658
ECA3035	g1476
ECA3035	g4027
ECA3035	g12176
ECA3035	g18862
ECA3035	g21742
ECA3035	g455
ECA3035	g42
ECA3035	g1230
ECA3035	g12019
ECA3035	g3170
ECA3035	g12304
ECA3035	g3620
ECA3035	g2126
ECA3035	g4195
ECA3035	g8684
ECA3035	g18860
ECA3035	g614
ECA3035	g18847
ECA3035	g16049
ECA3035	g15865
ECA3035	g3801
ECA3035	g1257
ECA3035	g11652
ECA3035	g21759
ECA3035	g1229
ECA3035	g1336
ECA3035	g2993
ECA3035	g1228
ECA3035	g18744
ECA3035	g8990
ECA3035	g21760
ECA3035	g1843
ECA3035	g13339
ECA3035	g15280
ECA3035	g9107
ECA3035	g12259
ECA3035	g17072
ECA3035	g8686
ECA3035	g19264
ECA3035	g3756
ECA3035	g15286
ECA3035	g8142
ECA3035	g5473
ECA3035	g8956
ECA3035	g17070
ECA3035	g8683
ECA3035	g20805
ECA3035	g17021
ECA3035	g8680
ECA3035	g6012
ECA3035	g12
ECA3035	g3858
ECA3035	g1817
ECA3035	g1339
ECA3035	g10578
ECA3035	g8986
ECA3035	g5518
ECA3035	g11417
ECA3035	g20556
ECA3035	g5371
ECA3035	g11
ECA3035	g8711
ECA3035	g11482
ECA3035	g8664
ECA3035	g4253
ECA3035	g378
ECA3035	g12532
ECA3035	g21811
ECA3035	g8708
ECA3035	g380
ECA3035	g1338
ECA3035	g17069
ECA3035	g3686
ECA3035	g21797
ECA3035	g18871
ECA3035	g15663
ECA3035	g15652
ECA3035	g5893
ECA3035	g18907
ECA3035	g8709
ECA3035	g21852
ECA3035	g20886
ECA3035	g2680
ECA3035	g5886
ECA3035	g13
ECA3035	g16272
ECA3035	g21866
ECA3035	g15654
ECA3035	g15661
ECA3035	g1820
ECA3035	g22048
ECA3035	g543
ECA3035	g3911
ECA3035	g46
ECA3035	g10574
ECA3035	g43
ECA3035	g18334
ECA3025	g18580
ECA3025	g3676
ECA3025	g18900
ECA3025	g13838
ECA3025	g1830
ECA3025	g7645
ECA3025	g7015
ECA3025	g3225
ECA3025	g7004
ECA3025	g13496
ECA3025	g13841
ECA3025	g13318
ECA3025	g3777
ECA3025	g4179
ECA3025	g1240
ECA3025	g2699
ECA3025	g5056
ECA3025	g12365
ECA3025	g5055
ECA3025	g2808
ECA3025	g17214
ECA3025	g6960
ECA3025	g6374
ECA3025	g13590
ECA3025	g6975
ECA3025	g3023
ECA3025	g3028
ECA3025	g5433
ECA3025	g7222
ECA3025	g3199
ECA3025	g21332
ECA3025	g4558
ECA3025	g2733
ECA3025	g20421
ECA3025	g2746
ECA3025	g6964
ECA3025	g7648
ECA3025	g7118
ECA3025	g2711
ECA3025	g19455
ECA3025	g13835
ECA3025	g2735
ECA3025	g15289
ECA3025	g6899
ECA3025	g18494
ECA3025	g6972
ECA3025	g3673
ECA3025	g66
ECA3025	g6962
ECA3025	g7656
ECA3025	g17366
ECA3025	g14926
ECA3025	g2742
ECA3025	g6961
ECA3025	g18065
ECA3025	g4446
ECA3025	g16381
ECA3025	g2736
ECA3025	g8820
ECA3025	g21718
ECA3025	g9196
ECA3025	g3197
ECA3025	g4083
ECA3025	g19018
ECA3025	g8562
ECA3025	g20407
ECA3025	g17215
ECA3025	g13651
ECA3025	g5914
ECA3025	g5059
ECA3025	g4114
ECA3025	g2732
ECA3025	g6974
ECA3025	g3832
ECA3025	g8816
ECA3025	g21726
ECA3025	g3672
ECA3025	g3213
ECA3025	g18581
ECA3025	g3215
ECA3025	g20416
ECA3025	g3224
ECA3025	g2744
ECA3025	g2741
ECA3025	g14297
ECA3025	g17819
ECA3025	g5141
ECA3025	g2773
ECA3025	g7526
ECA3025	g3201
ECA3025	g3669
ECA3025	g13837
ECA3025	g8818
ECA3025	g9205
ECA3025	g4356
ECA3025	g3223
ECA3025	g9683
ECA3025	g7003
ECA3025	g4445
ECA3025	g7338
ECA3025	g2066
ECA3025	g6969
ECA3025	g17442
ECA3025	g3677
ECA3025	g3200
ECA3025	g16904
ECA3025	g17216
ECA3025	g2798
ECA3025	g3749
ECA3025	g2865
ECA3025	g20454
ECA3025	g2716
ECA3025	g8809
ECA3025	g4702
ECA3025	g6970
ECA3025	g19609
ECA3025	g20362
ECA3025	g5054
ECA3025	g13312
ECA3025	g482
ECA3025	g2989
ECA3025	g3222
ECA3025	g3017
ECA3025	g3020
ECA3025	g6852
ECA3025	g14929
ECA3025	g12361
ECA3025	g3071
ECA3025	g8409
ECA3025	g7654
ECA3025	g3943
ECA3025	g17304
ECA3025	g8582
ECA3025	g3687
ECA3025	g5911
ECA3025	g2691
ECA3025	g7059
ECA3025	g5082
ECA3025	g7072
ECA3025	g4608
ECA3025	g7964
ECA3025	g3022
ECA3025	g5147
ECA3025	g3024
ECA3025	g22145
ECA3025	g3597
ECA3025	g20361
ECA3025	g12363
ECA3025	g6795
ECA3025	g7451
ECA3025	g5909
ECA3025	g6401
ECA3025	g7023
ECA3025	g21713
ECA3025	g5365
ECA3025	g7640
ECA3025	g3671
ECA3025	g12357
ECA3025	g4561
ECA3025	g13796
ECA3025	g8571
ECA3025	g4447
ECA3025	g2770
ECA3025	g9838
ECA3025	g17220
ECA3025	g18310
ECA3025	g7117
ECA3025	g5787
ECA3025	g17213
ECA3025	g4638
ECA3025	g6968
ECA3025	g2712
ECA3025	g5912
ECA3025	g15268
ECA3025	g3027
ECA3025	g14927
ECA3025	g8819
ECA3025	g8808
ECA3025	g2821
ECA3025	g7005
ECA3025	g4639
ECA3025	g9198
ECA3025	g6831
ECA3025	g5788
ECA3025	g15596
ECA3025	g21720
ECA3025	g10215
ECA3025	g3268
ECA3025	g5369
ECA3025	g4451
ECA3025	g16399
ECA3025	g14586
ECA3025	g5908
ECA3025	g3220
ECA3025	g17702
ECA3025	g13376
ECA3025	g7318
ECA3025	g17029
ECA3025	g18901
ECA3025	g3021
ECA3025	g18327
ECA3025	g22380
ECA3025	g4479
ECA3025	g2613
ECA3025	g2614
ECA3025	g7651
ECA3025	g7052
ECA3025	g8175
ECA3025	g16082
ECA3025	g7155
ECA3025	g7223
ECA3025	g2739
ECA3025	g18623
ECA3025	g3194
ECA3025	g7449
ECA3025	g21711
ECA3025	g3808
ECA3025	g3675
ECA3025	g10755
ECA3025	g13753
ECA3025	g13967
ECA3025	g19017
ECA3025	g2758
ECA3025	g3674
ECA3025	g4450
ECA3025	g19015
ECA3025	g6971
ECA3025	g5370
ECA3025	g3831
ECA3025	g13836
ECA3025	g8635
ECA3025	g19002
ECA3025	g20406
ECA3025	g3678
ECA3025	g4703
ECA3025	g21239
ECA3025	g20422
ECA3025	g2797
ECA3025	g3202
ECA3025	g4478
ECA3025	g13219
ECA3025	g3216
ECA3025	g2769
ECA3025	g5058
ECA3025	g6229
ECA3025	g4448
ECA3025	g3030
ECA3025	g3149
ECA3025	g2740
ECA3025	g20344
ECA3025	g6965
ECA3025	g2761
ECA3025	g19429
ECA3025	g4449
ECA3025	g483
ECA3025	g7018
ECA3025	g8610
ECA3025	g8633
ECA3025	g3188
ECA3025	g15514
ECA3025	g2612
ECA3025	g17165
ECA3025	g20399
ECA3025	g18850
ECA3025	g6966
ECA3025	g3016
ECA3025	g6900
ECA3025	g2611
ECA3025	g7387
ECA3025	g3193
ECA3025	g21376
ECA3025	g16214
ECA3025	g14229
ECA3025	g8606
ECA3025	g20197
ECA3025	g3198
ECA3025	g5057
ECA3025	g7335
ECA3025	g13030
ECA3025	g3598
ECA3025	g8563
ECA3025	g14102
ECA3025	g2714
ECA3025	g3600
ECA3025	g5910
ECA3025	g4560
ECA3025	g3765
ECA3025	g3029
ECA3025	g6833
ECA3025	g7170
ECA3025	g19025
ECA3025	g7053
ECA3025	g6957
ECA3025	g2743
ECA3025	g3226
ECA3025	g6967
ECA3025	g19061
ECA3025	g21721
ECA3025	g17334
ECA3025	g2734
ECA3025	g13871
ECA3025	g8609
ECA3025	g6230
ECA3025	g21714
ECA3025	g3196
ECA3025	g5913
ECA3025	g17217
ECA3025	g10195
ECA3025	g20466
ECA3025	g2762
ECA3025	g2794
ECA3025	g6901
ECA3025	g12362
ECA3025	g9684
ECA3025	g3026
ECA3025	g3025
ECA3025	g2772
ECA1851	g1911
ECA1851	g15651
ECA1851	g969
ECA1851	g3422
ECA1851	g15969
ECA1851	g2466
ECA1851	g805
ECA1851	g5905
ECA1851	g7984
ECA1851	g1469
ECA1851	g21087
ECA1851	g463
ECA1851	g808
ECA1851	g7895
ECA1851	g5317
ECA1851	g937
ECA1851	g1828
ECA1851	g21089
ECA1851	g9875
ECA1851	g1441
ECA1851	g10234
ECA1851	g978
ECA1851	g1906
ECA1851	g8258
ECA1851	g21040
ECA1851	g9841
ECA1851	g802
ECA1851	g2220
ECA1851	g9885
ECA1851	g7019
ECA1851	g16493
ECA1851	g763
ECA1851	g16517
ECA1851	g970
ECA1851	g2023
ECA1851	g7892
ECA1851	g1029
ECA1851	g22266
ECA1851	g21183
ECA1851	g15565
ECA1851	g1022
ECA1851	g13035
ECA1851	g1468
ECA1851	g1439
ECA1851	g15920
ECA1851	g8775
ECA1851	g3370
ECA1851	g15137
ECA1851	g7287
ECA1851	g19755
ECA1851	g8773
ECA1851	g3611
ECA1851	g4990
ECA1851	g3991
ECA1851	g1830
ECA1851	g16084
ECA1851	g3350
ECA1851	g617
ECA1851	g9936
ECA1851	g10382
ECA1851	g6953
ECA1851	g18754
ECA1851	g3607
ECA1851	g9843
ECA1851	g1458
ECA1851	g15652
ECA1851	g8644
ECA1851	g9836
ECA1851	g1460
ECA1851	g9997
ECA1851	g19772
ECA1851	g21620
ECA1851	g14896
ECA1851	g1319
ECA1851	g1316
ECA1851	g1313
ECA1851	g1465
ECA1851	g801
ECA1851	g803
ECA1851	g1436
ECA1851	g976
ECA1851	g1908
ECA1851	g8777
ECA1851	g3424
ECA1851	g3609
ECA1851	g1909
ECA1851	g9833
ECA1851	g9834
ECA1851	g1827
ECA1851	g7408
ECA1851	g950
ECA1851	g3998
ECA1851	g7977
ECA1851	g4465
ECA1851	g6921
ECA1851	g968
ECA1851	g6768
ECA1851	g13549
ECA1851	g1047
ECA1851	g1038
ECA1851	g7286
ECA1851	g9930
ECA1851	g6140
ECA1851	g9876
ECA1851	g10559
ECA1851	g14519
ECA1851	g1273
ECA1851	g9998
ECA1851	g7893
ECA1851	g288
ECA1851	g9702
ECA1851	g7319
ECA1851	g3600
ECA1851	g7549
ECA1851	g1913
ECA1851	g16667
ECA1851	g1394
ECA1851	g281
ECA1851	g15694
ECA1851	g12620
ECA1851	g1461
ECA1851	g14292
ECA1851	g13551
ECA1851	g977
ECA1851	g14291
ECA1851	g18752
ECA1851	g18750
ECA1851	g7406
ECA1851	g838
ECA1851	g21135
ECA1851	g8192
ECA1851	g3191
ECA1851	g558
ECA1851	g4969
ECA1851	g7894
ECA1851	g21079
ECA1851	g14383
ECA1851	g1266
ECA1851	g929
ECA1851	g7409
ECA1851	g1043
ECA1851	g10560
ECA1851	g7889
ECA1851	g9844
ECA1851	g1451
ECA1851	g21073
ECA1851	g1928
ECA1851	g1990
ECA1851	g21088
ECA1851	g10118
ECA1851	g8772
ECA1851	g21121
ECA1851	g1269
ECA1851	g7550
ECA1851	g18746
ECA1851	g7485
ECA1851	g1310
ECA1851	g10554
ECA1851	g1471
ECA1851	g1444
ECA1851	g1054
ECA1851	g953
ECA1851	g4614
ECA1851	g14297
ECA1851	g15382
ECA1851	g1452
ECA1851	g22286
ECA1851	g10377
ECA1851	g1438
ECA1851	g343
ECA1851	g3599
ECA1851	g3610
ECA1851	g9830
ECA1851	g7290
ECA1851	g8195
ECA1851	g3993
ECA1851	g10121
ECA1851	g9948
ECA1851	g1912
ECA1851	g971
ECA1851	g967
ECA1851	g990
ECA1851	g1470
ECA1851	g7292
ECA1851	g13225
ECA1851	g8771
ECA1851	g14777
ECA1851	g10212
ECA1851	g9262
ECA1851	g21078
ECA1851	g949
ECA1851	g14091
ECA1851	g1525
ECA1851	g21185
ECA1851	g15970
ECA1851	g7890
ECA1851	g9929
ECA1851	g7456
ECA1851	g6687
ECA1851	g6688
ECA1851	g1443
ECA1851	g1270
ECA1851	g954
ECA1851	g19466
ECA1851	g1240
ECA1851	g1027
ECA1851	g2058
ECA1851	g20614
ECA1851	g8645
ECA1851	g721
ECA1851	g1106
ECA1851	g21955
ECA1851	g16083
ECA1851	g1467
ECA1851	g16081
ECA1851	g998
ECA1851	g10311
ECA1851	g1442
ECA1851	g3394
ECA1851	g22041
ECA1851	g16068
ECA1851	g7484
ECA1851	g974
ECA1851	g1430
ECA1851	g7318
ECA1851	g197
ECA1851	g10033
ECA1851	g9084
ECA1851	g7289
ECA1851	g1271
ECA1851	g1907
ECA1851	g1267
ECA1851	g10566
ECA1851	g14293
ECA1851	g9886
ECA1851	g1042
ECA1851	g21039
ECA1851	g9837
ECA1851	g979
ECA1851	g10380
ECA1851	g9839
ECA1851	g9774
ECA1851	g12619
ECA1851	g10941
ECA1851	g3399
ECA1851	g3398
ECA1851	g6686
ECA1851	g14245
ECA1851	g7403
ECA1851	g10119
ECA1851	g3359
ECA1851	g1453
ECA1851	g10467
ECA1851	g6685
ECA1851	g1000
ECA1851	g10050
ECA1851	g981
ECA1851	g9996
ECA1851	g1435
ECA1851	g8776
ECA1851	g10893
ECA1851	g7291
ECA1851	g19596
ECA1851	g21690
ECA1851	g997
ECA1851	g22758
ECA1851	g7200
ECA1851	g1440
ECA1851	g9874
ECA1851	g25
ECA1851	g9838
ECA1851	g3351
ECA1851	g21822
ECA1851	g10378
ECA1851	g9659
ECA1851	g7288
ECA1851	g13927
ECA1851	g14290
ECA1851	g2082
ECA1851	g10230
ECA1851	g9731
ECA1851	g1272
ECA1851	g1904
ECA1851	g13546
ECA1851	g16091
ECA1851	g1933
ECA1851	g7891
ECA1851	g975
ECA1851	g10565
ECA1851	g10460
ECA1851	g1472
ECA1851	g8774
ECA1851	g1924
ECA1851	g16127
ECA1851	g14413
ECA1851	g9840
ECA1851	g9701
ECA1851	g1910
ECA1851	g4466
ECA1851	g9085
ECA1851	g8196
ECA1851	g2083
ECA1851	g21022
ECA1851	g11038
ECA1851	g9773
ECA1851	g7916
ECA1851	g13548
ECA1851	g14440
ECA1851	g14294
ECA1851	g2011
ECA1851	g10145
ECA1851	g1065
ECA1851	g18751
ECA1851	g15399
ECA1851	g9232
ECA701	g17134
ECA701	g10767
ECA701	g20876
ECA701	g7087
ECA701	g13564
ECA701	g517
ECA701	g4091
ECA701	g11461
ECA701	g7995
ECA701	g6930
ECA701	g7083
ECA701	g518
ECA701	g18027
ECA701	g21390
ECA701	g6081
ECA701	g4122
ECA701	g2176
ECA701	g8049
ECA701	g22356
ECA701	g11823
ECA701	g16160
ECA701	g7731
ECA701	g3752
ECA701	g7956
ECA701	g7535
ECA701	g8036
ECA701	g7963
ECA701	g22346
ECA701	g4121
ECA701	g18331
ECA701	g8017
ECA701	g9219
ECA701	g7085
ECA701	g19693
ECA701	g7080
ECA701	g20836
ECA701	g19666
ECA701	g20873
ECA701	g7171
ECA701	g18621
ECA701	g10266
ECA701	g17047
ECA701	g18280
ECA701	g10827
ECA701	g18063
ECA701	g18978
ECA701	g19898
ECA701	g18353
ECA701	g7560
ECA701	g15670
ECA701	g18216
ECA701	g7088
ECA701	g382
ECA701	g7534
ECA701	g12852
ECA701	g12944
ECA701	g7610
ECA701	g8227
ECA701	g3278
ECA701	g15506
ECA701	g17177
ECA701	g592
ECA701	g10846
ECA701	g3273
ECA701	g19904
ECA701	g8008
ECA701	g16886
ECA701	g8864
ECA701	g49
ECA701	g4118
ECA701	g11432
ECA701	g17135
ECA701	g19910
ECA701	g11423
ECA701	g18641
ECA701	g11994
ECA701	g20018
ECA701	g22410
ECA701	g2812
ECA701	g16397
ECA701	g11575
ECA701	g10802
ECA701	g8010
ECA701	g11011
ECA701	g7561
ECA701	g6228
ECA701	g18243
ECA701	g4034
ECA701	g7929
ECA701	g8713
ECA701	g7078
ECA701	g18213
ECA701	g16637
ECA701	g381
ECA701	g13799
ECA701	g11471
ECA701	g4117
ECA701	g514
ECA701	g19515
ECA701	g3274
ECA701	g8032
ECA701	g18028
ECA701	g11801
ECA701	g11988
ECA701	g21302
ECA701	g8018
ECA701	g657
ECA701	g7541
ECA701	g19905
ECA701	g18391
ECA701	g6957
ECA701	g18975
ECA701	g20875
ECA701	g8009
ECA701	g4763
ECA701	g3815
ECA701	g16273
ECA701	g18078
ECA701	g7985
ECA701	g18020
ECA701	g6141
ECA701	g7736
ECA701	g593
ECA701	g3276
ECA701	g11424
ECA701	g4027
ECA701	g7735
ECA701	g7732
ECA701	g4766
ECA701	g7008
ECA701	g11429
ECA701	g7533
ECA701	g2785
ECA701	g22358
ECA701	g3816
ECA701	g7944
ECA701	g7084
ECA701	g18977
ECA701	g3819
ECA701	g10838
ECA701	g19473
ECA701	g7555
ECA701	g6230
ECA701	g7531
ECA701	g13117
ECA701	g3277
ECA701	g7733
ECA701	g7987
ECA701	g7483
ECA701	g4759
ECA701	g7693
ECA701	g8031
ECA701	g8037
ECA701	g10588
ECA701	g7065
ECA701	g8033
ECA701	g16870
ECA701	g10801
ECA701	g18166
ECA701	g3275
ECA701	g15848
ECA701	g10847
ECA701	g7079
ECA701	g8714
ECA701	g2959
ECA701	g8229
ECA701	g11693
ECA701	g19899
ECA701	g4116
ECA701	g11505
ECA701	g6225
ECA701	g8015
ECA701	g8019
ECA701	g6411
ECA701	g11474
ECA701	g11721
ECA701	g1426
ECA701	g7557
ECA701	g8235
ECA701	g6532
ECA701	g3279
ECA701	g7081
ECA701	g7537
ECA701	g19200
ECA701	g22490
ECA701	g7172
ECA701	g11690
ECA701	g7544
ECA701	g18125
ECA701	g18014
ECA701	g8007
ECA701	g11426
ECA701	g8055
ECA701	g11969
ECA701	g414
ECA701	g3400
ECA701	g7556
ECA701	g17587
ECA701	g7542
ECA701	g16272
ECA701	g21558
ECA701	g3399
ECA701	g4120
ECA701	g20796
ECA701	g22700
ECA701	g15507
ECA701	g22342
ECA701	g7532
ECA701	g5682
ECA701	g10579
ECA701	g7958
ECA701	g11526
ECA701	g11523
ECA701	g11882
ECA701	g15510
ECA701	g564
ECA701	g15523
ECA701	g7558
ECA701	g10592
ECA701	g10580
ECA701	g6232
ECA701	g19903
ECA701	g20695
ECA701	g510
ECA701	g8012
ECA701	g7569
ECA701	g11577
ECA701	g413
ECA701	g7167
ECA701	g22033
ECA701	g20874
ECA701	g2960
ECA701	g384
ECA701	g15621
ECA701	g11459
ECA701	g7729
ECA701	g11612
ECA701	g17
ECA701	g858
ECA701	g297
ECA701	g9239
ECA701	g6229
ECA701	g22350
ECA701	g18019
ECA701	g10578
ECA701	g7761
ECA701	g17978
ECA701	g6231
ECA701	g11511
ECA701	g22131
ECA701	g10808
ECA701	g6276
ECA701	g11475
ECA701	g11691
ECA701	g17979
ECA701	g7070
ECA701	g8005
ECA701	g8016
ECA701	g4768
ECA701	g7564
ECA701	g11431
ECA701	g11460
ECA701	g12991
ECA701	g386
ECA701	g17721
ECA701	g18219
ECA701	g11971
ECA701	g20020
ECA701	g7988
ECA701	g11625
ECA701	g7948
ECA701	g387
ECA701	g7559
ECA701	g115
ECA701	g9714
ECA701	g22239
ECA701	g22353
ECA701	g11427
ECA701	g6839
ECA701	g20019
ECA701	g383
ECA701	g16008
ECA701	g11819
ECA701	g6969
ECA701	g7730
ECA701	g11504
ECA701	g15498
ECA701	g7082
ECA701	g7683
ECA701	g7688
ECA701	g10581
ECA701	g10591
ECA701	g7563
ECA701	g4123
ECA701	g8011
ECA701	g487
ECA701	g15460
ECA701	g11425
ECA701	g9509
ECA701	g658
ECA701	g18351
ECA701	g17963
ECA701	g6710
ECA701	g18123
ECA701	g19852
ECA701	g4119
ECA701	g1059
ECA701	g11576
ECA701	g385
ECA701	g18279
ECA701	g4764
ECA701	g7888
ECA701	g1425
ECA701	g18215
ECA701	g10765
ECA3005	g17181
ECA3005	g11442
ECA3005	g9877
ECA3005	g17503
ECA3005	g7000
ECA3005	g7549
ECA3005	g13302
ECA3005	g6855
ECA3005	g22628
ECA3005	g811
ECA3005	g6929
ECA3005	g5934
ECA3005	g5936
ECA3005	g7042
ECA3005	g3241
ECA3005	g3029
ECA3005	g5166
ECA3005	g3653
ECA3005	g3657
ECA3005	g22622
ECA3005	g12956
ECA3005	g13305
ECA3005	g7311
ECA3005	g8709
ECA3005	g1394
ECA3005	g2699
ECA3005	g3231
ECA3005	g3217
ECA3005	g6248
ECA3005	g2852
ECA3005	g13054
ECA3005	g3027
ECA3005	g22668
ECA3005	g8800
ECA3005	g5935
ECA3005	g2728
ECA3005	g2692
ECA3005	g18056
ECA3005	g13299
ECA3005	g3236
ECA3005	g2717
ECA3005	g14810
ECA3005	g20696
ECA3005	g20692
ECA3005	g17095
ECA3005	g4452
ECA3005	g2569
ECA3005	g3239
ECA3005	g15173
ECA3005	g3211
ECA3005	g3659
ECA3005	g12778
ECA3005	g17452
ECA3005	g9827
ECA3005	g16669
ECA3005	g4448
ECA3005	g2155
ECA3005	g2718
ECA3005	g7482
ECA3005	g2750
ECA3005	g5932
ECA3005	g10063
ECA3005	g6992
ECA3005	g10434
ECA3005	g17619
ECA3005	g9807
ECA3005	g5073
ECA3005	g13117
ECA3005	g4479
ECA3005	g11066
ECA3005	g4116
ECA3005	g2714
ECA3005	g7273
ECA3005	g3813
ECA3005	g7010
ECA3005	g2742
ECA3005	g10059
ECA3005	g7001
ECA3005	g3028
ECA3005	g17182
ECA3005	g22486
ECA3005	g3240
ECA3005	g2726
ECA3005	g2723
ECA3005	g5074
ECA3005	g13762
ECA3005	g16426
ECA3005	g5070
ECA3005	g22620
ECA3005	g2753
ECA3005	g7154
ECA3005	g2793
ECA3005	g4450
ECA3005	g9879
ECA3005	g10061
ECA3005	g7007
ECA3005	g22253
ECA3005	g10441
ECA3005	g6969
ECA3005	g4362
ECA3005	g5159
ECA3005	g10916
ECA3005	g4084
ECA3005	g6997
ECA3005	g3662
ECA3005	g577
ECA3005	g7052
ECA3005	g3731
ECA3005	g22527
ECA3005	g9171
ECA3005	g4480
ECA3005	g16054
ECA3005	g3215
ECA3005	g3658
ECA3005	g7383
ECA3005	g2715
ECA3005	g3214
ECA3005	g3229
ECA3005	g10052
ECA3005	g18208
ECA3005	g7107
ECA3005	g3746
ECA3005	g2680
ECA3005	g17224
ECA3005	g2156
ECA3005	g2788
ECA3005	g2993
ECA3005	g3758
ECA3005	g15831
ECA3005	g3238
ECA3005	g15170
ECA3005	g15830
ECA3005	g20687
ECA3005	g3083
ECA3005	g22575
ECA3005	g9647
ECA3005	g11421
ECA3005	g3945
ECA3005	g22635
ECA3005	g15919
ECA3005	g2672
ECA3005	g5446
ECA3005	g9170
ECA3005	g20691
ECA3005	g6400
ECA3005	g6999
ECA3005	g3580
ECA3005	g3656
ECA3005	g2697
ECA3005	g13301
ECA3005	g4715
ECA3005	g6856
ECA3005	g7548
ECA3005	g22621
ECA3005	g5931
ECA3005	g5378
ECA3005	g5071
ECA3005	g7009
ECA3005	g5072
ECA3005	g20683
ECA3005	g6813
ECA3005	g9176
ECA3005	g13262
ECA3005	g3838
ECA3005	g15836
ECA3005	g16915
ECA3005	g3216
ECA3005	g3023
ECA3005	g14830
ECA3005	g3026
ECA3005	g7415
ECA3005	g4568
ECA3005	g15172
ECA3005	g10051
ECA3005	g10062
ECA3005	g5933
ECA3005	g5099
ECA3005	g10436
ECA3005	g6995
ECA3005	g7276
ECA3005	g22589
ECA3005	g3581
ECA3005	g7089
ECA3005	g2693
ECA3005	g3289
ECA3005	g5382
ECA3005	g4651
ECA3005	g4453
ECA3005	g15500
ECA3005	g7055
ECA3005	g16309
ECA3005	g12833
ECA3005	g7272
ECA3005	g22629
ECA3005	g15641
ECA3005	g17504
ECA3005	g4652
ECA3005	g20695
ECA3005	g16932
ECA3005	g19141
ECA3005	g30
ECA3005	g2716
ECA3005	g29
ECA3005	g5808
ECA3005	g13300
ECA3005	g21406
ECA3005	g2721
ECA3005	g2774
ECA3005	g7412
ECA3005	g3837
ECA3005	g2695
ECA3005	g11984
ECA3005	g5809
ECA3005	g3661
ECA3005	g20700
ECA3005	g3025
ECA3005	g13219
ECA3005	g22684
ECA3005	g3210
ECA3005	g13433
ECA3005	g17618
ECA3005	g2779
ECA3005	g2740
ECA3005	g17616
ECA3005	g6429
ECA3005	g5383
ECA3005	g9849
ECA3005	g4449
ECA3005	g17604
ECA3005	g4545
ECA3005	g7003
ECA3005	g7156
ECA3005	g12684
ECA3005	g3232
ECA3005	g2749
ECA3005	g3208
ECA3005	g5075
ECA3005	g6247
ECA3005	g7040
ECA3005	g4451
ECA3005	g7192
ECA3005	g2789
ECA3005	g3163
ECA3005	g3212
ECA3005	g2722
ECA3005	g9164
ECA3005	g15832
ECA3005	g5930
ECA3005	g18031
ECA3005	g22669
ECA3005	g9854
ECA3005	g2724
ECA3005	g7095
ECA3005	g3202
ECA3005	g14584
ECA3005	g9853
ECA3005	g4447
ECA3005	g31
ECA3005	g15783
ECA3005	g7056
ECA3005	g12772
ECA3005	g22630
ECA3005	g9816
ECA3005	g18911
ECA3005	g7626
ECA3005	g7002
ECA3005	g32
ECA3005	g3660
ECA3005	g3207
ECA3005	g7041
ECA3005	g8836
ECA3005	g21536
ECA3005	g3671
ECA3005	g21580
ECA3005	g13693
ECA3005	g7205
ECA3005	g4571
ECA3005	g3213
ECA3005	g4182
ECA3005	g21719
ECA3005	g12511
ECA3005	g9808
ECA3005	g13566
ECA3005	g3022
ECA3005	g5076
ECA3005	g14503
ECA3005	g15829
ECA3005	g7088
ECA3005	g4570
ECA3005	g17627
ECA3005	g4623
ECA3005	g2725
ECA3005	g9165
ECA3005	g3242
ECA3005	g3583
ECA3005	g17663
ECA3005	g15948
ECA3005	g13337
ECA3005	g10917
ECA3005	g4716
ECA3005	g20698
ECA3005	g20694
ECA3005	g20689
ECA3005	g7619
ECA3005	g2805
ECA3005	g15975
ECA3005	g15833
ECA3005	g3655
ECA3005	g7155
ECA3005	g6930
ECA3005	g2778
ECA3005	g6880
ECA3005	g20688
ECA3005	g2752
MY10	g21438
MY10	g14659
MY10	g10695
MY10	g21527
MY10	g212
MY10	g3321
MY10	g6537
MY10	g5285
MY10	g21537
MY10	g935
MY10	g944
MY10	g10884
MY10	g14401
MY10	g82
MY10	g941
MY10	g367
MY10	g1434
MY10	g4702
MY10	g49
MY10	g2301
MY10	g531
MY10	g937
MY10	g10691
MY10	g2300
MY10	g21534
MY10	g368
MY10	g21520
MY10	g83
MY10	g2676
MY10	g410
MY10	g1807
MY10	g21638
MY10	g2302
MY10	g1948
MY10	g21531
MY10	g13430
MY10	g21529
MY10	g3280
MY10	g21365
MY10	g12526
MY10	g3317
MY10	g15088
MY10	g371
MY10	g14569
MY10	g6075
MY10	g370
MY10	g10689
MY10	g11631
MY10	g3775
MY10	g6200
MY10	g22105
MY10	g21526
MY10	g6194
MY10	g21533
MY10	g14150
MY10	g6073
MY10	g1701
MY10	g364
MY10	g16711
MY10	g864
MY10	g8712
MY10	g7737
MY10	g16712
MY10	g1337
MY10	g15091
MY10	g530
MY10	g21523
MY10	g22308
MY10	g3134
MY10	g1009
MY10	g21595
MY10	g11060
MY10	g20005
MY10	g10701
MY10	g21426
MY10	g1367
MY10	g19486
MY10	g7744
MY10	g1067
MY10	g8213
MY10	g1091
MY10	g547
MY10	g14660
MY10	g20388
MY10	g939
MY10	g555
MY10	g9278
MY10	g15679
MY10	g21521
MY10	g14924
MY10	g13083
MY10	g10193
MY10	g90
MY10	g96
MY10	g523
MY10	g91
MY10	g62
MY10	g1611
MY10	g12936
MY10	g67
MY10	g3324
MY10	g21658
MY10	g20194
MY10	g1700
MY10	g13081
MY10	g5525
MY10	g105
MY10	g21149
MY10	g92
MY10	g529
MY10	g3453
MY10	g10258
MY10	g12375
MY10	g42
MY10	g16709
MY10	g20177
MY10	g3776
MY10	g10248
MY10	g11628
MY10	g19490
MY10	g10697
MY10	g21479
MY10	g20184
MY10	g12998
MY10	g953
MY10	g16710
MY10	g16395
MY10	g84
MY10	g95
MY10	g2328
MY10	g167
MY10	g1854
MY10	g2394
MY10	g16247
MY10	g863
MY10	g2299
MY10	g21470
MY10	g21489
MY10	g19488
MY10	g21488
MY10	g21235
MY10	g20154
MY10	g554
MY10	g556
MY10	g16220
MY10	g12963
MY10	g2303
MY10	g2609
MY10	g21700
MY10	g601
MY10	g21528
MY10	g19494
MY10	g553
MY10	g1810
MY10	g10257
MY10	g61
MY10	g1702
MY10	g14384
MY10	g21366
MY10	g20221
MY10	g16835
MY10	g10210
MY10	g14701
MY10	g2387
MY10	g151
MY10	g17189
MY10	g1203
MY10	g1885
MY10	g16834
MY10	g20223
MY10	g13078
MY10	g85
MY10	g2613
MY10	g1706
MY10	g11959
MY10	g16713
MY10	g11007
MY10	g12862
MY10	g21169
MY10	g114
MY10	g938
MY10	g13270
MY10	g20170
MY10	g2304
MY10	g8362
MY10	g3074
MY10	g12605
MY10	g20182
MY10	g10010
MY10	g1733
MY10	g21427
MY10	g21439
MY10	g21329
MY10	g18772
MY10	g20176
MY10	g10290
MY10	g344
MY10	g1949
MY10	g21261
MY10	g6192
MY10	g4421
MY10	g866
MY10	g136
MY10	g3238
MY10	g15090
MY10	g1884
MY10	g943
MY10	g480
MY10	g1705
MY10	g21312
MY10	g21524
MY10	g2614
MY10	g6193
MY10	g10837
MY10	g21532
MY10	g16707
MY10	g142
MY10	g1090
MY10	g15076
MY10	g10769
MY10	g3319
MY10	g88
MY10	g7601
MY10	g1732
MY10	g11157
MY10	g10209
MY10	g16396
MY10	g1703
MY10	g14974
MY10	g6201
MY10	g65
MY10	g11069
MY10	g152
MY10	g20396
MY10	g1036
MY10	g11630
MY10	g8215
MY10	g10353
MY10	g546
MY10	g156
MY10	g13082
MY10	g113
MY10	g93
MY10	g365
MY10	g10692
MY10	g12552
MY10	g1704
MY10	g7739
MY10	g6583
MY10	g21262
MY10	g13084
MY10	g516
MY10	g18442
MY10	g13129
MY10	g20190
MY10	g13916
MY10	g525
MY10	g6199
MY10	g6074
MY10	g528
MY10	g522
MY10	g369
MY10	g18641
MY10	g8214
MY10	g15749
MY10	g527
MY10	g116
MY10	g11332
MY10	g21419
MY10	g3318
MY10	g66
MY10	g21402
MY10	g21490
MY10	g20193
MY10	g21657
MY10	g15877
MY10	g81
MY10	g1809
MY10	g6422
MY10	g13085
MY10	g21596
MY10	g21152
MY10	g15099
MY10	g20400
MY10	g21525
MY10	g20389
MY10	g20399
MY10	g551
MY10	g89
MY10	g557
MY10	g14973
MY10	g15137
MY10	g526
MY10	g3355
MY10	g6187
MY10	g942
MY10	g544
MY10	g141
MY10	g17168
MY10	g20155
MY10	g10771
MY10	g16708
MY10	g19796
MY10	g10303
MY10	g20391
MY10	g10243
MY10	g2305
MY10	g10249
MY10	g1024
MY10	g19489
MY10	g9779
MY10	g21530
MY10	g940
DL238	g10469
DL238	g14483
DL238	g17458
DL238	g432
DL238	g2509
DL238	g19163
DL238	g7494
DL238	g10791
DL238	g1246
DL238	g18647
DL238	g18637
DL238	g10215
DL238	g17455
DL238	g8776
DL238	g8370
DL238	g17980
DL238	g3092
DL238	g20865
DL238	g9336
DL238	g15990
DL238	g18593
DL238	g19172
DL238	g14513
DL238	g18591
DL238	g17799
DL238	g20968
DL238	g18606
DL238	g18970
DL238	g8720
DL238	g20953
DL238	g7498
DL238	g9505
DL238	g8719
DL238	g9463
DL238	g9500
DL238	g18480
DL238	g291
DL238	g18702
DL238	g18596
DL238	g17498
DL238	g8435
DL238	g11339
DL238	g17461
DL238	g289
DL238	g9323
DL238	g16928
DL238	g10379
DL238	g20908
DL238	g7943
DL238	g8879
DL238	g4274
DL238	g14558
DL238	g19174
DL238	g4966
DL238	g20907
DL238	g7913
DL238	g22164
DL238	g10742
DL238	g18592
DL238	g17973
DL238	g9966
DL238	g1729
DL238	g8101
DL238	g19159
DL238	g9506
DL238	g6621
DL238	g8955
DL238	g22016
DL238	g13939
DL238	g6622
DL238	g8466
DL238	g10910
DL238	g1237
DL238	g9337
DL238	g18603
DL238	g12185
DL238	g20899
DL238	g17641
DL238	g18748
DL238	g18650
DL238	g7495
DL238	g20898
DL238	g13459
DL238	g9732
DL238	g8880
DL238	g17460
DL238	g10470
DL238	g7991
DL238	g1244
DL238	g1727
DL238	g18460
DL238	g20972
DL238	g5581
DL238	g7410
DL238	g20877
DL238	g9305
DL238	g18526
DL238	g20897
DL238	g8803
DL238	g9345
DL238	g8864
DL238	g20880
DL238	g20928
DL238	g19180
DL238	g14559
DL238	g20988
DL238	g11315
DL238	g8102
DL238	g293
DL238	g6125
DL238	g2271
DL238	g18600
DL238	g9262
DL238	g18682
DL238	g9338
DL238	g21288
DL238	g14550
DL238	g9501
DL238	g1231
DL238	g7850
DL238	g11492
DL238	g9389
DL238	g8788
DL238	g20857
DL238	g8191
DL238	g4963
DL238	g18683
DL238	g15994
DL238	g20930
DL238	g12955
DL238	g8604
DL238	g8952
DL238	g20906
DL238	g374
DL238	g20929
DL238	g6620
DL238	g10512
DL238	g7469
DL238	g9312
DL238	g7497
DL238	g7493
DL238	g7403
DL238	g17459
DL238	g7500
DL238	g6151
DL238	g18805
DL238	g9502
DL238	g4381
DL238	g8878
DL238	g18656
DL238	g19088
DL238	g15992
DL238	g18638
DL238	g18594
DL238	g18886
DL238	g18602
DL238	g7186
DL238	g1196
DL238	g507
DL238	g18690
DL238	g9306
DL238	g14517
DL238	g18597
DL238	g15998
DL238	g8883
DL238	g7120
DL238	g8100
DL238	g1245
DL238	g10198
DL238	g6744
DL238	g1197
DL238	g20911
DL238	g9346
DL238	g18598
DL238	g6619
DL238	g4625
DL238	g13458
DL238	g14309
DL238	g6743
DL238	g296
DL238	g18599
DL238	g18973
DL238	g20878
DL238	g7183
DL238	g8096
DL238	g5295
DL238	g6623
DL238	g18789
DL238	g18953
DL238	g7849
DL238	g109
DL238	g8881
DL238	g18416
DL238	g7499
DL238	g14303
DL238	g8954
DL238	g775
DL238	g290
DL238	g3854
DL238	g15275
DL238	g15102
DL238	g14314
DL238	g9526
DL238	g22171
DL238	g1236
DL238	g9321
DL238	g18860
DL238	g8877
DL238	g9320
DL238	g12392
DL238	g17543
DL238	g10909
DL238	g9340
DL238	g8876
DL238	g20960
DL238	g9310
DL238	g8097
DL238	g21391
DL238	g7182
DL238	g8015
DL238	g19024
DL238	g10907
DL238	g10793
DL238	g9308
DL238	g10792
DL238	g405
DL238	g10894
DL238	g14315
DL238	g14302
DL238	g7989
DL238	g14707
DL238	g6617
DL238	g18747
DL238	g14301
DL238	g22170
DL238	g9339
DL238	g8070
DL238	g18068
DL238	g8098
DL238	g6299
DL238	g8099
DL238	g9499
DL238	g246
DL238	g4965
DL238	g13932
DL238	g1338
DL238	g20905
DL238	g292
DL238	g1180
DL238	g19169
DL238	g13937
DL238	g3853
DL238	g22559
DL238	g18859
DL238	g20900
DL238	g20904
DL238	g9351
DL238	g6618
DL238	g7988
DL238	g9343
DL238	g20901
DL238	g1728
DL238	g18527
DL238	g9503
DL238	g17917
DL238	g20958
DL238	g22520
DL238	g15144
DL238	g5651
DL238	g8069
DL238	g9341
DL238	g17701
DL238	g18528
DL238	g8743
DL238	g20932
DL238	g18247
DL238	g20909
DL238	g20882
DL238	g19166
DL238	g9315
DL238	g18636
DL238	g18461
DL238	g5779
DL238	g13310
DL238	g9342
DL238	g10918
DL238	g18605
DL238	g18601
DL238	g22165
DL238	g10956
DL238	g19091
DL238	g22159
DL238	g6298
DL238	g9307
DL238	g14539
DL238	g8875
DL238	g4606
DL238	g7496
DL238	g19090
DL238	g21811
DL238	g18588
DL238	g21026
DL238	g14514
DL238	g14917
DL238	g1289
DL238	g8873
DL238	g7912
DL238	g9304
DL238	g15993
DL238	g9309
DL238	g18595
DL238	g14481
ECA1757	g21407
ECA1757	g20345
ECA1757	g5171
ECA1757	g16904
ECA1757	g6369
ECA1757	g2846
ECA1757	g1180
ECA1757	g5691
ECA1757	g6320
ECA1757	g4274
ECA1757	g6331
ECA1757	g16724
ECA1757	g2504
ECA1757	g2849
ECA1757	g16933
ECA1757	g4252
ECA1757	g2323
ECA1757	g596
ECA1757	g4218
ECA1757	g4725
ECA1757	g5684
ECA1757	g6377
ECA1757	g16737
ECA1757	g16725
ECA1757	g4560
ECA1757	g4322
ECA1757	g4262
ECA1757	g6362
ECA1757	g4253
ECA1757	g7918
ECA1757	g6106
ECA1757	g4306
ECA1757	g8299
ECA1757	g4600
ECA1757	g8811
ECA1757	g6373
ECA1757	g5688
ECA1757	g2806
ECA1757	g6210
ECA1757	g19477
ECA1757	g14151
ECA1757	g4535
ECA1757	g18839
ECA1757	g6436
ECA1757	g4563
ECA1757	g20433
ECA1757	g1956
ECA1757	g6365
ECA1757	g5168
ECA1757	g4562
ECA1757	g6375
ECA1757	g5682
ECA1757	g3931
ECA1757	g18040
ECA1757	g14300
ECA1757	g6004
ECA1757	g20077
ECA1757	g6376
ECA1757	g20850
ECA1757	g1954
ECA1757	g8921
ECA1757	g4556
ECA1757	g4741
ECA1757	g7438
ECA1757	g15391
ECA1757	g16369
ECA1757	g7439
ECA1757	g9289
ECA1757	g19911
ECA1757	g17841
ECA1757	g2662
ECA1757	g5695
ECA1757	g9259
ECA1757	g6482
ECA1757	g16361
ECA1757	g8296
ECA1757	g6363
ECA1757	g21083
ECA1757	g15893
ECA1757	g5951
ECA1757	g5326
ECA1757	g4232
ECA1757	g5167
ECA1757	g14240
ECA1757	g2844
ECA1757	g20344
ECA1757	g16971
ECA1757	g3311
ECA1757	g8210
ECA1757	g21585
ECA1757	g5164
ECA1757	g4260
ECA1757	g10815
ECA1757	g4751
ECA1757	g4716
ECA1757	g4557
ECA1757	g4750
ECA1757	g4261
ECA1757	g4342
ECA1757	g6332
ECA1757	g6001
ECA1757	g14154
ECA1757	g5879
ECA1757	g14155
ECA1757	g1418
ECA1757	g16736
ECA1757	g6368
ECA1757	g5172
ECA1757	g21955
ECA1757	g5245
ECA1757	g10808
ECA1757	g21635
ECA1757	g8668
ECA1757	g6367
ECA1757	g5089
ECA1757	g16979
ECA1757	g19325
ECA1757	g21634
ECA1757	g4210
ECA1757	g7436
ECA1757	g9013
ECA1757	g5273
ECA1757	g4719
ECA1757	g11713
ECA1757	g9424
ECA1757	g5182
ECA1757	g7437
ECA1757	g4254
ECA1757	g6269
ECA1757	g20303
ECA1757	g8270
ECA1757	g7434
ECA1757	g6256
ECA1757	g8203
ECA1757	g4739
ECA1757	g2845
ECA1757	g8301
ECA1757	g6974
ECA1757	g4749
ECA1757	g3932
ECA1757	g2330
ECA1757	g11711
ECA1757	g4723
ECA1757	g6540
ECA1757	g5376
ECA1757	g6947
ECA1757	g14272
ECA1757	g4326
ECA1757	g6312
ECA1757	g7984
ECA1757	g21586
ECA1757	g14378
ECA1757	g21626
ECA1757	g10571
ECA1757	g5166
ECA1757	g10797
ECA1757	g4282
ECA1757	g4797
ECA1757	g11717
ECA1757	g4231
ECA1757	g8920
ECA1757	g4235
ECA1757	g4314
ECA1757	g20612
ECA1757	g6211
ECA1757	g7560
ECA1757	g18858
ECA1757	g6330
ECA1757	g21636
ECA1757	g6503
ECA1757	g7559
ECA1757	g16936
ECA1757	g8294
ECA1757	g14158
ECA1757	g4255
ECA1757	g4721
ECA1757	g6434
ECA1757	g7981
ECA1757	g8916
ECA1757	g8298
ECA1757	g7440
ECA1757	g2385
ECA1757	g6021
ECA1757	g8667
ECA1757	g13963
ECA1757	g20595
ECA1757	g16932
ECA1757	g15742
ECA1757	g21668
ECA1757	g8300
ECA1757	g16726
ECA1757	g2879
ECA1757	g14644
ECA1757	g8889
ECA1757	g6276
ECA1757	g6281
ECA1757	g11000
ECA1757	g6174
ECA1757	g6105
ECA1757	g14153
ECA1757	g8922
ECA1757	g8919
ECA1757	g22453
ECA1757	g5170
ECA1757	g14832
ECA1757	g5092
ECA1757	g2765
ECA1757	g2980
ECA1757	g19912
ECA1757	g5169
ECA1757	g4748
ECA1757	g8917
ECA1757	g4722
ECA1757	g6366
ECA1757	g7980
ECA1757	g16978
ECA1757	g19915
ECA1757	g5325
ECA1757	g19928
ECA1757	g17127
ECA1757	g6282
ECA1757	g5173
ECA1757	g8295
ECA1757	g4258
ECA1757	g13788
ECA1757	g10796
ECA1757	g9194
ECA1757	g8890
ECA1757	g10809
ECA1757	g2235
ECA1757	g5090
ECA1757	g8918
ECA1757	g21621
ECA1757	g7122
ECA1757	g20027
ECA1757	g3934
ECA1757	g8732
ECA1757	g15891
ECA1757	g4672
ECA1757	g8297
ECA1757	g21568
ECA1757	g4263
ECA1757	g6372
ECA1757	g5685
ECA1757	g19501
ECA1757	g16367
ECA1757	g21788
ECA1757	g10403
ECA1757	g5302
ECA1757	g14152
ECA1757	g4237
ECA1757	g6317
ECA1757	g16960
ECA1757	g4710
ECA1757	g4724
ECA1757	g18608
ECA1757	g5875
ECA1757	g4742
ECA1757	g14103
ECA1757	g8808
ECA1757	g18529
ECA1757	g6371
ECA1757	g5813
ECA1757	g4718
ECA1757	g1955
ECA1757	g6435
ECA1757	g4284
ECA1757	g4265
ECA1757	g4559
ECA1757	g4715
ECA1757	g4561
ECA1757	g4311
ECA1757	g10450
ECA1757	g10870
ECA1757	g4746
ECA1757	g15892
ECA1757	g3240
ECA1757	g4281
ECA1757	g4720
ECA1757	g16731
ECA1757	g2061
ECA1757	g3113
ECA1757	g15372
ECA1757	g3603
ECA1757	g4251
ECA1757	g8731
ECA1757	g8809
ECA1757	g5260
ECA1757	g6500
ECA1757	g21787
ECA1757	g6158
ECA1757	g19903
ECA1757	g6275
ECA1757	g8763
ECA1757	g17333
ECA1757	g6380
ECA1757	g2843
ECA1757	g4259
ECA1757	g6370
ECA1757	g20028
ECA1757	g19864
ECA1757	g7121
ECA1757	g2601
ECA1757	g21627
ECA1757	g11709
ECA1757	g7435
ECA1757	g4383
ECA1757	g21682
ECA1757	g4753
ECA1757	g11712
ECA1757	g4752
ECA1757	g16902
ECA2109	g1044
ECA2109	g19916
ECA2109	g6494
ECA2109	g19594
ECA2109	g4913
ECA2109	g21929
ECA2109	g12664
ECA2109	g16708
ECA2109	g119
ECA2109	g2545
ECA2109	g5372
ECA2109	g13015
ECA2109	g12661
ECA2109	g2455
ECA2109	g97
ECA2109	g17287
ECA2109	g960
ECA2109	g5370
ECA2109	g4413
ECA2109	g4770
ECA2109	g107
ECA2109	g12917
ECA2109	g4456
ECA2109	g1039
ECA2109	g2823
ECA2109	g4532
ECA2109	g5418
ECA2109	g15401
ECA2109	g154
ECA2109	g396
ECA2109	g1575
ECA2109	g126
ECA2109	g19042
ECA2109	g12668
ECA2109	g579
ECA2109	g1154
ECA2109	g79
ECA2109	g2452
ECA2109	g559
ECA2109	g14202
ECA2109	g20002
ECA2109	g18454
ECA2109	g13841
ECA2109	g19644
ECA2109	g3308
ECA2109	g4652
ECA2109	g6443
ECA2109	g20432
ECA2109	g1844
ECA2109	g11405
ECA2109	g560
ECA2109	g395
ECA2109	g4833
ECA2109	g3306
ECA2109	g6680
ECA2109	g670
ECA2109	g8055
ECA2109	g7056
ECA2109	g962
ECA2109	g19477
ECA2109	g6423
ECA2109	g12851
ECA2109	g581
ECA2109	g7681
ECA2109	g1509
ECA2109	g10393
ECA2109	g6676
ECA2109	g4381
ECA2109	g19915
ECA2109	g3178
ECA2109	g4374
ECA2109	g4373
ECA2109	g106
ECA2109	g557
ECA2109	g11423
ECA2109	g12209
ECA2109	g20672
ECA2109	g368
ECA2109	g4379
ECA2109	g105
ECA2109	g1041
ECA2109	g3310
ECA2109	g6496
ECA2109	g6678
ECA2109	g1042
ECA2109	g4371
ECA2109	g4458
ECA2109	g162
ECA2109	g959
ECA2109	g1966
ECA2109	g11936
ECA2109	g7064
ECA2109	g556
ECA2109	g2538
ECA2109	g189
ECA2109	g7533
ECA2109	g1478
ECA2109	g4912
ECA2109	g1322
ECA2109	g1843
ECA2109	g16466
ECA2109	g13190
ECA2109	g21046
ECA2109	g2453
ECA2109	g4239
ECA2109	g1875
ECA2109	g6669
ECA2109	g2106
ECA2109	g4998
ECA2109	g4654
ECA2109	g15911
ECA2109	g18892
ECA2109	g628
ECA2109	g13197
ECA2109	g19873
ECA2109	g18036
ECA2109	g100
ECA2109	g21267
ECA2109	g13844
ECA2109	g12666
ECA2109	g21268
ECA2109	g10389
ECA2109	g1964
ECA2109	g77
ECA2109	g4774
ECA2109	g5322
ECA2109	g2758
ECA2109	g6265
ECA2109	g8034
ECA2109	g2454
ECA2109	g5378
ECA2109	g545
ECA2109	g21180
ECA2109	g1967
ECA2109	g99
ECA2109	g2449
ECA2109	g4382
ECA2109	g5385
ECA2109	g4424
ECA2109	g1061
ECA2109	g1121
ECA2109	g5371
ECA2109	g174
ECA2109	g15790
ECA2109	g3305
ECA2109	g2107
ECA2109	g127
ECA2109	g10385
ECA2109	g2043
ECA2109	g432
ECA2109	g573
ECA2109	g170
ECA2109	g1046
ECA2109	g12705
ECA2109	g6432
ECA2109	g21262
ECA2109	g15802
ECA2109	g20184
ECA2109	g14183
ECA2109	g400
ECA2109	g13842
ECA2109	g13134
ECA2109	g6679
ECA2109	g6668
ECA2109	g4367
ECA2109	g1847
ECA2109	g2761
ECA2109	g15797
ECA2109	g7058
ECA2109	g401
ECA2109	g6059
ECA2109	g1045
ECA2109	g555
ECA2109	g96
ECA2109	g1849
ECA2109	g13507
ECA2109	g3304
ECA2109	g583
ECA2109	g20788
ECA2109	g4750
ECA2109	g3799
ECA2109	g580
ECA2109	g558
ECA2109	g551
ECA2109	g21462
ECA2109	g5273
ECA2109	g19593
ECA2109	g2450
ECA2109	g2014
ECA2109	g15910
ECA2109	g553
ECA2109	g12667
ECA2109	g11110
ECA2109	g4465
ECA2109	g4651
ECA2109	g572
ECA2109	g577
ECA2109	g15791
ECA2109	g4477
ECA2109	g98
ECA2109	g1189
ECA2109	g21693
ECA2109	g64
ECA2109	g8599
ECA2109	g3179
ECA2109	g12750
ECA2109	g230
ECA2109	g12535
ECA2109	g19478
ECA2109	g76
ECA2109	g19481
ECA2109	g4426
ECA2109	g4533
ECA2109	g1214
ECA2109	g4414
ECA2109	g5338
ECA2109	g6465
ECA2109	g14427
ECA2109	g15796
ECA2109	g19494
ECA2109	g2042
ECA2109	g15296
ECA2109	g4238
ECA2109	g570
ECA2109	g103
ECA2109	g437
ECA2109	g1874
ECA2109	g13282
ECA2109	g4569
ECA2109	g11284
ECA2109	g3621
ECA2109	g1846
ECA2109	g1040
ECA2109	g57
ECA2109	g507
ECA2109	g21266
ECA2109	g5419
ECA2109	g4375
ECA2109	g108
ECA2109	g4377
ECA2109	g4313
ECA2109	g19066
ECA2109	g18035
ECA2109	g81
ECA2109	g6470
ECA2109	g6469
ECA2109	g15912
ECA2109	g21315
ECA2109	g1961
ECA2109	g5380
ECA2109	g15913
ECA2109	g129
ECA2109	g4584
ECA2109	g110
ECA2109	g550
ECA2109	g159
ECA2109	g3309
ECA2109	g15451
ECA2109	g1848
ECA2109	g11241
ECA2109	g4370
ECA2109	g12276
ECA2109	g1756
ECA2109	g4412
ECA2109	g5379
ECA2109	g13457
ECA2109	g5275
ECA2109	g6424
ECA2109	g12403
ECA2109	g4198
ECA2109	g554
ECA2109	g398
ECA2109	g1845
ECA2109	g104
ECA2109	g22454
ECA2109	g21269
ECA2109	g1213
ECA2109	g4268
ECA2109	g15297
ECA2109	g402
ECA2109	g1037
ECA2109	g561
ECA2109	g19470
ECA2109	g1066
ECA2109	g4680
ECA2109	g2451
ECA2109	g3307
ECA2109	g1057
ECA2109	g19434
ECA2109	g4459
ECA2109	g21151
ECA2109	g4378
ECA2109	g1043
ECA2109	g12632
ECA2109	g7534
ECA2109	g3622
ECA2109	g2762
ECA2109	g5436
ECA2109	g10391
ECA2109	g4312
ECA2109	g2477
ECA2109	g4534
ECA2109	g21124
ECA2109	g21265
ECA2109	g1142
ECA2109	g856
ECA2109	g403
ECA2109	g10390
ECA2109	g4376
ECA2109	g20167
ECA2109	g582
ECA2109	g3769
ECA2336	g3544
ECA2336	g18339
ECA2336	g18659
ECA2336	g7426
ECA2336	g8332
ECA2336	g14475
ECA2336	g22270
ECA2336	g5817
ECA2336	g5819
ECA2336	g2877
ECA2336	g5040
ECA2336	g22284
ECA2336	g7982
ECA2336	g8335
ECA2336	g16977
ECA2336	g13892
ECA2336	g2567
ECA2336	g3461
ECA2336	g3714
ECA2336	g22286
ECA2336	g6931
ECA2336	g7292
ECA2336	g6135
ECA2336	g8080
ECA2336	g6974
ECA2336	g3539
ECA2336	g2875
ECA2336	g7052
ECA2336	g22237
ECA2336	g16212
ECA2336	g21936
ECA2336	g4946
ECA2336	g2595
ECA2336	g588
ECA2336	g2561
ECA2336	g19211
ECA2336	g8329
ECA2336	g16974
ECA2336	g3059
ECA2336	g3655
ECA2336	g2584
ECA2336	g3355
ECA2336	g21243
ECA2336	g18253
ECA2336	g5818
ECA2336	g12723
ECA2336	g3036
ECA2336	g9416
ECA2336	g4526
ECA2336	g18608
ECA2336	g7175
ECA2336	g17827
ECA2336	g4335
ECA2336	g12108
ECA2336	g4945
ECA2336	g2585
ECA2336	g7355
ECA2336	g5815
ECA2336	g834
ECA2336	g3150
ECA2336	g1215
ECA2336	g18773
ECA2336	g6284
ECA2336	g8144
ECA2336	g3061
ECA2336	g1847
ECA2336	g4002
ECA2336	g11098
ECA2336	g2581
ECA2336	g3537
ECA2336	g4527
ECA2336	g830
ECA2336	g6899
ECA2336	g2876
ECA2336	g18340
ECA2336	g6891
ECA2336	g6892
ECA2336	g3041
ECA2336	g2619
ECA2336	g2593
ECA2336	g2590
ECA2336	g12126
ECA2336	g8786
ECA2336	g17579
ECA2336	g2622
ECA2336	g3032
ECA2336	g6897
ECA2336	g3541
ECA2336	g832
ECA2336	g3542
ECA2336	g417
ECA2336	g6889
ECA2336	g6976
ECA2336	g3460
ECA2336	g2224
ECA2336	g12660
ECA2336	g1223
ECA2336	g4251
ECA2336	g5033
ECA2336	g1697
ECA2336	g580
ECA2336	g3970
ECA2336	g7425
ECA2336	g4334
ECA2336	g14712
ECA2336	g2662
ECA2336	g4367
ECA2336	g17202
ECA2336	g2582
ECA2336	g6756
ECA2336	g7806
ECA2336	g2722
ECA2336	g823
ECA2336	g3546
ECA2336	g579
ECA2336	g7511
ECA2336	g7177
ECA2336	g15267
ECA2336	g19361
ECA2336	g2549
ECA2336	g3108
ECA2336	g7799
ECA2336	g18382
ECA2336	g13135
ECA2336	g2657
ECA2336	g2844
ECA2336	g650
ECA2336	g3050
ECA2336	g9419
ECA2336	g8331
ECA2336	g16975
ECA2336	g11095
ECA2336	g7296
ECA2336	g5268
ECA2336	g22332
ECA2336	g2203
ECA2336	g3829
ECA2336	g22277
ECA2336	g17067
ECA2336	g600
ECA2336	g2541
ECA2336	g5329
ECA2336	g616
ECA2336	g6900
ECA2336	g4589
ECA2336	g3038
ECA2336	g6942
ECA2336	g3561
ECA2336	g3622
ECA2336	g22285
ECA2336	g4340
ECA2336	g16599
ECA2336	g5814
ECA2336	g5263
ECA2336	g22317
ECA2336	g16605
ECA2336	g4944
ECA2336	g652
ECA2336	g11091
ECA2336	g4366
ECA2336	g2918
ECA2336	g3053
ECA2336	g8292
ECA2336	g16981
ECA2336	g16611
ECA2336	g18072
ECA2336	g3039
ECA2336	g2871
ECA2336	g21262
ECA2336	g2874
ECA2336	g4446
ECA2336	g9417
ECA2336	g7862
ECA2336	g833
ECA2336	g822
ECA2336	g6885
ECA2336	g5816
ECA2336	g2675
ECA2336	g4972
ECA2336	g16606
ECA2336	g1217
ECA2336	g21691
ECA2336	g3545
ECA2336	g2562
ECA2336	g5267
ECA2336	g9085
ECA2336	g3063
ECA2336	g17462
ECA2336	g3037
ECA2336	g7272
ECA2336	g3060
ECA2336	g16802
ECA2336	g22380
ECA2336	g18660
ECA2336	g2583
ECA2336	g15268
ECA2336	g5693
ECA2336	g190
ECA2336	g8330
ECA2336	g11813
ECA2336	g6983
ECA2336	g7174
ECA2336	g3052
ECA2336	g3057
ECA2336	g2588
ECA2336	g16600
ECA2336	g6996
ECA2336	g3689
ECA2336	g2564
ECA2336	g4947
ECA2336	g620
ECA2336	g20213
ECA2336	g5694
ECA2336	g2873
ECA2336	g8248
ECA2336	g8461
ECA2336	g18772
ECA2336	g4590
ECA2336	g2607
ECA2336	g18770
ECA2336	g6313
ECA2336	g6944
ECA2336	g7053
ECA2336	g6932
ECA2336	g2566
ECA2336	g3040
ECA2336	g18758
ECA2336	g621
ECA2336	g16107
ECA2336	g6755
ECA2336	g3027
ECA2336	g7717
ECA2336	g2611
ECA2336	g7090
ECA2336	g2618
ECA2336	g6134
ECA2336	g4337
ECA2336	g4338
ECA2336	g2658
ECA2336	g3540
ECA2336	g1698
ECA2336	g2993
ECA2336	g2589
ECA2336	g4948
ECA2336	g22236
ECA2336	g5813
ECA2336	g6893
ECA2336	g6895
ECA2336	g6830
ECA2336	g2610
ECA2336	g19186
ECA2336	g13136
ECA2336	g2591
ECA2336	g21019
ECA2336	g15266
ECA2336	g16929
ECA2336	g2648
ECA2336	g20941
ECA2336	g22275
ECA2336	g3035
ECA2336	g15265
ECA2336	g7106
ECA2336	g16263
ECA2336	g4339
ECA2336	g11943
ECA2336	g6888
ECA2336	g11986
ECA2336	g8719
ECA2336	g4449
ECA2336	g4069
ECA2336	g6930
ECA2336	g7543
ECA2336	g22276
ECA2336	g2644
ECA2336	g8593
ECA2336	g2647
ECA2336	g6714
ECA2336	g2870
ECA2336	g4336
ECA2336	g4949
ECA2336	g3713
ECA2336	g6785
ECA2336	g16108
ECA2336	g4448
ECA2336	g18781
ECA2336	g3566
ECA2336	g7202
ECA2336	g4498
ECA2336	g3033
ECA2336	g2592
ECA2336	g16976
ECA2336	g3557
ECA2336	g18817
ECA2336	g6977
ECA2336	g17096
ECA2336	g6896
ECA2336	g3543
ECA2336	g8366
ECA2336	g22217
ECA2336	g6829
ECA2336	g7054
ECA2336	g17123
ECA2336	g3463
ECA2336	g16978
ECA2336	g3643
ECA2336	g11096
ECA2336	g6894
ECA2336	g18089
ECA2336	g4943
ECA2336	g3062
ECA2336	g2621
ECA2968	g16426
ECA2968	g4276
ECA2968	g2951
ECA2968	g9057
ECA2968	g6815
ECA2968	g3266
ECA2968	g2624
ECA2968	g3379
ECA2968	g14712
ECA2968	g2613
ECA2968	g9391
ECA2968	g3357
ECA2968	g16383
ECA2968	g4782
ECA2968	g9574
ECA2968	g6233
ECA2968	g3326
ECA2968	g666
ECA2968	g3827
ECA2968	g3008
ECA2968	g3664
ECA2968	g3274
ECA2968	g665
ECA2968	g3661
ECA2968	g3427
ECA2968	g22805
ECA2968	g3367
ECA2968	g3358
ECA2968	g1041
ECA2968	g3411
ECA2968	g16109
ECA2968	g3658
ECA2968	g2575
ECA2968	g667
ECA2968	g222
ECA2968	g17780
ECA2968	g12445
ECA2968	g2574
ECA2968	g2576
ECA2968	g3268
ECA2968	g9097
ECA2968	g2731
ECA2968	g3852
ECA2968	g15557
ECA2968	g9060
ECA2968	g12217
ECA2968	g2508
ECA2968	g17775
ECA2968	g16515
ECA2968	g7601
ECA2968	g4273
ECA2968	g3663
ECA2968	g2572
ECA2968	g3276
ECA2968	g7967
ECA2968	g14506
ECA2968	g251
ECA2968	g16158
ECA2968	g16934
ECA2968	g7599
ECA2968	g67
ECA2968	g3262
ECA2968	g3657
ECA2968	g3841
ECA2968	g9567
ECA2968	g1520
ECA2968	g315
ECA2968	g10867
ECA2968	g11843
ECA2968	g1519
ECA2968	g4686
ECA2968	g15988
ECA2968	g18507
ECA2968	g2579
ECA2968	g9242
ECA2968	g12414
ECA2968	g2462
ECA2968	g22763
ECA2968	g670
ECA2968	g12602
ECA2968	g4716
ECA2968	g11835
ECA2968	g14293
ECA2968	g17166
ECA2968	g11373
ECA2968	g4432
ECA2968	g3339
ECA2968	g2570
ECA2968	g4272
ECA2968	g17688
ECA2968	g16425
ECA2968	g18515
ECA2968	g8593
ECA2968	g3850
ECA2968	g4269
ECA2968	g3365
ECA2968	g14294
ECA2968	g14306
ECA2968	g3851
ECA2968	g18549
ECA2968	g3818
ECA2968	g3366
ECA2968	g4964
ECA2968	g12219
ECA2968	g3447
ECA2968	g2612
ECA2968	g17628
ECA2968	g9054
ECA2968	g66
ECA2968	g17778
ECA2968	g7056
ECA2968	g4277
ECA2968	g3825
ECA2968	g8922
ECA2968	g18917
ECA2968	g4350
ECA2968	g3662
ECA2968	g14300
ECA2968	g18501
ECA2968	g2581
ECA2968	g314
ECA2968	g12454
ECA2968	g15404
ECA2968	g3842
ECA2968	g3416
ECA2968	g22762
ECA2968	g664
ECA2968	g3319
ECA2968	g1522
ECA2968	g4377
ECA2968	g12385
ECA2968	g7964
ECA2968	g3821
ECA2968	g21783
ECA2968	g12434
ECA2968	g4287
ECA2968	g1521
ECA2968	g3359
ECA2968	g2670
ECA2968	g693
ECA2968	g2683
ECA2968	g759
ECA2968	g18615
ECA2968	g3839
ECA2968	g2567
ECA2968	g2783
ECA2968	g3849
ECA2968	g2868
ECA2968	g4193
ECA2968	g22769
ECA2968	g2404
ECA2968	g3812
ECA2968	g2011
ECA2968	g17656
ECA2968	g3431
ECA2968	g22809
ECA2968	g2633
ECA2968	g668
ECA2968	g974
ECA2968	g17553
ECA2968	g2571
ECA2968	g4271
ECA2968	g12383
ECA2968	g3388
ECA2968	g3897
ECA2968	g2577
ECA2968	g21779
ECA2968	g3702
ECA2968	g3338
ECA2968	g12453
ECA2968	g68
ECA2968	g18516
ECA2968	g3342
ECA2968	g3419
ECA2968	g16598
ECA2968	g2730
ECA2968	g1396
ECA2968	g1983
ECA2968	g752
ECA2968	g19556
ECA2968	g2614
ECA2968	g252
ECA2968	g2439
ECA2968	g12226
ECA2968	g1397
ECA2968	g2578
ECA2968	g21785
ECA2968	g3360
ECA2968	g2954
ECA2968	g3823
ECA2968	g19420
ECA2968	g977
ECA2968	g72
ECA2968	g8299
ECA2968	g14295
ECA2968	g1518
ECA2968	g9512
ECA2968	g2934
ECA2968	g18292
ECA2968	g17967
ECA2968	g3077
ECA2968	g16614
ECA2968	g669
ECA2968	g11223
ECA2968	g17285
ECA2968	g99
ECA2968	g176
ECA2968	g2663
ECA2968	g22494
ECA2968	g2768
ECA2968	g12229
ECA2968	g3637
ECA2968	g18506
ECA2968	g2841
ECA2968	g4275
ECA2968	g12415
ECA2968	g10307
ECA2968	g9140
ECA2968	g15989
ECA2968	g4274
ECA2968	g3848
ECA2968	g71
ECA2968	g9300
ECA2968	g3824
ECA2968	g978
ECA2968	g1524
ECA2968	g15992
ECA2968	g4431
ECA2968	g16005
ECA2968	g12230
ECA2968	g9058
ECA2968	g4278
ECA2968	g3363
ECA2968	g5063
ECA2968	g98
ECA2968	g9663
ECA2968	g70
ECA2968	g174
ECA2968	g1835
ECA2968	g69
ECA2968	g16108
ECA2968	g7966
ECA2968	g11371
ECA2968	g17779
ECA2968	g3368
ECA2968	g14301
ECA2968	g3271
ECA2968	g15581
ECA2968	g11841
ECA2968	g5481
ECA2968	g13911
ECA2968	g4408
ECA2968	g17781
ECA2968	g3343
ECA2968	g2840
ECA2968	g3826
ECA2968	g19800
ECA2968	g17825
ECA2968	g177
ECA2968	g3148
ECA2968	g3820
ECA2968	g18517
ECA2968	g7600
ECA2968	g2509
ECA2968	g3390
ECA2968	g3370
ECA2968	g21787
ECA2968	g3660
ECA2968	g3817
ECA2968	g13959
ECA2968	g22630
ECA2968	g3846
ECA2968	g12418
ECA2968	g11372
ECA2968	g8659
ECA2968	g3387
ECA2968	g3775
ECA2968	g3822
ECA2968	g2510
ECA2968	g9840
ECA2968	g9059
ECA2968	g4194
ECA2968	g8786
ECA2968	g3356
ECA2968	g4196
ECA2968	g17782
ECA2968	g18465
ECA2968	g4365
ECA2968	g2442
ECA2968	g5480
ECA2968	g12218
ECA2968	g15980
ECA2968	g2664
ECA2968	g3364
ECA2968	g15943
ECA2968	g2582
ECA2968	g9022
ECA2968	g1836
ECA2968	g22827
ECA2968	g18447
ECA2968	g12819
ECA2968	g19576
ECA2968	g19882
ECA2968	g18518
ECA2968	g18464
ECA2968	g3075
ECA2968	g1523
ECA2968	g3486
ECA2968	g18562
ECA2968	g3853
ECA2968	g21784
ECA369	g19439
ECA369	g8629
ECA369	g5209
ECA369	g550
ECA369	g15875
ECA369	g20704
ECA369	g1119
ECA369	g13299
ECA369	g6321
ECA369	g8152
ECA369	g5543
ECA369	g7943
ECA369	g5206
ECA369	g12907
ECA369	g20442
ECA369	g115
ECA369	g2491
ECA369	g20475
ECA369	g8700
ECA369	g7986
ECA369	g20432
ECA369	g3367
ECA369	g6328
ECA369	g8121
ECA369	g9114
ECA369	g20385
ECA369	g6772
ECA369	g8694
ECA369	g9509
ECA369	g6161
ECA369	g6323
ECA369	g8054
ECA369	g8497
ECA369	g649
ECA369	g8197
ECA369	g6780
ECA369	g5249
ECA369	g13146
ECA369	g5212
ECA369	g6776
ECA369	g9508
ECA369	g3368
ECA369	g6352
ECA369	g11989
ECA369	g19527
ECA369	g8375
ECA369	g9874
ECA369	g9873
ECA369	g1299
ECA369	g3605
ECA369	g20377
ECA369	g544
ECA369	g11289
ECA369	g8690
ECA369	g18874
ECA369	g19941
ECA369	g382
ECA369	g6160
ECA369	g3408
ECA369	g3979
ECA369	g6796
ECA369	g18
ECA369	g8410
ECA369	g8627
ECA369	g5390
ECA369	g1121
ECA369	g12908
ECA369	g8010
ECA369	g8117
ECA369	g48
ECA369	g17094
ECA369	g20311
ECA369	g9506
ECA369	g6879
ECA369	g4463
ECA369	g12862
ECA369	g19438
ECA369	g19396
ECA369	g14482
ECA369	g3388
ECA369	g20654
ECA369	g6351
ECA369	g6338
ECA369	g9422
ECA369	g20434
ECA369	g6319
ECA369	g14010
ECA369	g8381
ECA369	g501
ECA369	g12496
ECA369	g20433
ECA369	g6343
ECA369	g1118
ECA369	g20462
ECA369	g293
ECA369	g20369
ECA369	g9868
ECA369	g19027
ECA369	g8297
ECA369	g18881
ECA369	g381
ECA369	g18878
ECA369	g16115
ECA369	g9505
ECA369	g12769
ECA369	g8113
ECA369	g6775
ECA369	g22124
ECA369	g6164
ECA369	g6909
ECA369	g12869
ECA369	g3376
ECA369	g14558
ECA369	g8118
ECA369	g6932
ECA369	g20705
ECA369	g20482
ECA369	g6354
ECA369	g3616
ECA369	g5175
ECA369	g11292
ECA369	g17098
ECA369	g6910
ECA369	g3436
ECA369	g12815
ECA369	g4968
ECA369	g20439
ECA369	g6783
ECA369	g20441
ECA369	g18968
ECA369	g502
ECA369	g9480
ECA369	g6411
ECA369	g8215
ECA369	g1117
ECA369	g9415
ECA369	g9512
ECA369	g8313
ECA369	g9511
ECA369	g6346
ECA369	g19197
ECA369	g16664
ECA369	g8171
ECA369	g8153
ECA369	g6695
ECA369	g1116
ECA369	g20825
ECA369	g18875
ECA369	g9182
ECA369	g19101
ECA369	g20181
ECA369	g20420
ECA369	g6781
ECA369	g20409
ECA369	g17102
ECA369	g6322
ECA369	g6698
ECA369	g6205
ECA369	g20463
ECA369	g6325
ECA369	g383
ECA369	g20459
ECA369	g10116
ECA369	g19707
ECA369	g499
ECA369	g994
ECA369	g6792
ECA369	g8112
ECA369	g4464
ECA369	g8374
ECA369	g10283
ECA369	g8409
ECA369	g995
ECA369	g9504
ECA369	g17096
ECA369	g6933
ECA369	g9179
ECA369	g3609
ECA369	g3611
ECA369	g387
ECA369	g3438
ECA369	g15516
ECA369	g1114
ECA369	g6779
ECA369	g5666
ECA369	g8478
ECA369	g7544
ECA369	g12861
ECA369	g5729
ECA369	g18693
ECA369	g19690
ECA369	g8699
ECA369	g5452
ECA369	g22454
ECA369	g414
ECA369	g1722
ECA369	g8500
ECA369	g8196
ECA369	g14684
ECA369	g6165
ECA369	g6777
ECA369	g15084
ECA369	g6140
ECA369	g6166
ECA369	g8120
ECA369	g1115
ECA369	g3606
ECA369	g384
ECA369	g20365
ECA369	g12829
ECA369	g21522
ECA369	g8114
ECA369	g5290
ECA369	g20824
ECA369	g6350
ECA369	g6853
ECA369	g9178
ECA369	g5722
ECA369	g8569
ECA369	g586
ECA369	g20822
ECA369	g20810
ECA369	g3206
ECA369	g6778
ECA369	g1120
ECA369	g20436
ECA369	g5210
ECA369	g5819
ECA369	g6167
ECA369	g7364
ECA369	g20706
ECA369	g11290
ECA369	g3986
ECA369	g6326
ECA369	g6277
ECA369	g18877
ECA369	g6340
ECA369	g12925
ECA369	g7046
ECA369	g20431
ECA369	g9510
ECA369	g13122
ECA369	g3981
ECA369	g1723
ECA369	g20440
ECA369	g12860
ECA369	g20457
ECA369	g12874
ECA369	g7944
ECA369	g6313
ECA369	g11716
ECA369	g18828
ECA369	g496
ECA369	g6867
ECA369	g16663
ECA369	g585
ECA369	g6163
ECA369	g8203
ECA369	g20407
ECA369	g20429
ECA369	g8111
ECA369	g8261
ECA369	g6318
ECA369	g20380
ECA369	g3409
ECA369	g10239
ECA369	g386
ECA369	g15214
ECA369	g20410
ECA369	g6353
ECA369	g6696
ECA369	g5987
ECA369	g3404
ECA369	g5211
ECA369	g8053
ECA369	g8151
ECA369	g6348
ECA369	g18876
ECA369	g20443
ECA369	g6782
ECA369	g8115
ECA369	g6701
ECA369	g385
ECA369	g4611
ECA369	g7987
ECA369	g14207
ECA369	g20833
ECA369	g9869
ECA369	g20435
ECA369	g8116
ECA369	g6341
ECA369	g20870
ECA369	g7365
ECA369	g650
ECA369	g9863
ECA369	g8262
ECA369	g16662
ECA369	g2997
ECA369	g8263
ECA369	g19218
ECA369	g9507
ECA369	g11635
ECA369	g6312
ECA369	g413
ECA369	g6327
ECA369	g20353
ECA369	g8162
ECA369	g17097
ECA369	g12868
ECA369	g6324
ECA369	g7515
ECA1260	g11161
ECA1260	g14120
ECA1260	g17699
ECA1260	g355
ECA1260	g6178
ECA1260	g6180
ECA1260	g21414
ECA1260	g2774
ECA1260	g19598
ECA1260	g5940
ECA1260	g12303
ECA1260	g16506
ECA1260	g10907
ECA1260	g17702
ECA1260	g19447
ECA1260	g19481
ECA1260	g10533
ECA1260	g18510
ECA1260	g20077
ECA1260	g9170
ECA1260	g21423
ECA1260	g16459
ECA1260	g18611
ECA1260	g16474
ECA1260	g19424
ECA1260	g2399
ECA1260	g18595
ECA1260	g2778
ECA1260	g17363
ECA1260	g14049
ECA1260	g20245
ECA1260	g20204
ECA1260	g16350
ECA1260	g20061
ECA1260	g16463
ECA1260	g17658
ECA1260	g16624
ECA1260	g19599
ECA1260	g6762
ECA1260	g3978
ECA1260	g17696
ECA1260	g2777
ECA1260	g20063
ECA1260	g22370
ECA1260	g21976
ECA1260	g11070
ECA1260	g5395
ECA1260	g18551
ECA1260	g19603
ECA1260	g12319
ECA1260	g20240
ECA1260	g14292
ECA1260	g21425
ECA1260	g13249
ECA1260	g18550
ECA1260	g3204
ECA1260	g16844
ECA1260	g9895
ECA1260	g3394
ECA1260	g21410
ECA1260	g20246
ECA1260	g1920
ECA1260	g22542
ECA1260	g1921
ECA1260	g16847
ECA1260	g10433
ECA1260	g11595
ECA1260	g12313
ECA1260	g20078
ECA1260	g14090
ECA1260	g15673
ECA1260	g18542
ECA1260	g17517
ECA1260	g10466
ECA1260	g2775
ECA1260	g18541
ECA1260	g4845
ECA1260	g19604
ECA1260	g17697
ECA1260	g11162
ECA1260	g3280
ECA1260	g12305
ECA1260	g16331
ECA1260	g3760
ECA1260	g18522
ECA1260	g16397
ECA1260	g18540
ECA1260	g20051
ECA1260	g20086
ECA1260	g18525
ECA1260	g18570
ECA1260	g18783
ECA1260	g18785
ECA1260	g18543
ECA1260	g10714
ECA1260	g18630
ECA1260	g3231
ECA1260	g9168
ECA1260	g3395
ECA1260	g497
ECA1260	g1425
ECA1260	g16468
ECA1260	g19507
ECA1260	g20005
ECA1260	g20079
ECA1260	g17240
ECA1260	g3432
ECA1260	g20241
ECA1260	g17185
ECA1260	g3139
ECA1260	g4130
ECA1260	g20060
ECA1260	g20130
ECA1260	g19493
ECA1260	g19600
ECA1260	g16461
ECA1260	g18503
ECA1260	g18615
ECA1260	g17732
ECA1260	g13252
ECA1260	g16557
ECA1260	g9165
ECA1260	g14612
ECA1260	g18572
ECA1260	g4341
ECA1260	g19311
ECA1260	g18549
ECA1260	g416
ECA1260	g18571
ECA1260	g1919
ECA1260	g14087
ECA1260	g16460
ECA1260	g12274
ECA1260	g2749
ECA1260	g20056
ECA1260	g20080
ECA1260	g2773
ECA1260	g2684
ECA1260	g16576
ECA1260	g17698
ECA1260	g2780
ECA1260	g1451
ECA1260	g20242
ECA1260	g16465
ECA1260	g16507
ECA1260	g16759
ECA1260	g19520
ECA1260	g2467
ECA1260	g12354
ECA1260	g281
ECA1260	g13250
ECA1260	g19605
ECA1260	g9161
ECA1260	g3393
ECA1260	g12304
ECA1260	g18603
ECA1260	g10890
ECA1260	g16623
ECA1260	g2041
ECA1260	g12353
ECA1260	g14050
ECA1260	g18554
ECA1260	g20087
ECA1260	g16467
ECA1260	g1918
ECA1260	g3138
ECA1260	g22390
ECA1260	g4844
ECA1260	g3203
ECA1260	g3277
ECA1260	g7928
ECA1260	g2040
ECA1260	g494
ECA1260	g19423
ECA1260	g16399
ECA1260	g18523
ECA1260	g2463
ECA1260	g16731
ECA1260	g3389
ECA1260	g12923
ECA1260	g1922
ECA1260	g16827
ECA1260	g17178
ECA1260	g688
ECA1260	g21227
ECA1260	g19607
ECA1260	g16286
ECA1260	g2779
ECA1260	g12515
ECA1260	g18
ECA1260	g3362
ECA1260	g7517
ECA1260	g16525
ECA1260	g14122
ECA1260	g16556
ECA1260	g16657
ECA1260	g20484
ECA1260	g2690
ECA1260	g499
ECA1260	g20267
ECA1260	g16505
ECA1260	g14619
ECA1260	g12314
ECA1260	g12370
ECA1260	g14613
ECA1260	g16732
ECA1260	g19601
ECA1260	g16515
ECA1260	g14979
ECA1260	g17615
ECA1260	g11594
ECA1260	g20081
ECA1260	g20052
ECA1260	g19602
ECA1260	g20054
ECA1260	g3390
ECA1260	g17454
ECA1260	g16674
ECA1260	g2462
ECA1260	g3305
ECA1260	g21164
ECA1260	g14085
ECA1260	g11592
ECA1260	g11580
ECA1260	g13894
ECA1260	g1916
ECA1260	g16456
ECA1260	g16470
ECA1260	g14618
ECA1260	g3363
ECA1260	g17096
ECA1260	g1601
ECA1260	g3392
ECA1260	g11478
ECA1260	g11477
ECA1260	g22549
ECA1260	g18548
ECA1260	g19679
ECA1260	g498
ECA1260	g21417
ECA1260	g16464
ECA1260	g21420
ECA1260	g3954
ECA1260	g3391
ECA1260	g22544
ECA1260	g7516
ECA1260	g7824
ECA1260	g500
ECA1260	g18547
ECA1260	g20092
ECA1260	g22149
ECA1260	g14089
ECA1260	g1917
ECA1260	g16518
ECA1260	g9660
ECA1260	g11426
ECA1260	g21295
ECA1260	g20084
ECA1260	g18544
ECA1260	g5396
ECA1260	g16564
ECA1260	g16398
ECA1260	g20243
ECA1260	g18600
ECA1260	g14301
ECA1260	g14962
ECA1260	g20352
ECA1260	g3692
ECA1260	g14069
ECA1260	g20082
ECA1260	g18574
ECA1260	g16922
ECA1260	g18552
ECA1260	g20239
ECA1260	g18527
ECA1260	g19678
ECA1260	g16332
ECA1260	g3566
ECA1260	g547
ECA1260	g19676
ECA1260	g3278
ECA1260	g501
ECA1260	g4695
ECA1260	g12208
ECA1260	g19135
ECA1260	g20083
ECA1260	g11603
ECA1260	g16473
ECA1260	g16469
ECA1260	g14293
ECA1260	g21574
ECA1260	g11640
ECA1260	g14058
ECA1260	g11204
ECA1260	g14606
ECA1260	g1600
ECA1260	g21225
ECA1260	g2776
ECA1260	g15542
ECA1260	g19589
ECA1260	g18669
ECA1260	g16471
ECA1260	g13675
ECA1260	g12258
ECA1260	g14296
ECA1260	g20049
ECA1260	g5397
ECA1260	g9166
ECA1260	g20053
ECA1260	g20050
ECA1761	g16052
ECA1761	g18197
ECA1761	g17253
ECA1761	g20478
ECA1761	g8244
ECA1761	g21749
ECA1761	g2951
ECA1761	g9426
ECA1761	g6996
ECA1761	g1453
ECA1761	g1451
ECA1761	g323
ECA1761	g2216
ECA1761	g17397
ECA1761	g9781
ECA1761	g9423
ECA1761	g17270
ECA1761	g4044
ECA1761	g16095
ECA1761	g6409
ECA1761	g359
ECA1761	g22673
ECA1761	g1140
ECA1761	g21590
ECA1761	g17280
ECA1761	g9679
ECA1761	g17271
ECA1761	g17562
ECA1761	g19945
ECA1761	g17324
ECA1761	g486
ECA1761	g17558
ECA1761	g1452
ECA1761	g2309
ECA1761	g4931
ECA1761	g9430
ECA1761	g10388
ECA1761	g16212
ECA1761	g19984
ECA1761	g15965
ECA1761	g432
ECA1761	g2936
ECA1761	g18194
ECA1761	g12666
ECA1761	g19978
ECA1761	g5234
ECA1761	g10750
ECA1761	g9959
ECA1761	g17747
ECA1761	g8194
ECA1761	g368
ECA1761	g20427
ECA1761	g15535
ECA1761	g2940
ECA1761	g16757
ECA1761	g17339
ECA1761	g5650
ECA1761	g17557
ECA1761	g1455
ECA1761	g20664
ECA1761	g11244
ECA1761	g12246
ECA1761	g17730
ECA1761	g84
ECA1761	g8360
ECA1761	g20407
ECA1761	g2308
ECA1761	g17734
ECA1761	g21747
ECA1761	g9616
ECA1761	g2909
ECA1761	g325
ECA1761	g18644
ECA1761	g14801
ECA1761	g19977
ECA1761	g353
ECA1761	g20660
ECA1761	g17563
ECA1761	g18193
ECA1761	g17745
ECA1761	g22664
ECA1761	g16053
ECA1761	g363
ECA1761	g17757
ECA1761	g2307
ECA1761	g16739
ECA1761	g8975
ECA1761	g15292
ECA1761	g2311
ECA1761	g18190
ECA1761	g17278
ECA1761	g2938
ECA1761	g20480
ECA1761	g17756
ECA1761	g20662
ECA1761	g17727
ECA1761	g12239
ECA1761	g394
ECA1761	g18891
ECA1761	g2223
ECA1761	g11772
ECA1761	g18612
ECA1761	g365
ECA1761	g81
ECA1761	g7232
ECA1761	g3560
ECA1761	g2908
ECA1761	g22830
ECA1761	g18198
ECA1761	g18279
ECA1761	g20653
ECA1761	g5083
ECA1761	g17684
ECA1761	g5649
ECA1761	g7904
ECA1761	g10747
ECA1761	g9428
ECA1761	g17279
ECA1761	g7903
ECA1761	g14797
ECA1761	g17252
ECA1761	g20042
ECA1761	g20246
ECA1761	g11265
ECA1761	g18470
ECA1761	g207
ECA1761	g7992
ECA1761	g16878
ECA1761	g18208
ECA1761	g17272
ECA1761	g1941
ECA1761	g3561
ECA1761	g985
ECA1761	g20027
ECA1761	g11771
ECA1761	g18118
ECA1761	g2671
ECA1761	g356
ECA1761	g17343
ECA1761	g1456
ECA1761	g2009
ECA1761	g2310
ECA1761	g18192
ECA1761	g17301
ECA1761	g17800
ECA1761	g14793
ECA1761	g17604
ECA1761	g17281
ECA1761	g3555
ECA1761	g12621
ECA1761	g9468
ECA1761	g18362
ECA1761	g19985
ECA1761	g11622
ECA1761	g7909
ECA1761	g15782
ECA1761	g154
ECA1761	g17560
ECA1761	g10410
ECA1761	g17561
ECA1761	g2816
ECA1761	g10749
ECA1761	g20663
ECA1761	g20652
ECA1761	g1454
ECA1761	g2282
ECA1761	g12244
ECA1761	g274
ECA1761	g17273
ECA1761	g17269
ECA1761	g53
ECA1761	g2006
ECA1761	g2734
ECA1761	g2935
ECA1761	g11085
ECA1761	g310
ECA1761	g19992
ECA1761	g19559
ECA1761	g9904
ECA1761	g7707
ECA1761	g8245
ECA1761	g2733
ECA1761	g17752
ECA1761	g3449
ECA1761	g17735
ECA1761	g1577
ECA1761	g17329
ECA1761	g9429
ECA1761	g13073
ECA1761	g508
ECA1761	g362
ECA1761	g18337
ECA1761	g18361
ECA1761	g18196
ECA1761	g22670
ECA1761	g22065
ECA1761	g18981
ECA1761	g1576
ECA1761	g9513
ECA1761	g9298
ECA1761	g8359
ECA1761	g22660
ECA1761	g14799
ECA1761	g18195
ECA1761	g17754
ECA1761	g8357
ECA1761	g956
ECA1761	g17293
ECA1761	g17239
ECA1761	g2005
ECA1761	g255
ECA1761	g20450
ECA1761	g2939
ECA1761	g8344
ECA1761	g18199
ECA1761	g17729
ECA1761	g2839
ECA1761	g17276
ECA1761	g313
ECA1761	g85
ECA1761	g21611
ECA1761	g22524
ECA1761	g17748
ECA1761	g2306
ECA1761	g1141
ECA1761	g2305
ECA1761	g17564
ECA1761	g2937
ECA1761	g168
ECA1761	g17232
ECA1761	g18306
ECA1761	g17251
ECA1761	g21843
ECA1761	g3567
ECA1761	g21673
ECA1761	g7905
ECA1761	g208
ECA1761	g1457
ECA1761	g22667
ECA1761	g19929
ECA1761	g4907
ECA1761	g3942
ECA1761	g17531
ECA1761	g19944
ECA1761	g17255
ECA1761	g20455
ECA1761	g268
ECA1761	g17721
ECA1761	g10164
ECA1761	g20454
ECA1761	g2941
ECA1761	g3448
ECA1761	g7856
ECA1761	g309
ECA1761	g9965
ECA1761	g19983
ECA1761	g20416
ECA1761	g17732
ECA1761	g3447
ECA1761	g17303
ECA1761	g17283
ECA1761	g19993
ECA1761	g354
ECA1761	g324
ECA1761	g3896
ECA1761	g22675
ECA1761	g12945
ECA1761	g371
ECA1761	g9039
ECA1761	g17300
ECA1761	g17733
ECA1761	g2813
ECA1761	g18710
ECA1761	g209
ECA1761	g22346
ECA1761	g17726
ECA1761	g18119
ECA1761	g358
ECA1761	g20408
ECA1761	g9167
ECA1761	g18121
ECA1761	g17331
ECA1761	g10080
ECA1761	g7902
ECA1761	g21608
ECA1761	g18294
ECA1761	g275
ECA1761	g2814
ECA1761	g506
ECA1761	g8367
ECA1761	g2763
ECA1761	g17277
ECA1761	g3566
ECA1761	g17758
ECA1761	g545
ECA1761	g8403
ECA1761	g8022
ECA1761	g361
ECA1761	g9393
ECA1761	g2670
ECA1761	g17755
ECA1761	g8049
ECA1761	g19994
ECA1761	g7906
ECA1761	g431
ECA1761	g17731
ECA1761	g14798
ECA1761	g15799
ECA1761	g367
ECA1761	g17356
ECA2281	g2438
ECA2281	g10587
ECA2281	g15806
ECA2281	g10262
ECA2281	g6301
ECA2281	g17274
ECA2281	g7221
ECA2281	g1510
ECA2281	g3933
ECA2281	g20742
ECA2281	g16931
ECA2281	g17277
ECA2281	g15835
ECA2281	g3845
ECA2281	g1488
ECA2281	g15871
ECA2281	g7805
ECA2281	g2354
ECA2281	g20740
ECA2281	g5812
ECA2281	g6167
ECA2281	g1498
ECA2281	g5856
ECA2281	g2433
ECA2281	g4215
ECA2281	g5931
ECA2281	g20790
ECA2281	g478
ECA2281	g1546
ECA2281	g17271
ECA2281	g1791
ECA2281	g2973
ECA2281	g1517
ECA2281	g17233
ECA2281	g9709
ECA2281	g1973
ECA2281	g2551
ECA2281	g1471
ECA2281	g3842
ECA2281	g17025
ECA2281	g1954
ECA2281	g12958
ECA2281	g20644
ECA2281	g10674
ECA2281	g15642
ECA2281	g8972
ECA2281	g12597
ECA2281	g10312
ECA2281	g4700
ECA2281	g6053
ECA2281	g11100
ECA2281	g3240
ECA2281	g17912
ECA2281	g1955
ECA2281	g1790
ECA2281	g6229
ECA2281	g4698
ECA2281	g14272
ECA2281	g15276
ECA2281	g2356
ECA2281	g10148
ECA2281	g17085
ECA2281	g1975
ECA2281	g2907
ECA2281	g18922
ECA2281	g15268
ECA2281	g14800
ECA2281	g5781
ECA2281	g21969
ECA2281	g10586
ECA2281	g2065
ECA2281	g4571
ECA2281	g1497
ECA2281	g1952
ECA2281	g17894
ECA2281	g21350
ECA2281	g11344
ECA2281	g1762
ECA2281	g17270
ECA2281	g17272
ECA2281	g5779
ECA2281	g1496
ECA2281	g2435
ECA2281	g4702
ECA2281	g2436
ECA2281	g16043
ECA2281	g5771
ECA2281	g5858
ECA2281	g10542
ECA2281	g2353
ECA2281	g3360
ECA2281	g17363
ECA2281	g1951
ECA2281	g3926
ECA2281	g1580
ECA2281	g2875
ECA2281	g6300
ECA2281	g2722
ECA2281	g3239
ECA2281	g6979
ECA2281	g11716
ECA2281	g3843
ECA2281	g5640
ECA2281	g3271
ECA2281	g3501
ECA2281	g6387
ECA2281	g6055
ECA2281	g6425
ECA2281	g9556
ECA2281	g2023
ECA2281	g16746
ECA2281	g8558
ECA2281	g1491
ECA2281	g11936
ECA2281	g12600
ECA2281	g11937
ECA2281	g18926
ECA2281	g3358
ECA2281	g1469
ECA2281	g6171
ECA2281	g20692
ECA2281	g4148
ECA2281	g582
ECA2281	g14292
ECA2281	g3844
ECA2281	g20750
ECA2281	g1940
ECA2281	g11848
ECA2281	g3361
ECA2281	g1490
ECA2281	g15880
ECA2281	g3839
ECA2281	g5782
ECA2281	g20757
ECA2281	g5824
ECA2281	g2455
ECA2281	g2518
ECA2281	g15860
ECA2281	g20741
ECA2281	g1565
ECA2281	g93
ECA2281	g4697
ECA2281	g20708
ECA2281	g87
ECA2281	g3502
ECA2281	g1518
ECA2281	g18930
ECA2281	g3438
ECA2281	g1827
ECA2281	g1967
ECA2281	g1561
ECA2281	g2440
ECA2281	g15634
ECA2281	g14651
ECA2281	g11931
ECA2281	g81
ECA2281	g10855
ECA2281	g12939
ECA2281	g1795
ECA2281	g12598
ECA2281	g5767
ECA2281	g3243
ECA2281	g4151
ECA2281	g1796
ECA2281	g15838
ECA2281	g2439
ECA2281	g1950
ECA2281	g1487
ECA2281	g16753
ECA2281	g3245
ECA2281	g12261
ECA2281	g4696
ECA2281	g1977
ECA2281	g11460
ECA2281	g16809
ECA2281	g6148
ECA2281	g5192
ECA2281	g1974
ECA2281	g1953
ECA2281	g1946
ECA2281	g12123
ECA2281	g20642
ECA2281	g10261
ECA2281	g15834
ECA2281	g3840
ECA2281	g3408
ECA2281	g6424
ECA2281	g1948
ECA2281	g16272
ECA2281	g18205
ECA2281	g5865
ECA2281	g6052
ECA2281	g1966
ECA2281	g1971
ECA2281	g92
ECA2281	g5877
ECA2281	g1489
ECA2281	g2586
ECA2281	g21735
ECA2281	g1456
ECA2281	g13727
ECA2281	g15879
ECA2281	g4572
ECA2281	g17190
ECA2281	g1623
ECA2281	g86
ECA2281	g21026
ECA2281	g10149
ECA2281	g18924
ECA2281	g10152
ECA2281	g5826
ECA2281	g5932
ECA2281	g2611
ECA2281	g5813
ECA2281	g10165
ECA2281	g3437
ECA2281	g5639
ECA2281	g1964
ECA2281	g1494
ECA2281	g1832
ECA2281	g3270
ECA2281	g16658
ECA2281	g5968
ECA2281	g5013
ECA2281	g3242
ECA2281	g1798
ECA2281	g2434
ECA2281	g1448
ECA2281	g14798
ECA2281	g1468
ECA2281	g1902
ECA2281	g11935
ECA2281	g20791
ECA2281	g5775
ECA2281	g1499
ECA2281	g5777
ECA2281	g5713
ECA2281	g9734
ECA2281	g15274
ECA2281	g8557
ECA2281	g1473
ECA2281	g13181
ECA2281	g6426
ECA2281	g11984
ECA2281	g3355
ECA2281	g20752
ECA2281	g6427
ECA2281	g1520
ECA2281	g5984
ECA2281	g1501
ECA2281	g1945
ECA2281	g1551
ECA2281	g4701
ECA2281	g429
ECA2281	g3244
ECA2281	g18077
ECA2281	g5770
ECA2281	g18035
ECA2281	g14799
ECA2281	g21284
ECA2281	g3155
ECA2281	g1553
ECA2281	g5811
ECA2281	g16484
ECA2281	g20751
ECA2281	g21158
ECA2281	g5598
ECA2281	g1949
ECA2281	g1793
ECA2281	g3241
ECA2281	g1495
ECA2281	g13265
ECA2281	g5774
ECA2281	g5773
ECA2281	g11938
ECA2281	g2610
ECA2281	g5669
ECA2281	g1797
ECA2281	g2431
ECA2281	g1956
ECA2281	g10141
ECA2281	g2460
ECA2281	g15641
ECA2281	g6081
ECA2281	g3841
ECA2281	g4699
ECA2281	g2451
ECA2281	g10105
ECA2281	g5859
ECA2281	g11819
ECA2281	g5778
ECA2281	g2437
ECA2281	g5014
ECA2281	g4152
ECA2281	g20811
ECA2281	g5712
ECA2281	g3866
ECA2281	g5933
ECA2281	g17312
ECA2281	g11793
ECA2281	g11934
ECA2281	g2539
ECA2281	g2251
ECA2281	g15639
ECA2281	g18925
ECA2281	g5776
ECA2281	g10838
ECA2281	g1976
ECA2281	g5162
ECA2281	g15804
ECA703	g12741
ECA703	g18680
ECA703	g1982
ECA703	g18672
ECA703	g19249
ECA703	g11456
ECA703	g4741
ECA703	g12740
ECA703	g18715
ECA703	g16689
ECA703	g17025
ECA703	g11483
ECA703	g10477
ECA703	g19252
ECA703	g16506
ECA703	g11392
ECA703	g4156
ECA703	g10446
ECA703	g10932
ECA703	g19255
ECA703	g17316
ECA703	g12250
ECA703	g18671
ECA703	g12138
ECA703	g10767
ECA703	g10548
ECA703	g10566
ECA703	g10487
ECA703	g18685
ECA703	g10478
ECA703	g9170
ECA703	g10532
ECA703	g12736
ECA703	g10764
ECA703	g2818
ECA703	g2025
ECA703	g17603
ECA703	g16982
ECA703	g18832
ECA703	g11377
ECA703	g646
ECA703	g17019
ECA703	g12737
ECA703	g15433
ECA703	g21829
ECA703	g1896
ECA703	g10769
ECA703	g10955
ECA703	g19257
ECA703	g8154
ECA703	g18679
ECA703	g12325
ECA703	g19046
ECA703	g5640
ECA703	g2250
ECA703	g1481
ECA703	g5521
ECA703	g12137
ECA703	g12734
ECA703	g10763
ECA703	g21266
ECA703	g9646
ECA703	g11775
ECA703	g2416
ECA703	g10931
ECA703	g18682
ECA703	g10956
ECA703	g16844
ECA703	g19242
ECA703	g11381
ECA703	g9651
ECA703	g10947
ECA703	g18563
ECA703	g6485
ECA703	g11805
ECA703	g13875
ECA703	g12739
ECA703	g20787
ECA703	g11380
ECA703	g5641
ECA703	g1983
ECA703	g11640
ECA703	g11379
ECA703	g1247
ECA703	g8768
ECA703	g18684
ECA703	g12824
ECA703	g12326
ECA703	g10499
ECA703	g22315
ECA703	g10485
ECA703	g6290
ECA703	g10957
ECA703	g10924
ECA703	g21346
ECA703	g10486
ECA703	g5523
ECA703	g18607
ECA703	g795
ECA703	g15414
ECA703	g12136
ECA703	g18961
ECA703	g4976
ECA703	g7134
ECA703	g22381
ECA703	g10930
ECA703	g11533
ECA703	g17157
ECA703	g18674
ECA703	g10768
ECA703	g11375
ECA703	g22368
ECA703	g17021
ECA703	g5522
ECA703	g12244
ECA703	g12385
ECA703	g6521
ECA703	g11376
ECA703	g10438
ECA703	g11876
ECA703	g8151
ECA703	g18769
ECA703	g13879
ECA703	g22380
ECA703	g20284
ECA703	g19246
ECA703	g735
ECA703	g10479
ECA703	g6455
ECA703	g12765
ECA703	g19049
ECA703	g12831
ECA703	g18788
ECA703	g10113
ECA703	g18882
ECA703	g22373
ECA703	g18735
ECA703	g19166
ECA703	g13877
ECA703	g18725
ECA703	g6285
ECA703	g18681
ECA703	g10552
ECA703	g9102
ECA703	g6519
ECA703	g872
ECA703	g18508
ECA703	g11374
ECA703	g2841
ECA703	g648
ECA703	g10508
ECA703	g11000
ECA703	g18677
ECA703	g13883
ECA703	g10458
ECA703	g6520
ECA703	g9648
ECA703	g10462
ECA703	g10540
ECA703	g1720
ECA703	g18831
ECA703	g9522
ECA703	g1248
ECA703	g18678
ECA703	g9649
ECA703	g17022
ECA703	g20786
ECA703	g19029
ECA703	g12052
ECA703	g9523
ECA703	g11295
ECA703	g653
ECA703	g10480
ECA703	g22410
ECA703	g9107
ECA703	g12142
ECA703	g8484
ECA703	g9645
ECA703	g22374
ECA703	g16569
ECA703	g471
ECA703	g22334
ECA703	g20638
ECA703	g12735
ECA703	g1737
ECA703	g11378
ECA703	g1130
ECA703	g18716
ECA703	g12169
ECA703	g3409
ECA703	g18768
ECA703	g13168
ECA703	g10742
ECA703	g7832
ECA703	g5647
ECA703	g18936
ECA703	g11510
ECA703	g19101
ECA703	g10808
ECA703	g6482
ECA703	g19725
ECA703	g11298
ECA703	g18673
ECA703	g18935
ECA703	g16942
ECA703	g2415
ECA703	g10881
ECA703	g10953
ECA703	g16783
ECA703	g6282
ECA703	g6294
ECA703	g10139
ECA703	g17056
ECA703	g9108
ECA703	g2413
ECA703	g11532
ECA703	g2400
ECA703	g6669
ECA703	g19168
ECA703	g12248
ECA703	g10483
ECA703	g2996
ECA703	g5646
ECA703	g12168
ECA703	g16418
ECA703	g22333
ECA703	g11296
ECA703	g9964
ECA703	g12139
ECA703	g10770
ECA703	g12140
ECA703	g22382
ECA703	g18866
ECA703	g8153
ECA703	g21257
ECA703	g19596
ECA703	g10946
ECA703	g649
ECA703	g10929
ECA703	g10488
ECA703	g21264
ECA703	g647
ECA703	g3410
ECA703	g17500
ECA703	g10463
ECA703	g6481
ECA703	g6511
ECA703	g12251
ECA703	g6500
ECA703	g10918
ECA703	g15658
ECA703	g18676
ECA703	g10926
ECA703	g18776
ECA703	g10510
ECA703	g10490
ECA703	g10766
ECA703	g650
ECA703	g10923
ECA703	g12298
ECA703	g10537
ECA703	g6281
ECA703	g5994
ECA703	g12141
ECA703	g13035
ECA703	g8837
ECA703	g10507
ECA703	g10954
ECA703	g2301
ECA703	g10928
ECA703	g18608
ECA703	g16240
ECA703	g17020
ECA703	g16513
ECA703	g6458
ECA703	g18714
ECA703	g8965
ECA703	g10476
ECA703	g604
ECA703	g9647
ECA703	g18606
ECA703	g2424
ECA703	g10951
ECA703	g6283
ECA703	g6293
ECA703	g10484
ECA703	g2300
ECA703	g18543
ECA703	g2460
ECA703	g10927
ECA703	g5635
ECA703	g9965
ECA703	g12386
ECA703	g18546
ECA703	g10944
ECA703	g12738
ECA703	g11372
ECA703	g15739
ECA703	g18668
ECA703	g9650
ECA703	g10611
ECA703	g6880
ECA703	g22423
ECA703	g10459
ECA703	g11471
ECA703	g10959
ECA703	g13878
ECA703	g10958
ECA703	g18675
MY16	g16387
MY16	g19781
MY16	g2646
MY16	g211
MY16	g20308
MY16	g14180
MY16	g4436
MY16	g5131
MY16	g5085
MY16	g19975
MY16	g16638
MY16	g20311
MY16	g83
MY16	g10249
MY16	g50
MY16	g536
MY16	g4115
MY16	g11289
MY16	g4428
MY16	g18601
MY16	g5128
MY16	g553
MY16	g367
MY16	g5114
MY16	g84
MY16	g6661
MY16	g4855
MY16	g482
MY16	g7044
MY16	g407
MY16	g18911
MY16	g5124
MY16	g963
MY16	g18636
MY16	g4433
MY16	g20268
MY16	g4958
MY16	g546
MY16	g21720
MY16	g5186
MY16	g370
MY16	g16476
MY16	g5117
MY16	g19784
MY16	g2478
MY16	g369
MY16	g5126
MY16	g4426
MY16	g15636
MY16	g12293
MY16	g4751
MY16	g3333
MY16	g5127
MY16	g16889
MY16	g2002
MY16	g19021
MY16	g4440
MY16	g363
MY16	g6183
MY16	g8833
MY16	g9800
MY16	g6184
MY16	g19384
MY16	g3499
MY16	g535
MY16	g20131
MY16	g5074
MY16	g19354
MY16	g5234
MY16	g19713
MY16	g2863
MY16	g2675
MY16	g9793
MY16	g7041
MY16	g5115
MY16	g10902
MY16	g18834
MY16	g19656
MY16	g9331
MY16	g4696
MY16	g19632
MY16	g16386
MY16	g16343
MY16	g548
MY16	g18650
MY16	g4118
MY16	g557
MY16	g16251
MY16	g6957
MY16	g19788
MY16	g18584
MY16	g91
MY16	g10901
MY16	g10889
MY16	g528
MY16	g8503
MY16	g92
MY16	g63
MY16	g5086
MY16	g3974
MY16	g4748
MY16	g4624
MY16	g13631
MY16	g4114
MY16	g20305
MY16	g14415
MY16	g556
MY16	g106
MY16	g93
MY16	g19780
MY16	g531
MY16	g2083
MY16	g530
MY16	g1631
MY16	g10895
MY16	g18651
MY16	g20307
MY16	g18770
MY16	g5119
MY16	g2716
MY16	g21569
MY16	g42
MY16	g6181
MY16	g19113
MY16	g15633
MY16	g13628
MY16	g18641
MY16	g2695
MY16	g19770
MY16	g6182
MY16	g85
MY16	g5018
MY16	g7016
MY16	g6179
MY16	g168
MY16	g5005
MY16	g6950
MY16	g7046
MY16	g5715
MY16	g19862
MY16	g534
MY16	g5291
MY16	g5688
MY16	g5067
MY16	g6729
MY16	g69
MY16	g14968
MY16	g4031
MY16	g19786
MY16	g8813
MY16	g19779
MY16	g19785
MY16	g13624
MY16	g2001
MY16	g62
MY16	g2715
MY16	g2470
MY16	g19020
MY16	g16655
MY16	g4959
MY16	g6306
MY16	g152
MY16	g3956
MY16	g19520
MY16	g5084
MY16	g18652
MY16	g5255
MY16	g6305
MY16	g7039
MY16	g4111
MY16	g86
MY16	g22221
MY16	g5184
MY16	g6725
MY16	g19016
MY16	g15961
MY16	g7043
MY16	g10900
MY16	g6185
MY16	g1575
MY16	g4769
MY16	g115
MY16	g18769
MY16	g1638
MY16	g4309
MY16	g9183
MY16	g7045
MY16	g15238
MY16	g18989
MY16	g19783
MY16	g2644
MY16	g5036
MY16	g5025
MY16	g5030
MY16	g22085
MY16	g4924
MY16	g4854
MY16	g19022
MY16	g343
MY16	g12487
MY16	g19019
MY16	g19782
MY16	g2676
MY16	g17679
MY16	g137
MY16	g20228
MY16	g3498
MY16	g555
MY16	g19017
MY16	g2181
MY16	g5118
MY16	g6724
MY16	g143
MY16	g3496
MY16	g18642
MY16	g19633
MY16	g3484
MY16	g5031
MY16	g5037
MY16	g7040
MY16	g4116
MY16	g89
MY16	g1136
MY16	g19289
MY16	g18990
MY16	g1722
MY16	g19018
MY16	g549
MY16	g5862
MY16	g3383
MY16	g22324
MY16	g66
MY16	g153
MY16	g19686
MY16	g15635
MY16	g9329
MY16	g157
MY16	g4117
MY16	g114
MY16	g7042
MY16	g17585
MY16	g94
MY16	g364
MY16	g5123
MY16	g4430
MY16	g11391
MY16	g21744
MY16	g9798
MY16	g15361
MY16	g521
MY16	g10718
MY16	g608
MY16	g4619
MY16	g4163
MY16	g18908
MY16	g17128
MY16	g5122
MY16	g4557
MY16	g18602
MY16	g533
MY16	g5185
MY16	g96
MY16	g13633
MY16	g366
MY16	g527
MY16	g368
MY16	g11242
MY16	g21953
MY16	g2679
MY16	g9330
MY16	g532
MY16	g20072
MY16	g117
MY16	g1896
MY16	g2000
MY16	g19861
MY16	g68
MY16	g22452
MY16	g82
MY16	g18833
MY16	g19859
MY16	g18909
MY16	g2707
MY16	g5253
MY16	g15362
MY16	g4907
MY16	g3507
MY16	g5024
MY16	g2477
MY16	g18863
MY16	g90
MY16	g559
MY16	g5121
MY16	g3382
MY16	g10894
MY16	g3546
MY16	g20306
MY16	g558
MY16	g5120
MY16	g5861
MY16	g142
MY16	g3935
MY16	g6180
MY16	g17518
MY16	g3074
MY16	g17571
MY16	g2475
MY16	g19698
MY16	g13629
XZ1516	g15334
XZ1516	g9961
XZ1516	g5482
XZ1516	g15977
XZ1516	g1737
XZ1516	g15970
XZ1516	g7092
XZ1516	g2366
XZ1516	g1829
XZ1516	g1101
XZ1516	g8065
XZ1516	g10813
XZ1516	g8260
XZ1516	g9456
XZ1516	g18362
XZ1516	g20036
XZ1516	g8119
XZ1516	g8075
XZ1516	g14606
XZ1516	g8066
XZ1516	g1461
XZ1516	g16017
XZ1516	g9958
XZ1516	g8387
XZ1516	g9422
XZ1516	g5479
XZ1516	g7094
XZ1516	g9467
XZ1516	g8259
XZ1516	g7089
XZ1516	g16471
XZ1516	g8386
XZ1516	g5016
XZ1516	g20062
XZ1516	g13164
XZ1516	g21213
XZ1516	g1836
XZ1516	g5478
XZ1516	g9823
XZ1516	g21424
XZ1516	g1833
XZ1516	g14607
XZ1516	g15873
XZ1516	g15421
XZ1516	g7052
XZ1516	g20753
XZ1516	g12186
XZ1516	g9954
XZ1516	g15939
XZ1516	g20059
XZ1516	g15841
XZ1516	g13763
XZ1516	g7095
XZ1516	g18423
XZ1516	g976
XZ1516	g14648
XZ1516	g2681
XZ1516	g2201
XZ1516	g20058
XZ1516	g8374
XZ1516	g975
XZ1516	g9520
XZ1516	g16406
XZ1516	g12655
XZ1516	g1831
XZ1516	g9424
XZ1516	g20043
XZ1516	g15333
XZ1516	g1102
XZ1516	g7088
XZ1516	g3691
XZ1516	g9417
XZ1516	g20041
XZ1516	g21857
XZ1516	g5298
XZ1516	g9580
XZ1516	g14033
XZ1516	g9941
XZ1516	g14628
XZ1516	g19777
XZ1516	g15968
XZ1516	g10271
XZ1516	g8073
XZ1516	g9414
XZ1516	g9415
XZ1516	g13643
XZ1516	g19982
XZ1516	g8046
XZ1516	g20054
XZ1516	g11679
XZ1516	g16221
XZ1516	g12185
XZ1516	g13764
XZ1516	g9514
XZ1516	g7627
XZ1516	g9457
XZ1516	g20029
XZ1516	g9937
XZ1516	g9581
XZ1516	g34
XZ1516	g13731
XZ1516	g14616
XZ1516	g6978
XZ1516	g3162
XZ1516	g16034
XZ1516	g20033
XZ1516	g9952
XZ1516	g7090
XZ1516	g12183
XZ1516	g5480
XZ1516	g8074
XZ1516	g12658
XZ1516	g13645
XZ1516	g18366
XZ1516	g5521
XZ1516	g1523
XZ1516	g14674
XZ1516	g15923
XZ1516	g3670
XZ1516	g1830
XZ1516	g18821
XZ1516	g10438
XZ1516	g18322
XZ1516	g13642
XZ1516	g8067
XZ1516	g21164
XZ1516	g9788
XZ1516	g8123
XZ1516	g9425
XZ1516	g7091
XZ1516	g19943
XZ1516	g20030
XZ1516	g15969
XZ1516	g9698
XZ1516	g9951
XZ1516	g977
XZ1516	g1527
XZ1516	g10041
XZ1516	g20032
XZ1516	g13501
XZ1516	g13012
XZ1516	g12662
XZ1516	g13565
XZ1516	g7057
XZ1516	g8380
XZ1516	g8045
XZ1516	g5441
XZ1516	g8049
XZ1516	g3309
XZ1516	g15601
XZ1516	g4953
XZ1516	g3163
XZ1516	g9411
XZ1516	g13760
XZ1516	g1524
XZ1516	g2683
XZ1516	g9701
XZ1516	g9532
XZ1516	g20805
XZ1516	g9726
XZ1516	g8124
XZ1516	g8064
XZ1516	g20609
XZ1516	g10040
XZ1516	g18492
XZ1516	g20056
XZ1516	g13758
XZ1516	g14676
XZ1516	g6527
XZ1516	g978
XZ1516	g8101
XZ1516	g18342
XZ1516	g20802
XZ1516	g487
XZ1516	g11307
XZ1516	g15978
XZ1516	g8885
XZ1516	g15583
XZ1516	g1835
XZ1516	g8258
XZ1516	g9513
XZ1516	g17775
XZ1516	g13595
XZ1516	g14867
XZ1516	g20800
XZ1516	g9955
XZ1516	g18496
XZ1516	g8033
XZ1516	g8137
XZ1516	g10457
XZ1516	g5399
XZ1516	g8192
XZ1516	g5234
XZ1516	g14448
XZ1516	g5138
XZ1516	g2202
XZ1516	g13502
XZ1516	g7389
XZ1516	g4959
XZ1516	g2205
XZ1516	g18327
XZ1516	g18696
XZ1516	g2217
XZ1516	g18321
XZ1516	g13566
XZ1516	g8078
XZ1516	g22920
XZ1516	g35
XZ1516	g6338
XZ1516	g20068
XZ1516	g20034
XZ1516	g13732
XZ1516	g3998
XZ1516	g9616
XZ1516	g20040
XZ1516	g20798
XZ1516	g664
XZ1516	g8090
XZ1516	g13761
XZ1516	g2316
XZ1516	g9959
XZ1516	g8027
XZ1516	g20801
XZ1516	g9468
XZ1516	g9957
XZ1516	g9418
XZ1516	g8076
XZ1516	g18494
XZ1516	g9420
XZ1516	g9355
XZ1516	g2688
XZ1516	g19680
XZ1516	g7121
XZ1516	g16018
XZ1516	g20799
XZ1516	g8051
XZ1516	g15290
XZ1516	g13188
XZ1516	g972
XZ1516	g13648
XZ1516	g15979
XZ1516	g9699
XZ1516	g17227
XZ1516	g16110
XZ1516	g9631
XZ1516	g15871
XZ1516	g20057
XZ1516	g9953
XZ1516	g9579
XZ1516	g20063
XZ1516	g14649
XZ1516	g973
XZ1516	g22258
XZ1516	g13759
XZ1516	g14738
XZ1516	g5485
XZ1516	g1744
XZ1516	g11386
XZ1516	g16109
XZ1516	g8098
XZ1516	g11827
XZ1516	g9455
XZ1516	g4170
XZ1516	g8099
XZ1516	g14644
XZ1516	g9419
XZ1516	g9870
XZ1516	g11514
XZ1516	g18569
XZ1516	g76
XZ1516	g20031
XZ1516	g8609
XZ1516	g13762
XZ1516	g20237
XZ1516	g5
XZ1516	g2193
XZ1516	g20060
XZ1516	g9932
XZ1516	g974
XZ1516	g6875
XZ1516	g20055
XZ1516	g1834
XZ1516	g21215
XZ1516	g21214
XZ1516	g8072
XZ1516	g8068
XZ1516	g8071
XZ1516	g2317
XZ1516	g2155
XZ1516	g9421
XZ1516	g663
XZ1516	g19022
XZ1516	g1806
XZ1516	g1832
XZ1516	g18797
XZ1516	g8133
XZ1516	g9835
XZ1516	g8381
XZ1516	g9354
XZ1516	g9956
XZ1516	g16374
XZ1516	g8153
XZ1516	g21266
XZ1516	g11678
XZ1516	g12657
XZ1516	g15984
XZ1516	g20948
XZ1516	g517
XZ1516	g18697
ECA1943	g21386
ECA1943	g13873
ECA1943	g1133
ECA1943	g8921
ECA1943	g4576
ECA1943	g22115
ECA1943	g5801
ECA1943	g17141
ECA1943	g6225
ECA1943	g5609
ECA1943	g22064
ECA1943	g13624
ECA1943	g4573
ECA1943	g1013
ECA1943	g609
ECA1943	g3253
ECA1943	g5641
ECA1943	g1596
ECA1943	g20485
ECA1943	g5810
ECA1943	g22112
ECA1943	g5538
ECA1943	g22098
ECA1943	g960
ECA1943	g17515
ECA1943	g5554
ECA1943	g17137
ECA1943	g4918
ECA1943	g1763
ECA1943	g983
ECA1943	g1723
ECA1943	g22222
ECA1943	g1581
ECA1943	g22108
ECA1943	g1784
ECA1943	g4617
ECA1943	g21950
ECA1943	g19725
ECA1943	g1599
ECA1943	g4579
ECA1943	g17138
ECA1943	g1583
ECA1943	g1052
ECA1943	g15112
ECA1943	g16533
ECA1943	g22685
ECA1943	g13785
ECA1943	g1876
ECA1943	g5599
ECA1943	g6241
ECA1943	g4414
ECA1943	g1758
ECA1943	g5610
ECA1943	g5812
ECA1943	g14752
ECA1943	g5600
ECA1943	g151
ECA1943	g21732
ECA1943	g15873
ECA1943	g13369
ECA1943	g1878
ECA1943	g338
ECA1943	g1764
ECA1943	g17999
ECA1943	g1215
ECA1943	g6635
ECA1943	g17998
ECA1943	g21729
ECA1943	g705
ECA1943	g16045
ECA1943	g6235
ECA1943	g1597
ECA1943	g18853
ECA1943	g5608
ECA1943	g4762
ECA1943	g5797
ECA1943	g674
ECA1943	g17140
ECA1943	g13134
ECA1943	g7108
ECA1943	g4578
ECA1943	g13874
ECA1943	g8950
ECA1943	g224
ECA1943	g6227
ECA1943	g22241
ECA1943	g5534
ECA1943	g14290
ECA1943	g5629
ECA1943	g22175
ECA1943	g1140
ECA1943	g20206
ECA1943	g1571
ECA1943	g1605
ECA1943	g5626
ECA1943	g5579
ECA1943	g426
ECA1943	g5518
ECA1943	g177
ECA1943	g339
ECA1943	g12537
ECA1943	g18497
ECA1943	g2432
ECA1943	g22055
ECA1943	g1132
ECA1943	g1598
ECA1943	g5042
ECA1943	g14625
ECA1943	g5098
ECA1943	g1759
ECA1943	g89
ECA1943	g19552
ECA1943	g1580
ECA1943	g1649
ECA1943	g1025
ECA1943	g22110
ECA1943	g5648
ECA1943	g4542
ECA1943	g14755
ECA1943	g22015
ECA1943	g20481
ECA1943	g1137
ECA1943	g5577
ECA1943	g7610
ECA1943	g845
ECA1943	g1212
ECA1943	g5601
ECA1943	g5578
ECA1943	g18000
ECA1943	g22111
ECA1943	g6197
ECA1943	g17166
ECA1943	g1576
ECA1943	g17142
ECA1943	g17232
ECA1943	g21997
ECA1943	g4577
ECA1943	g17135
ECA1943	g18471
ECA1943	g1760
ECA1943	g22106
ECA1943	g1135
ECA1943	g2671
ECA1943	g20483
ECA1943	g22063
ECA1943	g21816
ECA1943	g6133
ECA1943	g17448
ECA1943	g6276
ECA1943	g12754
ECA1943	g12623
ECA1943	g14753
ECA1943	g1138
ECA1943	g1524
ECA1943	g20477
ECA1943	g8741
ECA1943	g337
ECA1943	g7109
ECA1943	g6226
ECA1943	g5546
ECA1943	g13607
ECA1943	g21951
ECA1943	g17876
ECA1943	g6275
ECA1943	g5596
ECA1943	g1131
ECA1943	g8745
ECA1943	g1606
ECA1943	g18001
ECA1943	g88
ECA1943	g15091
ECA1943	g150
ECA1943	g221
ECA1943	g17877
ECA1943	g12540
ECA1943	g959
ECA1943	g8956
ECA1943	g22173
ECA1943	g5628
ECA1943	g17452
ECA1943	g21844
ECA1943	g333
ECA1943	g21027
ECA1943	g1039
ECA1943	g17997
ECA1943	g21749
ECA1943	g5105
ECA1943	g12351
ECA1943	g21612
ECA1943	g22284
ECA1943	g17136
ECA1943	g1214
ECA1943	g13017
ECA1943	g306
ECA1943	g4011
ECA1943	g5807
ECA1943	g22016
ECA1943	g14485
ECA1943	g21917
ECA1943	g17225
ECA1943	g12535
ECA1943	g22065
ECA1943	g9666
ECA1943	g6236
ECA1943	g21843
ECA1943	g8998
ECA1943	g9660
ECA1943	g1134
ECA1943	g8951
ECA1943	g8173
ECA1943	g8997
ECA1943	g4662
ECA1943	g16044
ECA1943	g1600
ECA1943	g1572
ECA1943	g1574
ECA1943	g334
ECA1943	g4822
ECA1943	g21901
ECA1943	g22102
ECA1943	g17453
ECA1943	g249
ECA1943	g21674
ECA1943	g16042
ECA1943	g16029
ECA1943	g9150
ECA1943	g18003
ECA1943	g9665
ECA1943	g307
ECA1943	g9659
ECA1943	g5188
ECA1943	g22099
ECA1943	g18321
ECA1943	g336
ECA1943	g15924
ECA1943	g15923
ECA1943	g8748
ECA1943	g6643
ECA1943	g5602
ECA1943	g5804
ECA1943	g12536
ECA1943	g6292
ECA1943	g22107
ECA1943	g19749
ECA1943	g335
ECA1943	g6637
ECA1943	g4010
ECA1943	g10050
ECA1943	g12680
ECA1943	g12534
ECA1943	g5607
ECA1943	g5603
ECA1943	g1611
ECA1943	g15335
ECA1943	g18002
ECA1943	g12490
ECA1943	g21545
ECA1943	g1603
ECA1943	g5606
ECA1943	g1877
ECA1943	g22009
ECA1943	g22174
ECA1943	g1761
ECA1943	g5549
ECA1943	g10007
ECA1943	g20341
ECA1943	g14358
ECA1943	g1601
ECA1943	g5575
ECA1943	g5367
ECA1943	g5598
ECA1943	g6132
ECA1943	g1757
ECA1943	g5624
ECA1943	g22240
ECA1943	g222
ECA1943	g12533
ECA1943	g7256
ECA1943	g1136
ECA1943	g1602
ECA1943	g16053
ECA1943	g22103
ECA1943	g8743
ECA1943	g8753
ECA1943	g16090
ECA1943	g8989
ECA1943	g13916
ECA1943	g22104
ECA1943	g9654
ECA1943	g18322
ECA1943	g21614
ECA1943	g8978
ECA1943	g8754
ECA1943	g8742
ECA1943	g17139
ECA1943	g15417
ECA1943	g22047
ECA1943	g1122
ECA1943	g5476
ECA1943	g22101
ECA1943	g9362
ECA1943	g6181
ECA1943	g22528
ECA1943	g1569
ECA1943	g20482
ECA1943	g1573
ECA1943	g1570
ECA1943	g8919
ECA2452	g22526
ECA2452	g16496
ECA2452	g1012
ECA2452	g14528
ECA2452	g10713
ECA2452	g4324
ECA2452	g4977
ECA2452	g2404
ECA2452	g16180
ECA2452	g5398
ECA2452	g17838
ECA2452	g4374
ECA2452	g11048
ECA2452	g16746
ECA2452	g10710
ECA2452	g1132
ECA2452	g1534
ECA2452	g11233
ECA2452	g50
ECA2452	g550
ECA2452	g20443
ECA2452	g4985
ECA2452	g4327
ECA2452	g387
ECA2452	g154
ECA2452	g4341
ECA2452	g1185
ECA2452	g2776
ECA2452	g137
ECA2452	g2400
ECA2452	g384
ECA2452	g1162
ECA2452	g424
ECA2452	g4218
ECA2452	g565
ECA2452	g4331
ECA2452	g10754
ECA2452	g4489
ECA2452	g8235
ECA2452	g15628
ECA2452	g547
ECA2452	g10716
ECA2452	g2401
ECA2452	g563
ECA2452	g1094
ECA2452	g18896
ECA2452	g21800
ECA2452	g16582
ECA2452	g6867
ECA2452	g92
ECA2452	g5413
ECA2452	g389
ECA2452	g4987
ECA2452	g9634
ECA2452	g91
ECA2452	g1984
ECA2452	g4688
ECA2452	g16999
ECA2452	g6869
ECA2452	g1800
ECA2452	g383
ECA2452	g3258
ECA2452	g930
ECA2452	g13997
ECA2452	g3257
ECA2452	g4691
ECA2452	g1438
ECA2452	g16059
ECA2452	g5407
ECA2452	g549
ECA2452	g14784
ECA2452	g83
ECA2452	g10896
ECA2452	g11226
ECA2452	g1469
ECA2452	g2403
ECA2452	g82
ECA2452	g13519
ECA2452	g17230
ECA2452	g10715
ECA2452	g16495
ECA2452	g14557
ECA2452	g1913
ECA2452	g5400
ECA2452	g4198
ECA2452	g10244
ECA2452	g62
ECA2452	g4265
ECA2452	g1005
ECA2452	g4340
ECA2452	g541
ECA2452	g65
ECA2452	g112
ECA2452	g22288
ECA2452	g1713
ECA2452	g174
ECA2452	g17687
ECA2452	g1959
ECA2452	g1799
ECA2452	g17835
ECA2452	g3750
ECA2452	g7417
ECA2452	g1013
ECA2452	g548
ECA2452	g10574
ECA2452	g388
ECA2452	g2046
ECA2452	g15475
ECA2452	g566
ECA2452	g497
ECA2452	g1120
ECA2452	g16179
ECA2452	g4329
ECA2452	g43
ECA2452	g158
ECA2452	g10681
ECA2452	g9631
ECA2452	g4423
ECA2452	g575
ECA2452	g20439
ECA2452	g1008
ECA2452	g114
ECA2452	g13015
ECA2452	g1298
ECA2452	g933
ECA2452	g90
ECA2452	g17749
ECA2452	g113
ECA2452	g3259
ECA2452	g4328
ECA2452	g16453
ECA2452	g2429
ECA2452	g570
ECA2452	g2405
ECA2452	g2495
ECA2452	g4442
ECA2452	g10714
ECA2452	g2398
ECA2452	g3723
ECA2452	g4333
ECA2452	g1010
ECA2452	g7658
ECA2452	g20441
ECA2452	g4375
ECA2452	g4610
ECA2452	g574
ECA2452	g5306
ECA2452	g2709
ECA2452	g5449
ECA2452	g17612
ECA2452	g9633
ECA2452	g6522
ECA2452	g1007
ECA2452	g623
ECA2452	g20435
ECA2452	g14352
ECA2452	g1801
ECA2452	g5399
ECA2452	g146
ECA2452	g16763
ECA2452	g4488
ECA2452	g3135
ECA2452	g5448
ECA2452	g95
ECA2452	g1014
ECA2452	g14356
ECA2452	g540
ECA2452	g3260
ECA2452	g2047
ECA2452	g18917
ECA2452	g13518
ECA2452	g1985
ECA2452	g1916
ECA2452	g3136
ECA2452	g17837
ECA2452	g17832
ECA2452	g1186
ECA2452	g63
ECA2452	g2713
ECA2452	g1805
ECA2452	g9958
ECA2452	g3256
ECA2452	g11169
ECA2452	g4672
ECA2452	g18014
ECA2452	g4796
ECA2452	g4155
ECA2452	g2399
ECA2452	g931
ECA2452	g20881
ECA2452	g17352
ECA2452	g1832
ECA2452	g8990
ECA2452	g4983
ECA2452	g4422
ECA2452	g4522
ECA2452	g21494
ECA2452	g2488
ECA2452	g363
ECA2452	g4373
ECA2452	g6742
ECA2452	g5408
ECA2452	g14603
ECA2452	g6748
ECA2452	g1011
ECA2452	g4383
ECA2452	g14558
ECA2452	g12455
ECA2452	g14602
ECA2452	g10798
ECA2452	g16060
ECA2452	g546
ECA2452	g572
ECA2452	g1804
ECA2452	g10958
ECA2452	g4537
ECA2452	g16229
ECA2452	g4337
ECA2452	g4391
ECA2452	g2714
ECA2452	g1888
ECA2452	g4739
ECA2452	g16063
ECA2452	g16078
ECA2452	g11579
ECA2452	g3262
ECA2452	g4973
ECA2452	g6743
ECA2452	g1831
ECA2452	g11319
ECA2452	g3575
ECA2452	g1802
ECA2452	g16178
ECA2452	g576
ECA2452	g14359
ECA2452	g13989
ECA2452	g89
ECA2452	g17836
ECA2452	g5465
ECA2452	g6749
ECA2452	g4332
ECA2452	g15652
ECA2452	g1803
ECA2452	g13995
ECA2452	g8989
ECA2452	g6361
ECA2452	g84
ECA2452	g88
ECA2452	g535
ECA2452	g18675
ECA2452	g3261
ECA2452	g17882
ECA2452	g4855
ECA2452	g543
ECA2452	g85
ECA2452	g6868
ECA2452	g4430
ECA2452	g4266
ECA2452	g386
ECA2452	g142
ECA2452	g5305
ECA2452	g6407
ECA2452	g21627
ECA2452	g10312
ECA2452	g545
ECA2452	g4267
ECA2452	g116
ECA2452	g11501
ECA2452	g93
ECA2452	g390
ECA2452	g67
ECA2452	g4199
ECA2452	g10439
ECA2452	g1915
ECA2452	g17839
ECA2452	g13370
ECA2452	g1009
ECA2452	g544
ECA2452	g16051
ECA2452	g4336
ECA2452	g14563
ECA2452	g14364
ECA2452	g14354
ECA2452	g9395
ECA2452	g5370
ECA2452	g81
ECA2452	g16014
ECA2452	g14594
ECA2452	g4335
ECA2452	g6754
ECA2452	g3576
ECA2452	g4794
ECA2452	g14583
ECA2452	g14353
ECA2452	g14365
ECA2452	g2402
ECA2452	g1106
ECA2452	g18593
ECA2452	g1023
ECA2452	g213
ECA2452	g4338
ECA2452	g11789
ECA2452	g5354
ECA2452	g578
ECA2452	g20440
ECA2452	g573
ECA2452	g577
ECA2452	g14526
ECA2555	g9548
ECA2555	g1029
ECA2555	g5231
ECA2555	g4903
ECA2555	g17769
ECA2555	g210
ECA2555	g6157
ECA2555	g13367
ECA2555	g5818
ECA2555	g4326
ECA2555	g4201
ECA2555	g4596
ECA2555	g4374
ECA2555	g9799
ECA2555	g4686
ECA2555	g6160
ECA2555	g82
ECA2555	g1533
ECA2555	g5633
ECA2555	g13956
ECA2555	g49
ECA2555	g2409
ECA2555	g5640
ECA2555	g538
ECA2555	g4909
ECA2555	g2408
ECA2555	g4329
ECA2555	g556
ECA2555	g370
ECA2555	g4341
ECA2555	g83
ECA2555	g2786
ECA2555	g484
ECA2555	g4484
ECA2555	g410
ECA2555	g1911
ECA2555	g4483
ECA2555	g4220
ECA2555	g2410
ECA2555	g2051
ECA2555	g4332
ECA2555	g21210
ECA2555	g4334
ECA2555	g6116
ECA2555	g549
ECA2555	g8684
ECA2555	g16608
ECA2555	g22639
ECA2555	g373
ECA2555	g9637
ECA2555	g12575
ECA2555	g1026
ECA2555	g17603
ECA2555	g15126
ECA2555	g372
ECA2555	g4911
ECA2555	g7240
ECA2555	g7642
ECA2555	g4330
ECA2555	g10051
ECA2555	g12577
ECA2555	g1802
ECA2555	g4896
ECA2555	g366
ECA2555	g3263
ECA2555	g16259
ECA2555	g17236
ECA2555	g3262
ECA2555	g1434
ECA2555	g9112
ECA2555	g537
ECA2555	g4338
ECA2555	g7841
ECA2555	g5974
ECA2555	g1097
ECA2555	g17983
ECA2555	g4421
ECA2555	g17797
ECA2555	g1467
ECA2555	g17228
ECA2555	g523
ECA2555	g1988
ECA2555	g1157
ECA2555	g16760
ECA2555	g1181
ECA2555	g1025
ECA2555	g6154
ECA2555	g12455
ECA2555	g4707
ECA2555	g551
ECA2555	g560
ECA2555	g6618
ECA2555	g4266
ECA2555	g1022
ECA2555	g22078
ECA2555	g90
ECA2555	g12466
ECA2555	g530
ECA2555	g91
ECA2555	g62
ECA2555	g1710
ECA2555	g10764
ECA2555	g1801
ECA2555	g10913
ECA2555	g13123
ECA2555	g559
ECA2555	g104
ECA2555	g92
ECA2555	g1030
ECA2555	g5327
ECA2555	g533
ECA2555	g6286
ECA2555	g532
ECA2555	g22136
ECA2555	g22132
ECA2555	g5341
ECA2555	g17838
ECA2555	g8527
ECA2555	g2407
ECA2555	g42
ECA2555	g7243
ECA2555	g19398
ECA2555	g5328
ECA2555	g1910
ECA2555	g4900
ECA2555	g4384
ECA2555	g17818
ECA2555	g1040
ECA2555	g3264
ECA2555	g3580
ECA2555	g84
ECA2555	g9505
ECA2555	g2436
ECA2555	g166
ECA2555	g1959
ECA2555	g2501
ECA2555	g4441
ECA2555	g6155
ECA2555	g3728
ECA2555	g4534
ECA2555	g946
ECA2555	g5336
ECA2555	g9232
ECA2555	g4392
ECA2555	g19396
ECA2555	g536
ECA2555	g4622
ECA2555	g12454
ECA2555	g3753
ECA2555	g10794
ECA2555	g2411
ECA2555	g2718
ECA2555	g67
ECA2555	g10688
ECA2555	g10826
ECA2555	g12226
ECA2555	g4158
ECA2555	g1024
ECA2555	g19402
ECA2555	g1914
ECA2555	g61
ECA2555	g4340
ECA2555	g17837
ECA2555	g6190
ECA2555	g17595
ECA2555	g1803
ECA2555	g5296
ECA2555	g9816
ECA2555	g3140
ECA2555	g2494
ECA2555	g150
ECA2555	g20877
ECA2555	g4335
ECA2555	g1989
ECA2555	g3141
ECA2555	g10910
ECA2555	g85
ECA2555	g9547
ECA2555	g4268
ECA2555	g2722
ECA2555	g1807
ECA2555	g6909
ECA2555	g3261
ECA2555	g5335
ECA2555	g4373
ECA2555	g5697
ECA2555	g113
ECA2555	g11100
ECA2555	g2412
ECA2555	g21912
ECA2555	g5910
ECA2555	g10409
ECA2555	g1835
ECA2555	g9116
ECA2555	g17767
ECA2555	g4420
ECA2555	g18679
ECA2555	g4520
ECA2555	g347
ECA2555	g2052
ECA2555	g1028
ECA2555	g17798
ECA2555	g15695
ECA2555	g135
ECA2555	g6076
ECA2555	g9113
ECA2555	g22095
ECA2555	g1027
ECA2555	g558
ECA2555	g1806
ECA2555	g4375
ECA2555	g9281
ECA2555	g4337
ECA2555	g2723
ECA2555	g4767
ECA2555	g4331
ECA2555	g3267
ECA2555	g141
ECA2555	g9231
ECA2555	g1180
ECA2555	g9129
ECA2555	g1031
ECA2555	g4829
ECA2555	g88
ECA2555	g12453
ECA2555	g1834
ECA2555	g5544
ECA2555	g552
ECA2555	g3579
ECA2555	g1804
ECA2555	g65
ECA2555	g5326
ECA2555	g151
ECA2555	g1124
ECA2555	g7241
ECA2555	g16758
ECA2555	g155
ECA2555	g10914
ECA2555	g112
ECA2555	g1297
ECA2555	g93
ECA2555	g367
ECA2555	g12461
ECA2555	g4906
ECA2555	g8708
ECA2555	g1805
ECA2555	g17234
ECA2555	g10916
ECA2555	g14708
ECA2555	g12067
ECA2555	g21126
ECA2555	g612
ECA2555	g10961
ECA2555	g4593
ECA2555	g10294
ECA2555	g12576
ECA2555	g4703
ECA2555	g535
ECA2555	g4267
ECA2555	g95
ECA2555	g369
ECA2555	g529
ECA2555	g371
ECA2555	g12106
ECA2555	g18551
ECA2555	g17801
ECA2555	g16759
ECA2555	g6546
ECA2555	g534
ECA2555	g115
ECA2555	g10915
ECA2555	g5370
ECA2555	g4428
ECA2555	g12460
ECA2555	g947
ECA2555	g66
ECA2555	g4202
ECA2555	g6419
ECA2555	g16239
ECA2555	g81
ECA2555	g949
ECA2555	g1913
ECA2555	g4592
ECA2555	g17829
ECA2555	g10917
ECA2555	g14709
ECA2555	g9104
ECA2555	g4336
ECA2555	g17602
ECA2555	g6153
ECA2555	g89
ECA2555	g562
ECA2555	g9066
ECA2555	g561
ECA2555	g140
ECA2555	g20898
ECA2555	g19394
ECA2555	g3265
ECA2555	g4827
ECA2555	g3266
ECA2555	g22096
ECA2555	g18198
ECA2555	g5282
ECA2555	g17600
ECA2555	g2413
ECA2555	g1112
ECA2555	g19397
ECA2555	g4333
ECA2676	g11560
ECA2676	g1003
ECA2676	g5193
ECA2676	g4863
ECA2676	g13813
ECA2676	g214
ECA2676	g19812
ECA2676	g4151
ECA2676	g4555
ECA2676	g4325
ECA2676	g18477
ECA2676	g11813
ECA2676	g4647
ECA2676	g13784
ECA2676	g83
ECA2676	g1500
ECA2676	g20394
ECA2676	g50
ECA2676	g2365
ECA2676	g543
ECA2676	g4869
ECA2676	g2364
ECA2676	g4280
ECA2676	g560
ECA2676	g372
ECA2676	g4293
ECA2676	g84
ECA2676	g2737
ECA2676	g489
ECA2676	g18294
ECA2676	g4440
ECA2676	g414
ECA2676	g1877
ECA2676	g4439
ECA2676	g4169
ECA2676	g2366
ECA2676	g2015
ECA2676	g4283
ECA2676	g20965
ECA2676	g18814
ECA2676	g4285
ECA2676	g18773
ECA2676	g553
ECA2676	g10703
ECA2676	g18810
ECA2676	g375
ECA2676	g11649
ECA2676	g19019
ECA2676	g1000
ECA2676	g13975
ECA2676	g22270
ECA2676	g374
ECA2676	g4871
ECA2676	g9099
ECA2676	g9663
ECA2676	g9854
ECA2676	g4287
ECA2676	g4281
ECA2676	g12065
ECA2676	g19021
ECA2676	g1770
ECA2676	g4856
ECA2676	g368
ECA2676	g3216
ECA2676	g12787
ECA2676	g8341
ECA2676	g3215
ECA2676	g1400
ECA2676	g11127
ECA2676	g542
ECA2676	g4290
ECA2676	g18633
ECA2676	g1071
ECA2676	g18303
ECA2676	g13590
ECA2676	g4374
ECA2676	g1433
ECA2676	g8332
ECA2676	g16577
ECA2676	g7866
ECA2676	g1153
ECA2676	g999
ECA2676	g4667
ECA2676	g555
ECA2676	g564
ECA2676	g8700
ECA2676	g11294
ECA2676	g4214
ECA2676	g12903
ECA2676	g996
ECA2676	g5357
ECA2676	g4292
ECA2676	g535
ECA2676	g94
ECA2676	g63
ECA2676	g1682
ECA2676	g69
ECA2676	g18817
ECA2676	g1769
ECA2676	g12901
ECA2676	g19570
ECA2676	g12759
ECA2676	g563
ECA2676	g107
ECA2676	g95
ECA2676	g1004
ECA2676	g5289
ECA2676	g538
ECA2676	g18945
ECA2676	g537
ECA2676	g15092
ECA2676	g5303
ECA2676	g18812
ECA2676	g8633
ECA2676	g10553
ECA2676	g2363
ECA2676	g14519
ECA2676	g42
ECA2676	g9096
ECA2676	g16581
ECA2676	g5290
ECA2676	g7360
ECA2676	g4860
ECA2676	g4335
ECA2676	g1014
ECA2676	g3217
ECA2676	g3535
ECA2676	g85
ECA2676	g11517
ECA2676	g2392
ECA2676	g169
ECA2676	g1924
ECA2676	g2458
ECA2676	g4395
ECA2676	g3684
ECA2676	g4491
ECA2676	g923
ECA2676	g5298
ECA2676	g11245
ECA2676	g4344
ECA2676	g541
ECA2676	g4580
ECA2676	g3710
ECA2676	g2367
ECA2676	g2670
ECA2676	g12685
ECA2676	g12818
ECA2676	g6008
ECA2676	g4108
ECA2676	g998
ECA2676	g1005
ECA2676	g16585
ECA2676	g1880
ECA2676	g62
ECA2676	g13983
ECA2676	g153
ECA2676	g1771
ECA2676	g11829
ECA2676	g3091
ECA2676	g2451
ECA2676	g4286
ECA2676	g20860
ECA2676	g1264
ECA2676	g1955
ECA2676	g93
ECA2676	g3092
ECA2676	g13781
ECA2676	g12898
ECA2676	g86
ECA2676	g11559
ECA2676	g2674
ECA2676	g1775
ECA2676	g15562
ECA2676	g9426
ECA2676	g3214
ECA2676	g1129
ECA2676	g5297
ECA2676	g4324
ECA2676	g18355
ECA2676	g116
ECA2676	g91
ECA2676	g13083
ECA2676	g2368
ECA2676	g13785
ECA2676	g5259
ECA2676	g16579
ECA2676	g12418
ECA2676	g5776
ECA2676	g1802
ECA2676	g4373
ECA2676	g15868
ECA2676	g4476
ECA2676	g347
ECA2676	g5783
ECA2676	g2016
ECA2676	g11144
ECA2676	g1002
ECA2676	g21554
ECA2676	g138
ECA2676	g18730
ECA2676	g11128
ECA2676	g5340
ECA2676	g1001
ECA2676	g562
ECA2676	g1774
ECA2676	g4326
ECA2676	g18572
ECA2676	g18846
ECA2676	g4289
ECA2676	g5527
ECA2676	g2675
ECA2676	g4727
ECA2676	g4282
ECA2676	g13742
ECA2676	g3220
ECA2676	g11131
ECA2676	g11244
ECA2676	g1152
ECA2676	g4788
ECA2676	g89
ECA2676	g5782
ECA2676	g1801
ECA2676	g18210
ECA2676	g556
ECA2676	g3534
ECA2676	g1772
ECA2676	g66
ECA2676	g5288
ECA2676	g154
ECA2676	g1098
ECA2676	g9098
ECA2676	g1954
ECA2676	g7864
ECA2676	g158
ECA2676	g12902
ECA2676	g115
ECA2676	g96
ECA2676	g369
ECA2676	g4866
ECA2676	g10727
ECA2676	g1773
ECA2676	g8339
ECA2676	g14520
ECA2676	g6164
ECA2676	g12904
ECA2676	g4338
ECA2676	g13761
ECA2676	g528
ECA2676	g20614
ECA2676	g617
ECA2676	g12948
ECA2676	g4552
ECA2676	g12306
ECA2676	g19020
ECA2676	g4664
ECA2676	g540
ECA2676	g4215
ECA2676	g98
ECA2676	g371
ECA2676	g534
ECA2676	g144
ECA2676	g373
ECA2676	g6125
ECA2676	g15738
ECA2676	g7865
ECA2676	g539
ECA2676	g4216
ECA2676	g118
ECA2676	g18036
ECA2676	g4382
ECA2676	g18811
ECA2676	g924
ECA2676	g68
ECA2676	g4152
ECA2676	g8506
ECA2676	g7340
ECA2676	g82
ECA2676	g926
ECA2676	g1879
ECA2676	g4551
ECA2676	g12905
ECA2676	g7719
ECA2676	g11119
ECA2676	g4288
ECA2676	g13976
ECA2676	g4277
ECA2676	g5777
ECA2676	g90
ECA2676	g566
ECA2676	g2369
ECA2676	g11082
ECA2676	g565
ECA2676	g5771
ECA2676	g13750
ECA2676	g143
ECA2676	g20838
ECA2676	g3218
ECA2676	g4786
ECA2676	g3219
ECA2676	g5339
ECA2676	g13380
ECA2676	g13741
ECA2676	g5244
ECA2676	g13978
ECA2676	g1086
ECA2676	g16580
ECA2676	g4284
ECA2676	g13815
ECA2952	g1042
ECA2952	g8763
ECA2952	g5426
ECA2952	g9084
ECA2952	g4904
ECA2952	g18761
ECA2952	g12639
ECA2952	g120
ECA2952	g2532
ECA2952	g22196
ECA2952	g19113
ECA2952	g18758
ECA2952	g2443
ECA2952	g22197
ECA2952	g98
ECA2952	g12055
ECA2952	g958
ECA2952	g4403
ECA2952	g4759
ECA2952	g108
ECA2952	g19014
ECA2952	g4445
ECA2952	g1037
ECA2952	g2813
ECA2952	g4521
ECA2952	g22151
ECA2952	g16925
ECA2952	g155
ECA2952	g395
ECA2952	g1567
ECA2952	g127
ECA2952	g9638
ECA2952	g18765
ECA2952	g577
ECA2952	g1151
ECA2952	g81
ECA2952	g2440
ECA2952	g557
ECA2952	g21058
ECA2952	g8676
ECA2952	g10892
ECA2952	g20699
ECA2952	g9034
ECA2952	g3298
ECA2952	g4641
ECA2952	g5375
ECA2952	g8247
ECA2952	g1835
ECA2952	g15907
ECA2952	g558
ECA2952	g394
ECA2952	g4822
ECA2952	g3296
ECA2952	g5609
ECA2952	g669
ECA2952	g6982
ECA2952	g5980
ECA2952	g960
ECA2952	g9203
ECA2952	g5355
ECA2952	g18951
ECA2952	g579
ECA2952	g6604
ECA2952	g1501
ECA2952	g14899
ECA2952	g5605
ECA2952	g4371
ECA2952	g10488
ECA2952	g8764
ECA2952	g3167
ECA2952	g4363
ECA2952	g4364
ECA2952	g107
ECA2952	g555
ECA2952	g15925
ECA2952	g18304
ECA2952	g8001
ECA2952	g367
ECA2952	g4369
ECA2952	g106
ECA2952	g1039
ECA2952	g3300
ECA2952	g5428
ECA2952	g1040
ECA2952	g4361
ECA2952	g4447
ECA2952	g957
ECA2952	g1956
ECA2952	g16442
ECA2952	g5987
ECA2952	g554
ECA2952	g2525
ECA2952	g189
ECA2952	g6456
ECA2952	g1470
ECA2952	g4903
ECA2952	g1319
ECA2952	g1834
ECA2952	g4669
ECA2952	g12875
ECA2952	g7630
ECA2952	g2441
ECA2952	g4229
ECA2952	g1866
ECA2952	g18370
ECA2952	g5598
ECA2952	g2096
ECA2952	g4989
ECA2952	g4643
ECA2952	g13432
ECA2952	g9788
ECA2952	g627
ECA2952	g19294
ECA2952	g8806
ECA2952	g11307
ECA2952	g101
ECA2952	g7407
ECA2952	g20702
ECA2952	g18763
ECA2952	g7406
ECA2952	g14895
ECA2952	g1954
ECA2952	g79
ECA2952	g4763
ECA2952	g22241
ECA2952	g2746
ECA2952	g17030
ECA2952	g5196
ECA2952	g6961
ECA2952	g2442
ECA2952	g22189
ECA2952	g543
ECA2952	g7496
ECA2952	g1957
ECA2952	g100
ECA2952	g16533
ECA2952	g2437
ECA2952	g4372
ECA2952	g22183
ECA2952	g4413
ECA2952	g1059
ECA2952	g1118
ECA2952	g175
ECA2952	g16540
ECA2952	g3295
ECA2952	g16534
ECA2952	g2097
ECA2952	g128
ECA2952	g14891
ECA2952	g2033
ECA2952	g431
ECA2952	g571
ECA2952	g171
ECA2952	g1044
ECA2952	g18802
ECA2952	g5364
ECA2952	g7412
ECA2952	g16528
ECA2952	g8494
ECA2952	g21038
ECA2952	g399
ECA2952	g20700
ECA2952	g19233
ECA2952	g5597
ECA2952	g5608
ECA2952	g4357
ECA2952	g1838
ECA2952	g2750
ECA2952	g5982
ECA2952	g400
ECA2952	g22759
ECA2952	g1043
ECA2952	g553
ECA2952	g97
ECA2952	g19287
ECA2952	g1840
ECA2952	g20358
ECA2952	g3294
ECA2952	g581
ECA2952	g7883
ECA2952	g4740
ECA2952	g3788
ECA2952	g22188
ECA2952	g578
ECA2952	g556
ECA2952	g549
ECA2952	g22634
ECA2952	g22288
ECA2952	g9085
ECA2952	g2438
ECA2952	g2004
ECA2952	g13433
ECA2952	g551
ECA2952	g18764
ECA2952	g15612
ECA2952	g4454
ECA2952	g4640
ECA2952	g570
ECA2952	g575
ECA2952	g16539
ECA2952	g4466
ECA2952	g99
ECA2952	g1187
ECA2952	g10719
ECA2952	g66
ECA2952	g19832
ECA2952	g3168
ECA2952	g18847
ECA2952	g232
ECA2952	g18633
ECA2952	g9202
ECA2952	g163
ECA2952	g9200
ECA2952	g4415
ECA2952	g4522
ECA2952	g1212
ECA2952	g4404
ECA2952	g22227
ECA2952	g5398
ECA2952	g21283
ECA2952	g9187
ECA2952	g2032
ECA2952	g4228
ECA2952	g568
ECA2952	g104
ECA2952	g436
ECA2952	g1865
ECA2952	g19378
ECA2952	g4556
ECA2952	g3610
ECA2952	g1837
ECA2952	g402
ECA2952	g5607
ECA2952	g1038
ECA2952	g59
ECA2952	g6457
ECA2952	g78
ECA2952	g505
ECA2952	g7408
ECA2952	g22150
ECA2952	g4365
ECA2952	g109
ECA2952	g4367
ECA2952	g4303
ECA2952	g9614
ECA2952	g11308
ECA2952	g82
ECA2952	g5403
ECA2952	g5402
ECA2952	g13431
ECA2952	g7359
ECA2952	g1951
ECA2952	g13430
ECA2952	g130
ECA2952	g4571
ECA2952	g111
ECA2952	g548
ECA2952	g160
ECA2952	g3299
ECA2952	g16875
ECA2952	g1839
ECA2952	g15743
ECA2952	g4360
ECA2952	g15787
ECA2952	g1746
ECA2952	g4402
ECA2952	g19554
ECA2952	g5356
ECA2952	g18498
ECA2952	g4188
ECA2952	g552
ECA2952	g397
ECA2952	g1836
ECA2952	g105
ECA2952	g17991
ECA2952	g7405
ECA2952	g1211
ECA2952	g4258
ECA2952	g401
ECA2952	g1035
ECA2952	g559
ECA2952	g9210
ECA2952	g1064
ECA2952	g2439
ECA2952	g3297
ECA2952	g1055
ECA2952	g9246
ECA2952	g4448
ECA2952	g7525
ECA2952	g4368
ECA2952	g1041
ECA2952	g18729
ECA2952	g3611
ECA2952	g2751
ECA2952	g22133
ECA2952	g14897
ECA2952	g4302
ECA2952	g2464
ECA2952	g4523
ECA2952	g7552
ECA2952	g7409
ECA2952	g1139
ECA2952	g854
ECA2952	g14896
ECA2952	g4366
ECA2952	g8511
ECA2952	g580
ECA2952	g3758
ECA923	g9449
ECA923	g20743
ECA923	g13778
ECA923	g13416
ECA923	g4852
ECA923	g21471
ECA923	g16198
ECA923	g12889
ECA923	g521
ECA923	g9200
ECA923	g20646
ECA923	g21609
ECA923	g21314
ECA923	g13419
ECA923	g709
ECA923	g15611
ECA923	g21642
ECA923	g19362
ECA923	g21147
ECA923	g20474
ECA923	g19363
ECA923	g12842
ECA923	g19859
ECA923	g12856
ECA923	g21608
ECA923	g18986
ECA923	g17499
ECA923	g21272
ECA923	g19858
ECA923	g12741
ECA923	g19718
ECA923	g180
ECA923	g12847
ECA923	g222
ECA923	g13007
ECA923	g10309
ECA923	g184
ECA923	g15222
ECA923	g21310
ECA923	g9360
ECA923	g16989
ECA923	g4687
ECA923	g21773
ECA923	g21311
ECA923	g13424
ECA923	g2125
ECA923	g11354
ECA923	g13217
ECA923	g12843
ECA923	g8948
ECA923	g19963
ECA923	g21317
ECA923	g21133
ECA923	g18506
ECA923	g3357
ECA923	g8212
ECA923	g4327
ECA923	g18507
ECA923	g20328
ECA923	g9883
ECA923	g12853
ECA923	g11154
ECA923	g363
ECA923	g13410
ECA923	g12784
ECA923	g4881
ECA923	g20296
ECA923	g4320
ECA923	g20612
ECA923	g8712
ECA923	g3857
ECA923	g21150
ECA923	g17109
ECA923	g12852
ECA923	g13868
ECA923	g2749
ECA923	g12855
ECA923	g9716
ECA923	g21124
ECA923	g8095
ECA923	g13935
ECA923	g21603
ECA923	g17098
ECA923	g21123
ECA923	g21155
ECA923	g21316
ECA923	g21602
ECA923	g21629
ECA923	g13866
ECA923	g20052
ECA923	g21624
ECA923	g177
ECA923	g19964
ECA923	g8097
ECA923	g16438
ECA923	g8240
ECA923	g21589
ECA923	g12850
ECA923	g21601
ECA923	g20588
ECA923	g46
ECA923	g20673
ECA923	g13881
ECA923	g182
ECA923	g4923
ECA923	g10460
ECA923	g12722
ECA923	g19364
ECA923	g21649
ECA923	g18504
ECA923	g2122
ECA923	g12938
ECA923	g21152
ECA923	g6905
ECA923	g13422
ECA923	g13414
ECA923	g17594
ECA923	g4901
ECA923	g18505
ECA923	g12117
ECA923	g9492
ECA923	g19336
ECA923	g21527
ECA923	g19811
ECA923	g19270
ECA923	g12958
ECA923	g21135
ECA923	g12263
ECA923	g13056
ECA923	g16987
ECA923	g21313
ECA923	g20823
ECA923	g9764
ECA923	g20745
ECA923	g12907
ECA923	g13337
ECA923	g6908
ECA923	g12890
ECA923	g21149
ECA923	g12845
ECA923	g17110
ECA923	g19856
ECA923	g12289
ECA923	g19054
ECA923	g8314
ECA923	g8181
ECA923	g17330
ECA923	g21077
ECA923	g20741
ECA923	g6901
ECA923	g19855
ECA923	g21630
ECA923	g4922
ECA923	g4679
ECA923	g19962
ECA923	g13867
ECA923	g9183
ECA923	g13006
ECA923	g21312
ECA923	g18630
ECA923	g19277
ECA923	g12848
ECA923	g21543
ECA923	g999
ECA923	g3856
ECA923	g19779
ECA923	g19359
ECA923	g13134
ECA923	g18629
ECA923	g8100
ECA923	g12849
ECA923	g13221
ECA923	g9450
ECA923	g12785
ECA923	g13843
ECA923	g19050
ECA923	g20747
ECA923	g20746
ECA923	g19958
ECA923	g2457
ECA923	g18508
ECA923	g642
ECA923	g13200
ECA923	g21580
ECA923	g7909
ECA923	g19360
ECA923	g3710
ECA923	g14109
ECA923	g8591
ECA923	g19931
ECA923	g11633
ECA923	g4850
ECA923	g12937
ECA923	g13040
ECA923	g7624
ECA923	g21338
ECA923	g13876
ECA923	g4684
ECA923	g19717
ECA923	g13109
ECA923	g20750
ECA923	g9868
ECA923	g4882
ECA923	g22172
ECA923	g21558
ECA923	g20731
ECA923	g13108
ECA923	g265
ECA923	g5287
ECA923	g9882
ECA923	g13918
ECA923	g21126
ECA923	g19959
ECA923	g426
ECA923	g146
ECA923	g19049
ECA923	g702
ECA923	g13274
ECA923	g12844
ECA923	g18502
ECA923	g21552
ECA923	g9880
ECA923	g9765
ECA923	g20589
ECA923	g20475
ECA923	g5073
ECA923	g13339
ECA923	g13875
ECA923	g21605
ECA923	g17111
ECA923	g19932
ECA923	g796
ECA923	g12116
ECA923	g19961
ECA923	g21626
ECA923	g21542
ECA923	g21607
ECA923	g2124
ECA923	g19780
ECA923	g21199
ECA923	g21538
ECA923	g8096
ECA923	g21581
ECA923	g21600
ECA923	g16988
ECA923	g17103
ECA923	g10285
ECA923	g19960
ECA923	g4325
ECA923	g11632
ECA923	g8094
ECA923	g21161
ECA923	g21148
ECA923	g1242
ECA923	g21132
ECA923	g8046
ECA923	g21153
ECA923	g12685
ECA923	g21598
ECA923	g6910
ECA923	g21156
ECA923	g17454
ECA923	g7756
ECA923	g21128
ECA923	g4885
ECA923	g2818
ECA923	g12888
ECA923	g21151
ECA923	g14657
ECA923	g19361
ECA923	g21578
ECA923	g976
ECA923	g12945
ECA923	g17104
ECA923	g183
ECA923	g20822
ECA923	g21625
ECA923	g2945
ECA923	g21610
ECA923	g20231
ECA923	g20820
ECA923	g4913
ECA923	g8093
ECA923	g12783
ECA923	g12899
ECA923	g9891
ECA923	g12851
ECA923	g4686
ECA923	g4914
ECA923	g12839
ECA923	g21604
ECA923	g9928
ECA923	g12724
ECA923	g20742
ECA923	g21125
ECA923	g21553
ECA923	g1020
ECA923	g20744
ECA923	g1324
ECA923	g18503
ECA923	g13917
ECA923	g13829
ECA923	g20748
ECA923	g20658
ECA923	g21121
ECA923	g6906
ECA923	g21122
ECA923	g12846
JU775	g14334
JU775	g353
JU775	g10361
JU775	g924
JU775	g4984
JU775	g21926
JU775	g12385
JU775	g2851
JU775	g1994
JU775	g934
JU775	g892
JU775	g21587
JU775	g14587
JU775	g21929
JU775	g14068
JU775	g4133
JU775	g5112
JU775	g4236
JU775	g3728
JU775	g21399
JU775	g11800
JU775	g5145
JU775	g4658
JU775	g4240
JU775	g20813
JU775	g931
JU775	g4640
JU775	g916
JU775	g5111
JU775	g2477
JU775	g4711
JU775	g4786
JU775	g3348
JU775	g1041
JU775	g10422
JU775	g9952
JU775	g926
JU775	g21886
JU775	g4647
JU775	g2854
JU775	g22078
JU775	g2855
JU775	g4822
JU775	g14422
JU775	g22430
JU775	g10192
JU775	g15321
JU775	g4823
JU775	g345
JU775	g19900
JU775	g17170
JU775	g15752
JU775	g3269
JU775	g1992
JU775	g930
JU775	g14845
JU775	g22428
JU775	g3454
JU775	g4829
JU775	g4319
JU775	g7294
JU775	g20695
JU775	g8271
JU775	g3829
JU775	g13905
JU775	g4659
JU775	g919
JU775	g21747
JU775	g777
JU775	g21406
JU775	g10589
JU775	g359
JU775	g10390
JU775	g3796
JU775	g8264
JU775	g2852
JU775	g19983
JU775	g7799
JU775	g4082
JU775	g20724
JU775	g21924
JU775	g4238
JU775	g4645
JU775	g4636
JU775	g18870
JU775	g2767
JU775	g19984
JU775	g996
JU775	g4242
JU775	g4160
JU775	g5104
JU775	g13898
JU775	g4666
JU775	g5103
JU775	g5132
JU775	g3545
JU775	g5126
JU775	g3967
JU775	g1060
JU775	g3455
JU775	g20811
JU775	g546
JU775	g12625
JU775	g4637
JU775	g6036
JU775	g5090
JU775	g922
JU775	g5102
JU775	g4663
JU775	g22262
JU775	g4664
JU775	g19366
JU775	g3207
JU775	g10431
JU775	g4145
JU775	g5153
JU775	g17167
JU775	g844
JU775	g5285
JU775	g882
JU775	g347
JU775	g355
JU775	g10410
JU775	g4223
JU775	g5110
JU775	g2826
JU775	g5028
JU775	g6189
JU775	g2850
JU775	g2761
JU775	g21925
JU775	g2856
JU775	g2859
JU775	g1528
JU775	g717
JU775	g4825
JU775	g4320
JU775	g872
JU775	g4234
JU775	g5287
JU775	g824
JU775	g891
JU775	g4660
JU775	g928
JU775	g632
JU775	g19942
JU775	g920
JU775	g13501
JU775	g2540
JU775	g1997
JU775	g2543
JU775	g4232
JU775	g13263
JU775	g1103
JU775	g19931
JU775	g925
JU775	g5281
JU775	g3344
JU775	g5133
JU775	g10430
JU775	g10184
JU775	g927
JU775	g3453
JU775	g20860
JU775	g20808
JU775	g14604
JU775	g4824
JU775	g4233
JU775	g4106
JU775	g5044
JU775	g22059
JU775	g1995
JU775	g17786
JU775	g923
JU775	g5109
JU775	g3449
JU775	g17498
JU775	g1998
JU775	g19947
JU775	g21463
JU775	g20595
JU775	g566
JU775	g5081
JU775	g3206
JU775	g4239
JU775	g2858
JU775	g22166
JU775	g20338
JU775	g19941
JU775	g1996
JU775	g3422
JU775	g16359
JU775	g2120
JU775	g10359
JU775	g845
JU775	g734
JU775	g19542
JU775	g4850
JU775	g13494
JU775	g660
JU775	g10391
JU775	g6732
JU775	g4317
JU775	g2119
JU775	g5059
JU775	g21845
JU775	g13906
JU775	g2539
JU775	g14333
JU775	g4638
JU775	g3450
JU775	g21683
JU775	g1500
JU775	g17169
JU775	g495
JU775	g929
JU775	g13909
JU775	g13922
JU775	g6213
JU775	g427
JU775	g778
JU775	g5106
JU775	g15982
JU775	g13495
JU775	g3423
JU775	g21312
JU775	g4644
JU775	g3300
JU775	g1680
JU775	g3452
JU775	g21001
JU775	g5129
JU775	g5043
JU775	g7797
JU775	g8
JU775	g5039
JU775	g20812
JU775	g5082
JU775	g20001
JU775	g5101
JU775	g4828
JU775	g350
JU775	g3451
JU775	g8269
JU775	g16360
JU775	g10057
JU775	g661
JU775	g4672
JU775	g11474
JU775	g4583
JU775	g5053
JU775	g879
JU775	g15080
JU775	g22429
JU775	g4661
JU775	g995
JU775	g5099
JU775	g5289
JU775	g19932
JU775	g4826
JU775	g4667
JU775	g1993
JU775	g13144
JU775	g20669
JU775	g19408
JU775	g10394
JU775	g7798
JU775	g17857
JU775	g20128
JU775	g4662
JU775	g5079
JU775	g21138
JU775	g837
JU775	g14292
JU775	g5127
JU775	g893
JU775	g1059
JU775	g17984
JU775	g5113
JU775	g3345
JU775	g549
JU775	g20814
JU775	g7649
JU775	g917
JU775	g921
JU775	g10191
JU775	g21923
JU775	g13500
JU775	g5105
JU775	g4634
JU775	g13861
JU775	g4635
JU775	g13506
JU775	g1679
JU775	g4235
JU775	g4083
JU775	g5054
JU775	g2853
JU775	g11391
JU775	g429
JU775	g10806
JU775	g19887
JU775	g10189
JU775	g994
JU775	g3268
JU775	g5286
JU775	g14019
JU775	g4237
ECA2377	g19756
ECA2377	g15971
ECA2377	g8927
ECA2377	g6294
ECA2377	g471
ECA2377	g3066
ECA2377	g4464
ECA2377	g5400
ECA2377	g1110
ECA2377	g5954
ECA2377	g15721
ECA2377	g4314
ECA2377	g4348
ECA2377	g3949
ECA2377	g5767
ECA2377	g12509
ECA2377	g5432
ECA2377	g4928
ECA2377	g462
ECA2377	g1155
ECA2377	g1142
ECA2377	g5329
ECA2377	g4291
ECA2377	g2696
ECA2377	g5345
ECA2377	g3070
ECA2377	g5093
ECA2377	g5052
ECA2377	g1258
ECA2377	g4913
ECA2377	g14646
ECA2377	g1151
ECA2377	g5115
ECA2377	g19549
ECA2377	g1149
ECA2377	g6253
ECA2377	g995
ECA2377	g4465
ECA2377	g16835
ECA2377	g4931
ECA2377	g6290
ECA2377	g14644
ECA2377	g3069
ECA2377	g4915
ECA2377	g8746
ECA2377	g15882
ECA2377	g13880
ECA2377	g5390
ECA2377	g4469
ECA2377	g11345
ECA2377	g9353
ECA2377	g5088
ECA2377	g5401
ECA2377	g460
ECA2377	g19066
ECA2377	g5391
ECA2377	g1148
ECA2377	g3491
ECA2377	g778
ECA2377	g19585
ECA2377	g1154
ECA2377	g15464
ECA2377	g13878
ECA2377	g3678
ECA2377	g5094
ECA2377	g2214
ECA2377	g4545
ECA2377	g8375
ECA2377	g2215
ECA2377	g775
ECA2377	g4046
ECA2377	g19543
ECA2377	g4929
ECA2377	g1145
ECA2377	g5399
ECA2377	g6109
ECA2377	g475
ECA2377	g5774
ECA2377	g4015
ECA2377	g8367
ECA2377	g3067
ECA2377	g15230
ECA2377	g9851
ECA2377	g4470
ECA2377	g8977
ECA2377	g15972
ECA2377	g3566
ECA2377	g4905
ECA2377	g19536
ECA2377	g8988
ECA2377	g1278
ECA2377	g5325
ECA2377	g20160
ECA2377	g16240
ECA2377	g5420
ECA2377	g1212
ECA2377	g1143
ECA2377	g4903
ECA2377	g4937
ECA2377	g5417
ECA2377	g5370
ECA2377	g3764
ECA2377	g5309
ECA2377	g14789
ECA2377	g3518
ECA2377	g6297
ECA2377	g3679
ECA2377	g14648
ECA2377	g1724
ECA2377	g13333
ECA2377	g4930
ECA2377	g20486
ECA2377	g20593
ECA2377	g5089
ECA2377	g19535
ECA2377	g20229
ECA2377	g3430
ECA2377	g16989
ECA2377	g4912
ECA2377	g4981
ECA2377	g4360
ECA2377	g1153
ECA2377	g4466
ECA2377	g5439
ECA2377	g19506
ECA2377	g20583
ECA2377	g19063
ECA2377	g1062
ECA2377	g9855
ECA2377	g5368
ECA2377	g7388
ECA2377	g1146
ECA2377	g4182
ECA2377	g4542
ECA2377	g5392
ECA2377	g14730
ECA2377	g5369
ECA2377	g2213
ECA2377	g3041
ECA2377	g4908
ECA2377	g3065
ECA2377	g2975
ECA2377	g1043
ECA2377	g3072
ECA2377	g1750
ECA2377	g5090
ECA2377	g13093
ECA2377	g1109
ECA2377	g863
ECA2377	g16408
ECA2377	g4387
ECA2377	g2763
ECA2377	g14867
ECA2377	g4471
ECA2377	g8961
ECA2377	g9859
ECA2377	g3677
ECA2377	g5337
ECA2377	g15704
ECA2377	g996
ECA2377	g2337
ECA2377	g5387
ECA2377	g4938
ECA2377	g2212
ECA2377	g3429
ECA2377	g18086
ECA2377	g19534
ECA2377	g3490
ECA2377	g3563
ECA2377	g8752
ECA2377	g2336
ECA2377	g14651
ECA2377	g4290
ECA2377	g8757
ECA2377	g5419
ECA2377	g2760
ECA2377	g892
ECA2377	g3673
ECA2377	g19388
ECA2377	g4374
ECA2377	g2216
ECA2377	g17874
ECA2377	g5830
ECA2377	g795
ECA2377	g14468
ECA2377	g660
ECA2377	g4473
ECA2377	g1322
ECA2377	g3071
ECA2377	g9853
ECA2377	g4544
ECA2377	g15115
ECA2377	g3646
ECA2377	g11753
ECA2377	g14645
ECA2377	g465
ECA2377	g1063
ECA2377	g20355
ECA2377	g963
ECA2377	g21403
ECA2377	g2982
ECA2377	g1111
ECA2377	g14003
ECA2377	g19544
ECA2377	g1158
ECA2377	g21087
ECA2377	g5505
ECA2377	g890
ECA2377	g8997
ECA2377	g13997
ECA2377	g4467
ECA2377	g1101
ECA2377	g8957
ECA2377	g6818
ECA2377	g8996
ECA2377	g6209
ECA2377	g16407
ECA2377	g4932
ECA2377	g4904
ECA2377	g4468
ECA2377	g4906
ECA2377	g3674
ECA2377	g947
ECA2377	g1093
ECA2377	g2759
ECA2377	g17684
ECA2377	g3589
ECA2377	g723
ECA2377	g6292
ECA2377	g16405
ECA2377	g16393
ECA2377	g9147
ECA2377	g2210
ECA2377	g8744
ECA2377	g14002
ECA2377	g3647
ECA2377	g5678
ECA2377	g1897
ECA2377	g3676
ECA2377	g16290
ECA2377	g19065
ECA2377	g5393
ECA2377	g468
ECA2377	g14647
ECA2377	g19602
ECA2377	g62
ECA2377	g13996
ECA2377	g1150
ECA2377	g16811
ECA2377	g3675
ECA2377	g8373
ECA2377	g11754
ECA2377	g22745
ECA2377	g8956
ECA2377	g5398
ECA2377	g5394
ECA2377	g4943
ECA2377	g18334
ECA2377	g2211
ECA2377	g14599
ECA2377	g589
ECA2377	g4935
ECA2377	g5397
ECA2377	g13879
ECA2377	g1056
ECA2377	g1211
ECA2377	g5091
ECA2377	g5340
ECA2377	g14359
ECA2377	g21270
ECA2377	g4855
ECA2377	g4933
ECA2377	g6047
ECA2377	g5366
ECA2377	g5389
ECA2377	g5087
ECA2377	g6291
ECA2377	g5415
ECA2377	g1277
ECA2377	g7368
ECA2377	g7893
ECA2377	g3564
ECA2377	g19584
ECA2377	g7744
ECA2377	g4934
ECA2377	g16416
ECA2377	g1147
ECA2377	g7892
ECA2377	g8758
ECA2377	g8745
ECA2377	g16289
ECA2377	g16453
ECA2377	g13991
ECA2377	g1896
ECA2377	g662
ECA2377	g18106
ECA2377	g3068
ECA2377	g18415
ECA2377	g4455
ECA2377	g5269
ECA2377	g14
ECA2377	g1210
ECA2377	g4901
ECA2377	g9854
ECA2377	g16013
ECA2377	g4902
ECA2377	g8925
ECA3088	g5286
ECA3088	g7291
ECA3088	g3880
ECA3088	g458
ECA3088	g4820
ECA3088	g18845
ECA3088	g402
ECA3088	g11175
ECA3088	g3738
ECA3088	g1431
ECA3088	g3294
ECA3088	g395
ECA3088	g19194
ECA3088	g7041
ECA3088	g4818
ECA3088	g5292
ECA3088	g7561
ECA3088	g1420
ECA3088	g21095
ECA3088	g10593
ECA3088	g5935
ECA3088	g3879
ECA3088	g11960
ECA3088	g1075
ECA3088	g22718
ECA3088	g22727
ECA3088	g3016
ECA3088	g4817
ECA3088	g3801
ECA3088	g22674
ECA3088	g1463
ECA3088	g12082
ECA3088	g3390
ECA3088	g4790
ECA3088	g15541
ECA3088	g4268
ECA3088	g1380
ECA3088	g8130
ECA3088	g8155
ECA3088	g18849
ECA3088	g4685
ECA3088	g3389
ECA3088	g17388
ECA3088	g293
ECA3088	g7204
ECA3088	g1197
ECA3088	g4814
ECA3088	g5471
ECA3088	g17747
ECA3088	g2531
ECA3088	g2533
ECA3088	g6785
ECA3088	g5317
ECA3088	g4002
ECA3088	g4899
ECA3088	g4898
ECA3088	g1014
ECA3088	g1264
ECA3088	g14550
ECA3088	g4648
ECA3088	g7728
ECA3088	g22743
ECA3088	g9005
ECA3088	g1473
ECA3088	g19033
ECA3088	g15184
ECA3088	g22602
ECA3088	g3387
ECA3088	g12464
ECA3088	g7727
ECA3088	g22657
ECA3088	g7736
ECA3088	g5313
ECA3088	g19652
ECA3088	g3080
ECA3088	g18379
ECA3088	g4799
ECA3088	g19316
ECA3088	g1642
ECA3088	g4795
ECA3088	g6538
ECA3088	g1432
ECA3088	g22720
ECA3088	g22717
ECA3088	g1313
ECA3088	g13756
ECA3088	g19381
ECA3088	g22747
ECA3088	g5318
ECA3088	g4812
ECA3088	g4089
ECA3088	g1423
ECA3088	g3300
ECA3088	g16096
ECA3088	g18842
ECA3088	g4003
ECA3088	g5937
ECA3088	g17746
ECA3088	g3386
ECA3088	g5472
ECA3088	g8315
ECA3088	g11959
ECA3088	g5289
ECA3088	g4366
ECA3088	g1465
ECA3088	g1311
ECA3088	g1601
ECA3088	g1531
ECA3088	g1467
ECA3088	g13962
ECA3088	g9836
ECA3088	g15034
ECA3088	g11412
ECA3088	g17742
ECA3088	g18847
ECA3088	g22719
ECA3088	g4334
ECA3088	g21093
ECA3088	g14173
ECA3088	g7292
ECA3088	g3079
ECA3088	g335
ECA3088	g393
ECA3088	g4515
ECA3088	g5329
ECA3088	g6023
ECA3088	g5466
ECA3088	g22726
ECA3088	g241
ECA3088	g4810
ECA3088	g19374
ECA3088	g3885
ECA3088	g3392
ECA3088	g5469
ECA3088	g1602
ECA3088	g13921
ECA3088	g408
ECA3088	g5320
ECA3088	g4626
ECA3088	g13993
ECA3088	g1577
ECA3088	g5284
ECA3088	g1466
ECA3088	g4809
ECA3088	g5004
ECA3088	g2536
ECA3088	g3083
ECA3088	g13991
ECA3088	g940
ECA3088	g12294
ECA3088	g3800
ECA3088	g22699
ECA3088	g5237
ECA3088	g21089
ECA3088	g12069
ECA3088	g5436
ECA3088	g5297
ECA3088	g1374
ECA3088	g22748
ECA3088	g1433
ECA3088	g22745
ECA3088	g7023
ECA3088	g2078
ECA3088	g18811
ECA3088	g3829
ECA3088	g17408
ECA3088	g15035
ECA3088	g13930
ECA3088	g3360
ECA3088	g14552
ECA3088	g1195
ECA3088	g5319
ECA3088	g5940
ECA3088	g22725
ECA3088	g22729
ECA3088	g5742
ECA3088	g5321
ECA3088	g12419
ECA3088	g3997
ECA3088	g18073
ECA3088	g1470
ECA3088	g2537
ECA3088	g1100
ECA3088	g5298
ECA3088	g2048
ECA3088	g394
ECA3088	g5316
ECA3088	g5323
ECA3088	g291
ECA3088	g11957
ECA3088	g6422
ECA3088	g22722
ECA3088	g3970
ECA3088	g2658
ECA3088	g21815
ECA3088	g13941
ECA3088	g352
ECA3088	g3391
ECA3088	g17744
ECA3088	g4813
ECA3088	g1312
ECA3088	g12076
ECA3088	g439
ECA3088	g22728
ECA3088	g22760
ECA3088	g22653
ECA3088	g13966
ECA3088	g2657
ECA3088	g1381
ECA3088	g18929
ECA3088	g5287
ECA3088	g2535
ECA3088	g14167
ECA3088	g22666
ECA3088	g1279
ECA3088	g7725
ECA3088	g2534
ECA3088	g17162
ECA3088	g18887
ECA3088	g18848
ECA3088	g7712
ECA3088	g1530
ECA3088	g1462
ECA3088	g5324
ECA3088	g9425
ECA3088	g12552
ECA3088	g19471
ECA3088	g5933
ECA3088	g2226
ECA3088	g4000
ECA3088	g1469
ECA3088	g1362
ECA3088	g22767
ECA3088	g5314
ECA3088	g14557
ECA3088	g5365
ECA3088	g5936
ECA3088	g4816
ECA3088	g5467
ECA3088	g5465
ECA3088	g19097
ECA3088	g9837
ECA3088	g5497
ECA3088	g440
ECA3088	g13967
ECA3088	g5888
ECA3088	g4697
ECA3088	g5293
ECA3088	g4896
ECA3088	g22706
ECA3088	g4811
ECA3088	g4625
ECA3088	g22697
ECA3088	g22715
ECA3088	g21097
ECA3088	g7334
ECA3088	g22669
ECA3088	g11958
ECA3088	g2532
ECA3088	g4815
ECA3088	g3998
ECA3088	g21945
ECA3088	g18445
ECA3088	g5468
ECA3088	g22700
ECA3088	g5934
ECA3088	g867
ECA3088	g5315
ECA3088	g22658
ECA3088	g4732
ECA3088	g18571
ECA3088	g12075
ECA3088	g14168
ECA3088	g4001
ECA3088	g17077
ECA3088	g1078
ECA3088	g3882
ECA3088	g6154
ECA3088	g3737
ECA3088	g1472
ECA3088	g22721
ECA3088	g3385
ECA3088	g7773
ECA3088	g1476
ECA3088	g1419
ECA3088	g18711
ECA3088	g857
ECA3088	g2225
ECA3088	g22118
ECA3088	g938
ECA3088	g8777
ECA3088	g1468
ECA3088	g5285
ECA3088	g15562
ECA3088	g3388
ECA3088	g13920
ECA3088	g6077
ECA3088	g3971
ECA3088	g1169
ECA3088	g403
ECA3088	g22641
ECA3088	g3999
ECA3088	g5300
ECA3088	g21094
ECA3088	g22582
ECA3088	g7609
ECA3088	g12081
JU1400	g20444
JU1400	g13619
JU1400	g20851
JU1400	g20106
JU1400	g19761
JU1400	g7124
JU1400	g3920
JU1400	g11965
JU1400	g3134
JU1400	g19224
JU1400	g19214
JU1400	g12301
JU1400	g13362
JU1400	g11962
JU1400	g4900
JU1400	g2541
JU1400	g21865
JU1400	g4029
JU1400	g21350
JU1400	g19767
JU1400	g4030
JU1400	g19169
JU1400	g7285
JU1400	g7305
JU1400	g7297
JU1400	g19182
JU1400	g295
JU1400	g21401
JU1400	g21776
JU1400	g21475
JU1400	g4526
JU1400	g21826
JU1400	g3919
JU1400	g19060
JU1400	g4386
JU1400	g17577
JU1400	g19174
JU1400	g12005
JU1400	g19334
JU1400	g21853
JU1400	g14483
JU1400	g21825
JU1400	g1819
JU1400	g9455
JU1400	g13528
JU1400	g20854
JU1400	g1821
JU1400	g17873
JU1400	g21514
JU1400	g19769
JU1400	g5495
JU1400	g15537
JU1400	g15336
JU1400	g1972
JU1400	g19170
JU1400	g13108
JU1400	g3918
JU1400	g4633
JU1400	g21520
JU1400	g21831
JU1400	g773
JU1400	g7663
JU1400	g772
JU1400	g4997
JU1400	g14054
JU1400	g19179
JU1400	g12150
JU1400	g20782
JU1400	g21330
JU1400	g7095
JU1400	g21760
JU1400	g12481
JU1400	g19754
JU1400	g4967
JU1400	g10499
JU1400	g7672
JU1400	g20722
JU1400	g8141
JU1400	g20698
JU1400	g21334
JU1400	g20855
JU1400	g1910
JU1400	g21821
JU1400	g19178
JU1400	g21326
JU1400	g13888
JU1400	g19106
JU1400	g20858
JU1400	g19181
JU1400	g20270
JU1400	g21358
JU1400	g4722
JU1400	g1822
JU1400	g10501
JU1400	g19041
JU1400	g4634
JU1400	g1823
JU1400	g11968
JU1400	g3374
JU1400	g7286
JU1400	g19549
JU1400	g19176
JU1400	g20850
JU1400	g20202
JU1400	g17073
JU1400	g21352
JU1400	g6446
JU1400	g6118
JU1400	g21515
JU1400	g20216
JU1400	g11966
JU1400	g21848
JU1400	g7052
JU1400	g14634
JU1400	g21743
JU1400	g4031
JU1400	g775
JU1400	g5492
JU1400	g19264
JU1400	g10503
JU1400	g20203
JU1400	g8644
JU1400	g19758
JU1400	g20840
JU1400	g774
JU1400	g1093
JU1400	g4003
JU1400	g21351
JU1400	g4479
JU1400	g21833
JU1400	g11
JU1400	g19284
JU1400	g1238
JU1400	g19384
JU1400	g21516
JU1400	g20931
JU1400	g20211
JU1400	g13937
JU1400	g19234
JU1400	g19215
JU1400	g19172
JU1400	g21327
JU1400	g21325
JU1400	g21798
JU1400	g1264
JU1400	g227
JU1400	g2051
JU1400	g19000
JU1400	g20856
JU1400	g8667
JU1400	g21277
JU1400	g10508
JU1400	g21328
JU1400	g4523
JU1400	g17084
JU1400	g4632
JU1400	g13345
JU1400	g19333
JU1400	g651
JU1400	g13662
JU1400	g21819
JU1400	g5
JU1400	g15712
JU1400	g5132
JU1400	g4448
JU1400	g19462
JU1400	g652
JU1400	g7092
JU1400	g20172
JU1400	g1826
JU1400	g19175
JU1400	g13620
JU1400	g231
JU1400	g4628
JU1400	g5824
JU1400	g771
JU1400	g20210
JU1400	g12423
JU1400	g19529
JU1400	g21829
JU1400	g1633
JU1400	g4027
JU1400	g7096
JU1400	g7304
JU1400	g7296
JU1400	g2328
JU1400	g4601
JU1400	g21756
JU1400	g19263
JU1400	g19368
JU1400	g9779
JU1400	g21873
JU1400	g21541
JU1400	g17072
JU1400	g4385
JU1400	g19438
JU1400	g17078
JU1400	g14039
JU1400	g12488
JU1400	g20852
JU1400	g22552
JU1400	g19437
JU1400	g12046
JU1400	g14053
JU1400	g20253
JU1400	g20853
JU1400	g4629
JU1400	g6545
JU1400	g18300
JU1400	g21822
JU1400	g21769
JU1400	g232
JU1400	g19617
JU1400	g19171
JU1400	g7053
JU1400	g777
JU1400	g14051
JU1400	g13938
JU1400	g20699
JU1400	g21519
JU1400	g6901
JU1400	g20849
JU1400	g19685
JU1400	g4602
JU1400	g12575
JU1400	g1092
JU1400	g4631
JU1400	g6185
JU1400	g20201
JU1400	g20754
JU1400	g7306
JU1400	g5494
JU1400	g4449
JU1400	g8143
JU1400	g21335
JU1400	g21823
JU1400	g21800
JU1400	g21808
JU1400	g17079
JU1400	g19764
JU1400	g14459
JU1400	g4630
JU1400	g7665
JU1400	g18301
JU1400	g16933
JU1400	g21830
JU1400	g21852
JU1400	g21801
JU1400	g7071
JU1400	g21365
JU1400	g17659
JU1400	g1775
JU1400	g12865
JU1400	g21356
JU1400	g1820
JU1400	g21353
JU1400	g19107
JU1400	g21517
JU1400	g21359
JU1400	g12209
JU1400	g16887
JU1400	g9643
JU1400	g8142
JU1400	g19213
JU1400	g21354
JU1400	g4028
JU1400	g19108
JU1400	g7299
JU1400	g7291
JU1400	g12753
JU1400	g19271
JU1400	g21513
JU1400	g20930
JU1400	g19042
JU1400	g6313
JU1400	g20928
JU1400	g4524
JU1400	g16775
JU1400	g16565
JU1400	g21850
JU1400	g8290
JU1400	g19546
JU1400	g14062
JU1400	g19177
JU1400	g19166
JU1400	g21824
JU1400	g21324
JU1400	g14099
JU1400	g21355
JU1400	g11967
JU1400	g21337
JU1400	g7060
JU1400	g21770
JU1400	g15733
JU1400	g19683
JU1400	g776
JU1400	g20252
JU1400	g21696
JU1400	g21832
JU1400	g6687
JU1400	g20158
JU1400	g4026
JU1400	g20766
JU1400	g10502
JU1400	g8953
JU1400	g19173
JU1400	g7126
JU2526	g13926
JU2526	g4765
JU2526	g16467
JU2526	g7087
JU2526	g12605
JU2526	g5825
JU2526	g2282
JU2526	g3140
JU2526	g4191
JU2526	g913
JU2526	g63
JU2526	g4233
JU2526	g6743
JU2526	g13671
JU2526	g14192
JU2526	g1017
JU2526	g4243
JU2526	g919
JU2526	g1421
JU2526	g15292
JU2526	g5244
JU2526	g512
JU2526	g915
JU2526	g4770
JU2526	g4194
JU2526	g16305
JU2526	g16294
JU2526	g346
JU2526	g49
JU2526	g4209
JU2526	g40
JU2526	g2661
JU2526	g343
JU2526	g1792
JU2526	g4087
JU2526	g11973
JU2526	g4199
JU2526	g7047
JU2526	g7084
JU2526	g95
JU2526	g2279
JU2526	g22087
JU2526	g2278
JU2526	g13837
JU2526	g22247
JU2526	g8344
JU2526	g348
JU2526	g4772
JU2526	g20203
JU2526	g20890
JU2526	g18259
JU2526	g1866
JU2526	g3142
JU2526	g4195
JU2526	g13416
JU2526	g1688
JU2526	g7
JU2526	g342
JU2526	g837
JU2526	g127
JU2526	g7342
JU2526	g1321
JU2526	g14358
JU2526	g511
JU2526	g4206
JU2526	g6903
JU2526	g22249
JU2526	g4344
JU2526	g16693
JU2526	g16496
JU2526	g114
JU2526	g1354
JU2526	g7349
JU2526	g2281
JU2526	g20119
JU2526	g7823
JU2526	g1071
JU2526	g527
JU2526	g12693
JU2526	g917
JU2526	g535
JU2526	g110
JU2526	g2366
JU2526	g20118
JU2526	g4132
JU2526	g990
JU2526	g47
JU2526	g14365
JU2526	g504
JU2526	g48
JU2526	g20
JU2526	g1601
JU2526	g7090
JU2526	g9262
JU2526	g4068
JU2526	g1687
JU2526	g12608
JU2526	g4573
JU2526	g6062
JU2526	g16304
JU2526	g15285
JU2526	g14943
JU2526	g4203
JU2526	g510
JU2526	g347
JU2526	g1927
JU2526	g16538
JU2526	g1005
JU2526	g12606
JU2526	g39
JU2526	g22350
JU2526	g20893
JU2526	g4279
JU2526	g9259
JU2526	g8324
JU2526	g4762
JU2526	g16517
JU2526	g931
JU2526	g41
JU2526	g2307
JU2526	g14789
JU2526	g2283
JU2526	g2373
JU2526	g2274
JU2526	g2277
JU2526	g3608
JU2526	g4403
JU2526	g836
JU2526	g4251
JU2526	g921
JU2526	g4299
JU2526	g4234
JU2526	g4197
JU2526	g4486
JU2526	g534
JU2526	g536
JU2526	g20160
JU2526	g109
JU2526	g4205
JU2526	g11473
JU2526	g2597
JU2526	g3137
JU2526	g2593
JU2526	g922
JU2526	g11708
JU2526	g4027
JU2526	g581
JU2526	g20171
JU2526	g4200
JU2526	g9255
JU2526	g533
JU2526	g385
JU2526	g1795
JU2526	g19
JU2526	g16537
JU2526	g4198
JU2526	g1689
JU2526	g13654
JU2526	g1047
JU2526	g4201
JU2526	g22107
JU2526	g7824
JU2526	g3139
JU2526	g20269
JU2526	g12611
JU2526	g42
JU2526	g4202
JU2526	g4134
JU2526	g1693
JU2526	g20560
JU2526	g3136
JU2526	g20155
JU2526	g6621
JU2526	g12825
JU2526	g4553
JU2526	g1928
JU2526	g916
JU2526	g7971
JU2526	g2275
JU2526	g16295
JU2526	g13079
JU2526	g20161
JU2526	g3138
JU2526	g1720
JU2526	g10877
JU2526	g3015
JU2526	g4768
JU2526	g16465
JU2526	g4278
JU2526	g4387
JU2526	g9975
JU2526	g319
JU2526	g11480
JU2526	g10281
JU2526	g4458
JU2526	g16497
JU2526	g18746
JU2526	g839
JU2526	g3016
JU2526	g7007
JU2526	g7221
JU2526	g14357
JU2526	g2598
JU2526	g13927
JU2526	g1692
JU2526	g6839
JU2526	g3635
JU2526	g20891
JU2526	g4619
JU2526	g4196
JU2526	g14355
JU2526	g14343
JU2526	g14765
JU2526	g7086
JU2526	g4689
JU2526	g4343
JU2526	g45
JU2526	g10461
JU2526	g11479
JU2526	g1719
JU2526	g15380
JU2526	g1838
JU2526	g3455
JU2526	g1690
JU2526	g12423
JU2526	g16293
JU2526	g459
JU2526	g5054
JU2526	g526
JU2526	g12607
JU2526	g72
JU2526	g20101
JU2526	g50
JU2526	g1691
JU2526	g7344
JU2526	g4758
JU2526	g10878
JU2526	g11866
JU2526	g4457
JU2526	g24
JU2526	g1181
JU2526	g497
JU2526	g17570
JU2526	g12558
JU2526	g13182
JU2526	g506
JU2526	g22248
JU2526	g509
JU2526	g4133
JU2526	g101
JU2526	g9264
JU2526	g20170
JU2526	g345
JU2526	g503
JU2526	g73
JU2526	g3141
JU2526	g11827
JU2526	g12751
JU2526	g10107
JU2526	g16500
JU2526	g21791
JU2526	g19975
JU2526	g508
JU2526	g16299
JU2526	g75
JU2526	g15556
JU2526	g4287
JU2526	g13967
JU2526	g349
JU2526	g7085
JU2526	g52
JU2526	g4232
JU2526	g4069
JU2526	g21919
JU2526	g38
JU2526	g1794
JU2526	g4570
JU2526	g16529
JU2526	g12604
JU2526	g4208
JU2526	g4204
JU2526	g531
JU2526	g11474
JU2526	g46
JU2526	g537
JU2526	g14402
JU2526	g507
JU2526	g18065
JU2526	g23
JU2526	g7121
JU2526	g11468
JU2526	g3456
JU2526	g920
JU2526	g1070
JU2526	g524
JU2526	g100
JU2526	g2280
JU2526	g17489
JU2526	g4687
JU2526	g171
JU2526	g16905
JU2526	g20215
JU2526	g1867
JU2526	g9260
JU2526	g14240
JU2526	g21538
JU2526	g918
JU346	g16656
JU346	g18718
JU346	g7647
JU346	g7276
JU346	g11798
JU346	g862
JU346	g7600
JU346	g7611
JU346	g12142
JU346	g3810
JU346	g5239
JU346	g12328
JU346	g4751
JU346	g1450
JU346	g3777
JU346	g6100
JU346	g4285
JU346	g6099
JU346	g4125
JU346	g3820
JU346	g3811
JU346	g9182
JU346	g9963
JU346	g4122
JU346	g4127
JU346	g7650
JU346	g6101
JU346	g5659
JU346	g7651
JU346	g7649
JU346	g11838
JU346	g7494
JU346	g3649
JU346	g4736
JU346	g10759
JU346	g11801
JU346	g11367
JU346	g4298
JU346	g7720
JU346	g18807
JU346	g7090
JU346	g2806
JU346	g21279
JU346	g7653
JU346	g15384
JU346	g11218
JU346	g5687
JU346	g9914
JU346	g16833
JU346	g19229
JU346	g83
JU346	g5503
JU346	g10910
JU346	g4121
JU346	g5751
JU346	g17221
JU346	g3897
JU346	g18200
JU346	g4280
JU346	g3769
JU346	g8705
JU346	g3865
JU346	g5143
JU346	g10081
JU346	g4284
JU346	g7645
JU346	g10758
JU346	g11985
JU346	g21471
JU346	g7766
JU346	g12321
JU346	g3879
JU346	g3870
JU346	g21663
JU346	g5173
JU346	g18192
JU346	g4305
JU346	g3819
JU346	g19459
JU346	g17721
JU346	g4896
JU346	g4872
JU346	g4739
JU346	g7655
JU346	g11278
JU346	g18717
JU346	g3832
JU346	g4738
JU346	g16881
JU346	g10929
JU346	g15998
JU346	g10764
JU346	g3818
JU346	g4277
JU346	g3790
JU346	g16883
JU346	g7159
JU346	g5414
JU346	g4313
JU346	g7612
JU346	g11364
JU346	g11799
JU346	g11795
JU346	g5502
JU346	g11363
JU346	g623
JU346	g4359
JU346	g4283
JU346	g16325
JU346	g20100
JU346	g4814
JU346	g4126
JU346	g4734
JU346	g16868
JU346	g16065
JU346	g5750
JU346	g4735
JU346	g3496
JU346	g4234
JU346	g6098
JU346	g8702
JU346	g4841
JU346	g21441
JU346	g15381
JU346	g7026
JU346	g13379
JU346	g5008
JU346	g8703
JU346	g3812
JU346	g7555
JU346	g18675
JU346	g22173
JU346	g7542
JU346	g21517
JU346	g9462
JU346	g7658
JU346	g7442
JU346	g13377
JU346	g7360
JU346	g7821
JU346	g8215
JU346	g11246
JU346	g7591
JU346	g6102
JU346	g9250
JU346	g19602
JU346	g7654
JU346	g10543
JU346	g8704
JU346	g4733
JU346	g21439
JU346	g3841
JU346	g7648
JU346	g13383
JU346	g82
JU346	g3789
JU346	g5504
JU346	g16882
JU346	g3793
JU346	g18990
JU346	g7495
JU346	g8828
JU346	g8243
JU346	g9469
JU346	g3885
JU346	g22190
JU346	g7610
JU346	g5688
JU346	g8827
JU346	g7787
JU346	g4655
JU346	g11360
JU346	g3813
JU346	g7272
JU346	g4740
JU346	g7718
JU346	g9246
JU346	g5508
JU346	g15709
JU346	g8706
JU346	g12265
JU346	g7293
JU346	g4312
JU346	g11555
JU346	g18973
JU346	g4301
JU346	g6116
JU346	g6114
JU346	g6103
JU346	g16427
JU346	g12048
JU346	g4737
JU346	g19867
JU346	g5535
JU346	g2198
JU346	g5612
JU346	g7562
JU346	g7646
JU346	g2408
JU346	g7458
JU346	g11365
JU346	g4101
JU346	g16873
JU346	g4300
JU346	g7387
JU346	g4164
JU346	g21472
JU346	g20118
JU346	g4658
JU346	g11881
JU346	g10080
JU346	g4310
JU346	g5507
JU346	g9245
JU346	g7221
JU346	g8700
JU346	g16907
JU346	g10078
JU346	g4895
JU346	g10753
JU346	g7643
JU346	g10065
JU346	g7157
JU346	g16874
JU346	g3816
JU346	g9546
JU346	g5534
JU346	g12414
JU346	g4656
JU346	g5506
JU346	g5610
JU346	g8392
JU346	g5505
JU346	g9964
JU346	g4128
JU346	g15383
JU346	g17719
JU346	g16817
JU346	g3821
JU346	g3673
JU346	g18198
JU346	g2197
JU346	g11366
JU346	g6917
JU346	g3795
JU346	g16970
JU346	g7388
JU346	g10754
JU346	g4271
JU346	g18418
JU346	g4314
JU346	g11410
JU346	g5613
JU346	g3843
JU346	g21273
JU346	g4279
JU346	g4282
JU346	g7719
JU346	g3823
JU346	g4124
JU346	g4276
JU346	g10428
JU346	g2277
JU346	g17720
JU346	g3840
JU346	g3880
JU346	g4281
JU346	g6115
JU346	g12592
JU346	g11800
JU346	g81
JU346	g16193
JU346	g3809
JU346	g16834
JU346	g4829
JU346	g17572
JU346	g7784
JU346	g10089
JU346	g7561
JU346	g4308
JU346	g21278
JU346	g21516
JU346	g3817
JU346	g6119
JU346	g6104
JU346	g6113
JU346	g6117
JU346	g10126
JU346	g7642
JU346	g21509
JU346	g8391
JU346	g3869
JU346	g21498
JU346	g21937
JU346	g22211
JU346	g4731
JU346	g13375
JU346	g14855
JU346	g8701
JU346	g3942
JU346	g16920
JU346	g15003
JU346	g4316
JU346	g13378
JU346	g4311
JU346	g21475
JU346	g4315
ECA1493	g618
ECA1493	g6803
ECA1493	g3034
ECA1493	g18950
ECA1493	g12658
ECA1493	g19005
ECA1493	g15632
ECA1493	g4401
ECA1493	g13002
ECA1493	g7055
ECA1493	g320
ECA1493	g470
ECA1493	g9694
ECA1493	g21256
ECA1493	g3937
ECA1493	g16211
ECA1493	g14850
ECA1493	g3775
ECA1493	g8
ECA1493	g19004
ECA1493	g4395
ECA1493	g22626
ECA1493	g22635
ECA1493	g2173
ECA1493	g18966
ECA1493	g3954
ECA1493	g2955
ECA1493	g22580
ECA1493	g14723
ECA1493	g2546
ECA1493	g218
ECA1493	g2450
ECA1493	g8085
ECA1493	g14851
ECA1493	g540
ECA1493	g13122
ECA1493	g4419
ECA1493	g5945
ECA1493	g12662
ECA1493	g580
ECA1493	g3831
ECA1493	g624
ECA1493	g2545
ECA1493	g9623
ECA1493	g17623
ECA1493	g11220
ECA1493	g6890
ECA1493	g11579
ECA1493	g14729
ECA1493	g1676
ECA1493	g1678
ECA1493	g7309
ECA1493	g164
ECA1493	g4422
ECA1493	g4423
ECA1493	g17624
ECA1493	g9072
ECA1493	g6371
ECA1493	g4033
ECA1493	g681
ECA1493	g5081
ECA1493	g88
ECA1493	g12843
ECA1493	g621
ECA1493	g14736
ECA1493	g22511
ECA1493	g615
ECA1493	g4421
ECA1493	g4409
ECA1493	g6
ECA1493	g6802
ECA1493	g19169
ECA1493	g9693
ECA1493	g6537
ECA1493	g4407
ECA1493	g12196
ECA1493	g12524
ECA1493	g7553
ECA1493	g1680
ECA1493	g22628
ECA1493	g22625
ECA1493	g19449
ECA1493	g620
ECA1493	g4353
ECA1493	g22654
ECA1493	g4420
ECA1493	g3950
ECA1493	g3248
ECA1493	g2457
ECA1493	g14254
ECA1493	g8593
ECA1493	g9920
ECA1493	g12655
ECA1493	g11578
ECA1493	g22564
ECA1493	g3159
ECA1493	g17621
ECA1493	g2543
ECA1493	g4583
ECA1493	g5795
ECA1493	g14724
ECA1493	g243
ECA1493	g3524
ECA1493	g13186
ECA1493	g571
ECA1493	g16968
ECA1493	g19012
ECA1493	g2544
ECA1493	g757
ECA1493	g1679
ECA1493	g2892
ECA1493	g682
ECA1493	g15399
ECA1493	g11576
ECA1493	g12660
ECA1493	g22627
ECA1493	g3493
ECA1493	g22604
ECA1493	g21254
ECA1493	g2236
ECA1493	g19072
ECA1493	g3668
ECA1493	g616
ECA1493	g4433
ECA1493	g17532
ECA1493	g4577
ECA1493	g9438
ECA1493	g22634
ECA1493	g3797
ECA1493	g12624
ECA1493	g19013
ECA1493	g3948
ECA1493	g3039
ECA1493	g14
ECA1493	g9685
ECA1493	g4137
ECA1493	g3425
ECA1493	g568
ECA1493	g2548
ECA1493	g728
ECA1493	g4580
ECA1493	g758
ECA1493	g18999
ECA1493	g4424
ECA1493	g14730
ECA1493	g4543
ECA1493	g13436
ECA1493	g3957
ECA1493	g4399
ECA1493	g354
ECA1493	g4030
ECA1493	g3947
ECA1493	g2240
ECA1493	g9625
ECA1493	g22205
ECA1493	g1681
ECA1493	g2954
ECA1493	g22606
ECA1493	g1194
ECA1493	g579
ECA1493	g21250
ECA1493	g3033
ECA1493	g20
ECA1493	g22655
ECA1493	g471
ECA1493	g22652
ECA1493	g8443
ECA1493	g22572
ECA1493	g7074
ECA1493	g2983
ECA1493	g11241
ECA1493	g8592
ECA1493	g1224
ECA1493	g16
ECA1493	g2517
ECA1493	g9070
ECA1493	g2542
ECA1493	g17618
ECA1493	g22637
ECA1493	g17798
ECA1493	g14387
ECA1493	g3153
ECA1493	g11909
ECA1493	g1682
ECA1493	g9674
ECA1493	g4427
ECA1493	g86
ECA1493	g19120
ECA1493	g14852
ECA1493	g19011
ECA1493	g22467
ECA1493	g14345
ECA1493	g22630
ECA1493	g3126
ECA1493	g1804
ECA1493	g4425
ECA1493	g21985
ECA1493	g2547
ECA1493	g3774
ECA1493	g3951
ECA1493	g16969
ECA1493	g4396
ECA1493	g22636
ECA1493	g419
ECA1493	g22667
ECA1493	g22560
ECA1493	g9650
ECA1493	g617
ECA1493	g1803
ECA1493	g12740
ECA1493	g6372
ECA1493	g4406
ECA1493	g610
ECA1493	g19054
ECA1493	g4397
ECA1493	g3933
ECA1493	g8064
ECA1493	g22633
ECA1493	g6375
ECA1493	g9433
ECA1493	g10996
ECA1493	g12661
ECA1493	g4582
ECA1493	g6388
ECA1493	g9439
ECA1493	g11
ECA1493	g4428
ECA1493	g17383
ECA1493	g613
ECA1493	g4538
ECA1493	g541
ECA1493	g4032
ECA1493	g13277
ECA1493	g436
ECA1493	g17625
ECA1493	g1374
ECA1493	g581
ECA1493	g3156
ECA1493	g6489
ECA1493	g6488
ECA1493	g609
ECA1493	g3955
ECA1493	g521
ECA1493	g22675
ECA1493	g9065
ECA1493	g4470
ECA1493	g22651
ECA1493	g17622
ECA1493	g3953
ECA1493	g9654
ECA1493	g4578
ECA1493	g5969
ECA1493	g4576
ECA1493	g12906
ECA1493	g4608
ECA1493	g18965
ECA1493	g9649
ECA1493	g4315
ECA1493	g355
ECA1493	g4402
ECA1493	g17671
ECA1493	g351
ECA1493	g3843
ECA1493	g534
ECA1493	g3949
ECA1493	g22614
ECA1493	g22623
ECA1493	g21258
ECA1493	g6760
ECA1493	g22575
ECA1493	g1677
ECA1493	g3154
ECA1493	g22113
ECA1493	g12264
ECA1493	g4579
ECA1493	g22607
ECA1493	g4418
ECA1493	g3158
ECA1493	g12391
ECA1493	g14512
ECA1493	g3157
ECA1493	g10915
ECA1493	g221
ECA1493	g3036
ECA1493	g4417
ECA1493	g6364
ECA1493	g2891
ECA1493	g18050
ECA1493	g22629
ECA1493	g2237
ECA1493	g13178
ECA1493	g6327
ECA1493	g614
ECA1493	g1373
ECA1493	g4861
ECA1493	g3879
ECA1493	g798
ECA1493	g4398
ECA1493	g17475
ECA1493	g3127
ECA1493	g3952
ECA1493	g22548
ECA1493	g12700
ECA1493	g3155
ECA1493	g21255
ECA1493	g18558
ECA1725	g16659
ECA1725	g7796
ECA1725	g8746
ECA1725	g9713
ECA1725	g3977
ECA1725	g812
ECA1725	g20858
ECA1725	g6399
ECA1725	g8602
ECA1725	g21873
ECA1725	g466
ECA1725	g815
ECA1725	g8731
ECA1725	g19479
ECA1725	g7297
ECA1725	g3438
ECA1725	g4463
ECA1725	g4108
ECA1725	g8721
ECA1725	g4420
ECA1725	g8730
ECA1725	g8436
ECA1725	g6058
ECA1725	g4346
ECA1725	g21919
ECA1725	g19569
ECA1725	g8677
ECA1725	g19947
ECA1725	g8440
ECA1725	g6876
ECA1725	g17508
ECA1725	g17533
ECA1725	g808
ECA1725	g14732
ECA1725	g16573
ECA1725	g7799
ECA1725	g2251
ECA1725	g1892
ECA1725	g6847
ECA1725	g21840
ECA1725	g8251
ECA1725	g16932
ECA1725	g19953
ECA1725	g4226
ECA1725	g16146
ECA1725	g7031
ECA1725	g22207
ECA1725	g8661
ECA1725	g8441
ECA1725	g4047
ECA1725	g5581
ECA1725	g9900
ECA1725	g6782
ECA1725	g11290
ECA1725	g10278
ECA1725	g8268
ECA1725	g7393
ECA1725	g17096
ECA1725	g8264
ECA1725	g1210
ECA1725	g619
ECA1725	g5577
ECA1725	g6427
ECA1725	g290
ECA1725	g2676
ECA1725	g10912
ECA1725	g7363
ECA1725	g13634
ECA1725	g6425
ECA1725	g7643
ECA1725	g9896
ECA1725	g4495
ECA1725	g8435
ECA1725	g7800
ECA1725	g8253
ECA1725	g16660
ECA1725	g4502
ECA1725	g4503
ECA1725	g18373
ECA1725	g8241
ECA1725	g1278
ECA1725	g15901
ECA1725	g19727
ECA1725	g21871
ECA1725	g5109
ECA1725	g7803
ECA1725	g4497
ECA1725	g8723
ECA1725	g9715
ECA1725	g8242
ECA1725	g9898
ECA1725	g22085
ECA1725	g14524
ECA1725	g4505
ECA1725	g4418
ECA1725	g8271
ECA1725	g10285
ECA1725	g7120
ECA1725	g6341
ECA1725	g10762
ECA1725	g5582
ECA1725	g3978
ECA1725	g7032
ECA1725	g4197
ECA1725	g20622
ECA1725	g6424
ECA1725	g9649
ECA1725	g15525
ECA1725	g7795
ECA1725	g4637
ECA1725	g7723
ECA1725	g9888
ECA1725	g6783
ECA1725	g3893
ECA1725	g4224
ECA1725	g17682
ECA1725	g16703
ECA1725	g1082
ECA1725	g8314
ECA1725	g2675
ECA1725	g7696
ECA1725	g15304
ECA1725	g1895
ECA1725	g810
ECA1725	g8722
ECA1725	g15303
ECA1725	g13632
ECA1725	g13630
ECA1725	g8748
ECA1725	g4104
ECA1725	g6121
ECA1725	g21824
ECA1725	g560
ECA1725	g11269
ECA1725	g21879
ECA1725	g15390
ECA1725	g7785
ECA1725	g5580
ECA1725	g8729
ECA1725	g6334
ECA1725	g8437
ECA1725	g6430
ECA1725	g4494
ECA1725	g1893
ECA1725	g7879
ECA1725	g21886
ECA1725	g4452
ECA1725	g8657
ECA1725	g6125
ECA1725	g9491
ECA1725	g7801
ECA1725	g8700
ECA1725	g8197
ECA1725	g13626
ECA1725	g8394
ECA1725	g8720
ECA1725	g770
ECA1725	g15309
ECA1725	g16392
ECA1725	g5579
ECA1725	g8438
ECA1725	g14713
ECA1725	g345
ECA1725	g9899
ECA1725	g9887
ECA1725	g4509
ECA1725	g6122
ECA1725	g6846
ECA1725	g10280
ECA1725	g6423
ECA1725	g8728
ECA1725	g8732
ECA1725	g19948
ECA1725	g7026
ECA1725	g1564
ECA1725	g5583
ECA1725	g15782
ECA1725	g4127
ECA1725	g21880
ECA1725	g15104
ECA1725	g16982
ECA1725	g949
ECA1725	g6429
ECA1725	g8246
ECA1725	g6999
ECA1725	g20074
ECA1725	g8263
ECA1725	g20073
ECA1725	g5705
ECA1725	g6922
ECA1725	g809
ECA1725	g14350
ECA1725	g4411
ECA1725	g4227
ECA1725	g4399
ECA1725	g5258
ECA1725	g7797
ECA1725	g18607
ECA1725	g9689
ECA1725	g11846
ECA1725	g5704
ECA1725	g724
ECA1725	g17095
ECA1725	g5082
ECA1725	g8749
ECA1725	g7798
ECA1725	g8244
ECA1725	g7027
ECA1725	g17093
ECA1725	g8708
ECA1725	g4450
ECA1725	g4345
ECA1725	g8761
ECA1725	g4462
ECA1725	g9658
ECA1725	g8672
ECA1725	g9685
ECA1725	g7644
ECA1725	g17080
ECA1725	g7794
ECA1725	g8269
ECA1725	g4638
ECA1725	g8725
ECA1725	g19954
ECA1725	g7000
ECA1725	g7028
ECA1725	g197
ECA1725	g4310
ECA1725	g8250
ECA1725	g6924
ECA1725	g5259
ECA1725	g7029
ECA1725	g8434
ECA1725	g8767
ECA1725	g10763
ECA1725	g16981
ECA1725	g15305
ECA1725	g4501
ECA1725	g4499
ECA1725	g4563
ECA1725	g8467
ECA1725	g21920
ECA1725	g7667
ECA1725	g8745
ECA1725	g9690
ECA1725	g8277
ECA1725	g14953
ECA1725	g20075
ECA1725	g15256
ECA1725	g6428
ECA1725	g6921
ECA1725	g21467
ECA1725	g21881
ECA1725	g8266
ECA1725	g21777
ECA1725	g20076
ECA1725	g8698
ECA1725	g4295
ECA1725	g8718
ECA1725	g5578
ECA1725	g19607
ECA1725	g14479
ECA1725	g4506
ECA1725	g8701
ECA1725	g22711
ECA1725	g19955
ECA1725	g8265
ECA1725	g22223
ECA1725	g4464
ECA1725	g23
ECA1725	g21779
ECA1725	g8272
ECA1725	g7878
ECA1725	g4680
ECA1725	g7876
ECA1725	g8669
ECA1725	g7030
ECA1725	g15302
ECA1725	g7708
ECA1725	g4608
ECA1725	g17103
ECA1725	g9650
ECA1725	g8724
ECA1725	g8240
ECA1725	g17140
ECA1725	g9669
ECA1725	g4417
ECA1725	g15419
ECA1725	g4498
ECA1725	g846
ECA1725	g21936
ECA1725	g4564
ECA1725	g4344
ECA1725	g6426
ECA1725	g8243
ECA1725	g15446
ECA1725	g15306
ECA1725	g19961
ECA1725	g21872
ECA1725	g284
ECA1725	g21740
ECA1725	g8267
ECA1725	g13631
ECA1725	g4500
ECA1725	g16409
ECA1725	g8644
ECA706	g18646
ECA706	g11159
ECA706	g1815
ECA706	g8307
ECA706	g10621
ECA706	g13375
ECA706	g18391
ECA706	g13711
ECA706	g7422
ECA706	g6818
ECA706	g7388
ECA706	g10686
ECA706	g13186
ECA706	g1247
ECA706	g6316
ECA706	g6419
ECA706	g10590
ECA706	g9037
ECA706	g6403
ECA706	g18964
ECA706	g6651
ECA706	g6359
ECA706	g10669
ECA706	g17523
ECA706	g13668
ECA706	g10737
ECA706	g19510
ECA706	g13705
ECA706	g6830
ECA706	g7349
ECA706	g15149
ECA706	g10458
ECA706	g18557
ECA706	g10841
ECA706	g2597
ECA706	g6358
ECA706	g3861
ECA706	g6656
ECA706	g11167
ECA706	g14790
ECA706	g6357
ECA706	g7189
ECA706	g10951
ECA706	g18915
ECA706	g10736
ECA706	g18135
ECA706	g2595
ECA706	g8055
ECA706	g11153
ECA706	g6650
ECA706	g9530
ECA706	g4232
ECA706	g6813
ECA706	g9529
ECA706	g7691
ECA706	g19083
ECA706	g16356
ECA706	g6817
ECA706	g21934
ECA706	g6846
ECA706	g21340
ECA706	g6349
ECA706	g13529
ECA706	g10475
ECA706	g3253
ECA706	g10586
ECA706	g2708
ECA706	g7721
ECA706	g10733
ECA706	g8665
ECA706	g6348
ECA706	g17901
ECA706	g4712
ECA706	g21999
ECA706	g13706
ECA706	g18647
ECA706	g3634
ECA706	g6845
ECA706	g10620
ECA706	g16363
ECA706	g21052
ECA706	g14167
ECA706	g8750
ECA706	g6328
ECA706	g7445
ECA706	g16316
ECA706	g9534
ECA706	g7262
ECA706	g8170
ECA706	g6847
ECA706	g6331
ECA706	g6378
ECA706	g20034
ECA706	g2713
ECA706	g7966
ECA706	g6439
ECA706	g11162
ECA706	g8054
ECA706	g22086
ECA706	g2055
ECA706	g7270
ECA706	g6892
ECA706	g8663
ECA706	g13841
ECA706	g7269
ECA706	g13193
ECA706	g6655
ECA706	g16350
ECA706	g14100
ECA706	g8306
ECA706	g3625
ECA706	g10587
ECA706	g19665
ECA706	g6767
ECA706	g7376
ECA706	g489
ECA706	g6309
ECA706	g9532
ECA706	g8666
ECA706	g13740
ECA706	g14793
ECA706	g12604
ECA706	g7265
ECA706	g6380
ECA706	g5212
ECA706	g11165
ECA706	g7553
ECA706	g11157
ECA706	g6356
ECA706	g6379
ECA706	g8691
ECA706	g10954
ECA706	g8667
ECA706	g8757
ECA706	g13707
ECA706	g8660
ECA706	g9994
ECA706	g7188
ECA706	g7267
ECA706	g10640
ECA706	g16386
ECA706	g11077
ECA706	g12607
ECA706	g10622
ECA706	g10869
ECA706	g10589
ECA706	g10583
ECA706	g6408
ECA706	g21964
ECA706	g3697
ECA706	g6423
ECA706	g10579
ECA706	g8969
ECA706	g21858
ECA706	g10418
ECA706	g9531
ECA706	g7264
ECA706	g12600
ECA706	g3869
ECA706	g8056
ECA706	g16364
ECA706	g10576
ECA706	g6411
ECA706	g22083
ECA706	g18374
ECA706	g6810
ECA706	g9407
ECA706	g16317
ECA706	g6361
ECA706	g15130
ECA706	g4713
ECA706	g10934
ECA706	g10631
ECA706	g8244
ECA706	g8243
ECA706	g3665
ECA706	g9408
ECA706	g7446
ECA706	g10519
ECA706	g6329
ECA706	g8973
ECA706	g22088
ECA706	g8060
ECA706	g6654
ECA706	g14459
ECA706	g9528
ECA706	g6839
ECA706	g13252
ECA706	g16144
ECA706	g22277
ECA706	g3669
ECA706	g8661
ECA706	g17785
ECA706	g6816
ECA706	g2718
ECA706	g8087
ECA706	g10668
ECA706	g8662
ECA706	g20744
ECA706	g10772
ECA706	g10581
ECA706	g6629
ECA706	g16355
ECA706	g2720
ECA706	g7268
ECA706	g11009
ECA706	g6833
ECA706	g6694
ECA706	g3668
ECA706	g5773
ECA706	g7191
ECA706	g10584
ECA706	g13627
ECA706	g19082
ECA706	g10580
ECA706	g6844
ECA706	g8059
ECA706	g13467
ECA706	g10790
ECA706	g10020
ECA706	g10582
ECA706	g8974
ECA706	g3626
ECA706	g19080
ECA706	g10734
ECA706	g19068
ECA706	g3477
ECA706	g7271
ECA706	g11079
ECA706	g76
ECA706	g7787
ECA706	g8086
ECA706	g13101
ECA706	g8058
ECA706	g8166
ECA706	g9843
ECA706	g10842
ECA706	g8057
ECA706	g18965
ECA706	g16365
ECA706	g14791
ECA706	g4241
ECA706	g16448
ECA706	g6355
ECA706	g22087
ECA706	g16299
ECA706	g3645
ECA706	g19486
ECA706	g4234
ECA706	g490
ECA706	g17634
ECA706	g6848
ECA706	g6350
ECA706	g6354
ECA706	g6804
ECA706	g15369
ECA706	g22134
ECA706	g6812
ECA706	g6351
ECA706	g2596
ECA706	g6815
ECA706	g10675
ECA706	g12609
ECA706	g6653
ECA706	g6809
ECA706	g3067
ECA706	g20875
ECA706	g6814
ECA706	g6382
ECA706	g12925
ECA706	g6657
ECA706	g6333
ECA706	g13974
ECA706	g8169
ECA706	g22089
ECA706	g4858
ECA706	g7266
ECA706	g10517
ECA706	g19091
ECA706	g6842
ECA706	g3862
ECA706	g10518
ECA706	g6347
ECA706	g10585
ECA706	g10455
ECA706	g10453
ECA706	g19128
ECA706	g9844
ECA706	g8664
ECA706	g7362
ECA706	g15454
ECA706	g7280
ECA706	g9533
ECA706	g6480
ECA706	g16399
ECA706	g3864
ECA706	g2714
ECA706	g22504
ECA706	g6832
ECA706	g6849
ECA706	g12605
ECA706	g18688
ECA706	g13708
ECA706	g2719
ECA706	g3699
ECA706	g8215
QX1791	g4696
QX1791	g16248
QX1791	g11360
QX1791	g16337
QX1791	g13031
QX1791	g15768
QX1791	g1819
QX1791	g21580
QX1791	g9674
QX1791	g21246
QX1791	g15595
QX1791	g9663
QX1791	g16252
QX1791	g12694
QX1791	g13034
QX1791	g16349
QX1791	g6836
QX1791	g1241
QX1791	g7704
QX1791	g16167
QX1791	g19907
QX1791	g21589
QX1791	g7703
QX1791	g6739
QX1791	g9617
QX1791	g11535
QX1791	g11546
QX1791	g18086
QX1791	g9632
QX1791	g15767
QX1791	g16398
QX1791	g8078
QX1791	g7214
QX1791	g15787
QX1791	g15570
QX1791	g7355
QX1791	g10331
QX1791	g9621
QX1791	g21583
QX1791	g12990
QX1791	g9775
QX1791	g10355
QX1791	g22296
QX1791	g4786
QX1791	g9677
QX1791	g2603
QX1791	g13534
QX1791	g9629
QX1791	g72
QX1791	g12159
QX1791	g9619
QX1791	g15785
QX1791	g21591
QX1791	g14557
QX1791	g8560
QX1791	g9618
QX1791	g16247
QX1791	g19626
QX1791	g7107
QX1791	g21576
QX1791	g15589
QX1791	g18081
QX1791	g8561
QX1791	g21245
QX1791	g17894
QX1791	g16917
QX1791	g4258
QX1791	g12850
QX1791	g9523
QX1791	g21264
QX1791	g6769
QX1791	g16925
QX1791	g9631
QX1791	g19395
QX1791	g17392
QX1791	g21187
QX1791	g4695
QX1791	g16168
QX1791	g13548
QX1791	g15796
QX1791	g15797
QX1791	g21238
QX1791	g15176
QX1791	g4425
QX1791	g21466
QX1791	g13498
QX1791	g21244
QX1791	g13482
QX1791	g16321
QX1791	g15773
QX1791	g15764
QX1791	g21261
QX1791	g21215
QX1791	g19306
QX1791	g21235
QX1791	g7016
QX1791	g9662
QX1791	g15795
QX1791	g21330
QX1791	g9506
QX1791	g7106
QX1791	g13027
QX1791	g10024
QX1791	g2057
QX1791	g11536
QX1791	g9626
QX1791	g16246
QX1791	g15771
QX1791	g21958
QX1791	g22299
QX1791	g12518
QX1791	g13549
QX1791	g13029
QX1791	g15784
QX1791	g9627
QX1791	g10508
QX1791	g7702
QX1791	g15590
QX1791	g21284
QX1791	g8563
QX1791	g13550
QX1791	g14554
QX1791	g22297
QX1791	g19902
QX1791	g16262
QX1791	g16512
QX1791	g8562
QX1791	g15769
QX1791	g9719
QX1791	g4653
QX1791	g7730
QX1791	g21186
QX1791	g9731
QX1791	g7263
QX1791	g7796
QX1791	g15792
QX1791	g9024
QX1791	g4377
QX1791	g11298
QX1791	g19905
QX1791	g9934
QX1791	g21222
QX1791	g21392
QX1791	g9051
QX1791	g9682
QX1791	g8011
QX1791	g11326
QX1791	g19037
QX1791	g22392
QX1791	g9462
QX1791	g15592
QX1791	g15847
QX1791	g19898
QX1791	g7217
QX1791	g7108
QX1791	g18080
QX1791	g4964
QX1791	g9774
QX1791	g8437
QX1791	g13499
QX1791	g21233
QX1791	g7789
QX1791	g15772
QX1791	g9625
QX1791	g14002
QX1791	g15633
QX1791	g9664
QX1791	g7293
QX1791	g8438
QX1791	g16399
QX1791	g21192
QX1791	g21263
QX1791	g8014
QX1791	g7112
QX1791	g14881
QX1791	g16250
QX1791	g8559
QX1791	g12575
QX1791	g10003
QX1791	g12511
QX1791	g22118
QX1791	g4947
QX1791	g7706
QX1791	g17542
QX1791	g16251
QX1791	g11545
QX1791	g18784
QX1791	g21276
QX1791	g7139
QX1791	g485
QX1791	g21161
QX1791	g21586
QX1791	g11362
QX1791	g9712
QX1791	g15794
QX1791	g20613
QX1791	g9812
QX1791	g13539
QX1791	g7356
QX1791	g21177
QX1791	g15763
QX1791	g2601
QX1791	g21390
QX1791	g9907
QX1791	g11289
QX1791	g4275
QX1791	g11330
QX1791	g3817
QX1791	g11290
QX1791	g9829
QX1791	g12949
QX1791	g4259
QX1791	g7111
QX1791	g12789
QX1791	g22526
QX1791	g9628
QX1791	g21236
QX1791	g8015
QX1791	g21239
QX1791	g8565
QX1791	g4262
QX1791	g4376
QX1791	g9623
QX1791	g16170
QX1791	g7138
QX1791	g16770
QX1791	g15788
QX1791	g15593
QX1791	g8879
QX1791	g7109
QX1791	g11130
QX1791	g18087
QX1791	g15596
QX1791	g11547
QX1791	g14556
QX1791	g7292
QX1791	g21116
QX1791	g17394
QX1791	g15722
QX1791	g13652
QX1791	g16249
QX1791	g21237
QX1791	g16254
QX1791	g9622
QX1791	g7110
QX1791	g16919
QX1791	g486
QX1791	g16375
QX1791	g11331
QX1791	g21240
QX1791	g9906
QX1791	g14245
QX1791	g22252
QX1791	g13589
QX1791	g15766
QX1791	g16243
QX1791	g15770
QX1791	g21243
QX1791	g2602
QX1791	g9563
QX1791	g13540
QX1791	g18437
QX1791	g22453
QX1791	g20746
QX1791	g22305
QX1791	g17393
QX1791	g15244
QX1791	g15594
QX1791	g7705
QX1791	g9564
QX1791	g11541
QX1791	g22300
QX1791	g22302
QX1791	g10021
QX1791	g21212
QX1791	g16598
QX1791	g18484
QX1791	g21259
QX1791	g9507
QX1791	g15372
QX1791	g7216
QX1791	g9562
QX1791	g4250
QX1791	g9713
QX1791	g9614
QX1791	g20920
QX1791	g15798
QX1791	g9624
QX1791	g21173
QX1791	g22298
QX1791	g4213
QX1791	g11309
QX1791	g13028
QX1791	g18075
QX1791	g8880
QX1791	g21214
QX1791	g14021
QX1791	g22703
QX1791	g15758
QX1791	g8564
QX1791	g10923
QX1791	g13602
QX1791	g7707
QX1791	g12380
QX1791	g16267
QX1791	g19903
XZ1515	g1651
XZ1515	g13541
XZ1515	g14354
XZ1515	g20091
XZ1515	g4760
XZ1515	g20404
XZ1515	g19767
XZ1515	g5659
XZ1515	g3370
XZ1515	g19756
XZ1515	g20784
XZ1515	g20443
XZ1515	g14483
XZ1515	g1694
XZ1515	g13039
XZ1515	g4177
XZ1515	g14514
XZ1515	g17806
XZ1515	g14030
XZ1515	g20145
XZ1515	g20413
XZ1515	g303
XZ1515	g17805
XZ1515	g14011
XZ1515	g14482
XZ1515	g18177
XZ1515	g14084
XZ1515	g1969
XZ1515	g20448
XZ1515	g14160
XZ1515	g19715
XZ1515	g17368
XZ1515	g19714
XZ1515	g5653
XZ1515	g19716
XZ1515	g20407
XZ1515	g20487
XZ1515	g19873
XZ1515	g14020
XZ1515	g2518
XZ1515	g20449
XZ1515	g302
XZ1515	g7743
XZ1515	g15050
XZ1515	g19643
XZ1515	g14196
XZ1515	g1562
XZ1515	g5543
XZ1515	g13544
XZ1515	g22176
XZ1515	g14197
XZ1515	g19712
XZ1515	g20415
XZ1515	g8100
XZ1515	g3879
XZ1515	g17395
XZ1515	g1919
XZ1515	g19719
XZ1515	g1142
XZ1515	g5541
XZ1515	g17212
XZ1515	g20400
XZ1515	g14203
XZ1515	g18655
XZ1515	g17459
XZ1515	g16405
XZ1515	g15427
XZ1515	g18654
XZ1515	g13135
XZ1515	g2087
XZ1515	g9716
XZ1515	g14031
XZ1515	g19721
XZ1515	g456
XZ1515	g14844
XZ1515	g19598
XZ1515	g13473
XZ1515	g17809
XZ1515	g13105
XZ1515	g15436
XZ1515	g13414
XZ1515	g15902
XZ1515	g13390
XZ1515	g19710
XZ1515	g13545
XZ1515	g1652
XZ1515	g14018
XZ1515	g20968
XZ1515	g9724
XZ1515	g14007
XZ1515	g8718
XZ1515	g9725
XZ1515	g13548
XZ1515	g14475
XZ1515	g9758
XZ1515	g14038
XZ1515	g14474
XZ1515	g14501
XZ1515	g12863
XZ1515	g19755
XZ1515	g17211
XZ1515	g306
XZ1515	g4997
XZ1515	g14008
XZ1515	g14461
XZ1515	g14473
XZ1515	g13540
XZ1515	g14035
XZ1515	g14036
XZ1515	g12202
XZ1515	g20692
XZ1515	g9710
XZ1515	g19723
XZ1515	g17458
XZ1515	g2671
XZ1515	g17804
XZ1515	g14522
XZ1515	g18657
XZ1515	g14873
XZ1515	g20446
XZ1515	g8097
XZ1515	g20447
XZ1515	g10765
XZ1515	g393
XZ1515	g14824
XZ1515	g13530
XZ1515	g18656
XZ1515	g14481
XZ1515	g19813
XZ1515	g17832
XZ1515	g14399
XZ1515	g14646
XZ1515	g19826
XZ1515	g17898
XZ1515	g9820
XZ1515	g19707
XZ1515	g19924
XZ1515	g14199
XZ1515	g304
XZ1515	g13622
XZ1515	g10763
XZ1515	g14032
XZ1515	g9046
XZ1515	g20010
XZ1515	g19541
XZ1515	g19147
XZ1515	g425
XZ1515	g19776
XZ1515	g18111
XZ1515	g532
XZ1515	g19711
XZ1515	g13546
XZ1515	g14875
XZ1515	g19717
XZ1515	g10769
XZ1515	g14502
XZ1515	g17213
XZ1515	g1479
XZ1515	g19872
XZ1515	g18532
XZ1515	g19119
XZ1515	g17891
XZ1515	g19718
XZ1515	g14415
XZ1515	g7762
XZ1515	g14803
XZ1515	g19757
XZ1515	g17396
XZ1515	g15041
XZ1515	g18533
XZ1515	g309
XZ1515	g14480
XZ1515	g20094
XZ1515	g18114
XZ1515	g17217
XZ1515	g8425
XZ1515	g18653
XZ1515	g20906
XZ1515	g20074
XZ1515	g14452
XZ1515	g9502
XZ1515	g116
XZ1515	g20215
XZ1515	g5665
XZ1515	g1462
XZ1515	g17808
XZ1515	g16051
XZ1515	g15048
XZ1515	g786
XZ1515	g17244
XZ1515	g5658
XZ1515	g20410
XZ1515	g17321
XZ1515	g19806
XZ1515	g22507
XZ1515	g19909
XZ1515	g15038
XZ1515	g14224
XZ1515	g12706
XZ1515	g9715
XZ1515	g19983
XZ1515	g19576
XZ1515	g13542
XZ1515	g14843
XZ1515	g16974
XZ1515	g14804
XZ1515	g14430
XZ1515	g20531
XZ1515	g2086
XZ1515	g13543
XZ1515	g14009
XZ1515	g17216
XZ1515	g19720
XZ1515	g18115
XZ1515	g20962
XZ1515	g18659
XZ1515	g2084
XZ1515	g13391
XZ1515	g2072
XZ1515	g15049
XZ1515	g15037
XZ1515	g13539
XZ1515	g20632
XZ1515	g14477
XZ1515	g5664
XZ1515	g17243
XZ1515	g14497
XZ1515	g17215
XZ1515	g21058
XZ1515	g14017
XZ1515	g14016
XZ1515	g17319
XZ1515	g18972
XZ1515	g17214
XZ1515	g1970
XZ1515	g14498
XZ1515	g14414
XZ1515	g13446
XZ1515	g8099
XZ1515	g15904
XZ1515	g14410
XZ1515	g305
XZ1515	g8783
XZ1515	g14453
XZ1515	g14472
XZ1515	g14202
XZ1515	g2494
XZ1515	g15429
XZ1515	g21827
XZ1515	g6056
XZ1515	g19982
XZ1515	g14045
XZ1515	g7519
XZ1515	g13955
XZ1515	g257
XZ1515	g17322
XZ1515	g14424
XZ1515	g908
XZ1515	g20286
XZ1515	g9726
XZ1515	g5542
XZ1515	g14033
XZ1515	g19644
XZ1515	g14470
XZ1515	g14200
XZ1515	g14039
XZ1515	g14198
XZ1515	g6007
XZ1515	g22375
XZ1515	g14840
XZ1515	g15903
XZ1515	g14034
XZ1515	g17807
XZ1515	g14450
XZ1515	g21234
XZ1515	g13621
XZ1515	g8912
XZ1515	g14484
XZ1515	g13619
XZ1515	g7435
XZ1515	g14812
XZ1515	g9675
XZ1515	g19579
XZ1515	g21828
XZ1515	g2095
XZ1515	g19807
XZ1515	g14476
XZ1515	g14005
XZ1515	g2138
XZ1515	g19724
XZ1515	g14006
XZ1515	g9149
XZ1515	g18973
XZ1515	g14425
XZ1515	g9656
XZ1515	g3540
XZ1515	g10761
XZ1515	g9727
XZ1515	g14015
XZ1515	g9674
XZ1515	g20213
XZ1515	g18658
XZ1515	g9771
XZ1515	g13458
XZ1515	g19645
XZ1515	g10764
ECA1825	g13301
ECA1825	g1018
ECA1825	g12979
ECA1825	g4865
ECA1825	g11225
ECA1825	g4170
ECA1825	g3268
ECA1825	g3270
ECA1825	g2492
ECA1825	g10875
ECA1825	g11228
ECA1825	g13258
ECA1825	g6803
ECA1825	g71
ECA1825	g4406
ECA1825	g151
ECA1825	g4543
ECA1825	g3586
ECA1825	g4236
ECA1825	g10971
ECA1825	g379
ECA1825	g18941
ECA1825	g375
ECA1825	g2398
ECA1825	g4437
ECA1825	g4457
ECA1825	g99
ECA1825	g16863
ECA1825	g21045
ECA1825	g64
ECA1825	g12430
ECA1825	g11221
ECA1825	g4395
ECA1825	g88
ECA1825	g4357
ECA1825	g17621
ECA1825	g16621
ECA1825	g13387
ECA1825	g3269
ECA1825	g1015
ECA1825	g5627
ECA1825	g554
ECA1825	g10176
ECA1825	g21146
ECA1825	g4358
ECA1825	g1981
ECA1825	g4732
ECA1825	g566
ECA1825	g13029
ECA1825	g13816
ECA1825	g1792
ECA1825	g20401
ECA1825	g89
ECA1825	g374
ECA1825	g3266
ECA1825	g15268
ECA1825	g16250
ECA1825	g549
ECA1825	g12862
ECA1825	g2397
ECA1825	g553
ECA1825	g3737
ECA1825	g11035
ECA1825	g17018
ECA1825	g1458
ECA1825	g9415
ECA1825	g16242
ECA1825	g85
ECA1825	g1982
ECA1825	g15772
ECA1825	g1179
ECA1825	g380
ECA1825	g1014
ECA1825	g564
ECA1825	g5230
ECA1825	g13300
ECA1825	g21083
ECA1825	g4619
ECA1825	g21074
ECA1825	g123
ECA1825	g576
ECA1825	g97
ECA1825	g94
ECA1825	g21073
ECA1825	g11679
ECA1825	g14058
ECA1825	g4499
ECA1825	g126
ECA1825	g21128
ECA1825	g92
ECA1825	g1011
ECA1825	g4353
ECA1825	g575
ECA1825	g22819
ECA1825	g546
ECA1825	g20949
ECA1825	g1705
ECA1825	g16623
ECA1825	g2485
ECA1825	g16871
ECA1825	g1426
ECA1825	g4290
ECA1825	g1791
ECA1825	g7625
ECA1825	g165
ECA1825	g1824
ECA1825	g14430
ECA1825	g1019
ECA1825	g20980
ECA1825	g10701
ECA1825	g86
ECA1825	g1098
ECA1825	g221
ECA1825	g4289
ECA1825	g69
ECA1825	g16872
ECA1825	g4359
ECA1825	g8174
ECA1825	g12281
ECA1825	g52
ECA1825	g10694
ECA1825	g503
ECA1825	g6048
ECA1825	g160
ECA1825	g1125
ECA1825	g14655
ECA1825	g16801
ECA1825	g10179
ECA1825	g11223
ECA1825	g14656
ECA1825	g9412
ECA1825	g2718
ECA1825	g18838
ECA1825	g1289
ECA1825	g14565
ECA1825	g20418
ECA1825	g16852
ECA1825	g1029
ECA1825	g44
ECA1825	g2780
ECA1825	g16835
ECA1825	g4551
ECA1825	g4291
ECA1825	g937
ECA1825	g2043
ECA1825	g4362
ECA1825	g1797
ECA1825	g19324
ECA1825	g3265
ECA1825	g2714
ECA1825	g19330
ECA1825	g2396
ECA1825	g1013
ECA1825	g16799
ECA1825	g4618
ECA1825	g620
ECA1825	g1020
ECA1825	g9408
ECA1825	g1823
ECA1825	g422
ECA1825	g11183
ECA1825	g4798
ECA1825	g14650
ECA1825	g13570
ECA1825	g21127
ECA1825	g4361
ECA1825	g377
ECA1825	g17640
ECA1825	g378
ECA1825	g1902
ECA1825	g10177
ECA1825	g10756
ECA1825	g3267
ECA1825	g178
ECA1825	g2424
ECA1825	g19331
ECA1825	g16630
ECA1825	g22710
ECA1825	g65
ECA1825	g2717
ECA1825	g4396
ECA1825	g9840
ECA1825	g14177
ECA1825	g4715
ECA1825	g14857
ECA1825	g12978
ECA1825	g13553
ECA1825	g571
ECA1825	g87
ECA1825	g8175
ECA1825	g3143
ECA1825	g11222
ECA1825	g20106
ECA1825	g16633
ECA1825	g21084
ECA1825	g19325
ECA1825	g4735
ECA1825	g4624
ECA1825	g1017
ECA1825	g67
ECA1825	g4994
ECA1825	g2399
ECA1825	g16831
ECA1825	g21683
ECA1825	g3144
ECA1825	g11138
ECA1825	g4211
ECA1825	g11353
ECA1825	g12863
ECA1825	g2044
ECA1825	g111
ECA1825	g1016
ECA1825	g573
ECA1825	g12866
ECA1825	g3766
ECA1825	g7387
ECA1825	g1178
ECA1825	g12879
ECA1825	g16634
ECA1825	g16622
ECA1825	g548
ECA1825	g16830
ECA1825	g4356
ECA1825	g10609
ECA1825	g115
ECA1825	g567
ECA1825	g122
ECA1825	g3585
ECA1825	g4394
ECA1825	g1794
ECA1825	g381
ECA1825	g1795
ECA1825	g161
ECA1825	g15770
ECA1825	g93
ECA1825	g2400
ECA1825	g14654
ECA1825	g4355
ECA1825	g3264
ECA1825	g114
ECA1825	g12454
ECA1825	g16248
ECA1825	g6049
ECA1825	g348
ECA1825	g1154
ECA1825	g19336
ECA1825	g4623
ECA1825	g95
ECA1825	g540
ECA1825	g17397
ECA1825	g8173
ECA1825	g14702
ECA1825	g21089
ECA1825	g17319
ECA1825	g551
ECA1825	g8172
ECA1825	g4352
ECA1825	g4498
ECA1825	g18991
ECA1825	g1796
ECA1825	g20234
ECA1825	g20279
ECA1825	g15771
ECA1825	g4212
ECA1825	g11614
ECA1825	g552
ECA1825	g1905
ECA1825	g1524
ECA1825	g10435
ECA1825	g147
ECA1825	g545
ECA1825	g938
ECA1825	g11488
ECA1825	g150
ECA1825	g940
ECA1825	g4795
ECA1825	g4792
ECA1825	g1793
ECA1825	g2401
ECA1825	g14657
ECA1825	g1113
ECA1825	g15621
ECA1825	g1904
ECA1825	g12855
ECA1825	g1953
ECA1825	g4436
ECA1825	g4443
ECA1825	g96
ECA1825	g577
ECA1825	g12819
ECA1825	g4864
ECA1825	g14536
ECA1825	g11258
ECA1825	g21312
ECA1825	g4354
ECA1825	g4500
ECA1825	g574
ECA1825	g14509
ECA1825	g14653
ECA1825	g21032
ECA1825	g4652
ECA1825	g550
ECA1825	g9413
ECA1825	g2395
ECA1825	g125
ECA594	g12301
ECA594	g5984
ECA594	g6747
ECA594	g15987
ECA594	g10231
ECA594	g2090
ECA594	g2603
ECA594	g2614
ECA594	g15642
ECA594	g12049
ECA594	g15990
ECA594	g6875
ECA594	g15460
ECA594	g10817
ECA594	g6907
ECA594	g6430
ECA594	g8947
ECA594	g6890
ECA594	g2081
ECA594	g2658
ECA594	g2644
ECA594	g6874
ECA594	g4216
ECA594	g2388
ECA594	g4591
ECA594	g19601
ECA594	g6552
ECA594	g5095
ECA594	g13995
ECA594	g2654
ECA594	g17829
ECA594	g2087
ECA594	g15947
ECA594	g2492
ECA594	g13159
ECA594	g2719
ECA594	g6588
ECA594	g12210
ECA594	g2647
ECA594	g5987
ECA594	g7482
ECA594	g6589
ECA594	g2656
ECA594	g2079
ECA594	g17073
ECA594	g14195
ECA594	g2286
ECA594	g12567
ECA594	g2657
ECA594	g11793
ECA594	g9457
ECA594	g5205
ECA594	g2094
ECA594	g6595
ECA594	g6414
ECA594	g3732
ECA594	g20224
ECA594	g3733
ECA594	g5578
ECA594	g12732
ECA594	g15800
ECA594	g5548
ECA594	g2766
ECA594	g15467
ECA594	g9992
ECA594	g20231
ECA594	g4588
ECA594	g2645
ECA594	g9336
ECA594	g20701
ECA594	g2232
ECA594	g5826
ECA594	g6433
ECA594	g5849
ECA594	g5988
ECA594	g15985
ECA594	g12302
ECA594	g19600
ECA594	g18626
ECA594	g19592
ECA594	g16447
ECA594	g6405
ECA594	g4504
ECA594	g7893
ECA594	g5991
ECA594	g18691
ECA594	g6867
ECA594	g9337
ECA594	g9349
ECA594	g6404
ECA594	g6438
ECA594	g19566
ECA594	g6866
ECA594	g6894
ECA594	g2615
ECA594	g8038
ECA594	g2283
ECA594	g2162
ECA594	g7895
ECA594	g6853
ECA594	g6865
ECA594	g5983
ECA594	g16122
ECA594	g14312
ECA594	g5907
ECA594	g9343
ECA594	g18625
ECA594	g4957
ECA594	g2649
ECA594	g13310
ECA594	g6915
ECA594	g3730
ECA594	g18624
ECA594	g5303
ECA594	g5879
ECA594	g17076
ECA594	g6435
ECA594	g5827
ECA594	g649
ECA594	g21200
ECA594	g5716
ECA594	g5973
ECA594	g3731
ECA594	g6873
ECA594	g2551
ECA594	g12344
ECA594	g4563
ECA594	g3728
ECA594	g6791
ECA594	g2538
ECA594	g4498
ECA594	g6416
ECA594	g15986
ECA594	g4593
ECA594	g3261
ECA594	g6591
ECA594	g6066
ECA594	g647
ECA594	g6432
ECA594	g2825
ECA594	g3234
ECA594	g2594
ECA594	g4282
ECA594	g22527
ECA594	g7979
ECA594	g5989
ECA594	g6358
ECA594	g653
ECA594	g9456
ECA594	g6895
ECA594	g19362
ECA594	g5204
ECA594	g12032
ECA594	g2493
ECA594	g6590
ECA594	g3855
ECA594	g6807
ECA594	g18155
ECA594	g20702
ECA594	g2613
ECA594	g2788
ECA594	g3854
ECA594	g4586
ECA594	g7898
ECA594	g6872
ECA594	g4279
ECA594	g5200
ECA594	g14796
ECA594	g4590
ECA594	g9338
ECA594	g3734
ECA594	g15521
ECA594	g2303
ECA594	g6844
ECA594	g4956
ECA594	g7710
ECA594	g4592
ECA594	g18861
ECA594	g16020
ECA594	g22256
ECA594	g18634
ECA594	g5173
ECA594	g2563
ECA594	g2558
ECA594	g15100
ECA594	g2455
ECA594	g2387
ECA594	g19563
ECA594	g5206
ECA594	g6615
ECA594	g18635
ECA594	g5203
ECA594	g18586
ECA594	g5985
ECA594	g21764
ECA594	g6822
ECA594	g15905
ECA594	g12731
ECA594	g19533
ECA594	g5986
ECA594	g6407
ECA594	g5201
ECA594	g2648
ECA594	g4278
ECA594	g6816
ECA594	g12729
ECA594	g12717
ECA594	g19754
ECA594	g2564
ECA594	g5982
ECA594	g4587
ECA594	g6869
ECA594	g5483
ECA594	g5174
ECA594	g15373
ECA594	g18675
ECA594	g5202
ECA594	g19370
ECA594	g3407
ECA594	g12616
ECA594	g6891
ECA594	g6806
ECA594	g17074
ECA594	g5021
ECA594	g6481
ECA594	g18522
ECA594	g6802
ECA594	g7894
ECA594	g6845
ECA594	g4589
ECA594	g6864
ECA594	g6594
ECA594	g9344
ECA594	g2653
ECA594	g2084
ECA594	g8843
ECA594	g13135
ECA594	g20226
ECA594	g7063
ECA594	g7892
ECA594	g19562
ECA594	g6444
ECA594	g6431
ECA594	g17913
ECA594	g2157
ECA594	g6413
ECA594	g7848
ECA594	g5092
ECA594	g11559
ECA594	g2652
ECA594	g6436
ECA594	g2718
ECA594	g6862
ECA594	g6592
ECA594	g6439
ECA594	g8996
ECA594	g14967
ECA594	g6409
ECA594	g16381
ECA594	g19581
ECA594	g6434
ECA594	g6842
ECA594	g15192
ECA594	g9455
ECA594	g6065
ECA594	g16254
ECA594	g16741
ECA594	g6876
ECA594	g5020
ECA594	g6063
ECA594	g5093
ECA594	g7891
ECA594	g18674
ECA594	g5891
ECA594	g20849
ECA594	g2785
ECA594	g7064
ECA594	g18640
ECA594	g2440
ECA594	g12740
ECA594	g2557
ECA594	g19369
ECA594	g5050
ECA594	g2661
ECA594	g15984
ECA594	g6868
ECA594	g2651
ECA594	g12615
ECA594	g12778
ECA594	g2650
ECA594	g3406
ECA594	g15738
ECA594	g6406
ECA594	g6817
ECA594	g18135
ECA594	g645
ECA594	g3729
ECA594	g19965
ECA594	g18571
ECA594	g19367
ECA594	g2717
ECA594	g6402
ECA594	g648
ECA594	g6403
ECA594	g19531
JU3166	g12287
JU3166	g2457
JU3166	g6270
JU3166	g9670
JU3166	g1684
JU3166	g806
JU3166	g15107
JU3166	g5772
JU3166	g5762
JU3166	g469
JU3166	g12541
JU3166	g809
JU3166	g2556
JU3166	g1556
JU3166	g285
JU3166	g6196
JU3166	g14529
JU3166	g1524
JU3166	g3824
JU3166	g2008
JU3166	g1541
JU3166	g3823
JU3166	g5718
JU3166	g2025
JU3166	g9503
JU3166	g9492
JU3166	g5731
JU3166	g1557
JU3166	g2613
JU3166	g4199
JU3166	g1955
JU3166	g3238
JU3166	g1880
JU3166	g3344
JU3166	g3483
JU3166	g5723
JU3166	g765
JU3166	g5874
JU3166	g2018
JU3166	g19638
JU3166	g803
JU3166	g6585
JU3166	g5724
JU3166	g1844
JU3166	g12374
JU3166	g15892
JU3166	g2454
JU3166	g1843
JU3166	g17422
JU3166	g6082
JU3166	g5719
JU3166	g16629
JU3166	g12793
JU3166	g3236
JU3166	g1837
JU3166	g4678
JU3166	g9129
JU3166	g4677
JU3166	g9731
JU3166	g2867
JU3166	g11856
JU3166	g2007
JU3166	g5728
JU3166	g18793
JU3166	g624
JU3166	g15890
JU3166	g5608
JU3166	g292
JU3166	g9885
JU3166	g9699
JU3166	g2898
JU3166	g9121
JU3166	g3421
JU3166	g8645
JU3166	g2453
JU3166	g804
JU3166	g12286
JU3166	g4676
JU3166	g5727
JU3166	g2020
JU3166	g2029
JU3166	g18040
JU3166	g5730
JU3166	g12022
JU3166	g5655
JU3166	g2450
JU3166	g13958
JU3166	g1564
JU3166	g2000
JU3166	g1565
JU3166	g1537
JU3166	g8123
JU3166	g6736
JU3166	g6588
JU3166	g6589
JU3166	g15343
JU3166	g2028
JU3166	g9502
JU3166	g1578
JU3166	g1566
JU3166	g5725
JU3166	g2458
JU3166	g13891
JU3166	g2003
JU3166	g18369
JU3166	g2002
JU3166	g2528
JU3166	g13905
JU3166	g18108
JU3166	g9740
JU3166	g19483
JU3166	g3822
JU3166	g1516
JU3166	g4680
JU3166	g3148
JU3166	g18472
JU3166	g17419
JU3166	g5810
JU3166	g20397
JU3166	g13892
JU3166	g8143
JU3166	g6275
JU3166	g2724
JU3166	g6267
JU3166	g6674
JU3166	g9719
JU3166	g2468
JU3166	g4679
JU3166	g1558
JU3166	g12244
JU3166	g3852
JU3166	g4682
JU3166	g1640
JU3166	g3392
JU3166	g3917
JU3166	g5829
JU3166	g805
JU3166	g5135
JU3166	g5923
JU3166	g1841
JU3166	g2377
JU3166	g13900
JU3166	g11975
JU3166	g5780
JU3166	g20395
JU3166	g5763
JU3166	g2006
JU3166	g5721
JU3166	g11481
JU3166	g4131
JU3166	g11249
JU3166	g5555
JU3166	g2452
JU3166	g20401
JU3166	g3347
JU3166	g1536
JU3166	g9739
JU3166	g3237
JU3166	g12557
JU3166	g5873
JU3166	g1842
JU3166	g4555
JU3166	g3911
JU3166	g1624
JU3166	g17085
JU3166	g3422
JU3166	g5999
JU3166	g4556
JU3166	g6592
JU3166	g1559
JU3166	g6085
JU3166	g2614
JU3166	g5657
JU3166	g4135
JU3166	g3241
JU3166	g17751
JU3166	g13899
JU3166	g347
JU3166	g6811
JU3166	g6065
JU3166	g1587
JU3166	g6401
JU3166	g6198
JU3166	g3827
JU3166	g13025
JU3166	g13860
JU3166	g14127
JU3166	g9493
JU3166	g7065
JU3166	g3269
JU3166	g984
JU3166	g9668
JU3166	g5809
JU3166	g5908
JU3166	g21809
JU3166	g6587
JU3166	g1817
JU3166	g11474
JU3166	g3484
JU3166	g5975
JU3166	g11873
JU3166	g2456
JU3166	g9700
JU3166	g7578
JU3166	g1609
JU3166	g5974
JU3166	g722
JU3166	g11857
JU3166	g13942
JU3166	g2455
JU3166	g2027
JU3166	g3240
JU3166	g563
JU3166	g5161
JU3166	g4136
JU3166	g6138
JU3166	g5720
JU3166	g1615
JU3166	g11860
JU3166	g11972
JU3166	g6273
JU3166	g2459
JU3166	g8642
JU3166	g1562
JU3166	g1398
JU3166	g11475
JU3166	g3268
JU3166	g202
JU3166	g3239
JU3166	g2021
JU3166	g4989
JU3166	g1540
JU3166	g13890
JU3166	g1625
JU3166	g9491
JU3166	g6277
JU3166	g17421
JU3166	g22137
JU3166	g1629
JU3166	g1586
JU3166	g1567
JU3166	g1838
JU3166	g19662
JU3166	g9127
JU3166	g983
JU3166	g11088
JU3166	g6586
JU3166	g1994
JU3166	g16847
JU3166	g2082
JU3166	g6539
JU3166	g13027
JU3166	g6263
JU3166	g15891
JU3166	g2005
JU3166	g5656
JU3166	g1569
JU3166	g1840
JU3166	g1999
JU3166	g11127
JU3166	g21678
JU3166	g9703
JU3166	g5761
JU3166	g16637
JU3166	g3235
JU3166	g2004
JU3166	g3826
JU3166	g9497
JU3166	g1589
JU3166	g24
JU3166	g5817
JU3166	g18593
JU3166	g2378
JU3166	g18236
JU3166	g1555
JU3166	g2964
JU3166	g2380
JU3166	g3346
JU3166	g2544
JU3166	g8494
JU3166	g11848
JU3166	g5726
JU3166	g5715
JU3166	g11480
JU3166	g1563
JU3166	g2031
JU3166	g5590
JU3166	g11811
JU3166	g2030
JU3166	g11486
JU3166	g4990
JU3166	g5591
JU3166	g1614
JU3166	g16113
JU3166	g17064
JU3166	g20393
JU3166	g16767
JU3166	g4681
JU3166	g13941
JU3166	g10095
JU3166	g13845
JU3166	g3828
JU3166	g20396
JU3166	g2590
JU3166	g5722
JU3226	g5404
JU3226	g16998
JU3226	g2693
JU3226	g11218
JU3226	g6371
JU3226	g10531
JU3226	g13982
JU3226	g12253
JU3226	g12251
JU3226	g7999
JU3226	g13031
JU3226	g7600
JU3226	g6026
JU3226	g6374
JU3226	g18710
JU3226	g7504
JU3226	g340
JU3226	g7597
JU3226	g10766
JU3226	g8022
JU3226	g10904
JU3226	g9949
JU3226	g10595
JU3226	g6123
JU3226	g8430
JU3226	g15276
JU3226	g3842
JU3226	g10797
JU3226	g10816
JU3226	g8469
JU3226	g4964
JU3226	g6369
JU3226	g8506
JU3226	g10753
JU3226	g18707
JU3226	g8480
JU3226	g10714
JU3226	g2825
JU3226	g5316
JU3226	g12252
JU3226	g6636
JU3226	g1502
JU3226	g2579
JU3226	g3184
JU3226	g8450
JU3226	g8028
JU3226	g10715
JU3226	g5844
JU3226	g13541
JU3226	g11093
JU3226	g19564
JU3226	g13728
JU3226	g8479
JU3226	g8196
JU3226	g12255
JU3226	g17191
JU3226	g8659
JU3226	g9665
JU3226	g8027
JU3226	g13126
JU3226	g10096
JU3226	g6809
JU3226	g8446
JU3226	g6185
JU3226	g8413
JU3226	g9035
JU3226	g8447
JU3226	g7164
JU3226	g21118
JU3226	g8484
JU3226	g13540
JU3226	g7469
JU3226	g17187
JU3226	g8190
JU3226	g2578
JU3226	g18799
JU3226	g5405
JU3226	g8009
JU3226	g10980
JU3226	g7601
JU3226	g8471
JU3226	g8474
JU3226	g13125
JU3226	g19323
JU3226	g10859
JU3226	g22637
JU3226	g10710
JU3226	g7532
JU3226	g11295
JU3226	g17189
JU3226	g16762
JU3226	g8031
JU3226	g9657
JU3226	g16935
JU3226	g6917
JU3226	g13038
JU3226	g8001
JU3226	g9186
JU3226	g7196
JU3226	g10647
JU3226	g13729
JU3226	g14219
JU3226	g8195
JU3226	g13696
JU3226	g18936
JU3226	g8024
JU3226	g7599
JU3226	g8482
JU3226	g6700
JU3226	g8354
JU3226	g10646
JU3226	g8011
JU3226	g8501
JU3226	g17180
JU3226	g16971
JU3226	g10716
JU3226	g8449
JU3226	g14772
JU3226	g4787
JU3226	g8518
JU3226	g7516
JU3226	g5838
JU3226	g5447
JU3226	g1091
JU3226	g6736
JU3226	g8002
JU3226	g3181
JU3226	g6370
JU3226	g21116
JU3226	g21114
JU3226	g12810
JU3226	g15379
JU3226	g8680
JU3226	g7336
JU3226	g16181
JU3226	g14885
JU3226	g12746
JU3226	g8151
JU3226	g16926
JU3226	g10912
JU3226	g10648
JU3226	g4090
JU3226	g7679
JU3226	g13479
JU3226	g10719
JU3226	g8423
JU3226	g7602
JU3226	g16946
JU3226	g13723
JU3226	g14892
JU3226	g12256
JU3226	g12814
JU3226	g6691
JU3226	g13128
JU3226	g13127
JU3226	g10979
JU3226	g21110
JU3226	g13697
JU3226	g6330
JU3226	g11152
JU3226	g18714
JU3226	g14880
JU3226	g5139
JU3226	g6653
JU3226	g8023
JU3226	g10718
JU3226	g7958
JU3226	g2845
JU3226	g13619
JU3226	g3183
JU3226	g17179
JU3226	g17190
JU3226	g12254
JU3226	g13099
JU3226	g9663
JU3226	g6701
JU3226	g7678
JU3226	g8505
JU3226	g12811
JU3226	g3519
JU3226	g6686
JU3226	g8004
JU3226	g19205
JU3226	g5902
JU3226	g11076
JU3226	g18529
JU3226	g6699
JU3226	g5156
JU3226	g8481
JU3226	g7588
JU3226	g12380
JU3226	g8409
JU3226	g16534
JU3226	g17795
JU3226	g7584
JU3226	g8476
JU3226	g8025
JU3226	g14891
JU3226	g11096
JU3226	g7604
JU3226	g10986
JU3226	g7598
JU3226	g8503
JU3226	g10754
JU3226	g16970
JU3226	g11793
JU3226	g16927
JU3226	g12379
JU3226	g8193
JU3226	g6288
JU3226	g2577
JU3226	g8029
JU3226	g10570
JU3226	g8000
JU3226	g6498
JU3226	g8473
JU3226	g13478
JU3226	g8460
JU3226	g8397
JU3226	g2581
JU3226	g10125
JU3226	g16967
JU3226	g14886
JU3226	g2594
JU3226	g6692
JU3226	g7595
JU3226	g10713
JU3226	g6652
JU3226	g5749
JU3226	g8008
JU3226	g9948
JU3226	g10752
JU3226	g13726
JU3226	g8189
JU3226	g8032
JU3226	g13725
JU3226	g4940
JU3226	g3809
JU3226	g8073
JU3226	g8475
JU3226	g13124
JU3226	g2692
JU3226	g8191
JU3226	g10712
JU3226	g12257
JU3226	g1090
JU3226	g8223
JU3226	g8451
JU3226	g10985
JU3226	g8037
JU3226	g2056
JU3226	g14771
JU3226	g18662
JU3226	g8192
JU3226	g18102
JU3226	g2743
JU3226	g14770
JU3226	g10709
JU3226	g10858
JU3226	g7596
JU3226	g15226
JU3226	g13724
JU3226	g17925
JU3226	g6368
JU3226	g10571
JU3226	g21968
JU3226	g21710
JU3226	g13616
JU3226	g8026
JU3226	g7098
JU3226	g5572
JU3226	g22093
JU3226	g11149
JU3226	g13727
JU3226	g13123
JU3226	g1975
JU3226	g10755
JU3226	g13617
JU3226	g2570
JU3226	g7445
JU3226	g13568
JU3226	g10796
JU3226	g10803
JU3226	g8458
JU3226	g8472
JU3226	g18709
JU3226	g7998
JU3226	g7676
JU3226	g2534
JU3226	g11217
JU3226	g18832
JU3226	g6404
JU3226	g7446
JU3226	g10711
JU3226	g8424
JU3226	g18708
JU3226	g10860
JU3226	g18859
JU3226	g18711
JU3226	g6750
JU3226	g11013
JU3226	g21115
JU3226	g13129
JU3226	g9185
JU3226	g17000
CX11254	g17313
CX11254	g18404
CX11254	g956
CX11254	g16566
CX11254	g209
CX11254	g10003
CX11254	g7014
CX11254	g7916
CX11254	g4255
CX11254	g9662
CX11254	g18151
CX11254	g10006
CX11254	g82
CX11254	g1451
CX11254	g9481
CX11254	g6435
CX11254	g49
CX11254	g2315
CX11254	g532
CX11254	g2314
CX11254	g10036
CX11254	g4210
CX11254	g549
CX11254	g16399
CX11254	g16387
CX11254	g364
CX11254	g3631
CX11254	g4224
CX11254	g83
CX11254	g2688
CX11254	g4468
CX11254	g478
CX11254	g16640
CX11254	g403
CX11254	g1825
CX11254	g4214
CX11254	g7910
CX11254	g20910
CX11254	g17529
CX11254	g9963
CX11254	g4369
CX11254	g542
CX11254	g19262
CX11254	g4150
CX11254	g367
CX11254	g18316
CX11254	g7799
CX11254	g4221
CX11254	g953
CX11254	g22350
CX11254	g366
CX11254	g4212
CX11254	g11081
CX11254	g20317
CX11254	g4211
CX11254	g17898
CX11254	g7797
CX11254	g1718
CX11254	g15773
CX11254	g360
CX11254	g12381
CX11254	g11404
CX11254	g1355
CX11254	g18834
CX11254	g531
CX11254	g20113
CX11254	g9818
CX11254	g3172
CX11254	g14770
CX11254	g4266
CX11254	g1024
CX11254	g1824
CX11254	g16639
CX11254	g16793
CX11254	g1385
CX11254	g11411
CX11254	g17545
CX11254	g4223
CX11254	g1081
CX11254	g11875
CX11254	g1105
CX11254	g952
CX11254	g10001
CX11254	g17535
CX11254	g544
CX11254	g17543
CX11254	g553
CX11254	g10465
CX11254	g18668
CX11254	g2400
CX11254	g5309
CX11254	g949
CX11254	g90
CX11254	g16631
CX11254	g524
CX11254	g91
CX11254	g62
CX11254	g1630
CX11254	g4254
CX11254	g5161
CX11254	g1717
CX11254	g5307
CX11254	g4582
CX11254	g7252
CX11254	g552
CX11254	g14768
CX11254	g16398
CX11254	g104
CX11254	g92
CX11254	g957
CX11254	g527
CX11254	g10137
CX11254	g526
CX11254	g21511
CX11254	g9488
CX11254	g1969
CX11254	g4219
CX11254	g19414
CX11254	g2313
CX11254	g42
CX11254	g16596
CX11254	g4103
CX11254	g11084
CX11254	g14766
CX11254	g967
CX11254	g3169
CX11254	g84
CX11254	g4768
CX11254	g4311
CX11254	g18448
CX11254	g2341
CX11254	g166
CX11254	g4324
CX11254	g1873
CX11254	g2407
CX11254	g10002
CX11254	g875
CX11254	g18716
CX11254	g530
CX11254	g4048
CX11254	g4693
CX11254	g3167
CX11254	g3657
CX11254	g5191
CX11254	g4274
CX11254	g2622
CX11254	g5085
CX11254	g5223
CX11254	g8143
CX11254	g951
CX11254	g958
CX11254	g14762
CX11254	g1828
CX11254	g61
CX11254	g17007
CX11254	g1719
CX11254	g17544
CX11254	g18134
CX11254	g4368
CX11254	g3043
CX11254	g150
CX11254	g3170
CX11254	g21235
CX11254	g1217
CX11254	g4256
CX11254	g1903
CX11254	g3044
CX11254	g5304
CX11254	g85
CX11254	g18405
CX11254	g4152
CX11254	g2625
CX11254	g1723
CX11254	g15790
CX11254	g7915
CX11254	g10756
CX11254	g3166
CX11254	g9542
CX11254	g4562
CX11254	g113
CX11254	g5496
CX11254	g12025
CX11254	g16388
CX11254	g4808
CX11254	g9757
CX11254	g4218
CX11254	g1750
CX11254	g4304
CX11254	g15473
CX11254	g4403
CX11254	g4469
CX11254	g339
CX11254	g7922
CX11254	g17534
CX11254	g4691
CX11254	g18818
CX11254	g955
CX11254	g12941
CX11254	g135
CX11254	g9923
CX11254	g18833
CX11254	g17495
CX11254	g4083
CX11254	g954
CX11254	g551
CX11254	g1722
CX11254	g4220
CX11254	g2626
CX11254	g16599
CX11254	g141
CX11254	g18831
CX11254	g18717
CX11254	g1104
CX11254	g1970
CX11254	g88
CX11254	g7921
CX11254	g1749
CX11254	g22014
CX11254	g9396
CX11254	g67
CX11254	g545
CX11254	g2317
CX11254	g3483
CX11254	g1720
CX11254	g65
CX11254	g151
CX11254	g1051
CX11254	g16393
CX11254	g11082
CX11254	g1902
CX11254	g11877
CX11254	g21950
CX11254	g155
CX11254	g5308
CX11254	g112
CX11254	g17478
CX11254	g93
CX11254	g361
CX11254	g4215
CX11254	g19238
CX11254	g1721
CX11254	g11406
CX11254	g5689
CX11254	g8310
CX11254	g5310
CX11254	g4269
CX11254	g16595
CX11254	g16619
CX11254	g517
CX11254	g20990
CX11254	g605
CX11254	g5354
CX11254	g17659
CX11254	g4216
CX11254	g7798
CX11254	g529
CX11254	g4151
CX11254	g4632
CX11254	g95
CX11254	g363
CX11254	g523
CX11254	g365
CX11254	g8261
CX11254	g15605
CX11254	g8413
CX11254	g11876
CX11254	g10401
CX11254	g528
CX11254	g2316
CX11254	g16392
CX11254	g4579
CX11254	g115
CX11254	g9223
CX11254	g876
CX11254	g10271
CX11254	g12400
CX11254	g81
CX11254	g878
CX11254	g3168
CX11254	g1827
CX11254	g5311
CX11254	g4085
CX11254	g5688
CX11254	g4418
CX11254	g18842
CX11254	g4305
CX11254	g4207
CX11254	g10000
CX11254	g89
CX11254	g555
CX11254	g4217
CX11254	g18879
CX11254	g554
CX11254	g16386
CX11254	g3484
CX11254	g140
CX11254	g21214
CX11254	g3171
CX11254	g17496
CX11254	g22000
CX11254	g2318
CX11254	g1039
CX11254	g14767
CX11254	g16564
ECA1413	g1637
ECA1413	g6646
ECA1413	g5838
ECA1413	g10296
ECA1413	g4823
ECA1413	g13652
ECA1413	g10605
ECA1413	g9974
ECA1413	g12751
ECA1413	g3351
ECA1413	g9963
ECA1413	g5165
ECA1413	g5709
ECA1413	g7147
ECA1413	g14238
ECA1413	g5678
ECA1413	g8016
ECA1413	g6161
ECA1413	g16940
ECA1413	g10350
ECA1413	g10614
ECA1413	g295
ECA1413	g8015
ECA1413	g6178
ECA1413	g5993
ECA1413	g5710
ECA1413	g8388
ECA1413	g6107
ECA1413	g1955
ECA1413	g6032
ECA1413	g9923
ECA1413	g7573
ECA1413	g9922
ECA1413	g12757
ECA1413	g9924
ECA1413	g10608
ECA1413	g4863
ECA1413	g10079
ECA1413	g6171
ECA1413	g2504
ECA1413	g4826
ECA1413	g294
ECA1413	g5070
ECA1413	g20846
ECA1413	g9856
ECA1413	g10611
ECA1413	g5996
ECA1413	g1549
ECA1413	g12867
ECA1413	g6643
ECA1413	g15418
ECA1413	g5995
ECA1413	g9920
ECA1413	g10616
ECA1413	g3738
ECA1413	g7601
ECA1413	g1905
ECA1413	g1133
ECA1413	g12869
ECA1413	g7417
ECA1413	g5989
ECA1413	g8866
ECA1413	g7665
ECA1413	g19501
ECA1413	g20477
ECA1413	g8865
ECA1413	g7051
ECA1413	g2075
ECA1413	g11043
ECA1413	g6160
ECA1413	g9929
ECA1413	g445
ECA1413	g5010
ECA1413	g21046
ECA1413	g9810
ECA1413	g6713
ECA1413	g8019
ECA1413	g21234
ECA1413	g7081
ECA1413	g20470
ECA1413	g6772
ECA1413	g20003
ECA1413	g6796
ECA1413	g9918
ECA1413	g1638
ECA1413	g6173
ECA1413	g11051
ECA1413	g6182
ECA1413	g4358
ECA1413	g11052
ECA1413	g6639
ECA1413	g5717
ECA1413	g6153
ECA1413	g5718
ECA1413	g5691
ECA1413	g7328
ECA1413	g20848
ECA1413	g9962
ECA1413	g4820
ECA1413	g7416
ECA1413	g298
ECA1413	g13417
ECA1413	g6181
ECA1413	g5731
ECA1413	g5719
ECA1413	g6647
ECA1413	g6156
ECA1413	g4689
ECA1413	g6155
ECA1413	g17820
ECA1413	g5339
ECA1413	g11037
ECA1413	g9931
ECA1413	g7664
ECA1413	g21087
ECA1413	g2657
ECA1413	g8014
ECA1413	g5346
ECA1413	g5671
ECA1413	g8868
ECA1413	g21017
ECA1413	g3735
ECA1413	g16936
ECA1413	g383
ECA1413	g21066
ECA1413	g6657
ECA1413	g8867
ECA1413	g5711
ECA1413	g10020
ECA1413	g8042
ECA1413	g5793
ECA1413	g10033
ECA1413	g11085
ECA1413	g8108
ECA1413	g11150
ECA1413	g9915
ECA1413	g10130
ECA1413	g296
ECA1413	g6564
ECA1413	g16938
ECA1413	g6159
ECA1413	g10214
ECA1413	g9752
ECA1413	g9353
ECA1413	g415
ECA1413	g9983
ECA1413	g8321
ECA1413	g524
ECA1413	g9919
ECA1413	g6641
ECA1413	g21015
ECA1413	g9925
ECA1413	g16932
ECA1413	g5690
ECA1413	g21086
ECA1413	g7418
ECA1413	g6642
ECA1413	g1466
ECA1413	g10078
ECA1413	g5994
ECA1413	g8741
ECA1413	g9325
ECA1413	g8101
ECA1413	g9926
ECA1413	g5777
ECA1413	g21628
ECA1413	g5283
ECA1413	g9964
ECA1413	g7602
ECA1413	g20855
ECA1413	g8742
ECA1413	g9787
ECA1413	g301
ECA1413	g5712
ECA1413	g10299
ECA1413	g9858
ECA1413	g8324
ECA1413	g7422
ECA1413	g12752
ECA1413	g4067
ECA1413	g8864
ECA1413	g10279
ECA1413	g5740
ECA1413	g10828
ECA1413	g112
ECA1413	g10420
ECA1413	g12745
ECA1413	g1449
ECA1413	g8018
ECA1413	g19854
ECA1413	g782
ECA1413	g7449
ECA1413	g7526
ECA1413	g10013
ECA1413	g17642
ECA1413	g10115
ECA1413	g20858
ECA1413	g5969
ECA1413	g11042
ECA1413	g10187
ECA1413	g6645
ECA1413	g21047
ECA1413	g18934
ECA1413	g5762
ECA1413	g4905
ECA1413	g2074
ECA1413	g6644
ECA1413	g6180
ECA1413	g7421
ECA1413	g9928
ECA1413	g8325
ECA1413	g8870
ECA1413	g2072
ECA1413	g6795
ECA1413	g2060
ECA1413	g20847
ECA1413	g20859
ECA1413	g4824
ECA1413	g6648
ECA1413	g5715
ECA1413	g10601
ECA1413	g12746
ECA1413	g7448
ECA1413	g5431
ECA1413	g5695
ECA1413	g7420
ECA1413	g6174
ECA1413	g7524
ECA1413	g9180
ECA1413	g7419
ECA1413	g1956
ECA1413	g5694
ECA1413	g5778
ECA1413	g6740
ECA1413	g3737
ECA1413	g20001
ECA1413	g5782
ECA1413	g297
ECA1413	g5739
ECA1413	g5720
ECA1413	g5990
ECA1413	g2480
ECA1413	g20475
ECA1413	g14991
ECA1413	g12351
ECA1413	g10186
ECA1413	g6146
ECA1413	g21874
ECA1413	g6234
ECA1413	g250
ECA1413	g7527
ECA1413	g5768
ECA1413	g899
ECA1413	g10490
ECA1413	g11053
ECA1413	g12868
ECA1413	g6158
ECA1413	g9857
ECA1413	g5722
ECA1413	g5992
ECA1413	g6152
ECA1413	g12399
ECA1413	g17777
ECA1413	g21050
ECA1413	g20002
ECA1413	g4424
ECA1413	g6157
ECA1413	g18318
ECA1413	g8017
ECA1413	g5742
ECA1413	g5606
ECA1413	g4825
ECA1413	g6565
ECA1413	g4552
ECA1413	g5708
ECA1413	g1680
ECA1413	g6567
ECA1413	g21078
ECA1413	g11001
ECA1413	g9790
ECA1413	g14992
ECA1413	g2083
ECA1413	g10014
ECA1413	g5716
ECA1413	g6184
ECA1413	g2120
ECA1413	g9927
ECA1413	g9932
ECA1413	g6183
ECA1413	g4788
ECA1413	g9181
ECA1413	g5767
ECA1413	g10983
ECA1413	g21445
ECA1413	g21648
ECA1413	g21954
ECA1413	g11054
ECA1413	g11000
ECA1413	g10418
ECA1413	g8869
ECA1413	g11098
ECA1413	g22358
ECA1413	g6728
ECA1413	g16937
ECA2199	g3166
ECA2199	g13293
ECA2199	g4098
ECA2199	g3111
ECA2199	g7938
ECA2199	g15843
ECA2199	g21738
ECA2199	g2043
ECA2199	g15031
ECA2199	g11799
ECA2199	g15813
ECA2199	g15816
ECA2199	g16316
ECA2199	g687
ECA2199	g4160
ECA2199	g4726
ECA2199	g5074
ECA2199	g13027
ECA2199	g12861
ECA2199	g3198
ECA2199	g21148
ECA2199	g15773
ECA2199	g16296
ECA2199	g16136
ECA2199	g1558
ECA2199	g4114
ECA2199	g11428
ECA2199	g16282
ECA2199	g11798
ECA2199	g1180
ECA2199	g22540
ECA2199	g3268
ECA2199	g5069
ECA2199	g5113
ECA2199	g828
ECA2199	g3162
ECA2199	g16776
ECA2199	g20373
ECA2199	g16775
ECA2199	g5070
ECA2199	g12429
ECA2199	g6163
ECA2199	g19048
ECA2199	g1181
ECA2199	g6525
ECA2199	g9487
ECA2199	g13379
ECA2199	g742
ECA2199	g19955
ECA2199	g15840
ECA2199	g3087
ECA2199	g16315
ECA2199	g6162
ECA2199	g16291
ECA2199	g1916
ECA2199	g13822
ECA2199	g578
ECA2199	g22541
ECA2199	g2041
ECA2199	g15874
ECA2199	g16246
ECA2199	g8478
ECA2199	g8477
ECA2199	g12860
ECA2199	g16131
ECA2199	g14674
ECA2199	g16786
ECA2199	g15791
ECA2199	g15792
ECA2199	g249
ECA2199	g3401
ECA2199	g3368
ECA2199	g7485
ECA2199	g16850
ECA2199	g16904
ECA2199	g15788
ECA2199	g16305
ECA2199	g13292
ECA2199	g3124
ECA2199	g2999
ECA2199	g16307
ECA2199	g15814
ECA2199	g767
ECA2199	g3123
ECA2199	g7886
ECA2199	g15525
ECA2199	g5536
ECA2199	g4162
ECA2199	g14059
ECA2199	g16134
ECA2199	g11810
ECA2199	g7705
ECA2199	g492
ECA2199	g8963
ECA2199	g3108
ECA2199	g3113
ECA2199	g15818
ECA2199	g16132
ECA2199	g577
ECA2199	g1183
ECA2199	g22575
ECA2199	g12277
ECA2199	g610
ECA2199	g15808
ECA2199	g13577
ECA2199	g1182
ECA2199	g1268
ECA2199	g5071
ECA2199	g3267
ECA2199	g15896
ECA2199	g8113
ECA2199	g15807
ECA2199	g15815
ECA2199	g4541
ECA2199	g13251
ECA2199	g11805
ECA2199	g16876
ECA2199	g3269
ECA2199	g6165
ECA2199	g14681
ECA2199	g19046
ECA2199	g1495
ECA2199	g16928
ECA2199	g4210
ECA2199	g3197
ECA2199	g9468
ECA2199	g81
ECA2199	g4153
ECA2199	g14585
ECA2199	g15766
ECA2199	g3117
ECA2199	g15717
ECA2199	g12877
ECA2199	g1178
ECA2199	g2510
ECA2199	g3153
ECA2199	g3115
ECA2199	g4146
ECA2199	g3603
ECA2199	g3217
ECA2199	g4193
ECA2199	g16318
ECA2199	g16864
ECA2199	g1490
ECA2199	g16774
ECA2199	g14452
ECA2199	g16319
ECA2199	g16772
ECA2199	g12976
ECA2199	g16777
ECA2199	g19042
ECA2199	g15880
ECA2199	g14677
ECA2199	g16177
ECA2199	g12975
ECA2199	g12977
ECA2199	g14670
ECA2199	g16137
ECA2199	g12812
ECA2199	g22539
ECA2199	g5068
ECA2199	g3601
ECA2199	g2365
ECA2199	g6504
ECA2199	g16135
ECA2199	g8964
ECA2199	g2975
ECA2199	g2042
ECA2199	g1209
ECA2199	g1494
ECA2199	g8480
ECA2199	g3487
ECA2199	g1184
ECA2199	g691
ECA2199	g11804
ECA2199	g3121
ECA2199	g7909
ECA2199	g15841
ECA2199	g16294
ECA2199	g16317
ECA2199	g583
ECA2199	g16295
ECA2199	g2039
ECA2199	g16312
ECA2199	g3053
ECA2199	g4605
ECA2199	g3465
ECA2199	g4161
ECA2199	g4152
ECA2199	g14888
ECA2199	g3052
ECA2199	g21981
ECA2199	g15834
ECA2199	g14186
ECA2199	g1915
ECA2199	g15820
ECA2199	g16773
ECA2199	g19766
ECA2199	g14678
ECA2199	g7875
ECA2199	g16693
ECA2199	g15864
ECA2199	g15806
ECA2199	g10036
ECA2199	g7867
ECA2199	g4990
ECA2199	g15945
ECA2199	g4821
ECA2199	g16314
ECA2199	g16371
ECA2199	g5205
ECA2199	g3116
ECA2199	g3118
ECA2199	g4548
ECA2199	g15810
ECA2199	g12864
ECA2199	g8486
ECA2199	g736
ECA2199	g16778
ECA2199	g7866
ECA2199	g4888
ECA2199	g3314
ECA2199	g16308
ECA2199	g3369
ECA2199	g609
ECA2199	g16697
ECA2199	g8121
ECA2199	g4449
ECA2199	g2364
ECA2199	g580
ECA2199	g692
ECA2199	g16138
ECA2199	g7905
ECA2199	g581
ECA2199	g3301
ECA2199	g11591
ECA2199	g11335
ECA2199	g17511
ECA2199	g15862
ECA2199	g17289
ECA2199	g4113
ECA2199	g15809
ECA2199	g12452
ECA2199	g16108
ECA2199	g689
ECA2199	g7910
ECA2199	g3204
ECA2199	g6749
ECA2199	g14724
ECA2199	g4151
ECA2199	g14675
ECA2199	g2044
ECA2199	g16290
ECA2199	g2940
ECA2199	g16768
ECA2199	g3167
ECA2199	g3165
ECA2199	g19050
ECA2199	g16287
ECA2199	g218
ECA2199	g3670
ECA2199	g3152
ECA2199	g11473
ECA2199	g582
ECA2199	g15023
ECA2199	g16692
ECA2199	g16293
ECA2199	g9112
ECA2199	g315
ECA2199	g5829
ECA2199	g4273
ECA2199	g14530
ECA2199	g22618
ECA2199	g3120
ECA2199	g3119
ECA2199	g1179
ECA2199	g5340
ECA2199	g3151
ECA2199	g15787
ECA2199	g16929
ECA2199	g6832
ECA2199	g3483
ECA2199	g2537
ECA2199	g2045
ECA2199	g15817
ECA2199	g12850
ECA2199	g16288
ECA2199	g2040
ECA2199	g5030
ECA2199	g2976
ECA2199	g16292
ECA2199	g1275
ECA2199	g3371
ECA2199	g14676
ECA2199	g16771
ECA2199	g5469
ECA2199	g14673
ECA2199	g3540
ECA2199	g579
ECA2199	g829
ECA2199	g19047
ECA2199	g13560
ECA2199	g20372
ECA2199	g7940
ECA2581	g9593
ECA2581	g4940
ECA2581	g7236
ECA2581	g11138
ECA2581	g4257
ECA2581	g3568
ECA2581	g15162
ECA2581	g2670
ECA2581	g2672
ECA2581	g21173
ECA2581	g1896
ECA2581	g20777
ECA2581	g16283
ECA2581	g7489
ECA2581	g20679
ECA2581	g14582
ECA2581	g20774
ECA2581	g3801
ECA2581	g21196
ECA2581	g17641
ECA2581	g3939
ECA2581	g2987
ECA2581	g10968
ECA2581	g10957
ECA2581	g3631
ECA2581	g16183
ECA2581	g3757
ECA2581	g21603
ECA2581	g22477
ECA2581	g16469
ECA2581	g5272
ECA2581	g1802
ECA2581	g22078
ECA2581	g3834
ECA2581	g3854
ECA2581	g21642
ECA2581	g22079
ECA2581	g12196
ECA2581	g15936
ECA2581	g15978
ECA2581	g21678
ECA2581	g3790
ECA2581	g22075
ECA2581	g21653
ECA2581	g3752
ECA2581	g3686
ECA2581	g12505
ECA2581	g7325
ECA2581	g2671
ECA2581	g12869
ECA2581	g21623
ECA2581	g3753
ECA2581	g1384
ECA2581	g4126
ECA2581	g7746
ECA2581	g1196
ECA2581	g21652
ECA2581	g21374
ECA2581	g2668
ECA2581	g9613
ECA2581	g10591
ECA2581	g21201
ECA2581	g6799
ECA2581	g1801
ECA2581	g3138
ECA2581	g21619
ECA2581	g16122
ECA2581	g21587
ECA2581	g11354
ECA2581	g11167
ECA2581	g21620
ECA2581	g858
ECA2581	g10584
ECA2581	g21657
ECA2581	g1385
ECA2581	g20645
ECA2581	g10115
ECA2581	g21368
ECA2581	g22165
ECA2581	g21183
ECA2581	g6967
ECA2581	g4014
ECA2581	g20778
ECA2581	g21644
ECA2581	g21647
ECA2581	g3895
ECA2581	g20772
ECA2581	g3748
ECA2581	g20707
ECA2581	g6792
ECA2581	g4333
ECA2581	g21204
ECA2581	g1108
ECA2581	g1889
ECA2581	g21175
ECA2581	g826
ECA2581	g15933
ECA2581	g3685
ECA2581	g1195
ECA2581	g15404
ECA2581	g21373
ECA2581	g10967
ECA2581	g6217
ECA2581	g1228
ECA2581	g22304
ECA2581	g4707
ECA2581	g21198
ECA2581	g20776
ECA2581	g15805
ECA2581	g21655
ECA2581	g4721
ECA2581	g21185
ECA2581	g15938
ECA2581	g21673
ECA2581	g11209
ECA2581	g3754
ECA2581	g21622
ECA2581	g21690
ECA2581	g21371
ECA2581	g20691
ECA2581	g21176
ECA2581	g12866
ECA2581	g22076
ECA2581	g17646
ECA2581	g4708
ECA2581	g2119
ECA2581	g687
ECA2581	g11188
ECA2581	g21698
ECA2581	g2180
ECA2581	g15940
ECA2581	g22476
ECA2581	g6373
ECA2581	g21330
ECA2581	g3799
ECA2581	g3947
ECA2581	g20856
ECA2581	g4716
ECA2581	g1448
ECA2581	g17643
ECA2581	g21596
ECA2581	g20779
ECA2581	g20489
ECA2581	g1201
ECA2581	g2667
ECA2581	g2115
ECA2581	g20256
ECA2581	g1800
ECA2581	g4013
ECA2581	g17650
ECA2581	g1227
ECA2581	g22077
ECA2581	g11208
ECA2581	g21528
ECA2581	g4191
ECA2581	g7506
ECA2581	g21197
ECA2581	g3756
ECA2581	g22478
ECA2581	g21131
ECA2581	g12525
ECA2581	g1308
ECA2581	g12868
ECA2581	g2669
ECA2581	g1828
ECA2581	g4678
ECA2581	g20855
ECA2581	g21677
ECA2581	g2118
ECA2581	g3791
ECA2581	g13202
ECA2581	g21178
ECA2581	g4715
ECA2581	g16405
ECA2581	g4109
ECA2581	g21893
ECA2581	g10958
ECA2581	g8095
ECA2581	g13817
ECA2581	g21654
ECA2581	g20765
ECA2581	g2546
ECA2581	g21583
ECA2581	g11136
ECA2581	g8511
ECA2581	g20761
ECA2581	g20482
ECA2581	g21649
ECA2581	g4129
ECA2581	g20781
ECA2581	g4019
ECA2581	g20775
ECA2581	g21675
ECA2581	g1803
ECA2581	g11168
ECA2581	g339
ECA2581	g2547
ECA2581	g16020
ECA2581	g3606
ECA2581	g21174
ECA2581	g6800
ECA2581	g21646
ECA2581	g4758
ECA2581	g1449
ECA2581	g21633
ECA2581	g7235
ECA2581	g21571
ECA2581	g3167
ECA2581	g15903
ECA2581	g16460
ECA2581	g6803
ECA2581	g6816
ECA2581	g6397
ECA2581	g21199
ECA2581	g19202
ECA2581	g13391
ECA2581	g20483
ECA2581	g3751
ECA2581	g16560
ECA2581	g21182
ECA2581	g1805
ECA2581	g2986
ECA2581	g3789
ECA2581	g1198
ECA2581	g21367
ECA2581	g21205
ECA2581	g1199
ECA2581	g4706
ECA2581	g10956
ECA2581	g10113
ECA2581	g16950
ECA2581	g21248
ECA2581	g4615
ECA2581	g21648
ECA2581	g1804
ECA2581	g21369
ECA2581	g3750
ECA2581	g4776
ECA2581	g2666
ECA2581	g3684
ECA2581	g10589
ECA2581	g13818
ECA2581	g19096
ECA2581	g21401
ECA2581	g21624
ECA2581	g4018
ECA2581	g21211
ECA2581	g12277
ECA2581	g22026
ECA2581	g21370
ECA2581	g7982
ECA2581	g3747
ECA2581	g3894
ECA2581	g20773
ECA2581	g20139
ECA2581	g1200
ECA2581	g8642
ECA2581	g22082
ECA2581	g11171
ECA2581	g10114
ECA2581	g3607
ECA2581	g17019
ECA2581	g9313
ECA2581	g5517
ECA2581	g1311
ECA2581	g21200
ECA2581	g924
ECA2581	g10962
ECA2581	g16739
ECA2581	g7194
ECA2581	g15939
ECA2581	g17145
ECA2581	g4187
ECA2581	g1197
ECA2581	g11200
ECA2581	g19201
ECA2581	g9965
ECA2581	g1310
ECA2581	g20621
ECA2581	g1358
ECA2581	g3833
ECA2581	g3840
ECA2581	g21645
ECA2581	g20488
ECA2581	g21172
ECA2581	g20853
ECA2581	g6755
ECA2581	g4256
ECA2581	g22194
ECA2581	g20494
ECA2581	g20622
ECA2581	g3749
ECA2581	g21597
ECA2581	g3896
ECA2581	g22221
ECA2581	g4757
ECA2581	g11565
ECA2581	g4664
ECA2581	g4047
ECA2581	g17645
ECA2581	g1799
ECA2581	g6918
ECA2581	g8820
ECA2581	g21202
ECA742	g8274
ECA742	g3518
ECA742	g7411
ECA742	g12331
ECA742	g1339
ECA742	g14761
ECA742	g15187
ECA742	g7063
ECA742	g7414
ECA742	g13259
ECA742	g15280
ECA742	g1922
ECA742	g12691
ECA742	g9628
ECA742	g7159
ECA742	g7888
ECA742	g14571
ECA742	g18739
ECA742	g7933
ECA742	g10057
ECA742	g14272
ECA742	g10209
ECA742	g12586
ECA742	g12605
ECA742	g14269
ECA742	g9627
ECA742	g7408
ECA742	g12544
ECA742	g7924
ECA742	g12504
ECA742	g3341
ECA742	g12500
ECA742	g14297
ECA742	g8363
ECA742	g18367
ECA742	g15383
ECA742	g18359
ECA742	g14769
ECA742	g9963
ECA742	g5070
ECA742	g6888
ECA742	g15191
ECA742	g3469
ECA742	g8781
ECA742	g9931
ECA742	g14294
ECA742	g10144
ECA742	g7676
ECA742	g16753
ECA742	g17772
ECA742	g3634
ECA742	g10570
ECA742	g14746
ECA742	g11901
ECA742	g7225
ECA742	g12394
ECA742	g17130
ECA742	g261
ECA742	g5826
ECA742	g14290
ECA742	g14300
ECA742	g12543
ECA742	g15320
ECA742	g7680
ECA742	g14759
ECA742	g9537
ECA742	g8273
ECA742	g12776
ECA742	g10056
ECA742	g12889
ECA742	g12506
ECA742	g14770
ECA742	g14299
ECA742	g15810
ECA742	g9934
ECA742	g22178
ECA742	g10145
ECA742	g15186
ECA742	g15252
ECA742	g7410
ECA742	g7678
ECA742	g19729
ECA742	g14739
ECA742	g12502
ECA742	g17765
ECA742	g15192
ECA742	g509
ECA742	g7328
ECA742	g10655
ECA742	g17283
ECA742	g229
ECA742	g14742
ECA742	g9930
ECA742	g1103
ECA742	g14302
ECA742	g14364
ECA742	g9404
ECA742	g14324
ECA742	g12556
ECA742	g14745
ECA742	g9626
ECA742	g22127
ECA742	g14422
ECA742	g14274
ECA742	g7687
ECA742	g13086
ECA742	g12507
ECA742	g4226
ECA742	g9622
ECA742	g15268
ECA742	g6882
ECA742	g10211
ECA742	g8230
ECA742	g2675
ECA742	g12892
ECA742	g9932
ECA742	g14359
ECA742	g14768
ECA742	g14738
ECA742	g15108
ECA742	g5067
ECA742	g5828
ECA742	g5830
ECA742	g10210
ECA742	g14610
ECA742	g13017
ECA742	g14323
ECA742	g14315
ECA742	g16774
ECA742	g88
ECA742	g14247
ECA742	g15201
ECA742	g10939
ECA742	g3631
ECA742	g14747
ECA742	g21750
ECA742	g18366
ECA742	g14744
ECA742	g10105
ECA742	g13496
ECA742	g10053
ECA742	g15107
ECA742	g14569
ECA742	g18826
ECA742	g12509
ECA742	g10054
ECA742	g10871
ECA742	g22137
ECA742	g12769
ECA742	g14819
ECA742	g5834
ECA742	g22089
ECA742	g10571
ECA742	g7370
ECA742	g12954
ECA742	g8538
ECA742	g14566
ECA742	g12644
ECA742	g14771
ECA742	g22027
ECA742	g22177
ECA742	g14304
ECA742	g9629
ECA742	g11430
ECA742	g14572
ECA742	g3362
ECA742	g14570
ECA742	g10569
ECA742	g14547
ECA742	g7677
ECA742	g7688
ECA742	g11429
ECA742	g14377
ECA742	g10597
ECA742	g14291
ECA742	g17770
ECA742	g14567
ECA742	g22126
ECA742	g12558
ECA742	g14270
ECA742	g10874
ECA742	g14766
ECA742	g9936
ECA742	g5404
ECA742	g11750
ECA742	g12510
ECA742	g6945
ECA742	g12873
ECA742	g22128
ECA742	g3519
ECA742	g12501
ECA742	g12770
ECA742	g9140
ECA742	g7857
ECA742	g21752
ECA742	g14292
ECA742	g11305
ECA742	g14293
ECA742	g20680
ECA742	g18360
ECA742	g15183
ECA742	g10099
ECA742	g15189
ECA742	g10572
ECA742	g7885
ECA742	g16209
ECA742	g11306
ECA742	g14301
ECA742	g12369
ECA742	g7538
ECA742	g3633
ECA742	g8231
ECA742	g11432
ECA742	g17282
ECA742	g11930
ECA742	g10662
ECA742	g5069
ECA742	g12439
ECA742	g7409
ECA742	g3618
ECA742	g22136
ECA742	g14257
ECA742	g15110
ECA742	g12585
ECA742	g14326
ECA742	g18065
ECA742	g12503
ECA742	g10574
ECA742	g11749
ECA742	g9933
ECA742	g12546
ECA742	g4073
ECA742	g14360
ECA742	g14762
ECA742	g14693
ECA742	g15188
ECA742	g14298
ECA742	g10573
ECA742	g7932
ECA742	g22195
ECA742	g12699
ECA742	g14741
ECA742	g11428
ECA742	g7884
ECA742	g4049
ECA742	g18353
ECA742	g12775
ECA742	g14733
ECA742	g3114
ECA742	g21751
ECA742	g9673
ECA742	g22142
ECA742	g14350
ECA742	g20990
ECA742	g12440
ECA742	g15190
ECA742	g12499
ECA742	g11431
ECA742	g9021
ECA742	g18693
ECA742	g9935
ECA742	g20810
ECA742	g12370
ECA742	g15878
ECA742	g21502
ECA742	g14743
ECA742	g13015
ECA742	g326
ECA742	g12441
ECA742	g18250
ECA742	g10875
ECA742	g14346
ECA742	g16005
ECA742	g14349
ECA742	g19937
ECA742	g9799
ECA742	g3032
ECA742	g2674
ECA742	g3641
ECA742	g22701
ECA742	g14573
ECA742	g14772
ECA742	g12505
ECA742	g12592
ECA742	g3677
ECA742	g7912
ECA742	g9507
ECA742	g7444
ECA742	g22700
ECA742	g12645
ECA742	g12647
ECA742	g9480
ECA742	g9962
ECA742	g9625
ECA742	g22075
ECA742	g12807
ECA742	g15185
ECA742	g11427
ECA742	g14316
ECA742	g5829
ECA742	g8521
ECA742	g10568
ECA742	g7855
ECA742	g10031
NIC195	g8242
NIC195	g924
NIC195	g11566
NIC195	g5556
NIC195	g9600
NIC195	g19421
NIC195	g61
NIC195	g2276
NIC195	g4239
NIC195	g4229
NIC195	g11630
NIC195	g5220
NIC195	g8498
NIC195	g5559
NIC195	g39
NIC195	g1423
NIC195	g14212
NIC195	g516
NIC195	g18321
NIC195	g4184
NIC195	g4242
NIC195	g49
NIC195	g4197
NIC195	g4554
NIC195	g40
NIC195	g2653
NIC195	g12658
NIC195	g2271
NIC195	g19967
NIC195	g6310
NIC195	g1795
NIC195	g351
NIC195	g532
NIC195	g22190
NIC195	g4189
NIC195	g5515
NIC195	g4345
NIC195	g7380
NIC195	g2272
NIC195	g530
NIC195	g21031
NIC195	g346
NIC195	g8332
NIC195	g18638
NIC195	g921
NIC195	g11385
NIC195	g11397
NIC195	g16613
NIC195	g6524
NIC195	g1874
NIC195	g4185
NIC195	g8749
NIC195	g19969
NIC195	g18640
NIC195	g1686
NIC195	g345
NIC195	g846
NIC195	g10242
NIC195	g3130
NIC195	g95
NIC195	g7809
NIC195	g515
NIC195	g4194
NIC195	g546
NIC195	g4737
NIC195	g5378
NIC195	g3135
NIC195	g4073
NIC195	g992
NIC195	g19934
NIC195	g1357
NIC195	g2274
NIC195	g1050
NIC195	g10721
NIC195	g1074
NIC195	g920
NIC195	g5553
NIC195	g2275
NIC195	g12262
NIC195	g4193
NIC195	g19983
NIC195	g6017
NIC195	g7975
NIC195	g4120
NIC195	g12614
NIC195	g917
NIC195	g4196
NIC195	g47
NIC195	g12251
NIC195	g547
NIC195	g508
NIC195	g21508
NIC195	g48
NIC195	g21
NIC195	g2360
NIC195	g9451
NIC195	g514
NIC195	g1685
NIC195	g9597
NIC195	g19185
NIC195	g4191
NIC195	g925
NIC195	g5686
NIC195	g5037
NIC195	g350
NIC195	g19984
NIC195	g325
NIC195	g1935
NIC195	g7227
NIC195	g9599
NIC195	g1324
NIC195	g17309
NIC195	g14961
NIC195	g16616
NIC195	g4280
NIC195	g18317
NIC195	g11220
NIC195	g9514
NIC195	g935
NIC195	g3132
NIC195	g41
NIC195	g8199
NIC195	g542
NIC195	g2367
NIC195	g4299
NIC195	g5554
NIC195	g2269
NIC195	g3593
NIC195	g4396
NIC195	g845
NIC195	g7927
NIC195	g4249
NIC195	g18319
NIC195	g4230
NIC195	g4187
NIC195	g12263
NIC195	g511
NIC195	g11638
NIC195	g2589
NIC195	g349
NIC195	g507
NIC195	g2585
NIC195	g19974
NIC195	g12492
NIC195	g4020
NIC195	g919
NIC195	g70
NIC195	g592
NIC195	g926
NIC195	g18313
NIC195	g389
NIC195	g1799
NIC195	g20
NIC195	g11384
NIC195	g1687
NIC195	g24
NIC195	g8515
NIC195	g4344
NIC195	g3007
NIC195	g1601
NIC195	g115
NIC195	g3133
NIC195	g21927
NIC195	g1189
NIC195	g10722
NIC195	g19985
NIC195	g4471
NIC195	g9594
NIC195	g42
NIC195	g4190
NIC195	g4557
NIC195	g11599
NIC195	g8241
NIC195	g4122
NIC195	g20018
NIC195	g1691
NIC195	g16288
NIC195	g3129
NIC195	g5094
NIC195	g9377
NIC195	g4537
NIC195	g1936
NIC195	g5030
NIC195	g9787
NIC195	g19935
NIC195	g10868
NIC195	g2270
NIC195	g5589
NIC195	g9105
NIC195	g19786
NIC195	g1718
NIC195	g11564
NIC195	g4279
NIC195	g4379
NIC195	g20722
NIC195	g11388
NIC195	g4447
NIC195	g8
NIC195	g7826
NIC195	g923
NIC195	g19917
NIC195	g11595
NIC195	g13336
NIC195	g848
NIC195	g4446
NIC195	g5475
NIC195	g7810
NIC195	g2590
NIC195	g922
NIC195	g544
NIC195	g1690
NIC195	g3619
NIC195	g4606
NIC195	g4186
NIC195	g7813
NIC195	g7926
NIC195	g19975
NIC195	g1073
NIC195	g533
NIC195	g45
NIC195	g12264
NIC195	g15383
NIC195	g1717
NIC195	g4670
NIC195	g4945
NIC195	g1689
NIC195	g1846
NIC195	g3447
NIC195	g1688
NIC195	g11787
NIC195	g352
NIC195	g14962
NIC195	g109
NIC195	g11393
NIC195	g1019
NIC195	g16614
NIC195	g10249
NIC195	g464
NIC195	g20079
NIC195	g9598
NIC195	g50
NIC195	g12256
NIC195	g7404
NIC195	g10244
NIC195	g25
NIC195	g502
NIC195	g22271
NIC195	g11594
NIC195	g9646
NIC195	g8991
NIC195	g510
NIC195	g18639
NIC195	g513
NIC195	g4121
NIC195	g72
NIC195	g52
NIC195	g348
NIC195	g3008
NIC195	g2301
NIC195	g20855
NIC195	g5947
NIC195	g69
NIC195	g4228
NIC195	g110
NIC195	g5316
NIC195	g4770
NIC195	g4286
NIC195	g12257
NIC195	g539
NIC195	g5819
NIC195	g38
NIC195	g3131
NIC195	g1798
NIC195	g127
NIC195	g9601
NIC195	g100
NIC195	g7801
NIC195	g4192
NIC195	g11386
NIC195	g11396
NIC195	g4181
NIC195	g5552
NIC195	g46
NIC195	g4055
NIC195	g7764
NIC195	g11619
NIC195	g3448
NIC195	g4056
NIC195	g99
NIC195	g21947
NIC195	g2273
NIC195	g512
NIC195	g3134
NIC195	g172
NIC195	g11990
NIC195	g20030
NIC195	g1007
NIC195	g1875
NIC195	g549
NIC195	g18318
NIC195	g545
NIC195	g11639
NIC195	g548
NIC195	g4188
QX1794	g17294
QX1794	g9611
QX1794	g5737
QX1794	g12550
QX1794	g11631
QX1794	g6791
QX1794	g18687
QX1794	g12225
QX1794	g8232
QX1794	g600
QX1794	g12214
QX1794	g11295
QX1794	g18525
QX1794	g8254
QX1794	g12803
QX1794	g5986
QX1794	g14816
QX1794	g7376
QX1794	g8287
QX1794	g20910
QX1794	g14809
QX1794	g7780
QX1794	g10244
QX1794	g12604
QX1794	g7941
QX1794	g10930
QX1794	g20911
QX1794	g8244
QX1794	g8253
QX1794	g9855
QX1794	g8199
QX1794	g7947
QX1794	g12175
QX1794	g20909
QX1794	g17682
QX1794	g12174
QX1794	g17329
QX1794	g12176
QX1794	g18684
QX1794	g12330
QX1794	g19268
QX1794	g22689
QX1794	g12108
QX1794	g9521
QX1794	g10816
QX1794	g5734
QX1794	g7942
QX1794	g12172
QX1794	g18676
QX1794	g4063
QX1794	g17653
QX1794	g3462
QX1794	g10814
QX1794	g17837
QX1794	g18691
QX1794	g7948
QX1794	g7765
QX1794	g5525
QX1794	g17589
QX1794	g15826
QX1794	g16057
QX1794	g17034
QX1794	g5524
QX1794	g5890
QX1794	g19836
QX1794	g20772
QX1794	g12180
QX1794	g15676
QX1794	g11450
QX1794	g12061
QX1794	g11591
QX1794	g2550
QX1794	g5920
QX1794	g17027
QX1794	g11628
QX1794	g3228
QX1794	g16559
QX1794	g15426
QX1794	g12170
QX1794	g5733
QX1794	g9612
QX1794	g4689
QX1794	g7756
QX1794	g17293
QX1794	g5730
QX1794	g8246
QX1794	g7755
QX1794	g7789
QX1794	g8245
QX1794	g8274
QX1794	g6159
QX1794	g8163
QX1794	g12213
QX1794	g2403
QX1794	g11634
QX1794	g10242
QX1794	g10936
QX1794	g17838
QX1794	g15825
QX1794	g6554
QX1794	g17334
QX1794	g5738
QX1794	g5810
QX1794	g7943
QX1794	g12182
QX1794	g11630
QX1794	g10931
QX1794	g17590
QX1794	g2404
QX1794	g19420
QX1794	g20912
QX1794	g14645
QX1794	g5527
QX1794	g5838
QX1794	g2332
QX1794	g4060
QX1794	g7786
QX1794	g10239
QX1794	g18678
QX1794	g15827
QX1794	g15741
QX1794	g2383
QX1794	g5748
QX1794	g5526
QX1794	g8252
QX1794	g12270
QX1794	g20883
QX1794	g12283
QX1794	g2366
QX1794	g10138
QX1794	g7767
QX1794	g12167
QX1794	g12383
QX1794	g7757
QX1794	g7944
QX1794	g5656
QX1794	g5079
QX1794	g7782
QX1794	g12469
QX1794	g12003
QX1794	g1115
QX1794	g15708
QX1794	g8179
QX1794	g12233
QX1794	g20908
QX1794	g9923
QX1794	g15044
QX1794	g12171
QX1794	g5732
QX1794	g2330
QX1794	g16037
QX1794	g8223
QX1794	g7709
QX1794	g17344
QX1794	g12177
QX1794	g10235
QX1794	g7904
QX1794	g17836
QX1794	g8271
QX1794	g8191
QX1794	g15822
QX1794	g18508
QX1794	g12329
QX1794	g5401
QX1794	g1143
QX1794	g9654
QX1794	g10144
QX1794	g8183
QX1794	g12178
QX1794	g17183
QX1794	g12215
QX1794	g17652
QX1794	g22680
QX1794	g5402
QX1794	g12040
QX1794	g8251
QX1794	g12553
QX1794	g7784
QX1794	g12110
QX1794	g9919
QX1794	g15828
QX1794	g17832
QX1794	g5523
QX1794	g14751
QX1794	g12533
QX1794	g2173
QX1794	g12673
QX1794	g8269
QX1794	g20907
QX1794	g22687
QX1794	g17375
QX1794	g21084
QX1794	g17805
QX1794	g17729
QX1794	g12263
QX1794	g4886
QX1794	g12179
QX1794	g3012
QX1794	g12367
QX1794	g7945
QX1794	g22677
QX1794	g10935
QX1794	g7969
QX1794	g10240
QX1794	g12442
QX1794	g5736
QX1794	g2362
QX1794	g9160
QX1794	g11549
QX1794	g11388
QX1794	g11763
QX1794	g19835
QX1794	g5735
QX1794	g7758
QX1794	g17833
QX1794	g7783
QX1794	g9918
QX1794	g5529
QX1794	g19833
QX1794	g17335
QX1794	g15425
QX1794	g19821
QX1794	g22676
QX1794	g22688
QX1794	g5739
QX1794	g2361
QX1794	g8248
QX1794	g1574
QX1794	g17806
QX1794	g312
QX1794	g17834
QX1794	g17731
QX1794	g1289
QX1794	g17835
QX1794	g19719
QX1794	g4062
QX1794	g16557
QX1794	g7832
QX1794	g18074
QX1794	g8243
QX1794	g18681
QX1794	g19244
QX1794	g17032
QX1794	g12907
QX1794	g5868
QX1794	g12228
QX1794	g12441
QX1794	g7795
QX1794	g7781
QX1794	g21780
QX1794	g7764
QX1794	g15872
QX1794	g17728
QX1794	g19669
QX1794	g12745
QX1794	g7787
QX1794	g10815
QX1794	g12109
QX1794	g8221
QX1794	g8241
QX1794	g17343
QX1794	g7790
QX1794	g8194
QX1794	g22730
QX1794	g22590
QX1794	g7760
QX1794	g16558
QX1794	g4756
QX1794	g8224
QX1794	g18178
QX1794	g7785
QX1794	g15380
QX1794	g487
QX1794	g11629
QX1794	g5657
QX1794	g4395
QX1794	g8255
QX1794	g5659
QX1794	g2395
QX1794	g15829
QX1794	g5826
QX1794	g16410
QX1794	g12043
QX1794	g19844
QX1794	g12264
QX1794	g8247
QX1794	g20906
QX1794	g19718
QX1794	g19883
QX1794	g12183
QX1794	g11664
QX1794	g10925
QX1794	g1288
QX1794	g21313
QX1794	g17163
QX1794	g14893
QX1794	g8275
QX1794	g12671
QX1794	g5528
QX1794	g8122
QX1794	g235
QX1794	g20288
QX1794	g7753
QX1794	g7754
WN2001	g16267
WN2001	g11224
WN2001	g20843
WN2001	g2220
WN2001	g11975
WN2001	g1056
WN2001	g14360
WN2001	g9852
WN2001	g1398
WN2001	g16013
WN2001	g2191
WN2001	g21553
WN2001	g12104
WN2001	g11819
WN2001	g10728
WN2001	g1587
WN2001	g14945
WN2001	g12135
WN2001	g11650
WN2001	g4755
WN2001	g12118
WN2001	g20837
WN2001	g20460
WN2001	g21429
WN2001	g11633
WN2001	g21416
WN2001	g12103
WN2001	g9479
WN2001	g11704
WN2001	g21534
WN2001	g11778
WN2001	g10349
WN2001	g21426
WN2001	g21424
WN2001	g1096
WN2001	g21274
WN2001	g11640
WN2001	g18890
WN2001	g1059
WN2001	g9855
WN2001	g9856
WN2001	g16179
WN2001	g10547
WN2001	g21949
WN2001	g2382
WN2001	g7935
WN2001	g11816
WN2001	g11213
WN2001	g20835
WN2001	g6835
WN2001	g20708
WN2001	g10271
WN2001	g21428
WN2001	g1580
WN2001	g15761
WN2001	g21947
WN2001	g10456
WN2001	g11822
WN2001	g8995
WN2001	g11306
WN2001	g11121
WN2001	g2745
WN2001	g8996
WN2001	g10827
WN2001	g16701
WN2001	g8452
WN2001	g11651
WN2001	g21419
WN2001	g20511
WN2001	g1242
WN2001	g1995
WN2001	g20850
WN2001	g21332
WN2001	g10794
WN2001	g9853
WN2001	g15523
WN2001	g3218
WN2001	g11228
WN2001	g11638
WN2001	g11629
WN2001	g16536
WN2001	g9768
WN2001	g17656
WN2001	g8393
WN2001	g12096
WN2001	g11658
WN2001	g8494
WN2001	g12095
WN2001	g12122
WN2001	g17512
WN2001	g1053
WN2001	g10457
WN2001	g17654
WN2001	g14120
WN2001	g11630
WN2001	g12082
WN2001	g21053
WN2001	g12094
WN2001	g11223
WN2001	g11655
WN2001	g21778
WN2001	g11656
WN2001	g18166
WN2001	g8446
WN2001	g10211
WN2001	g2146
WN2001	g19042
WN2001	g11133
WN2001	g12142
WN2001	g8993
WN2001	g787
WN2001	g4759
WN2001	g3719
WN2001	g20846
WN2001	g21375
WN2001	g8994
WN2001	g18382
WN2001	g12102
WN2001	g16311
WN2001	g9827
WN2001	g12020
WN2001	g9851
WN2001	g9760
WN2001	g9860
WN2001	g9857
WN2001	g18530
WN2001	g11818
WN2001	g11307
WN2001	g16585
WN2001	g21365
WN2001	g21385
WN2001	g4757
WN2001	g21384
WN2001	g11652
WN2001	g21140
WN2001	g12668
WN2001	g18555
WN2001	g9545
WN2001	g17437
WN2001	g17570
WN2001	g21589
WN2001	g11229
WN2001	g21423
WN2001	g4763
WN2001	g10345
WN2001	g12123
WN2001	g2390
WN2001	g10455
WN2001	g8462
WN2001	g15996
WN2001	g21275
WN2001	g11817
WN2001	g9118
WN2001	g12036
WN2001	g22414
WN2001	g3219
WN2001	g21422
WN2001	g11815
WN2001	g2188
WN2001	g9117
WN2001	g6221
WN2001	g17651
WN2001	g12101
WN2001	g15292
WN2001	g16268
WN2001	g9541
WN2001	g10451
WN2001	g6511
WN2001	g8997
WN2001	g11227
WN2001	g1522
WN2001	g21074
WN2001	g12073
WN2001	g10210
WN2001	g11231
WN2001	g2192
WN2001	g10962
WN2001	g3367
WN2001	g9859
WN2001	g8225
WN2001	g20007
WN2001	g10424
WN2001	g21333
WN2001	g21238
WN2001	g4039
WN2001	g11842
WN2001	g12675
WN2001	g8451
WN2001	g11149
WN2001	g21166
WN2001	g16686
WN2001	g12234
WN2001	g11225
WN2001	g7414
WN2001	g11304
WN2001	g12051
WN2001	g1139
WN2001	g16700
WN2001	g8410
WN2001	g11226
WN2001	g11631
WN2001	g10452
WN2001	g21222
WN2001	g21420
WN2001	g9540
WN2001	g20988
WN2001	g21427
WN2001	g2147
WN2001	g8991
WN2001	g12045
WN2001	g16698
WN2001	g16586
WN2001	g21371
WN2001	g1057
WN2001	g11222
WN2001	g20919
WN2001	g12098
WN2001	g12674
WN2001	g10425
WN2001	g144
WN2001	g10453
WN2001	g11637
WN2001	g10301
WN2001	g18381
WN2001	g10454
WN2001	g17837
WN2001	g12119
WN2001	g8463
WN2001	g788
WN2001	g12035
WN2001	g6836
WN2001	g2753
WN2001	g8558
WN2001	g12031
WN2001	g17655
WN2001	g12074
WN2001	g12093
WN2001	g11821
WN2001	g20840
WN2001	g18866
WN2001	g2747
WN2001	g13064
WN2001	g21167
WN2001	g17657
WN2001	g2166
WN2001	g11665
WN2001	g20315
WN2001	g11575
WN2001	g17702
WN2001	g8461
WN2001	g21948
WN2001	g11653
WN2001	g12091
WN2001	g11659
WN2001	g13018
WN2001	g3907
WN2001	g22241
WN2001	g6838
WN2001	g11654
WN2001	g1302
WN2001	g12071
WN2001	g22389
WN2001	g21324
WN2001	g1058
WN2001	g11093
WN2001	g21489
WN2001	g21310
WN2001	g21386
WN2001	g22115
WN2001	g12105
WN2001	g10346
WN2001	g17658
WN2001	g21491
WN2001	g21056
WN2001	g16709
WN2001	g21417
WN2001	g11069
WN2001	g21421
WN2001	g2383
WN2001	g21490
WN2001	g21432
WN2001	g12669
WN2001	g12097
WN2001	g11627
WN2001	g16746
WN2001	g11628
WN2001	g21878
WN2001	g12663
WN2001	g21551
WN2001	g11070
WN2001	g2155
WN2001	g12046
WN2001	g22434
WN2001	g9854
WN2001	g20921
WN2001	g8992
WN2001	g8411
WN2001	g1783
WN2001	g8507
WN2001	g2385
WN2001	g10270
WN2001	g4758
WN2001	g21425
WN2001	g2222
ECA1286	g10092
ECA1286	g7654
ECA1286	g17212
ECA1286	g5699
ECA1286	g14490
ECA1286	g5698
ECA1286	g6554
ECA1286	g4292
ECA1286	g11803
ECA1286	g3651
ECA1286	g18248
ECA1286	g17553
ECA1286	g17209
ECA1286	g4394
ECA1286	g15066
ECA1286	g7624
ECA1286	g22474
ECA1286	g7874
ECA1286	g16820
ECA1286	g4298
ECA1286	g7655
ECA1286	g13213
ECA1286	g5694
ECA1286	g17215
ECA1286	g10936
ECA1286	g8588
ECA1286	g7553
ECA1286	g7616
ECA1286	g5343
ECA1286	g7698
ECA1286	g7044
ECA1286	g18582
ECA1286	g17254
ECA1286	g8587
ECA1286	g17216
ECA1286	g5695
ECA1286	g17459
ECA1286	g3381
ECA1286	g5280
ECA1286	g10003
ECA1286	g6066
ECA1286	g22507
ECA1286	g8829
ECA1286	g18183
ECA1286	g6556
ECA1286	g21198
ECA1286	g3649
ECA1286	g6552
ECA1286	g22418
ECA1286	g8212
ECA1286	g1161
ECA1286	g3821
ECA1286	g7988
ECA1286	g3825
ECA1286	g8571
ECA1286	g3822
ECA1286	g7622
ECA1286	g7508
ECA1286	g3655
ECA1286	g4736
ECA1286	g12023
ECA1286	g21893
ECA1286	g4293
ECA1286	g21897
ECA1286	g5279
ECA1286	g22417
ECA1286	g566
ECA1286	g3836
ECA1286	g16728
ECA1286	g10093
ECA1286	g21895
ECA1286	g3838
ECA1286	g13711
ECA1286	g3847
ECA1286	g3848
ECA1286	g6553
ECA1286	g22398
ECA1286	g18616
ECA1286	g17214
ECA1286	g3818
ECA1286	g22401
ECA1286	g12352
ECA1286	g13584
ECA1286	g5784
ECA1286	g1646
ECA1286	g4705
ECA1286	g7621
ECA1286	g4297
ECA1286	g4367
ECA1286	g5074
ECA1286	g16817
ECA1286	g4458
ECA1286	g11113
ECA1286	g4295
ECA1286	g5790
ECA1286	g17725
ECA1286	g6065
ECA1286	g18567
ECA1286	g795
ECA1286	g4382
ECA1286	g7653
ECA1286	g6003
ECA1286	g17731
ECA1286	g18376
ECA1286	g15811
ECA1286	g22490
ECA1286	g639
ECA1286	g8826
ECA1286	g22429
ECA1286	g567
ECA1286	g4565
ECA1286	g4294
ECA1286	g7664
ECA1286	g586
ECA1286	g22379
ECA1286	g7617
ECA1286	g7627
ECA1286	g3812
ECA1286	g5692
ECA1286	g7817
ECA1286	g6873
ECA1286	g8828
ECA1286	g22416
ECA1286	g7626
ECA1286	g3846
ECA1286	g14257
ECA1286	g21896
ECA1286	g18577
ECA1286	g16697
ECA1286	g6002
ECA1286	g5999
ECA1286	g16594
ECA1286	g13381
ECA1286	g7447
ECA1286	g802
ECA1286	g10959
ECA1286	g3891
ECA1286	g21902
ECA1286	g7619
ECA1286	g22495
ECA1286	g13583
ECA1286	g3820
ECA1286	g1792
ECA1286	g16814
ECA1286	g9825
ECA1286	g3697
ECA1286	g7704
ECA1286	g18615
ECA1286	g22431
ECA1286	g10532
ECA1286	g13713
ECA1286	g3400
ECA1286	g1647
ECA1286	g5196
ECA1286	g17671
ECA1286	g5724
ECA1286	g18566
ECA1286	g1163
ECA1286	g575
ECA1286	g3843
ECA1286	g18568
ECA1286	g22425
ECA1286	g8517
ECA1286	g7985
ECA1286	g5080
ECA1286	g9149
ECA1286	g6550
ECA1286	g16819
ECA1286	g7716
ECA1286	g22386
ECA1286	g7968
ECA1286	g22452
ECA1286	g8131
ECA1286	g7762
ECA1286	g18511
ECA1286	g5693
ECA1286	g9842
ECA1286	g16334
ECA1286	g4987
ECA1286	g18576
ECA1286	g7552
ECA1286	g5108
ECA1286	g3826
ECA1286	g6427
ECA1286	g3650
ECA1286	g7697
ECA1286	g7801
ECA1286	g22480
ECA1286	g10135
ECA1286	g2146
ECA1286	g4290
ECA1286	g2167
ECA1286	g4296
ECA1286	g610
ECA1286	g20503
ECA1286	g6428
ECA1286	g22427
ECA1286	g17294
ECA1286	g10531
ECA1286	g21220
ECA1286	g3654
ECA1286	g5250
ECA1286	g7618
ECA1286	g5195
ECA1286	g3845
ECA1286	g5170
ECA1286	g8042
ECA1286	g606
ECA1286	g10529
ECA1286	g10517
ECA1286	g4299
ECA1286	g4215
ECA1286	g6874
ECA1286	g16235
ECA1286	g5107
ECA1286	g17816
ECA1286	g18634
ECA1286	g17399
ECA1286	g5077
ECA1286	g17009
ECA1286	g3657
ECA1286	g5078
ECA1286	g8585
ECA1286	g22491
ECA1286	g7761
ECA1286	g1168
ECA1286	g7613
ECA1286	g3773
ECA1286	g7490
ECA1286	g22424
ECA1286	g16818
ECA1286	g22451
ECA1286	g22426
ECA1286	g6551
ECA1286	g15810
ECA1286	g22443
ECA1286	g3621
ECA1286	g611
ECA1286	g3156
ECA1286	g16867
ECA1286	g9593
ECA1286	g3078
ECA1286	g20906
ECA1286	g10363
ECA1286	g404
ECA1286	g22420
ECA1286	g3823
ECA1286	g13594
ECA1286	g7620
ECA1286	g6555
ECA1286	g9357
ECA1286	g13256
ECA1286	g5079
ECA1286	g21037
ECA1286	g3656
ECA1286	g641
ECA1286	g22419
ECA1286	g10416
ECA1286	g3824
ECA1286	g5199
ECA1286	g4805
ECA1286	g22454
ECA1286	g17991
ECA1286	g3817
ECA1286	g22403
ECA1286	g13712
ECA1286	g4310
ECA1286	g7873
ECA1286	g5076
ECA1286	g16821
ECA1286	g5696
ECA1286	g22399
ECA1286	g5697
ECA1286	g13589
ECA1286	g5198
ECA1286	g10540
ECA1286	g22555
ECA1286	g7763
ECA1286	g794
ECA1286	g3849
ECA1286	g10415
ECA1286	g10578
ECA1286	g22428
ECA1286	g8586
ECA1286	g5075
ECA1286	g4432
ECA1286	g5344
ECA1286	g4457
ECA1286	g4213
ECA1286	g7623
ECA1286	g17183
ECA1286	g7017
ECA1286	g22479
ECA1286	g187
ECA1286	g3653
ECA1286	g16669
ECA1286	g4212
ECA1286	g4306
ECA1286	g8129
ECA1286	g3839
ECA1286	g13588
ECA1286	g7491
ECA1286	g22423
ECA2187	g12121
ECA2187	g16884
ECA2187	g17203
ECA2187	g3759
ECA2187	g829
ECA2187	g8244
ECA2187	g2149
ECA2187	g19102
ECA2187	g21498
ECA2187	g482
ECA2187	g832
ECA2187	g4465
ECA2187	g20672
ECA2187	g7655
ECA2187	g12205
ECA2187	g20417
ECA2187	g21500
ECA2187	g3268
ECA2187	g3624
ECA2187	g20682
ECA2187	g580
ECA2187	g3311
ECA2187	g12126
ECA2187	g1669
ECA2187	g3386
ECA2187	g21453
ECA2187	g14308
ECA2187	g20726
ECA2187	g12788
ECA2187	g12783
ECA2187	g20701
ECA2187	g17727
ECA2187	g17751
ECA2187	g826
ECA2187	g12608
ECA2187	g12007
ECA2187	g12313
ECA2187	g20655
ECA2187	g13118
ECA2187	g16798
ECA2187	g6479
ECA2187	g12630
ECA2187	g13480
ECA2187	g302
ECA2187	g19615
ECA2187	g2151
ECA2187	g17154
ECA2187	g3508
ECA2187	g16371
ECA2187	g19799
ECA2187	g9534
ECA2187	g3686
ECA2187	g2147
ECA2187	g12517
ECA2187	g5012
ECA2187	g17319
ECA2187	g19196
ECA2187	g643
ECA2187	g21491
ECA2187	g12606
ECA2187	g4463
ECA2187	g5638
ECA2187	g20130
ECA2187	g10533
ECA2187	g12128
ECA2187	g19614
ECA2187	g4644
ECA2187	g3236
ECA2187	g18601
ECA2187	g16885
ECA2187	g12782
ECA2187	g3229
ECA2187	g3228
ECA2187	g20681
ECA2187	g12625
ECA2187	g19195
ECA2187	g20694
ECA2187	g9517
ECA2187	g1277
ECA2187	g16130
ECA2187	g12634
ECA2187	g13927
ECA2187	g3234
ECA2187	g20680
ECA2187	g12124
ECA2187	g4646
ECA2187	g12123
ECA2187	g3226
ECA2187	g3313
ECA2187	g20733
ECA2187	g12206
ECA2187	g22797
ECA2187	g5019
ECA2187	g19883
ECA2187	g19109
ECA2187	g20760
ECA2187	g5490
ECA2187	g20162
ECA2187	g3757
ECA2187	g20304
ECA2187	g19800
ECA2187	g12817
ECA2187	g19767
ECA2187	g4399
ECA2187	g15758
ECA2187	g3096
ECA2187	g4637
ECA2187	g3843
ECA2187	g3510
ECA2187	g9032
ECA2187	g17901
ECA2187	g12559
ECA2187	g296
ECA2187	g1601
ECA2187	g16927
ECA2187	g6896
ECA2187	g20675
ECA2187	g15536
ECA2187	g12617
ECA2187	g13477
ECA2187	g828
ECA2187	g15535
ECA2187	g10537
ECA2187	g20653
ECA2187	g3628
ECA2187	g21545
ECA2187	g20745
ECA2187	g21492
ECA2187	g15623
ECA2187	g20674
ECA2187	g2621
ECA2187	g2463
ECA2187	g3237
ECA2187	g21486
ECA2187	g19551
ECA2187	g12628
ECA2187	g3279
ECA2187	g12104
ECA2187	g12040
ECA2187	g21499
ECA2187	g19794
ECA2187	g1600
ECA2187	g13934
ECA2187	g1597
ECA2187	g4244
ECA2187	g13928
ECA2187	g19197
ECA2187	g20702
ECA2187	g10541
ECA2187	g19768
ECA2187	g12752
ECA2187	g12614
ECA2187	g20741
ECA2187	g12119
ECA2187	g788
ECA2187	g15541
ECA2187	g16618
ECA2187	g12627
ECA2187	g13137
ECA2187	g4648
ECA2187	g19690
ECA2187	g13479
ECA2187	g4636
ECA2187	g4647
ECA2187	g3222
ECA2187	g2148
ECA2187	g19170
ECA2187	g5014
ECA2187	g12120
ECA2187	g20671
ECA2187	g12747
ECA2187	g13814
ECA2187	g12604
ECA2187	g16014
ECA2187	g360
ECA2187	g12629
ECA2187	g3604
ECA2187	g12607
ECA2187	g15340
ECA2187	g21593
ECA2187	g17204
ECA2187	g16635
ECA2187	g9033
ECA2187	g2025
ECA2187	g827
ECA2187	g9825
ECA2187	g3320
ECA2187	g3507
ECA2187	g12615
ECA2187	g12610
ECA2187	g13933
ECA2187	g3332
ECA2187	g20673
ECA2187	g12784
ECA2187	g11974
ECA2187	g18831
ECA2187	g20640
ECA2187	g4438
ECA2187	g22271
ECA2187	g2026
ECA2187	g745
ECA2187	g20802
ECA2187	g957
ECA2187	g17318
ECA2187	g8479
ECA2187	g19550
ECA2187	g20652
ECA2187	g17316
ECA2187	g2649
ECA2187	g3281
ECA2187	g3387
ECA2187	g3269
ECA2187	g4408
ECA2187	g21531
ECA2187	g12789
ECA2187	g4434
ECA2187	g12893
ECA2187	g12626
ECA2187	g17303
ECA2187	g3095
ECA2187	g20678
ECA2187	g12639
ECA2187	g204
ECA2187	g3423
ECA2187	g9656
ECA2187	g19797
ECA2187	g6015
ECA2187	g19796
ECA2187	g12125
ECA2187	g20633
ECA2187	g12674
ECA2187	g14407
ECA2187	g19194
ECA2187	g15537
ECA2187	g21452
ECA2187	g3230
ECA2187	g20683
ECA2187	g3232
ECA2187	g3169
ECA2187	g6897
ECA2187	g13922
ECA2187	g20657
ECA2187	g4439
ECA2187	g9031
ECA2187	g15489
ECA2187	g12631
ECA2187	g9030
ECA2187	g20704
ECA2187	g3439
ECA2187	g20685
ECA2187	g12786
ECA2187	g12785
ECA2187	g20731
ECA2187	g2150
ECA2187	g14266
ECA2187	g19795
ECA2187	g9698
ECA2187	g3225
ECA2187	g1213
ECA2187	g19687
ECA2187	g20064
ECA2187	g3267
ECA2187	g27
ECA2187	g1089
ECA2187	g3056
ECA2187	g19798
ECA2187	g19193
ECA2187	g22749
ECA2187	g15534
ECA2187	g20418
ECA2187	g3125
ECA2187	g19688
ECA2187	g2464
ECA2187	g17326
ECA2187	g12099
ECA2187	g3536
ECA2187	g19642
ECA2187	g12633
ECA2187	g4400
ECA2187	g20679
ECA2187	g12108
ECA2187	g17362
ECA2187	g4419
ECA2187	g3314
ECA2187	g15652
ECA2187	g3233
ECA2187	g12122
ECA2187	g861
ECA2187	g21433
ECA2187	g10535
ECA2187	g3168
ECA2187	g3388
ECA2187	g15679
ECA2187	g12203
ECA2187	g15538
ECA2187	g12019
ECA2187	g5995
ECA2187	g2146
ECA2187	g10536
ECA2187	g3231
ECA2187	g19198
ECA2187	g12605
ECA2187	g5491
ECA36	g21124
ECA36	g14160
ECA36	g2639
ECA36	g4855
ECA36	g3239
ECA36	g4176
ECA36	g7830
ECA36	g9274
ECA36	g9272
ECA36	g17593
ECA36	g10052
ECA36	g10965
ECA36	g2893
ECA36	g3242
ECA36	g19882
ECA36	g11059
ECA36	g7241
ECA36	g10968
ECA36	g4409
ECA36	g17616
ECA36	g4541
ECA36	g3594
ECA36	g4238
ECA36	g2991
ECA36	g13897
ECA36	g15376
ECA36	g5411
ECA36	g10146
ECA36	g4440
ECA36	g4459
ECA36	g13858
ECA36	g3237
ECA36	g13821
ECA36	g4397
ECA36	g19879
ECA36	g13847
ECA36	g4358
ECA36	g16541
ECA36	g21212
ECA36	g9273
ECA36	g19390
ECA36	g6083
ECA36	g16902
ECA36	g13877
ECA36	g4359
ECA36	g2711
ECA36	g10563
ECA36	g4727
ECA36	g2688
ECA36	g22383
ECA36	g10759
ECA36	g13848
ECA36	g17788
ECA36	g9276
ECA36	g5014
ECA36	g795
ECA36	g1796
ECA36	g17621
ECA36	g2524
ECA36	g10147
ECA36	g3743
ECA36	g19563
ECA36	g13881
ECA36	g3052
ECA36	g13913
ECA36	g13880
ECA36	g11392
ECA36	g13360
ECA36	g13843
ECA36	g10562
ECA36	g11092
ECA36	g5010
ECA36	g17782
ECA36	g19969
ECA36	g21123
ECA36	g17603
ECA36	g4616
ECA36	g10964
ECA36	g13856
ECA36	g13853
ECA36	g22623
ECA36	g4499
ECA36	g19262
ECA36	g4354
ECA36	g11032
ECA36	g4933
ECA36	g5012
ECA36	g14394
ECA36	g17624
ECA36	g1788
ECA36	g11639
ECA36	g10059
ECA36	g17595
ECA36	g1316
ECA36	g11360
ECA36	g4291
ECA36	g10760
ECA36	g8068
ECA36	g17787
ECA36	g10727
ECA36	g20600
ECA36	g17618
ECA36	g10966
ECA36	g13845
ECA36	g17619
ECA36	g19457
ECA36	g13972
ECA36	g4290
ECA36	g17605
ECA36	g13826
ECA36	g5003
ECA36	g14187
ECA36	g4360
ECA36	g13878
ECA36	g212
ECA36	g8622
ECA36	g13809
ECA36	g11047
ECA36	g2705
ECA36	g21081
ECA36	g6495
ECA36	g17596
ECA36	g16899
ECA36	g3238
ECA36	g19880
ECA36	g13357
ECA36	g9826
ECA36	g15272
ECA36	g815
ECA36	g11224
ECA36	g13802
ECA36	g15769
ECA36	g9764
ECA36	g17744
ECA36	g14231
ECA36	g4549
ECA36	g4292
ECA36	g5658
ECA36	g10887
ECA36	g10501
ECA36	g4363
ECA36	g13904
ECA36	g10963
ECA36	g14211
ECA36	g10754
ECA36	g15762
ECA36	g9277
ECA36	g9830
ECA36	g19447
ECA36	g15768
ECA36	g10148
ECA36	g4615
ECA36	g10970
ECA36	g13353
ECA36	g10728
ECA36	g3198
ECA36	g4787
ECA36	g1167
ECA36	g19886
ECA36	g15774
ECA36	g21389
ECA36	g19408
ECA36	g17617
ECA36	g4362
ECA36	g17551
ECA36	g16561
ECA36	g10643
ECA36	g16901
ECA36	g5002
ECA36	g5013
ECA36	g14222
ECA36	g9275
ECA36	g10120
ECA36	g1794
ECA36	g19458
ECA36	g10888
ECA36	g13822
ECA36	g9827
ECA36	g17234
ECA36	g19442
ECA36	g17598
ECA36	g20328
ECA36	g20331
ECA36	g2769
ECA36	g4710
ECA36	g19706
ECA36	g19456
ECA36	g19492
ECA36	g21372
ECA36	g13846
ECA36	g10977
ECA36	g9398
ECA36	g13917
ECA36	g11743
ECA36	g18189
ECA36	g10981
ECA36	g13851
ECA36	g15763
ECA36	g4730
ECA36	g10961
ECA36	g4622
ECA36	g10967
ECA36	g4398
ECA36	g10145
ECA36	g14188
ECA36	g18378
ECA36	g14230
ECA36	g9397
ECA36	g17785
ECA36	g3155
ECA36	g4213
ECA36	g17594
ECA36	g3367
ECA36	g2525
ECA36	g13854
ECA36	g10500
ECA36	g13867
ECA36	g13929
ECA36	g2528
ECA36	g3772
ECA36	g14191
ECA36	g2540
ECA36	g19448
ECA36	g4357
ECA36	g19407
ECA36	g458
ECA36	g17602
ECA36	g3593
ECA36	g10143
ECA36	g4396
ECA36	g10757
ECA36	g17781
ECA36	g17625
ECA36	g10756
ECA36	g59
ECA36	g16278
ECA36	g17666
ECA36	g13852
ECA36	g10144
ECA36	g2638
ECA36	g17783
ECA36	g4356
ECA36	g9278
ECA36	g13824
ECA36	g35
ECA36	g6496
ECA36	g17814
ECA36	g13876
ECA36	g4621
ECA36	g17630
ECA36	g18902
ECA36	g8621
ECA36	g19833
ECA36	g17784
ECA36	g9153
ECA36	g13869
ECA36	g8620
ECA36	g4353
ECA36	g4498
ECA36	g10969
ECA36	g15425
ECA36	g10755
ECA36	g18318
ECA36	g3236
ECA36	g4214
ECA36	g1915
ECA36	g8655
ECA36	g10640
ECA36	g17620
ECA36	g11458
ECA36	g636
ECA36	g2041
ECA36	g4784
ECA36	g10758
ECA36	g18821
ECA36	g17622
ECA36	g4399
ECA36	g10641
ECA36	g2517
ECA36	g11116
ECA36	g10592
ECA36	g4439
ECA36	g4446
ECA36	g13855
ECA36	g19881
ECA36	g17592
ECA36	g10890
ECA36	g2481
ECA36	g4854
ECA36	g20000
ECA36	g3272
ECA36	g11115
ECA36	g4355
ECA36	g13903
ECA36	g4500
ECA36	g20027
ECA36	g19883
ECA36	g19505
ECA36	g4649
ECA36	g13358
ECA36	g10149
ECA36	g1315
ECA36	g14158
XZ1513	g5781
XZ1513	g4000
XZ1513	g453
XZ1513	g12654
XZ1513	g16981
XZ1513	g21024
XZ1513	g12336
XZ1513	g22179
XZ1513	g7489
XZ1513	g12986
XZ1513	g17323
XZ1513	g5526
XZ1513	g502
XZ1513	g16978
XZ1513	g22157
XZ1513	g513
XZ1513	g9639
XZ1513	g12264
XZ1513	g22125
XZ1513	g21779
XZ1513	g3520
XZ1513	g12596
XZ1513	g12327
XZ1513	g19988
XZ1513	g21778
XZ1513	g3355
XZ1513	g22228
XZ1513	g22167
XZ1513	g17226
XZ1513	g22158
XZ1513	g14556
XZ1513	g22212
XZ1513	g6100
XZ1513	g3395
XZ1513	g13024
XZ1513	g21780
XZ1513	g21338
XZ1513	g13025
XZ1513	g13023
XZ1513	g12333
XZ1513	g17021
XZ1513	g12871
XZ1513	g6641
XZ1513	g19989
XZ1513	g13093
XZ1513	g3358
XZ1513	g5693
XZ1513	g22465
XZ1513	g9352
XZ1513	g3997
XZ1513	g15049
XZ1513	g3357
XZ1513	g291
XZ1513	g13027
XZ1513	g12325
XZ1513	g2886
XZ1513	g17503
XZ1513	g21366
XZ1513	g6049
XZ1513	g5268
XZ1513	g22463
XZ1513	g21183
XZ1513	g10128
XZ1513	g3351
XZ1513	g3536
XZ1513	g14080
XZ1513	g21431
XZ1513	g2125
XZ1513	g1148
XZ1513	g14081
XZ1513	g9736
XZ1513	g6216
XZ1513	g11419
XZ1513	g13020
XZ1513	g19838
XZ1513	g17164
XZ1513	g12340
XZ1513	g12975
XZ1513	g13138
XZ1513	g11780
XZ1513	g482
XZ1513	g9706
XZ1513	g1156
XZ1513	g5035
XZ1513	g1622
XZ1513	g3517
XZ1513	g9987
XZ1513	g22138
XZ1513	g13029
XZ1513	g3996
XZ1513	g19900
XZ1513	g16983
XZ1513	g5782
XZ1513	g9347
XZ1513	g11411
XZ1513	g10146
XZ1513	g16518
XZ1513	g13021
XZ1513	g3545
XZ1513	g11410
XZ1513	g3993
XZ1513	g22165
XZ1513	g9358
XZ1513	g3546
XZ1513	g3512
XZ1513	g22219
XZ1513	g3352
XZ1513	g22166
XZ1513	g2885
XZ1513	g9458
XZ1513	g22249
XZ1513	g12987
XZ1513	g520
XZ1513	g21182
XZ1513	g19985
XZ1513	g20785
XZ1513	g4001
XZ1513	g16847
XZ1513	g22075
XZ1513	g521
XZ1513	g4073
XZ1513	g11425
XZ1513	g21430
XZ1513	g6794
XZ1513	g21777
XZ1513	g17509
XZ1513	g22119
XZ1513	g14078
XZ1513	g4100
XZ1513	g2883
XZ1513	g3515
XZ1513	g18688
XZ1513	g4011
XZ1513	g14079
XZ1513	g22159
XZ1513	g12929
XZ1513	g5824
XZ1513	g21806
XZ1513	g12916
XZ1513	g14836
XZ1513	g11310
XZ1513	g3534
XZ1513	g16982
XZ1513	g13032
XZ1513	g12819
XZ1513	g3544
XZ1513	g19987
XZ1513	g3918
XZ1513	g12736
XZ1513	g13194
XZ1513	g13590
XZ1513	g19868
XZ1513	g22232
XZ1513	g12966
XZ1513	g21781
XZ1513	g14623
XZ1513	g19764
XZ1513	g13028
XZ1513	g9125
XZ1513	g3995
XZ1513	g22188
XZ1513	g3592
XZ1513	g13022
XZ1513	g18692
XZ1513	g22137
XZ1513	g18686
XZ1513	g22141
XZ1513	g5509
XZ1513	g12872
XZ1513	g14204
XZ1513	g13618
XZ1513	g14842
XZ1513	g2552
XZ1513	g12985
XZ1513	g21367
XZ1513	g14203
XZ1513	g19982
XZ1513	g22160
XZ1513	g12651
XZ1513	g13091
XZ1513	g14620
XZ1513	g21188
XZ1513	g14082
XZ1513	g17446
XZ1513	g12671
XZ1513	g11638
XZ1513	g20168
XZ1513	g12526
XZ1513	g21782
XZ1513	g11377
XZ1513	g19482
XZ1513	g21215
XZ1513	g12330
XZ1513	g21291
XZ1513	g451
XZ1513	g12936
XZ1513	g18107
XZ1513	g12835
XZ1513	g3330
XZ1513	g11420
XZ1513	g12763
XZ1513	g9346
XZ1513	g3999
XZ1513	g483
XZ1513	g12972
XZ1513	g15672
XZ1513	g13158
XZ1513	g17062
XZ1513	g6215
XZ1513	g3998
XZ1513	g3543
XZ1513	g21187
XZ1513	g16948
XZ1513	g14619
XZ1513	g14076
XZ1513	g6213
XZ1513	g9988
XZ1513	g13018
XZ1513	g6201
XZ1513	g674
XZ1513	g4002
XZ1513	g22163
XZ1513	g21214
XZ1513	g21186
XZ1513	g17599
XZ1513	g21289
XZ1513	g13764
XZ1513	g21185
XZ1513	g6101
XZ1513	g1624
XZ1513	g3468
XZ1513	g19986
XZ1513	g22168
XZ1513	g6617
XZ1513	g1150
XZ1513	g4693
XZ1513	g8960
XZ1513	g4130
XZ1513	g22143
XZ1513	g12764
XZ1513	g3506
XZ1513	g3519
XZ1513	g2307
XZ1513	g3537
XZ1513	g20034
XZ1513	g21292
XZ1513	g285
XZ1513	g12453
XZ1513	g3514
XZ1513	g11409
XZ1513	g22464
XZ1513	g13092
XZ1513	g22190
XZ1513	g22170
XZ1513	g3354
XZ1513	g3511
XZ1513	g3356
XZ1513	g22217
XZ1513	g9005
XZ1513	g18240
XZ1513	g3541
XZ1513	g486
XZ1513	g1623
XZ1513	g16585
XZ1513	g22187
XZ1513	g3516
XZ1513	g3518
XZ1513	g17776
XZ1513	g3919
XZ1513	g16713
XZ1513	g3215
XZ1513	g22156
XZ1513	g3921
XZ1513	g21184
XZ1513	g11460
XZ1513	g4088
XZ1513	g1769
XZ1513	g13156
XZ1513	g4694
XZ1513	g9353
XZ1513	g6224
XZ1513	g12935
XZ1513	g290
XZ1513	g16984
XZ1513	g22164
XZ1513	g21783
XZ1513	g6261
XZ1513	g13017
XZ1513	g13763
XZ1513	g11479
XZ1513	g888
XZ1513	g2532
XZ1513	g18684
XZ1513	g11408
XZ1513	g11461
XZ1513	g12528
XZ1513	g14077
XZ1513	g22288
XZ1513	g11362
XZ1513	g7686
XZ1513	g3548
XZ1513	g18687
XZ1513	g3547
ECA1186	g19904
ECA1186	g5836
ECA1186	g1016
ECA1186	g15372
ECA1186	g3776
ECA1186	g8253
ECA1186	g20965
ECA1186	g2414
ECA1186	g92
ECA1186	g62
ECA1186	g20480
ECA1186	g7913
ECA1186	g6089
ECA1186	g8256
ECA1186	g1134
ECA1186	g392
ECA1186	g1536
ECA1186	g7729
ECA1186	g49
ECA1186	g560
ECA1186	g20971
ECA1186	g20434
ECA1186	g393
ECA1186	g152
ECA1186	g20448
ECA1186	g20785
ECA1186	g1188
ECA1186	g2786
ECA1186	g136
ECA1186	g2410
ECA1186	g390
ECA1186	g1165
ECA1186	g432
ECA1186	g20332
ECA1186	g575
ECA1186	g1108
ECA1186	g20438
ECA1186	g19696
ECA1186	g20440
ECA1186	g20967
ECA1186	g8212
ECA1186	g20598
ECA1186	g11605
ECA1186	g4971
ECA1186	g557
ECA1186	g8250
ECA1186	g2411
ECA1186	g573
ECA1186	g1096
ECA1186	g15200
ECA1186	g5925
ECA1186	g10244
ECA1186	g91
ECA1186	g12756
ECA1186	g15800
ECA1186	g395
ECA1186	g17406
ECA1186	g90
ECA1186	g20442
ECA1186	g1992
ECA1186	g19731
ECA1186	g20435
ECA1186	g6341
ECA1186	g10246
ECA1186	g1803
ECA1186	g20961
ECA1186	g8008
ECA1186	g389
ECA1186	g3268
ECA1186	g935
ECA1186	g14840
ECA1186	g20978
ECA1186	g3267
ECA1186	g5405
ECA1186	g19690
ECA1186	g559
ECA1186	g20445
ECA1186	g4130
ECA1186	g82
ECA1186	g9783
ECA1186	g20492
ECA1186	g7736
ECA1186	g1470
ECA1186	g14833
ECA1186	g2413
ECA1186	g81
ECA1186	g6573
ECA1186	g21857
ECA1186	g14367
ECA1186	g8251
ECA1186	g5835
ECA1186	g1807
ECA1186	g15401
ECA1186	g583
ECA1186	g19683
ECA1186	g20314
ECA1186	g156
ECA1186	g8717
ECA1186	g584
ECA1186	g61
ECA1186	g586
ECA1186	g20892
ECA1186	g20377
ECA1186	g1009
ECA1186	g551
ECA1186	g64
ECA1186	g111
ECA1186	g1716
ECA1186	g172
ECA1186	g7162
ECA1186	g10785
ECA1186	g1017
ECA1186	g629
ECA1186	g558
ECA1186	g8388
ECA1186	g19208
ECA1186	g394
ECA1186	g1018
ECA1186	g19682
ECA1186	g20431
ECA1186	g2055
ECA1186	g4819
ECA1186	g576
ECA1186	g1122
ECA1186	g20436
ECA1186	g80
ECA1186	g42
ECA1186	g8290
ECA1186	g17409
ECA1186	g20531
ECA1186	g21861
ECA1186	g1012
ECA1186	g113
ECA1186	g13863
ECA1186	g20444
ECA1186	g1302
ECA1186	g938
ECA1186	g89
ECA1186	g7078
ECA1186	g112
ECA1186	g3269
ECA1186	g2439
ECA1186	g580
ECA1186	g2415
ECA1186	g2505
ECA1186	g20552
ECA1186	g8252
ECA1186	g2408
ECA1186	g3750
ECA1186	g1014
ECA1186	g11024
ECA1186	g15439
ECA1186	g20481
ECA1186	g20714
ECA1186	g1439
ECA1186	g2719
ECA1186	g6951
ECA1186	g1011
ECA1186	g21865
ECA1186	g13843
ECA1186	g144
ECA1186	g6106
ECA1186	g20597
ECA1186	g3146
ECA1186	g94
ECA1186	g550
ECA1186	g20441
ECA1186	g3270
ECA1186	g17746
ECA1186	g14366
ECA1186	g19681
ECA1186	g3147
ECA1186	g1802
ECA1186	g1918
ECA1186	g7159
ECA1186	g1189
ECA1186	g15407
ECA1186	g20379
ECA1186	g2722
ECA1186	g1808
ECA1186	g17084
ECA1186	g3266
ECA1186	g8072
ECA1186	g7790
ECA1186	g20770
ECA1186	g2056
ECA1186	g7342
ECA1186	g20894
ECA1186	g20270
ECA1186	g18706
ECA1186	g2409
ECA1186	g21859
ECA1186	g936
ECA1186	g6687
ECA1186	g1835
ECA1186	g12351
ECA1186	g20530
ECA1186	g8520
ECA1186	g20631
ECA1186	g21146
ECA1186	g2498
ECA1186	g7164
ECA1186	g15205
ECA1186	g368
ECA1186	g20479
ECA1186	g10120
ECA1186	g19691
ECA1186	g15448
ECA1186	g10126
ECA1186	g1015
ECA1186	g20489
ECA1186	g15402
ECA1186	g13304
ECA1186	g15447
ECA1186	g8169
ECA1186	g5406
ECA1186	g556
ECA1186	g20498
ECA1186	g582
ECA1186	g20646
ECA1186	g2723
ECA1186	g1890
ECA1186	g20832
ECA1186	g5409
ECA1186	g5422
ECA1186	g15596
ECA1186	g3272
ECA1186	g585
ECA1186	g10121
ECA1186	g1834
ECA1186	g7644
ECA1186	g1915
ECA1186	g20447
ECA1186	g3599
ECA1186	g1805
ECA1186	g5522
ECA1186	g5523
ECA1186	g1806
ECA1186	g17407
ECA1186	g507
ECA1186	g88
ECA1186	g7163
ECA1186	g19750
ECA1186	g19578
ECA1186	g10127
ECA1186	g20439
ECA1186	g4995
ECA1186	g14838
ECA1186	g12350
ECA1186	g9737
ECA1186	g7023
ECA1186	g7165
ECA1186	g83
ECA1186	g87
ECA1186	g545
ECA1186	g17992
ECA1186	g3271
ECA1186	g7210
ECA1186	g1919
ECA1186	g5572
ECA1186	g553
ECA1186	g84
ECA1186	g10245
ECA1186	g20538
ECA1186	g20378
ECA1186	g20970
ECA1186	g141
ECA1186	g21018
ECA1186	g8648
ECA1186	g555
ECA1186	g115
ECA1186	g7474
ECA1186	g396
ECA1186	g66
ECA1186	g20315
ECA1186	g1993
ECA1186	g1804
ECA1186	g7166
ECA1186	g19730
ECA1186	g14222
ECA1186	g1013
ECA1186	g554
ECA1186	g5397
ECA1186	g20443
ECA1186	g5360
ECA1186	g5793
ECA1186	g10132
ECA1186	g3600
ECA1186	g15428
ECA1186	g17767
ECA1186	g2412
ECA1186	g18074
ECA1186	g1965
ECA1186	g1027
ECA1186	g211
ECA1186	g19626
ECA1186	g15206
ECA1186	g19652
ECA1186	g22381
ECA1186	g587
ECA1186	g21860
ECA1186	g15370
ECA1195	g10355
ECA1195	g10674
ECA1195	g13173
ECA1195	g8858
ECA1195	g3562
ECA1195	g15906
ECA1195	g5513
ECA1195	g4329
ECA1195	g16329
ECA1195	g12274
ECA1195	g2469
ECA1195	g15897
ECA1195	g12828
ECA1195	g13176
ECA1195	g21369
ECA1195	g16426
ECA1195	g2628
ECA1195	g19260
ECA1195	g8271
ECA1195	g15404
ECA1195	g2376
ECA1195	g18706
ECA1195	g15558
ECA1195	g12929
ECA1195	g15708
ECA1195	g13762
ECA1195	g5893
ECA1195	g21368
ECA1195	g2498
ECA1195	g14630
ECA1195	g4421
ECA1195	g2423
ECA1195	g15433
ECA1195	g4423
ECA1195	g15397
ECA1195	g17344
ECA1195	g13170
ECA1195	g15422
ECA1195	g14611
ECA1195	g10268
ECA1195	g5520
ECA1195	g2275
ECA1195	g4880
ECA1195	g2057
ECA1195	g14971
ECA1195	g2506
ECA1195	g4851
ECA1195	g2172
ECA1195	g10625
ECA1195	g18648
ECA1195	g17725
ECA1195	g5043
ECA1195	g6906
ECA1195	g15423
ECA1195	g18890
ECA1195	g3245
ECA1195	g2568
ECA1195	g20261
ECA1195	g19252
ECA1195	g3565
ECA1195	g2169
ECA1195	g10791
ECA1195	g18628
ECA1195	g2501
ECA1195	g13864
ECA1195	g12991
ECA1195	g18674
ECA1195	g2608
ECA1195	g2567
ECA1195	g18707
ECA1195	g5375
ECA1195	g11542
ECA1195	g15419
ECA1195	g22529
ECA1195	g4850
ECA1195	g18886
ECA1195	g15894
ECA1195	g21455
ECA1195	g10356
ECA1195	g15896
ECA1195	g16328
ECA1195	g13771
ECA1195	g15457
ECA1195	g15905
ECA1195	g15431
ECA1195	g15428
ECA1195	g6925
ECA1195	g1620
ECA1195	g17971
ECA1195	g15460
ECA1195	g15499
ECA1195	g15883
ECA1195	g16398
ECA1195	g4111
ECA1195	g13172
ECA1195	g18888
ECA1195	g7521
ECA1195	g15875
ECA1195	g16343
ECA1195	g5129
ECA1195	g16456
ECA1195	g4336
ECA1195	g15904
ECA1195	g19736
ECA1195	g2470
ECA1195	g5408
ECA1195	g2468
ECA1195	g5044
ECA1195	g16481
ECA1195	g9096
ECA1195	g4112
ECA1195	g5011
ECA1195	g17227
ECA1195	g5512
ECA1195	g15882
ECA1195	g16330
ECA1195	g15877
ECA1195	g15420
ECA1195	g2504
ECA1195	g15402
ECA1195	g18879
ECA1195	g17495
ECA1195	g15385
ECA1195	g13722
ECA1195	g16414
ECA1195	g12643
ECA1195	g22531
ECA1195	g10399
ECA1195	g7520
ECA1195	g15494
ECA1195	g15677
ECA1195	g15884
ECA1195	g18704
ECA1195	g15903
ECA1195	g15704
ECA1195	g14968
ECA1195	g11546
ECA1195	g15748
ECA1195	g18475
ECA1195	g20240
ECA1195	g16590
ECA1195	g15376
ECA1195	g2499
ECA1195	g14145
ECA1195	g4046
ECA1195	g4425
ECA1195	g5519
ECA1195	g3092
ECA1195	g1686
ECA1195	g21370
ECA1195	g16250
ECA1195	g13772
ECA1195	g2663
ECA1195	g4788
ECA1195	g15881
ECA1195	g16253
ECA1195	g12649
ECA1195	g15880
ECA1195	g2508
ECA1195	g4116
ECA1195	g15950
ECA1195	g5012
ECA1195	g13133
ECA1195	g18637
ECA1195	g19886
ECA1195	g21373
ECA1195	g10086
ECA1195	g13801
ECA1195	g15707
ECA1195	g16333
ECA1195	g4931
ECA1195	g14970
ECA1195	g18889
ECA1195	g18878
ECA1195	g3563
ECA1195	g4395
ECA1195	g19254
ECA1195	g13815
ECA1195	g16251
ECA1195	g2502
ECA1195	g15398
ECA1195	g5038
ECA1195	g15307
ECA1195	g3566
ECA1195	g15901
ECA1195	g21834
ECA1195	g2189
ECA1195	g21172
ECA1195	g10675
ECA1195	g10103
ECA1195	g12043
ECA1195	g9643
ECA1195	g15421
ECA1195	g9644
ECA1195	g3686
ECA1195	g2424
ECA1195	g18242
ECA1195	g16879
ECA1195	g2347
ECA1195	g13761
ECA1195	g11550
ECA1195	g15426
ECA1195	g15480
ECA1195	g2274
ECA1195	g16325
ECA1195	g16331
ECA1195	g15400
ECA1195	g4420
ECA1195	g20820
ECA1195	g3685
ECA1195	g13091
ECA1195	g13302
ECA1195	g10790
ECA1195	g15429
ECA1195	g15485
ECA1195	g4424
ECA1195	g15445
ECA1195	g11544
ECA1195	g3560
ECA1195	g2507
ECA1195	g10788
ECA1195	g2331
ECA1195	g3062
ECA1195	g18670
ECA1195	g13171
ECA1195	g10776
ECA1195	g5986
ECA1195	g15878
ECA1195	g11717
ECA1195	g2505
ECA1195	g15456
ECA1195	g4419
ECA1195	g3246
ECA1195	g4418
ECA1195	g5041
ECA1195	g15710
ECA1195	g5040
ECA1195	g15495
ECA1195	g15427
ECA1195	g13705
ECA1195	g15448
ECA1195	g17320
ECA1195	g5506
ECA1195	g15869
ECA1195	g14382
ECA1195	g9642
ECA1195	g21321
ECA1195	g2511
ECA1195	g2503
ECA1195	g21366
ECA1195	g22470
ECA1195	g15703
ECA1195	g2417
ECA1195	g9641
ECA1195	g16332
ECA1195	g15874
ECA1195	g3561
ECA1195	g21367
ECA1195	g5852
ECA1195	g5039
ECA1195	g16751
ECA1195	g13721
ECA1195	g21801
ECA1195	g15830
ECA1195	g4928
ECA1195	g13564
ECA1195	g5309
ECA1195	g11900
ECA1195	g2407
ECA1195	g18629
ECA1195	g4422
ECA1195	g1812
ECA1195	g5042
ECA1195	g14299
ECA1195	g12706
ECA1195	g15709
ECA1195	g4929
ECA1195	g10798
ECA1195	g15879
ECA1195	g13756
ECA1195	g15430
ECA1195	g15907
ECA1195	g10834
ECA1195	g21488
ECA1195	g13206
ECA1195	g18673
ECA1195	g4787
ECA1195	g2626
ECA1195	g16480
ECA1195	g16334
ECA1195	g2377
ECA1195	g15511
ECA1195	g21515
ECA1195	g16327
ECA1195	g22532
ECA1195	g15484
ECA1195	g11545
ECA1195	g19737
ECA1195	g15706
ECA1195	g3564
ECA1195	g2459
ECA1195	g15459
ECA1243	g15630
ECA1243	g13547
ECA1243	g7763
ECA1243	g11187
ECA1243	g3373
ECA1243	g12356
ECA1243	g9147
ECA1243	g21641
ECA1243	g6829
ECA1243	g11138
ECA1243	g3037
ECA1243	g13295
ECA1243	g3376
ECA1243	g7882
ECA1243	g2853
ECA1243	g6797
ECA1243	g7302
ECA1243	g17134
ECA1243	g11091
ECA1243	g7135
ECA1243	g6899
ECA1243	g11106
ECA1243	g7935
ECA1243	g9521
ECA1243	g6884
ECA1243	g9143
ECA1243	g4120
ECA1243	g7132
ECA1243	g7912
ECA1243	g7174
ECA1243	g10982
ECA1243	g7318
ECA1243	g11095
ECA1243	g7110
ECA1243	g3332
ECA1243	g11255
ECA1243	g4167
ECA1243	g1230
ECA1243	g14417
ECA1243	g7299
ECA1243	g3370
ECA1243	g4121
ECA1243	g9144
ECA1243	g7316
ECA1243	g7844
ECA1243	g21072
ECA1243	g18157
ECA1243	g13457
ECA1243	g22508
ECA1243	g6839
ECA1243	g7137
ECA1243	g6889
ECA1243	g20714
ECA1243	g6838
ECA1243	g8724
ECA1243	g11478
ECA1243	g13815
ECA1243	g21583
ECA1243	g13041
ECA1243	g22506
ECA1243	g8544
ECA1243	g7131
ECA1243	g10020
ECA1243	g7682
ECA1243	g4129
ECA1243	g4733
ECA1243	g10019
ECA1243	g11481
ECA1243	g8184
ECA1243	g13982
ECA1243	g21629
ECA1243	g7301
ECA1243	g15262
ECA1243	g6830
ECA1243	g3191
ECA1243	g8215
ECA1243	g9146
ECA1243	g5215
ECA1243	g3371
ECA1243	g13548
ECA1243	g11598
ECA1243	g8654
ECA1243	g21639
ECA1243	g10962
ECA1243	g6903
ECA1243	g20104
ECA1243	g6809
ECA1243	g13590
ECA1243	g11028
ECA1243	g7755
ECA1243	g11105
ECA1243	g7328
ECA1243	g7293
ECA1243	g6812
ECA1243	g6859
ECA1243	g22265
ECA1243	g8456
ECA1243	g6919
ECA1243	g8699
ECA1243	g8543
ECA1243	g12210
ECA1243	g10514
ECA1243	g2054
ECA1243	g11100
ECA1243	g7764
ECA1243	g7300
ECA1243	g3517
ECA1243	g7136
ECA1243	g7765
ECA1243	g8784
ECA1243	g14568
ECA1243	g7319
ECA1243	g7249
ECA1243	g7870
ECA1243	g11093
ECA1243	g6789
ECA1243	g3408
ECA1243	g20717
ECA1243	g7759
ECA1243	g6861
ECA1243	g5715
ECA1243	g7685
ECA1243	g6837
ECA1243	g12293
ECA1243	g6860
ECA1243	g10021
ECA1243	g11092
ECA1243	g9172
ECA1243	g7323
ECA1243	g9148
ECA1243	g9238
ECA1243	g11206
ECA1243	g4197
ECA1243	g3372
ECA1243	g9141
ECA1243	g10488
ECA1243	g11097
ECA1243	g7761
ECA1243	g1811
ECA1243	g17132
ECA1243	g11139
ECA1243	g11394
ECA1243	g8725
ECA1243	g9455
ECA1243	g12432
ECA1243	g20715
ECA1243	g19494
ECA1243	g7758
ECA1243	g7375
ECA1243	g17126
ECA1243	g4370
ECA1243	g8545
ECA1243	g21640
ECA1243	g13279
ECA1243	g11254
ECA1243	g9895
ECA1243	g6842
ECA1243	g7292
ECA1243	g11099
ECA1243	g10022
ECA1243	g21052
ECA1243	g5216
ECA1243	g8657
ECA1243	g9896
ECA1243	g12213
ECA1243	g7936
ECA1243	g6810
ECA1243	g9458
ECA1243	g11359
ECA1243	g8549
ECA1243	g20393
ECA1243	g10018
ECA1243	g8046
ECA1243	g2916
ECA1243	g11461
ECA1243	g12022
ECA1243	g10918
ECA1243	g9142
ECA1243	g7683
ECA1243	g12692
ECA1243	g8576
ECA1243	g476
ECA1243	g11186
ECA1243	g19907
ECA1243	g11289
ECA1243	g17847
ECA1243	g9231
ECA1243	g12208
ECA1243	g4366
ECA1243	g11137
ECA1243	g19723
ECA1243	g21670
ECA1243	g21628
ECA1243	g11360
ECA1243	g19729
ECA1243	g7762
ECA1243	g4735
ECA1243	g11147
ECA1243	g6273
ECA1243	g8785
ECA1243	g3289
ECA1243	g13981
ECA1243	g7298
ECA1243	g7327
ECA1243	g6891
ECA1243	g7325
ECA1243	g8548
ECA1243	g3130
ECA1243	g11305
ECA1243	g11102
ECA1243	g9459
ECA1243	g8630
ECA1243	g11536
ECA1243	g4164
ECA1243	g13979
ECA1243	g13967
ECA1243	g3967
ECA1243	g10024
ECA1243	g19724
ECA1243	g8575
ECA1243	g19730
ECA1243	g2765
ECA1243	g10339
ECA1243	g8546
ECA1243	g13866
ECA1243	g13865
ECA1243	g4363
ECA1243	g4742
ECA1243	g6836
ECA1243	g12209
ECA1243	g21565
ECA1243	g11096
ECA1243	g14393
ECA1243	g8547
ECA1243	g477
ECA1243	g19336
ECA1243	g12207
ECA1243	g17130
ECA1243	g6831
ECA1243	g6835
ECA1243	g7287
ECA1243	g21294
ECA1243	g10023
ECA1243	g12806
ECA1243	g11666
ECA1243	g7295
ECA1243	g6832
ECA1243	g22507
ECA1243	g11194
ECA1243	g11029
ECA1243	g7134
ECA1243	g19383
ECA1243	g17979
ECA1243	g20034
ECA1243	g7297
ECA1243	g6863
ECA1243	g2587
ECA1243	g6840
ECA1243	g7138
ECA1243	g6814
ECA1243	g8281
ECA1243	g21584
ECA1243	g10963
ECA1243	g12161
ECA1243	g8656
ECA1243	g12206
ECA1243	g5361
ECA1243	g7760
ECA1243	g7296
ECA1243	g13990
ECA1243	g11101
ECA1243	g4368
ECA1243	g4358
ECA1243	g71
ECA1243	g11893
ECA1243	g6828
ECA1243	g14027
ECA1243	g19735
ECA1243	g10340
ECA1243	g2860
ECA1243	g11596
ECA1243	g11088
ECA1243	g4142
ECA1243	g4369
ECA1243	g4357
ECA1243	g9145
ECA1243	g7856
ECA1243	g21378
ECA1243	g11155
ECA1243	g7774
ECA1243	g6959
ECA1243	g11103
ECA1243	g3751
ECA1243	g21686
ECA1243	g21623
ECA1243	g15450
ECA1243	g11030
ECA1243	g7330
ECA1243	g17131
ECA1243	g7326
ECA1243	g7329
ECA1243	g4199
ECA3012	g18798
ECA3012	g19119
ECA3012	g17058
ECA3012	g6239
ECA3012	g12533
ECA3012	g2052
ECA3012	g10709
ECA3012	g16434
ECA3012	g1290
ECA3012	g3132
ECA3012	g10700
ECA3012	g16707
ECA3012	g17061
ECA3012	g7190
ECA3012	g2976
ECA3012	g8941
ECA3012	g5653
ECA3012	g3224
ECA3012	g17445
ECA3012	g10359
ECA3012	g16810
ECA3012	g10513
ECA3012	g4001
ECA3012	g12143
ECA3012	g3105
ECA3012	g20880
ECA3012	g3177
ECA3012	g10235
ECA3012	g1197
ECA3012	g10200
ECA3012	g19670
ECA3012	g17055
ECA3012	g3272
ECA3012	g10224
ECA3012	g20900
ECA3012	g18712
ECA3012	g746
ECA3012	g4485
ECA3012	g20541
ECA3012	g3097
ECA3012	g773
ECA3012	g3436
ECA3012	g10257
ECA3012	g19068
ECA3012	g8329
ECA3012	g18289
ECA3012	g583
ECA3012	g10225
ECA3012	g8571
ECA3012	g3142
ECA3012	g2369
ECA3012	g12530
ECA3012	g3035
ECA3012	g9942
ECA3012	g8933
ECA3012	g2049
ECA3012	g3439
ECA3012	g19237
ECA3012	g8309
ECA3012	g3102
ECA3012	g17446
ECA3012	g3899
ECA3012	g16872
ECA3012	g8355
ECA3012	g2994
ECA3012	g3036
ECA3012	g8388
ECA3012	g253
ECA3012	g10221
ECA3012	g11130
ECA3012	g3547
ECA3012	g774
ECA3012	g11253
ECA3012	g8567
ECA3012	g12538
ECA3012	g10697
ECA3012	g18799
ECA3012	g10699
ECA3012	g3992
ECA3012	g10708
ECA3012	g10233
ECA3012	g10230
ECA3012	g1199
ECA3012	g15721
ECA3012	g12992
ECA3012	g18045
ECA3012	g10260
ECA3012	g10301
ECA3012	g10685
ECA3012	g11197
ECA3012	g1505
ECA3012	g17057
ECA3012	g8569
ECA3012	g4901
ECA3012	g10677
ECA3012	g11145
ECA3012	g498
ECA3012	g1283
ECA3012	g10707
ECA3012	g9415
ECA3012	g3131
ECA3012	g16527
ECA3012	g221
ECA3012	g582
ECA3012	g11277
ECA3012	g6473
ECA3012	g1504
ECA3012	g615
ECA3012	g17672
ECA3012	g10684
ECA3012	g10679
ECA3012	g17447
ECA3012	g10222
ECA3012	g3099
ECA3012	g11225
ECA3012	g10205
ECA3012	g8560
ECA3012	g3962
ECA3012	g3549
ECA3012	g19820
ECA3012	g10188
ECA3012	g4042
ECA3012	g11213
ECA3012	g16521
ECA3012	g18841
ECA3012	g4900
ECA3012	g10296
ECA3012	g10481
ECA3012	g10686
ECA3012	g8385
ECA3012	g10706
ECA3012	g20544
ECA3012	g14690
ECA3012	g10555
ECA3012	g8159
ECA3012	g9921
ECA3012	g85
ECA3012	g17536
ECA3012	g4201
ECA3012	g10180
ECA3012	g3104
ECA3012	g3619
ECA3012	g1567
ECA3012	g1195
ECA3012	g2519
ECA3012	g7416
ECA3012	g12925
ECA3012	g3991
ECA3012	g2941
ECA3012	g834
ECA3012	g10682
ECA3012	g3095
ECA3012	g1500
ECA3012	g10752
ECA3012	g614
ECA3012	g17017
ECA3012	g8318
ECA3012	g9567
ECA3012	g17451
ECA3012	g18532
ECA3012	g10683
ECA3012	g17444
ECA3012	g10512
ECA3012	g693
ECA3012	g20542
ECA3012	g8570
ECA3012	g8559
ECA3012	g2051
ECA3012	g1224
ECA3012	g8935
ECA3012	g3947
ECA3012	g3101
ECA3012	g12532
ECA3012	g10201
ECA3012	g588
ECA3012	g20213
ECA3012	g2048
ECA3012	g10704
ECA3012	g17928
ECA3012	g3419
ECA3012	g11054
ECA3012	g17262
ECA3012	g19120
ECA3012	g18549
ECA3012	g3133
ECA3012	g7024
ECA3012	g10223
ECA3012	g7025
ECA3012	g1928
ECA3012	g3176
ECA3012	g3256
ECA3012	g15413
ECA3012	g3333
ECA3012	g4002
ECA3012	g14686
ECA3012	g10228
ECA3012	g10282
ECA3012	g11127
ECA3012	g12523
ECA3012	g11133
ECA3012	g10203
ECA3012	g22096
ECA3012	g1929
ECA3012	g11056
ECA3012	g16975
ECA3012	g12668
ECA3012	g19236
ECA3012	g10231
ECA3012	g10287
ECA3012	g1196
ECA3012	g10247
ECA3012	g11131
ECA3012	g2054
ECA3012	g3096
ECA3012	g19234
ECA3012	g2549
ECA3012	g8351
ECA3012	g17056
ECA3012	g19221
ECA3012	g10680
ECA3012	g3098
ECA3012	g10256
ECA3012	g1200
ECA3012	g1201
ECA3012	g2368
ECA3012	g585
ECA3012	g10515
ECA3012	g586
ECA3012	g10297
ECA3012	g10632
ECA3012	g11132
ECA3012	g12044
ECA3012	g10229
ECA3012	g10509
ECA3012	g11053
ECA3012	g4059
ECA3012	g2050
ECA3012	g19646
ECA3012	g10671
ECA3012	g21123
ECA3012	g7023
ECA3012	g17398
ECA3012	g3092
ECA3012	g3100
ECA3012	g3490
ECA3012	g10507
ECA3012	g3183
ECA3012	g7022
ECA3012	g11134
ECA3012	g10249
ECA3012	g14694
ECA3012	g11135
ECA3012	g10676
ECA3012	g2053
ECA3012	g12186
ECA3012	g587
ECA3012	g15542
ECA3012	g4043
ECA3012	g16225
ECA3012	g696
ECA3012	g318
ECA3012	g7933
ECA3012	g16253
ECA3012	g3193
ECA3012	g8310
ECA3012	g1198
ECA3012	g12797
ECA3012	g584
ECA3012	g21204
ECA3012	g16585
ECA3012	g10514
ECA3012	g695
ECA3012	g19244
ECA3012	g10681
ECA3012	g4007
ECA3012	g10232
ECA3012	g10710
ECA3012	g19280
ECA3012	g17565
ECA3012	g17091
ECA3012	g8354
ECA3012	g835
ECA3012	g2978
ECA3012	g11276
ECA3012	g14692
ECA3012	g3332
ECA3012	g3223
ECA3012	g12525
ECA3012	g10313
ECA3012	g11136
ECA3012	g12526
ECA3012	g17592
ECA3012	g17448
ECA3012	g11129
ECA3012	g3550
ECA3012	g8387
ECA3012	g10286
ECA3012	g14691
ECA3012	g9416
ECA3012	g10511
ECA3012	g10259
ECA3012	g10508
ECA738	g15330
ECA738	g11754
ECA738	g3230
ECA738	g17720
ECA738	g4172
ECA738	g753
ECA738	g2006
ECA738	g13253
ECA738	g6147
ECA738	g2353
ECA738	g19212
ECA738	g10847
ECA738	g3835
ECA738	g6169
ECA738	g3651
ECA738	g1337
ECA738	g6201
ECA738	g7086
ECA738	g12381
ECA738	g15835
ECA738	g6923
ECA738	g6098
ECA738	g6159
ECA738	g6168
ECA738	g1625
ECA738	g6114
ECA738	g17748
ECA738	g2010
ECA738	g6964
ECA738	g10809
ECA738	g6570
ECA738	g10808
ECA738	g10810
ECA738	g4132
ECA738	g10961
ECA738	g7112
ECA738	g7822
ECA738	g4169
ECA738	g2009
ECA738	g10744
ECA738	g6565
ECA738	g6926
ECA738	g11843
ECA738	g11363
ECA738	g3227
ECA738	g6925
ECA738	g10806
ECA738	g14697
ECA738	g7083
ECA738	g2416
ECA738	g13302
ECA738	g21036
ECA738	g2607
ECA738	g6919
ECA738	g7101
ECA738	g8350
ECA738	g5632
ECA738	g4661
ECA738	g2973
ECA738	g13131
ECA738	g10813
ECA738	g3986
ECA738	g9304
ECA738	g10858
ECA738	g10695
ECA738	g17936
ECA738	g2943
ECA738	g4668
ECA738	g2007
ECA738	g14138
ECA738	g15601
ECA738	g5132
ECA738	g7589
ECA738	g6188
ECA738	g10804
ECA738	g3226
ECA738	g22446
ECA738	g11753
ECA738	g1922
ECA738	g22447
ECA738	g21038
ECA738	g7633
ECA738	g19798
ECA738	g7110
ECA738	g17561
ECA738	g17548
ECA738	g3223
ECA738	g6161
ECA738	g14137
ECA738	g14125
ECA738	g7111
ECA738	g10673
ECA738	g7078
ECA738	g6920
ECA738	g6160
ECA738	g11295
ECA738	g2701
ECA738	g6078
ECA738	g10846
ECA738	g4175
ECA738	g2608
ECA738	g6568
ECA738	g11181
ECA738	g515
ECA738	g3231
ECA738	g3386
ECA738	g9309
ECA738	g7084
ECA738	g4307
ECA738	g19472
ECA738	g3302
ECA738	g14131
ECA738	g22461
ECA738	g10815
ECA738	g2354
ECA738	g7975
ECA738	g7102
ECA738	g13252
ECA738	g22219
ECA738	g17547
ECA738	g3329
ECA738	g14694
ECA738	g7081
ECA738	g12377
ECA738	g1691
ECA738	g6483
ECA738	g3241
ECA738	g9307
ECA738	g6167
ECA738	g10902
ECA738	g11711
ECA738	g1981
ECA738	g10915
ECA738	g17789
ECA738	g2005
ECA738	g1915
ECA738	g8283
ECA738	g7099
ECA738	g10801
ECA738	g2012
ECA738	g8843
ECA738	g11015
ECA738	g7109
ECA738	g3147
ECA738	g12379
ECA738	g11097
ECA738	g10637
ECA738	g7072
ECA738	g6450
ECA738	g6094
ECA738	g10865
ECA738	g20080
ECA738	g1695
ECA738	g21182
ECA738	g10805
ECA738	g3225
ECA738	g6138
ECA738	g10811
ECA738	g12373
ECA738	g6189
ECA738	g2606
ECA738	g6185
ECA738	g6106
ECA738	g17416
ECA738	g10960
ECA738	g9432
ECA738	g21580
ECA738	g9306
ECA738	g16230
ECA738	g10848
ECA738	g2415
ECA738	g17554
ECA738	g9431
ECA738	g10812
ECA738	g12122
ECA738	g6166
ECA738	g10746
ECA738	g2602
ECA738	g15028
ECA738	g14136
ECA738	g9310
ECA738	g3712
ECA738	g11161
ECA738	g6750
ECA738	g17397
ECA738	g17399
ECA738	g5281
ECA738	g2011
ECA738	g20205
ECA738	g22455
ECA738	g2575
ECA738	g10895
ECA738	g20527
ECA738	g11000
ECA738	g14696
ECA738	g6898
ECA738	g22456
ECA738	g17557
ECA738	g11070
ECA738	g3229
ECA738	g17744
ECA738	g16677
ECA738	g4090
ECA738	g13132
ECA738	g3228
ECA738	g7108
ECA738	g2603
ECA738	g3928
ECA738	g8817
ECA738	g1690
ECA738	g13135
ECA738	g7590
ECA738	g13148
ECA738	g3658
ECA738	g4171
ECA738	g3232
ECA738	g11297
ECA738	g8993
ECA738	g6163
ECA738	g10431
ECA738	g2576
ECA738	g3563
ECA738	g21579
ECA738	g2604
ECA738	g2494
ECA738	g8994
ECA738	g2605
ECA738	g13251
ECA738	g5134
ECA738	g2445
ECA738	g7035
ECA738	g15497
ECA738	g6569
ECA738	g6158
ECA738	g7798
ECA738	g4663
ECA738	g20081
ECA738	g18031
ECA738	g3359
ECA738	g6571
ECA738	g6184
ECA738	g17743
ECA738	g7477
ECA738	g11069
ECA738	g17776
ECA738	g7085
ECA738	g15982
ECA738	g7156
ECA738	g6619
ECA738	g2490
ECA738	g7080
ECA738	g22445
ECA738	g21037
ECA738	g10745
ECA738	g6136
ECA738	g11233
ECA738	g6156
ECA738	g6922
ECA738	g7077
ECA738	g6924
ECA738	g6109
ECA738	g22628
ECA738	g6423
ECA738	g20661
ECA738	g7106
ECA738	g5133
ECA738	g4568
ECA738	g6139
ECA738	g7082
ECA738	g11178
ECA738	g4170
ECA738	g3148
ECA738	g2878
ECA738	g4441
ECA738	g6170
ECA738	g3150
ECA738	g9308
ECA738	g2491
ECA738	g6572
ECA738	g3317
ECA738	g10676
ECA738	g13123
ECA738	g10896
ECA738	g17560
ECA738	g17549
ECA738	g17788
ECA738	g6162
ECA738	g14130
ECA738	g13085
ECA738	g10816
ECA738	g4208
ECA738	g17765
ECA738	g16210
ECA738	g2008
ECA738	g7316
ECA738	g22444
ECA738	g9305
ECA738	g6038
ECA738	g8336
ECA738	g18704
ECA738	g7113
ECA738	g12378
EG4725	g19503
EG4725	g8244
EG4725	g15711
EG4725	g4727
EG4725	g13713
EG4725	g3980
EG4725	g11545
EG4725	g14058
EG4725	g19250
EG4725	g14243
EG4725	g14961
EG4725	g7346
EG4725	g9613
EG4725	g7835
EG4725	g9612
EG4725	g11508
EG4725	g4895
EG4725	g4906
EG4725	g7669
EG4725	g11521
EG4725	g11885
EG4725	g8394
EG4725	g9987
EG4725	g2682
EG4725	g7434
EG4725	g9016
EG4725	g7666
EG4725	g9123
EG4725	g11592
EG4725	g7385
EG4725	g11399
EG4725	g9615
EG4725	g9263
EG4725	g2577
EG4725	g20171
EG4725	g11513
EG4725	g13753
EG4725	g7358
EG4725	g21597
EG4725	g13716
EG4725	g7386
EG4725	g19414
EG4725	g3196
EG4725	g8241
EG4725	g7671
EG4725	g17450
EG4725	g20739
EG4725	g11509
EG4725	g13028
EG4725	g18999
EG4725	g3198
EG4725	g9014
EG4725	g7665
EG4725	g7380
EG4725	g10459
EG4725	g8165
EG4725	g6238
EG4725	g18276
EG4725	g5268
EG4725	g10458
EG4725	g8648
EG4725	g22022
EG4725	g7834
EG4725	g11518
EG4725	g22431
EG4725	g13904
EG4725	g11660
EG4725	g8313
EG4725	g11558
EG4725	g14236
EG4725	g4512
EG4725	g4698
EG4725	g8679
EG4725	g409
EG4725	g5275
EG4725	g16610
EG4725	g8371
EG4725	g5740
EG4725	g7849
EG4725	g8240
EG4725	g18247
EG4725	g7390
EG4725	g3079
EG4725	g10457
EG4725	g7857
EG4725	g22190
EG4725	g16609
EG4725	g11445
EG4725	g18160
EG4725	g8237
EG4725	g11520
EG4725	g16591
EG4725	g3090
EG4725	g7827
EG4725	g9618
EG4725	g13710
EG4725	g11380
EG4725	g9013
EG4725	g18162
EG4725	g3744
EG4725	g18304
EG4725	g4896
EG4725	g11515
EG4725	g8245
EG4725	g16660
EG4725	g7833
EG4725	g7670
EG4725	g7511
EG4725	g7363
EG4725	g4656
EG4725	g21447
EG4725	g7467
EG4725	g9611
EG4725	g15712
EG4725	g10461
EG4725	g8928
EG4725	g17447
EG4725	g413
EG4725	g11555
EG4725	g16659
EG4725	g8505
EG4725	g4677
EG4725	g8255
EG4725	g10460
EG4725	g19546
EG4725	g9641
EG4725	g10463
EG4725	g9172
EG4725	g7378
EG4725	g9708
EG4725	g10923
EG4725	g11719
EG4725	g8164
EG4725	g16651
EG4725	g22142
EG4725	g11564
EG4725	g411
EG4725	g11612
EG4725	g11546
EG4725	g11511
EG4725	g11803
EG4725	g3078
EG4725	g7441
EG4725	g7856
EG4725	g7858
EG4725	g11517
EG4725	g7413
EG4725	g9616
EG4725	g9920
EG4725	g18379
EG4725	g2847
EG4725	g11339
EG4725	g8239
EG4725	g7904
EG4725	g417
EG4725	g7855
EG4725	g7708
EG4725	g9126
EG4725	g4657
EG4725	g11512
EG4725	g9015
EG4725	g16690
EG4725	g19234
EG4725	g18112
EG4725	g7392
EG4725	g9701
EG4725	g17075
EG4725	g10336
EG4725	g9203
EG4725	g10337
EG4725	g13250
EG4725	g18165
EG4725	g11514
EG4725	g11888
EG4725	g8395
EG4725	g19504
EG4725	g9924
EG4725	g9019
EG4725	g12549
EG4725	g17775
EG4725	g16652
EG4725	g14181
EG4725	g11868
EG4725	g7382
EG4725	g17962
EG4725	g9617
EG4725	g16419
EG4725	g4905
EG4725	g18637
EG4725	g9047
EG4725	g7454
EG4725	g4729
EG4725	g11591
EG4725	g11703
EG4725	g12240
EG4725	g7338
EG4725	g9264
EG4725	g11775
EG4725	g22039
EG4725	g8243
EG4725	g4697
EG4725	g6810
EG4725	g8167
EG4725	g13796
EG4725	g13580
EG4725	g22023
EG4725	g8242
EG4725	g9018
EG4725	g13964
EG4725	g10948
EG4725	g7389
EG4725	g9925
EG4725	g22305
EG4725	g11510
EG4725	g22026
EG4725	g22141
EG4725	g16646
EG4725	g13714
EG4725	g8246
EG4725	g11659
EG4725	g3077
EG4725	g16116
EG4725	g20510
EG4725	g9046
EG4725	g22368
EG4725	g14327
EG4725	g9017
EG4725	g10776
EG4725	g16661
EG4725	g8340
EG4725	g4907
EG4725	g17449
EG4725	g9202
EG4725	g5742
EG4725	g7782
EG4725	g16753
EG4725	g7848
EG4725	g7388
EG4725	g7411
EG4725	g18161
EG4725	g7403
EG4725	g3085
EG4725	g21621
EG4725	g5270
EG4725	g7381
EG4725	g11774
EG4725	g7359
EG4725	g7636
EG4725	g7410
EG4725	g18159
EG4725	g7820
EG4725	g20252
EG4725	g18760
EG4725	g7829
EG4725	g3197
EG4725	g7832
EG4725	g11446
EG4725	g7668
EG4725	g7826
EG4725	g2726
EG4725	g12375
EG4725	g4694
EG4725	g5741
EG4725	g13319
EG4725	g13036
EG4725	g7831
EG4725	g4901
EG4725	g14504
EG4725	g11599
EG4725	g3084
EG4725	g7672
EG4725	g13715
EG4725	g11544
EG4725	g11381
EG4725	g13446
EG4725	g8745
EG4725	g9125
EG4725	g4665
EG4725	g18158
EG4725	g7361
EG4725	g5888
EG4725	g22014
EG4725	g11516
EG4725	g7853
EG4725	g7387
EG4725	g11505
EG4725	g7859
EG4725	g21977
EG4725	g7830
EG4725	g13679
EG4725	g10777
EG4725	g7846
EG4725	g7440
EG4725	g17096
EG4725	g7450
EG4725	g10462
EG4725	g7379
EG4725	g4302
EG4725	g16703
EG4725	g8328
EG4725	g11447
EG4725	g412
MY23	g10186
MY23	g14636
MY23	g2474
MY23	g2272
MY23	g11571
MY23	g22510
MY23	g17206
MY23	g21120
MY23	g17217
MY23	g1930
MY23	g9932
MY23	g2275
MY23	g21142
MY23	g1749
MY23	g10390
MY23	g21174
MY23	g14276
MY23	g5461
MY23	g14436
MY23	g16677
MY23	g22519
MY23	g18366
MY23	g17257
MY23	g21132
MY23	g17246
MY23	g21141
MY23	g1630
MY23	g16994
MY23	g21087
MY23	g1253
MY23	g14442
MY23	g743
MY23	g15310
MY23	g17253
MY23	g18401
MY23	g22513
MY23	g2232
MY23	g17096
MY23	g17622
MY23	g5462
MY23	g2304
MY23	g17316
MY23	g2498
MY23	g10096
MY23	g17249
MY23	g14633
MY23	g5200
MY23	g14437
MY23	g17255
MY23	g22521
MY23	g15493
MY23	g3851
MY23	g16891
MY23	g6287
MY23	g17256
MY23	g12178
MY23	g16807
MY23	g632
MY23	g22506
MY23	g14443
MY23	g14260
MY23	g9050
MY23	g20295
MY23	g5027
MY23	g9051
MY23	g266
MY23	g6454
MY23	g2089
MY23	g296
MY23	g17362
MY23	g1756
MY23	g2680
MY23	g7509
MY23	g5020
MY23	g1256
MY23	g17247
MY23	g5940
MY23	g4552
MY23	g22247
MY23	g21
MY23	g14775
MY23	g14632
MY23	g2270
MY23	g10187
MY23	g18415
MY23	g5464
MY23	g21353
MY23	g14251
MY23	g1340
MY23	g14629
MY23	g18348
MY23	g21134
MY23	g5939
MY23	g5927
MY23	g14250
MY23	g14284
MY23	g21133
MY23	g21161
MY23	g2536
MY23	g21051
MY23	g17218
MY23	g5315
MY23	g16888
MY23	g22318
MY23	g5460
MY23	g11331
MY23	g14637
MY23	g5797
MY23	g14780
MY23	g14717
MY23	g14438
MY23	g5933
MY23	g18416
MY23	g883
MY23	g17775
MY23	g21921
MY23	g9048
MY23	g540
MY23	g14744
MY23	g3848
MY23	g14281
MY23	g20
MY23	g7514
MY23	g130
MY23	g18406
MY23	g2527
MY23	g14647
MY23	g9049
MY23	g21140
MY23	g17156
MY23	g10229
MY23	g1281
MY23	g9046
MY23	g17250
MY23	g17143
MY23	g1347
MY23	g14262
MY23	g2271
MY23	g1251
MY23	g8585
MY23	g14252
MY23	g14439
MY23	g14557
MY23	g7511
MY23	g14278
MY23	g17417
MY23	g8558
MY23	g21067
MY23	g17199
MY23	g1564
MY23	g22076
MY23	g5375
MY23	g14631
MY23	g2501
MY23	g21111
MY23	g14204
MY23	g14638
MY23	g7518
MY23	g14398
MY23	g16806
MY23	g633
MY23	g21158
MY23	g21079
MY23	g9915
MY23	g17097
MY23	g9174
MY23	g21071
MY23	g20820
MY23	g4551
MY23	g17216
MY23	g18417
MY23	g9173
MY23	g2890
MY23	g1258
MY23	g5457
MY23	g1567
MY23	g637
MY23	g1254
MY23	g5938
MY23	g9052
MY23	g1811
MY23	g16908
MY23	g884
MY23	g5657
MY23	g21157
MY23	g4402
MY23	g1252
MY23	g5895
MY23	g13835
MY23	g13549
MY23	g664
MY23	g17168
MY23	g17163
MY23	g12468
MY23	g17061
MY23	g14440
MY23	g16993
MY23	g2309
MY23	g631
MY23	g14464
MY23	g634
MY23	g6934
MY23	g14635
MY23	g2535
MY23	g2192
MY23	g6453
MY23	g14634
MY23	g14253
MY23	g636
MY23	g17382
MY23	g1568
MY23	g6451
MY23	g18407
MY23	g6439
MY23	g2310
MY23	g17169
MY23	g1257
MY23	g21136
MY23	g362
MY23	g663
MY23	g3279
MY23	g635
MY23	g8733
MY23	g6337
MY23	g3850
MY23	g819
MY23	g4550
MY23	g14328
MY23	g5463
MY23	g1255
MY23	g21131
MY23	g5932
MY23	g18446
MY23	g17252
MY23	g22516
MY23	g16573
MY23	g17598
MY23	g5025
MY23	g21768
MY23	g2497
MY23	g14291
MY23	g14277
MY23	g15746
MY23	g22323
MY23	g14259
MY23	g5510
MY23	g746
MY23	g11944
MY23	g17251
MY23	g21139
MY23	g22386
MY23	g14282
MY23	g18367
MY23	g17315
MY23	g21109
MY23	g21129
MY23	g14285
MY23	g21082
MY23	g6285
MY23	g12335
MY23	g14255
MY23	g3566
MY23	g21112
MY23	g14280
MY23	g3103
MY23	g16805
MY23	g14558
MY23	g3438
MY23	g20315
MY23	g4178
MY23	g2472
MY23	g21143
MY23	g820
MY23	g14560
MY23	g745
MY23	g14732
MY23	g17380
MY23	g21769
MY23	g17046
MY23	g6462
MY23	g17162
MY23	g790
MY23	g2269
MY23	g21135
MY23	g14279
MY23	g6336
MY23	g6500
MY23	g2516
MY23	g8732
MY23	g2028
MY23	g20840
MY23	g9766
MY23	g21162
MY23	g17260
MY23	g9047
MY23	g21007
MY23	g18512
MY23	g18459
MY23	g17314
MY23	g14248
MY23	g7513
MY23	g14249
NIC199	g14723
NIC199	g18228
NIC199	g6308
NIC199	g10297
NIC199	g1013
NIC199	g105
NIC199	g4339
NIC199	g4329
NIC199	g5969
NIC199	g14467
NIC199	g1521
NIC199	g9714
NIC199	g2389
NIC199	g1012
NIC199	g555
NIC199	g4283
NIC199	g2483
NIC199	g18406
NIC199	g18395
NIC199	g393
NIC199	g93
NIC199	g4296
NIC199	g84
NIC199	g2759
NIC199	g11590
NIC199	g390
NIC199	g1890
NIC199	g570
NIC199	g2390
NIC199	g932
NIC199	g4288
NIC199	g6268
NIC199	g4442
NIC199	g15595
NIC199	g6305
NIC199	g1119
NIC199	g13376
NIC199	g136
NIC199	g1009
NIC199	g568
NIC199	g1089
NIC199	g14635
NIC199	g11079
NIC199	g395
NIC199	g7394
NIC199	g1966
NIC199	g1453
NIC199	g4284
NIC199	g14214
NIC199	g11077
NIC199	g1785
NIC199	g50
NIC199	g389
NIC199	g3239
NIC199	g1005
NIC199	g19744
NIC199	g168
NIC199	g18770
NIC199	g3238
NIC199	g15166
NIC199	g554
NIC199	g4293
NIC199	g2030
NIC199	g584
NIC199	g4854
NIC199	g16439
NIC199	g6124
NIC199	g4174
NIC199	g18199
NIC199	g155
NIC199	g18777
NIC199	g19243
NIC199	g13466
NIC199	g14724
NIC199	g11199
NIC199	g3237
NIC199	g151
NIC199	g14992
NIC199	g4220
NIC199	g4295
NIC199	g12937
NIC199	g91
NIC199	g11187
NIC199	g585
NIC199	g547
NIC199	g92
NIC199	g63
NIC199	g13529
NIC199	g13379
NIC199	g553
NIC199	g6311
NIC199	g1784
NIC199	g13380
NIC199	g10536
NIC199	g18396
NIC199	g4661
NIC199	g13005
NIC199	g6440
NIC199	g5494
NIC199	g394
NIC199	g12991
NIC199	g4287
NIC199	g18158
NIC199	g1422
NIC199	g15749
NIC199	g2387
NIC199	g83
NIC199	g43
NIC199	g3241
NIC199	g1698
NIC199	g7397
NIC199	g4377
NIC199	g21192
NIC199	g13004
NIC199	g1024
NIC199	g1287
NIC199	g18179
NIC199	g3240
NIC199	g85
NIC199	g2416
NIC199	g3243
NIC199	g580
NIC199	g4396
NIC199	g3698
NIC199	g12996
NIC199	g15046
NIC199	g4347
NIC199	g4330
NIC199	g4286
NIC199	g4573
NIC199	g11200
NIC199	g7975
NIC199	g550
NIC199	g5787
NIC199	g13192
NIC199	g150
NIC199	g546
NIC199	g2391
NIC199	g1015
NIC199	g2693
NIC199	g11424
NIC199	g4120
NIC199	g630
NIC199	g21196
NIC199	g432
NIC199	g62
NIC199	g18159
NIC199	g21190
NIC199	g1786
NIC199	g1893
NIC199	g14450
NIC199	g4441
NIC199	g3116
NIC199	g14765
NIC199	g2476
NIC199	g4292
NIC199	g7730
NIC199	g1029
NIC199	g1967
NIC199	g3117
NIC199	g6773
NIC199	g13383
NIC199	g86
NIC199	g4289
NIC199	g2696
NIC199	g1790
NIC199	g7063
NIC199	g12997
NIC199	g5844
NIC199	g13606
NIC199	g4640
NIC199	g114
NIC199	g2031
NIC199	g5780
NIC199	g13037
NIC199	g12775
NIC199	g18405
NIC199	g13863
NIC199	g1817
NIC199	g8962
NIC199	g2388
NIC199	g18230
NIC199	g4376
NIC199	g4476
NIC199	g17306
NIC199	g13378
NIC199	g367
NIC199	g4997
NIC199	g4546
NIC199	g1011
NIC199	g15151
NIC199	g18198
NIC199	g20304
NIC199	g6228
NIC199	g6064
NIC199	g15165
NIC199	g12954
NIC199	g504
NIC199	g582
NIC199	g1789
NIC199	g4492
NIC199	g3725
NIC199	g2697
NIC199	g4726
NIC199	g4285
NIC199	g15163
NIC199	g15049
NIC199	g571
NIC199	g1007
NIC199	g6307
NIC199	g1108
NIC199	g89
NIC199	g11201
NIC199	g8542
NIC199	g16665
NIC199	g1816
NIC199	g4788
NIC199	g11192
NIC199	g5694
NIC199	g1788
NIC199	g1938
NIC199	g2392
NIC199	g3551
NIC199	g1787
NIC199	g18008
NIC199	g13006
NIC199	g1008
NIC199	g18407
NIC199	g7395
NIC199	g19245
NIC199	g17117
NIC199	g113
NIC199	g94
NIC199	g15571
NIC199	g18772
NIC199	g8963
NIC199	g4545
NIC199	g13377
NIC199	g68
NIC199	g13329
NIC199	g4290
NIC199	g13976
NIC199	g549
NIC199	g11078
NIC199	g552
NIC199	g4221
NIC199	g142
NIC199	g392
NIC199	g11547
NIC199	g17174
NIC199	g18195
NIC199	g19244
NIC199	g6701
NIC199	g4328
NIC199	g4222
NIC199	g18401
NIC199	g116
NIC199	g5519
NIC199	g4384
NIC199	g11193
NIC199	g396
NIC199	g6306
NIC199	g96
NIC199	g1150
NIC199	g933
NIC199	g577
NIC199	g6574
NIC199	g82
NIC199	g935
NIC199	g1892
NIC199	g18167
NIC199	g19391
NIC199	g4658
NIC199	g15174
NIC199	g1174
NIC199	g4291
NIC199	g4280
NIC199	g90
NIC199	g2393
NIC199	g4155
NIC199	g15211
NIC199	g1010
NIC199	g66
NIC199	g6341
NIC199	g3552
NIC199	g4156
NIC199	g1173
NIC199	g141
NIC199	g7751
NIC199	g21188
NIC199	g8059
NIC199	g551
NIC199	g3242
NIC199	g12955
NIC199	g213
NIC199	g17798
NIC199	g13051
NIC199	g587
NIC199	g21191
NIC199	g541
NIC199	g583
NIC199	g586
CB4856	g6840
CB4856	g5969
CB4856	g11498
CB4856	g5961
CB4856	g1875
CB4856	g2799
CB4856	g15163
CB4856	g5957
CB4856	g21661
CB4856	g21622
CB4856	g6005
CB4856	g1545
CB4856	g11249
CB4856	g2826
CB4856	g21683
CB4856	g1359
CB4856	g2735
CB4856	g14592
CB4856	g4074
CB4856	g2275
CB4856	g22064
CB4856	g10164
CB4856	g4073
CB4856	g3593
CB4856	g5960
CB4856	g3482
CB4856	g2115
CB4856	g21673
CB4856	g5974
CB4856	g21682
CB4856	g4444
CB4856	g2266
CB4856	g2112
CB4856	g15928
CB4856	g2117
CB4856	g2261
CB4856	g6875
CB4856	g1835
CB4856	g6122
CB4856	g21229
CB4856	g2720
CB4856	g1872
CB4856	g10163
CB4856	g2287
CB4856	g17113
CB4856	g770
CB4856	g5226
CB4856	g11410
CB4856	g16674
CB4856	g20658
CB4856	g5968
CB4856	g3666
CB4856	g6337
CB4856	g10995
CB4856	g15927
CB4856	g3481
CB4856	g2111
CB4856	g21597
CB4856	g12452
CB4856	g2270
CB4856	g4908
CB4856	g3120
CB4856	g11932
CB4856	g2274
CB4856	g6931
CB4856	g5971
CB4856	g19815
CB4856	g1699
CB4856	g4913
CB4856	g5855
CB4856	g6018
CB4856	g21614
CB4856	g576
CB4856	g21609
CB4856	g3151
CB4856	g2295
CB4856	g12920
CB4856	g10759
CB4856	g2723
CB4856	g11499
CB4856	g2298
CB4856	g2986
CB4856	g2301
CB4856	g2722
CB4856	g15929
CB4856	g21613
CB4856	g14125
CB4856	g5973
CB4856	g11764
CB4856	g4159
CB4856	g3667
CB4856	g6839
CB4856	g21675
CB4856	g2267
CB4856	g21674
CB4856	g21702
CB4856	g5899
CB4856	g10312
CB4856	g1878
CB4856	g18693
CB4856	g3480
CB4856	g10167
CB4856	g6255
CB4856	g15393
CB4856	g6880
CB4856	g2346
CB4856	g2273
CB4856	g2880
CB4856	g2007
CB4856	g5963
CB4856	g2116
CB4856	g2718
CB4856	g1874
CB4856	g3728
CB4856	g541
CB4856	g2719
CB4856	g21394
CB4856	g2223
CB4856	g11819
CB4856	g4072
CB4856	g21722
CB4856	g3219
CB4856	g8562
CB4856	g16677
CB4856	g6058
CB4856	g18696
CB4856	g764
CB4856	g13415
CB4856	g10253
CB4856	g4910
CB4856	g606
CB4856	g4100
CB4856	g4166
CB4856	g6077
CB4856	g5373
CB4856	g6172
CB4856	g6024
CB4856	g6668
CB4856	g6006
CB4856	g550
CB4856	g4381
CB4856	g21715
CB4856	g10382
CB4856	g5796
CB4856	g2717
CB4856	g21652
CB4856	g6890
CB4856	g5966
CB4856	g18700
CB4856	g2156
CB4856	g4076
CB4856	g21703
CB4856	g542
CB4856	g21699
CB4856	g11232
CB4856	g6121
CB4856	g4787
CB4856	g11541
CB4856	g5967
CB4856	g4911
CB4856	g17093
CB4856	g12921
CB4856	g6918
CB4856	g1366
CB4856	g3396
CB4856	g4788
CB4856	g2639
CB4856	g10170
CB4856	g21680
CB4856	g6341
CB4856	g765
CB4856	g5900
CB4856	g4384
CB4856	g3486
CB4856	g16346
CB4856	g4907
CB4856	g11818
CB4856	g1422
CB4856	g6320
CB4856	g9984
CB4856	g8744
CB4856	g13064
CB4856	g2721
CB4856	g10646
CB4856	g3514
CB4856	g9404
CB4856	g6057
CB4856	g6156
CB4856	g17981
CB4856	g8558
CB4856	g2091
CB4856	g2289
CB4856	g6231
CB4856	g2857
CB4856	g21628
CB4856	g579
CB4856	g12292
CB4856	g2642
CB4856	g5962
CB4856	g10165
CB4856	g6230
CB4856	g1795
CB4856	g11931
CB4856	g8563
CB4856	g1639
CB4856	g5399
CB4856	g1905
CB4856	g2303
CB4856	g4385
CB4856	g19688
CB4856	g11929
CB4856	g6881
CB4856	g2879
CB4856	g11917
CB4856	g393
CB4856	g2724
CB4856	g3591
CB4856	g21677
CB4856	g19524
CB4856	g3513
CB4856	g19748
CB4856	g1275
CB4856	g2640
CB4856	g3483
CB4856	g11820
CB4856	g2118
CB4856	g3484
CB4856	g16675
CB4856	g12459
CB4856	g8071
CB4856	g10166
CB4856	g6823
CB4856	g21672
CB4856	g21205
CB4856	g12454
CB4856	g9403
CB4856	g8178
CB4856	g21697
CB4856	g580
CB4856	g3594
CB4856	g561
CB4856	g3587
CB4856	g17331
CB4856	g10117
CB4856	g5965
CB4856	g2269
CB4856	g2272
CB4856	g6065
CB4856	g21650
CB4856	g21670
CB4856	g6889
CB4856	g2114
CB4856	g3638
CB4856	g8224
CB4856	g3485
CB4856	g17852
CB4856	g14193
CB4856	g21653
CB4856	g21129
CB4856	g8557
CB4856	g2271
CB4856	g4075
CB4856	g2304
CB4856	g1103
CB4856	g1873
CB4856	g603
CB4856	g6004
CB4856	g14321
CB4856	g21684
CB4856	g4909
CB4856	g5898
CB4856	g6015
CB4856	g11940
CB4856	g21681
CB4856	g21676
CB4856	g543
CB4856	g4077
CB4856	g2302
CB4856	g5836
CB4856	g5834
CB4856	g11977
CB4856	g5970
CB4856	g8568
CB4856	g5227
CB4856	g3729
CB4856	g5839
CB4856	g2300
CB4856	g21623
CB4856	g2715
CB4856	g18691
CB4856	g16996
CB4856	g4912
CB4856	g21546
CB4856	g6980
CB4856	g184
CB4856	g2290
CB4856	g2814
CB4856	g2306
CB4856	g18695
CB4856	g2305
CB4856	g5964
CX11314	g3334
CX11314	g7022
CX11314	g5291
CX11314	g14279
CX11314	g6209
CX11314	g11335
CX11314	g20618
CX11314	g18464
CX11314	g20607
CX11314	g16976
CX11314	g3079
CX11314	g6082
CX11314	g7525
CX11314	g12207
CX11314	g10741
CX11314	g6048
CX11314	g8397
CX11314	g6531
CX11314	g1450
CX11314	g8396
CX11314	g20564
CX11314	g6550
CX11314	g6361
CX11314	g13342
CX11314	g20578
CX11314	g6083
CX11314	g8774
CX11314	g20823
CX11314	g6477
CX11314	g6402
CX11314	g7899
CX11314	g20568
CX11314	g18470
CX11314	g16415
CX11314	g16639
CX11314	g16681
CX11314	g20721
CX11314	g6543
CX11314	g15113
CX11314	g16643
CX11314	g20505
CX11314	g6364
CX11314	g3244
CX11314	g12119
CX11314	g20575
CX11314	g7019
CX11314	g14441
CX11314	g6363
CX11314	g20566
CX11314	g2084
CX11314	g16161
CX11314	g20565
CX11314	g2823
CX11314	g12117
CX11314	g7794
CX11314	g6357
CX11314	g10403
CX11314	g9423
CX11314	g7426
CX11314	g3776
CX11314	g6530
CX11314	g15958
CX11314	g16820
CX11314	g12879
CX11314	g7091
CX11314	g14059
CX11314	g14250
CX11314	g7457
CX11314	g9431
CX11314	g20577
CX11314	g7153
CX11314	g9899
CX11314	g7177
CX11314	g7018
CX11314	g6545
CX11314	g6554
CX11314	g5783
CX11314	g3605
CX11314	g8482
CX11314	g9175
CX11314	g7024
CX11314	g5130
CX11314	g6090
CX11314	g6523
CX11314	g6091
CX11314	g6061
CX11314	g7702
CX11314	g20606
CX11314	g9325
CX11314	g6067
CX11314	g8400
CX11314	g16636
CX11314	g1448
CX11314	g7793
CX11314	g9177
CX11314	g20938
CX11314	g11570
CX11314	g6553
CX11314	g6104
CX11314	g6092
CX11314	g7023
CX11314	g5198
CX11314	g6526
CX11314	g16506
CX11314	g6525
CX11314	g19761
CX11314	g7015
CX11314	g5184
CX11314	g16641
CX11314	g8045
CX11314	g20573
CX11314	g14208
CX11314	g15266
CX11314	g8395
CX11314	g6041
CX11314	g20458
CX11314	g2081
CX11314	g1446
CX11314	g5197
CX11314	g7289
CX11314	g14229
CX11314	g7033
CX11314	g12876
CX11314	g6084
CX11314	g21124
CX11314	g20661
CX11314	g8423
CX11314	g6166
CX11314	g20674
CX11314	g7950
CX11314	g8489
CX11314	g6940
CX11314	g5189
CX11314	g3653
CX11314	g6529
CX11314	g12200
CX11314	g20399
CX11314	g10423
CX11314	g21049
CX11314	g12874
CX11314	g13368
CX11314	g9295
CX11314	g20625
CX11314	g8706
CX11314	g22186
CX11314	g9263
CX11314	g18233
CX11314	g7017
CX11314	g1442
CX11314	g7902
CX11314	g6060
CX11314	g14209
CX11314	g14449
CX11314	g7795
CX11314	g3062
CX11314	g20720
CX11314	g6362
CX11314	g12750
CX11314	g7980
CX11314	g6150
CX11314	g12877
CX11314	g19269
CX11314	g20608
CX11314	g7981
CX11314	g20436
CX11314	g12751
CX11314	g5227
CX11314	g7014
CX11314	g9180
CX11314	g6085
CX11314	g14741
CX11314	g3335
CX11314	g20507
CX11314	g8710
CX11314	g7799
CX11314	g2417
CX11314	g12873
CX11314	g5190
CX11314	g17098
CX11314	g20918
CX11314	g6113
CX11314	g8988
CX11314	g4964
CX11314	g21917
CX11314	g20572
CX11314	g7826
CX11314	g18465
CX11314	g14281
CX11314	g20654
CX11314	g19831
CX11314	g20758
CX11314	g20824
CX11314	g6337
CX11314	g18458
CX11314	g21047
CX11314	g3760
CX11314	g7021
CX11314	g14249
CX11314	g21874
CX11314	g6135
CX11314	g16723
CX11314	g3775
CX11314	g5147
CX11314	g7020
CX11314	g6552
CX11314	g7798
CX11314	g16881
CX11314	g16606
CX11314	g8711
CX11314	g6141
CX11314	g3773
CX11314	g3654
CX11314	g7176
CX11314	g8046
CX11314	g20574
CX11314	g6088
CX11314	g21515
CX11314	g18459
CX11314	g7825
CX11314	g12292
CX11314	g6546
CX11314	g8399
CX11314	g13193
CX11314	g7796
CX11314	g6064
CX11314	g5199
CX11314	g6151
CX11314	g7119
CX11314	g2083
CX11314	g9901
CX11314	g6155
CX11314	g9176
CX11314	g6112
CX11314	g6093
CX11314	g6358
CX11314	g20569
CX11314	g15088
CX11314	g7797
CX11314	g9425
CX11314	g4700
CX11314	g18067
CX11314	g9174
CX11314	g6516
CX11314	g19515
CX11314	g6608
CX11314	g9129
CX11314	g2583
CX11314	g20570
CX11314	g12118
CX11314	g6528
CX11314	g20506
CX11314	g20988
CX11314	g6095
CX11314	g6360
CX11314	g6522
CX11314	g18114
CX11314	g19962
CX11314	g14246
CX11314	g9900
CX11314	g5713
CX11314	g6527
CX11314	g8398
CX11314	g20935
CX11314	g6115
CX11314	g12471
CX11314	g16642
CX11314	g6941
CX11314	g6066
CX11314	g5586
CX11314	g6081
CX11314	g6943
CX11314	g12875
CX11314	g7901
CX11314	g14218
CX11314	g9173
CX11314	g10049
CX11314	g20439
CX11314	g4701
CX11314	g20773
CX11314	g3784
CX11314	g20655
CX11314	g14442
CX11314	g14217
CX11314	g20561
CX11314	g6089
CX11314	g6556
CX11314	g20571
CX11314	g3821
CX11314	g6555
CX11314	g13194
CX11314	g6140
CX11314	g17964
CX11314	g19290
CX11314	g12878
CX11314	g5148
CX11314	g13842
CX11314	g5240
CX11314	g14444
CX11314	g7107
CX11314	g1447
CX11314	g3377
ECA2561	g21898
ECA2561	g12475
ECA2561	g9403
ECA2561	g3555
ECA2561	g14672
ECA2561	g9883
ECA2561	g20431
ECA2561	g4893
ECA2561	g482
ECA2561	g12729
ECA2561	g12206
ECA2561	g13810
ECA2561	g10341
ECA2561	g8905
ECA2561	g4315
ECA2561	g10376
ECA2561	g8050
ECA2561	g20195
ECA2561	g19986
ECA2561	g9882
ECA2561	g20058
ECA2561	g8051
ECA2561	g14851
ECA2561	g14839
ECA2561	g20368
ECA2561	g9878
ECA2561	g7677
ECA2561	g6185
ECA2561	g10284
ECA2561	g20197
ECA2561	g5679
ECA2561	g10050
ECA2561	g10533
ECA2561	g8527
ECA2561	g10335
ECA2561	g8049
ECA2561	g20163
ECA2561	g20144
ECA2561	g14611
ECA2561	g2561
ECA2561	g815
ECA2561	g21679
ECA2561	g774
ECA2561	g10364
ECA2561	g20208
ECA2561	g10334
ECA2561	g13813
ECA2561	g20246
ECA2561	g19987
ECA2561	g22605
ECA2561	g12563
ECA2561	g9406
ECA2561	g9858
ECA2561	g1900
ECA2561	g20245
ECA2561	g19877
ECA2561	g10306
ECA2561	g8634
ECA2561	g9884
ECA2561	g10340
ECA2561	g7196
ECA2561	g16191
ECA2561	g15214
ECA2561	g7197
ECA2561	g9002
ECA2561	g12040
ECA2561	g635
ECA2561	g9335
ECA2561	g10268
ECA2561	g14457
ECA2561	g10046
ECA2561	g14643
ECA2561	g8972
ECA2561	g15222
ECA2561	g21663
ECA2561	g9276
ECA2561	g18255
ECA2561	g15689
ECA2561	g9252
ECA2561	g10045
ECA2561	g9407
ECA2561	g13723
ECA2561	g10330
ECA2561	g21673
ECA2561	g21665
ECA2561	g9857
ECA2561	g9856
ECA2561	g1277
ECA2561	g20103
ECA2561	g9410
ECA2561	g10342
ECA2561	g12033
ECA2561	g8727
ECA2561	g818
ECA2561	g20313
ECA2561	g8635
ECA2561	g5132
ECA2561	g14840
ECA2561	g11462
ECA2561	g13589
ECA2561	g9402
ECA2561	g9880
ECA2561	g945
ECA2561	g22124
ECA2561	g10205
ECA2561	g813
ECA2561	g10358
ECA2561	g14602
ECA2561	g19681
ECA2561	g20244
ECA2561	g10251
ECA2561	g8052
ECA2561	g3554
ECA2561	g7194
ECA2561	g1903
ECA2561	g13812
ECA2561	g18259
ECA2561	g19955
ECA2561	g19751
ECA2561	g12978
ECA2561	g14623
ECA2561	g9392
ECA2561	g7195
ECA2561	g21023
ECA2561	g8023
ECA2561	g811
ECA2561	g8480
ECA2561	g5680
ECA2561	g11615
ECA2561	g10343
ECA2561	g10006
ECA2561	g7957
ECA2561	g9861
ECA2561	g20874
ECA2561	g20050
ECA2561	g9486
ECA2561	g20241
ECA2561	g10277
ECA2561	g304
ECA2561	g20847
ECA2561	g5801
ECA2561	g8048
ECA2561	g7745
ECA2561	g5795
ECA2561	g9408
ECA2561	g9808
ECA2561	g18263
ECA2561	g8524
ECA2561	g14603
ECA2561	g19984
ECA2561	g19815
ECA2561	g8633
ECA2561	g21664
ECA2561	g13806
ECA2561	g5789
ECA2561	g12746
ECA2561	g7321
ECA2561	g12432
ECA2561	g10328
ECA2561	g20242
ECA2561	g7964
ECA2561	g5678
ECA2561	g2232
ECA2561	g9140
ECA2561	g8449
ECA2561	g20198
ECA2561	g7320
ECA2561	g12474
ECA2561	g7741
ECA2561	g8629
ECA2561	g1574
ECA2561	g7198
ECA2561	g359
ECA2561	g19894
ECA2561	g10338
ECA2561	g13994
ECA2561	g8047
ECA2561	g15839
ECA2561	g18257
ECA2561	g14850
ECA2561	g576
ECA2561	g13341
ECA2561	g8602
ECA2561	g10264
ECA2561	g14674
ECA2561	g9859
ECA2561	g17541
ECA2561	g10383
ECA2561	g21674
ECA2561	g5800
ECA2561	g9888
ECA2561	g19874
ECA2561	g9404
ECA2561	g20207
ECA2561	g14642
ECA2561	g16754
ECA2561	g10048
ECA2561	g732
ECA2561	g5794
ECA2561	g9868
ECA2561	g20392
ECA2561	g12041
ECA2561	g21714
ECA2561	g9405
ECA2561	g8630
ECA2561	g847
ECA2561	g10331
ECA2561	g7740
ECA2561	g7192
ECA2561	g19985
ECA2561	g12044
ECA2561	g9253
ECA2561	g12056
ECA2561	g11639
ECA2561	g9401
ECA2561	g6291
ECA2561	g3130
ECA2561	g20247
ECA2561	g8603
ECA2561	g21634
ECA2561	g202
ECA2561	g9865
ECA2561	g21024
ECA2561	g20209
ECA2561	g8632
ECA2561	g10044
ECA2561	g295
ECA2561	g9308
ECA2561	g14852
ECA2561	g1901
ECA2561	g8450
ECA2561	g15691
ECA2561	g9930
ECA2561	g21570
ECA2561	g10332
ECA2561	g10308
ECA2561	g20248
ECA2561	g21731
ECA2561	g20250
ECA2561	g10316
ECA2561	g8631
ECA2561	g15216
ECA2561	g10339
ECA2561	g10363
ECA2561	g10078
ECA2561	g10309
ECA2561	g9893
ECA2561	g2478
ECA2561	g13861
ECA2561	g10047
ECA2561	g20314
ECA2561	g13223
ECA2561	g9885
ECA2561	g9881
ECA2561	g20251
ECA2561	g20104
ECA2561	g6135
ECA2561	g17408
ECA2561	g14639
ECA2561	g15690
ECA2561	g20391
ECA2561	g1206
ECA2561	g10764
ECA2561	g19753
ECA2561	g20312
ECA2561	g14845
ECA2561	g28
ECA2561	g812
ECA2561	g9485
ECA2561	g1079
ECA2561	g9483
ECA2561	g8525
ECA2561	g19818
ECA2561	g10360
ECA2561	g6290
ECA2561	g20206
ECA2561	g20164
ECA2561	g10333
ECA2561	g20157
ECA2561	g13811
ECA2561	g9855
ECA2561	g11996
ECA2561	g13694
ECA2561	g20249
ECA2561	g10278
ECA2561	g20102
ECA2561	g2253
ECA2561	g9887
ECA2561	g9879
ECA2561	g13668
ECA2561	g10051
ECA2561	g7193
ECA2561	g21713
ECA2561	g13809
ECA2561	g9866
ECA2561	g14244
ECA2561	g21620
ECA2561	g8046
ECA2561	g9320
ECA2561	g18258
ECA2561	g12157
ECA259	g5390
ECA259	g14690
ECA259	g14203
ECA259	g12811
ECA259	g454
ECA259	g15114
ECA259	g17729
ECA259	g7602
ECA259	g1409
ECA259	g22366
ECA259	g14659
ECA259	g1420
ECA259	g16206
ECA259	g5643
ECA259	g14853
ECA259	g4239
ECA259	g16394
ECA259	g7015
ECA259	g3371
ECA259	g14683
ECA259	g18028
ECA259	g3372
ECA259	g1465
ECA259	g1450
ECA259	g2994
ECA259	g18931
ECA259	g3866
ECA259	g3726
ECA259	g1461
ECA259	g22372
ECA259	g15907
ECA259	g1303
ECA259	g14657
ECA259	g12202
ECA259	g17732
ECA259	g1525
ECA259	g5479
ECA259	g8386
ECA259	g1453
ECA259	g514
ECA259	g14206
ECA259	g289
ECA259	g21022
ECA259	g1463
ECA259	g15472
ECA259	g8719
ECA259	g8522
ECA259	g1464
ECA259	g5895
ECA259	g1127
ECA259	g8384
ECA259	g3973
ECA259	g15144
ECA259	g14860
ECA259	g14669
ECA259	g2515
ECA259	g11104
ECA259	g15058
ECA259	g10127
ECA259	g2516
ECA259	g4334
ECA259	g15091
ECA259	g4953
ECA259	g16051
ECA259	g1568
ECA259	g668
ECA259	g482
ECA259	g4304
ECA259	g10135
ECA259	g15147
ECA259	g1451
ECA259	g10602
ECA259	g14207
ECA259	g15139
ECA259	g17266
ECA259	g9130
ECA259	g14210
ECA259	g12649
ECA259	g15074
ECA259	g14658
ECA259	g15090
ECA259	g14692
ECA259	g4061
ECA259	g1421
ECA259	g9276
ECA259	g17726
ECA259	g18030
ECA259	g15140
ECA259	g3974
ECA259	g9132
ECA259	g7839
ECA259	g1456
ECA259	g14202
ECA259	g12716
ECA259	g14685
ECA259	g4585
ECA259	g17597
ECA259	g21752
ECA259	g14131
ECA259	g12702
ECA259	g1204
ECA259	g1455
ECA259	g523
ECA259	g12050
ECA259	g14668
ECA259	g3373
ECA259	g15185
ECA259	g14104
ECA259	g3863
ECA259	g15469
ECA259	g14689
ECA259	g18032
ECA259	g12715
ECA259	g14812
ECA259	g4473
ECA259	g502
ECA259	g14192
ECA259	g2514
ECA259	g21442
ECA259	g1364
ECA259	g5347
ECA259	g3345
ECA259	g2511
ECA259	g1351
ECA259	g3817
ECA259	g3279
ECA259	g14671
ECA259	g2046
ECA259	g14661
ECA259	g14285
ECA259	g12707
ECA259	g5074
ECA259	g1182
ECA259	g15178
ECA259	g16385
ECA259	g1625
ECA259	g15166
ECA259	g14660
ECA259	g21366
ECA259	g9248
ECA259	g1401
ECA259	g3062
ECA259	g19270
ECA259	g9217
ECA259	g14208
ECA259	g14612
ECA259	g14201
ECA259	g18036
ECA259	g15011
ECA259	g522
ECA259	g281
ECA259	g3972
ECA259	g5659
ECA259	g1304
ECA259	g15162
ECA259	g2636
ECA259	g15134
ECA259	g3286
ECA259	g15070
ECA259	g1457
ECA259	g15780
ECA259	g1419
ECA259	g3786
ECA259	g2635
ECA259	g9135
ECA259	g14687
ECA259	g5389
ECA259	g15165
ECA259	g15141
ECA259	g3058
ECA259	g15116
ECA259	g3968
ECA259	g16976
ECA259	g14856
ECA259	g2517
ECA259	g12708
ECA259	g16327
ECA259	g8946
ECA259	g22360
ECA259	g10751
ECA259	g12745
ECA259	g12484
ECA259	g19001
ECA259	g3941
ECA259	g22367
ECA259	g452
ECA259	g1371
ECA259	g9464
ECA259	g1267
ECA259	g15137
ECA259	g3725
ECA259	g21364
ECA259	g4970
ECA259	g14069
ECA259	g14204
ECA259	g15163
ECA259	g483
ECA259	g21848
ECA259	g4954
ECA259	g12666
ECA259	g14205
ECA259	g14662
ECA259	g3969
ECA259	g16112
ECA259	g14698
ECA259	g2020
ECA259	g15145
ECA259	g5122
ECA259	g14686
ECA259	g1588
ECA259	g1454
ECA259	g3057
ECA259	g21303
ECA259	g4957
ECA259	g5073
ECA259	g4586
ECA259	g15148
ECA259	g17730
ECA259	g2195
ECA259	g22361
ECA259	g15951
ECA259	g3942
ECA259	g3369
ECA259	g18838
ECA259	g2196
ECA259	g3971
ECA259	g12717
ECA259	g15136
ECA259	g15117
ECA259	g15471
ECA259	g3787
ECA259	g10604
ECA259	g15084
ECA259	g9131
ECA259	g15138
ECA259	g2513
ECA259	g1460
ECA259	g12226
ECA259	g3970
ECA259	g10129
ECA259	g6262
ECA259	g14886
ECA259	g9129
ECA259	g1406
ECA259	g14857
ECA259	g14684
ECA259	g15533
ECA259	g9084
ECA259	g6134
ECA259	g1459
ECA259	g18337
ECA259	g8385
ECA259	g15146
ECA259	g1524
ECA259	g14693
ECA259	g22015
ECA259	g9334
ECA259	g14664
ECA259	g486
ECA259	g10603
ECA259	g17335
ECA259	g14735
ECA259	g14688
ECA259	g3370
ECA259	g1523
ECA259	g16649
ECA259	g16482
ECA259	g513
ECA259	g17731
ECA259	g14284
ECA259	g17462
ECA259	g11124
ECA259	g14854
ECA259	g14282
ECA259	g3864
ECA259	g14855
ECA259	g9128
ECA259	g14116
ECA259	g1111
ECA259	g1586
ECA259	g6261
ECA259	g1253
ECA259	g4944
ECA259	g1370
ECA259	g288
ECA259	g1458
ECA259	g4907
ECA259	g14859
ECA259	g17697
ECA259	g15085
ECA259	g15760
ECA259	g20559
ECA259	g1468
ECA259	g2512
ECA259	g12667
ECA259	g883
ECA259	g12759
ECA259	g286
ECA259	g3368
ECA259	g14656
ECA259	g18031
ECA347	g18762
ECA347	g1007
ECA347	g18442
ECA347	g14049
ECA347	g10112
ECA347	g3243
ECA347	g571
ECA347	g2478
ECA347	g1000
ECA347	g1004
ECA347	g4331
ECA347	g14399
ECA347	g1008
ECA347	g14046
ECA347	g20114
ECA347	g4175
ECA347	g10698
ECA347	g61
ECA347	g549
ECA347	g168
ECA347	g4560
ECA347	g1005
ECA347	g14300
ECA347	g375
ECA347	g8830
ECA347	g20115
ECA347	g4304
ECA347	g95
ECA347	g2386
ECA347	g4367
ECA347	g109
ECA347	g17917
ECA347	g371
ECA347	g5227
ECA347	g929
ECA347	g2384
ECA347	g73
ECA347	g17893
ECA347	g14052
ECA347	g97
ECA347	g15279
ECA347	g18849
ECA347	g1933
ECA347	g15642
ECA347	g4296
ECA347	g1961
ECA347	g4664
ECA347	g18491
ECA347	g105
ECA347	g19276
ECA347	g1774
ECA347	g21313
ECA347	g98
ECA347	g4647
ECA347	g4341
ECA347	g3562
ECA347	g9211
ECA347	g4233
ECA347	g7809
ECA347	g6806
ECA347	g544
ECA347	g3240
ECA347	g4667
ECA347	g18327
ECA347	g5221
ECA347	g6437
ECA347	g14237
ECA347	g4193
ECA347	g4432
ECA347	g4234
ECA347	g1444
ECA347	g4489
ECA347	g94
ECA347	g5410
ECA347	g4775
ECA347	g1962
ECA347	g1137
ECA347	g559
ECA347	g18761
ECA347	g107
ECA347	g104
ECA347	g21295
ECA347	g21702
ECA347	g19520
ECA347	g6202
ECA347	g133
ECA347	g2697
ECA347	g545
ECA347	g11449
ECA347	g6014
ECA347	g6423
ECA347	g6435
ECA347	g540
ECA347	g20790
ECA347	g6813
ECA347	g1690
ECA347	g2471
ECA347	g7284
ECA347	g4330
ECA347	g1412
ECA347	g5261
ECA347	g1773
ECA347	g1078
ECA347	g2696
ECA347	g1806
ECA347	g19893
ECA347	g547
ECA347	g4431
ECA347	g14577
ECA347	g158
ECA347	g6196
ECA347	g4298
ECA347	g546
ECA347	g5212
ECA347	g223
ECA347	g19999
ECA347	g5222
ECA347	g5213
ECA347	g78
ECA347	g4777
ECA347	g17743
ECA347	g1093
ECA347	g14585
ECA347	g18719
ECA347	g11450
ECA347	g6197
ECA347	g5211
ECA347	g569
ECA347	g344
ECA347	g1105
ECA347	g568
ECA347	g15639
ECA347	g14050
ECA347	g13075
ECA347	g419
ECA347	g7788
ECA347	g1269
ECA347	g1003
ECA347	g6214
ECA347	g9214
ECA347	g20028
ECA347	g52
ECA347	g4303
ECA347	g4847
ECA347	g2760
ECA347	g2382
ECA347	g4374
ECA347	g3711
ECA347	g20113
ECA347	g926
ECA347	g21896
ECA347	g4139
ECA347	g2024
ECA347	g4294
ECA347	g2693
ECA347	g9213
ECA347	g1805
ECA347	g1162
ECA347	g9219
ECA347	g14089
ECA347	g130
ECA347	g7432
ECA347	g20110
ECA347	g19030
ECA347	g6247
ECA347	g74
ECA347	g15300
ECA347	g374
ECA347	g1882
ECA347	g15641
ECA347	g3242
ECA347	g181
ECA347	g2412
ECA347	g6808
ECA347	g927
ECA347	g5119
ECA347	g4300
ECA347	g617
ECA347	g1779
ECA347	g15981
ECA347	g3239
ECA347	g566
ECA347	g19637
ECA347	g14520
ECA347	g20295
ECA347	g18441
ECA347	g5182
ECA347	g19013
ECA347	g4332
ECA347	g16806
ECA347	g3119
ECA347	g4366
ECA347	g4472
ECA347	g14051
ECA347	g13796
ECA347	g6426
ECA347	g13071
ECA347	g102
ECA347	g21770
ECA347	g9205
ECA347	g6174
ECA347	g1161
ECA347	g9873
ECA347	g1006
ECA347	g2387
ECA347	g4559
ECA347	g16342
ECA347	g3120
ECA347	g14134
ECA347	g542
ECA347	g22026
ECA347	g18328
ECA347	g2383
ECA347	g121
ECA347	g3245
ECA347	g4295
ECA347	g543
ECA347	g1002
ECA347	g6190
ECA347	g18331
ECA347	g3739
ECA347	g6249
ECA347	g18344
ECA347	g6436
ECA347	g6422
ECA347	g8736
ECA347	g123
ECA347	g548
ECA347	g11870
ECA347	g157
ECA347	g14676
ECA347	g562
ECA347	g4297
ECA347	g129
ECA347	g2388
ECA347	g2389
ECA347	g3561
ECA347	g1776
ECA347	g377
ECA347	g1777
ECA347	g495
ECA347	g103
ECA347	g5279
ECA347	g534
ECA347	g15055
ECA347	g9328
ECA347	g20163
ECA347	g6210
ECA347	g4291
ECA347	g4299
ECA347	g20117
ECA347	g570
ECA347	g4717
ECA347	g370
ECA347	g9329
ECA347	g13079
ECA347	g539
ECA347	g6204
ECA347	g3244
ECA347	g20116
ECA347	g8874
ECA347	g1778
ECA347	g13925
ECA347	g1019
ECA347	g1885
ECA347	g1510
ECA347	g14849
ECA347	g4386
ECA347	g2385
ECA347	g6213
ECA347	g76
ECA347	g1775
ECA347	g14973
ECA347	g5260
ECA347	g561
ECA347	g376
ECA347	g1884
ECA347	g18320
ECA347	g4301
ECA347	g106
ECA347	g572
ECA347	g18284
ECA347	g96
ECA347	g14016
ECA347	g2025
ECA347	g4177
ECA347	g13077
ECA347	g17040
ECA347	g9207
ECA347	g6175
ECA347	g1010
ECA347	g19972
ECA347	g5167
ECA347	g4778
ECA347	g154
ECA347	g13076
ECA347	g9206
ECA347	g7285
ECA347	g373
ECA347	g3241
ECA347	g132
ECA723	g457
ECA723	g12677
ECA723	g3209
ECA723	g1496
ECA723	g1454
ECA723	g5547
ECA723	g13897
ECA723	g13373
ECA723	g14019
ECA723	g3950
ECA723	g17058
ECA723	g5205
ECA723	g16981
ECA723	g5550
ECA723	g17158
ECA723	g10689
ECA723	g2210
ECA723	g16602
ECA723	g16117
ECA723	g17211
ECA723	g2355
ECA723	g1482
ECA723	g1453
ECA723	g16432
ECA723	g4440
ECA723	g2258
ECA723	g13377
ECA723	g16428
ECA723	g16113
ECA723	g1493
ECA723	g1264
ECA723	g13745
ECA723	g1388
ECA723	g5506
ECA723	g13812
ECA723	g5543
ECA723	g561
ECA723	g13376
ECA723	g17354
ECA723	g14600
ECA723	g13811
ECA723	g12764
ECA723	g14015
ECA723	g16472
ECA723	g17063
ECA723	g5755
ECA723	g1086
ECA723	g16613
ECA723	g3948
ECA723	g1083
ECA723	g12407
ECA723	g1483
ECA723	g21315
ECA723	g9326
ECA723	g13168
ECA723	g15423
ECA723	g16427
ECA723	g3952
ECA723	g911
ECA723	g8840
ECA723	g17054
ECA723	g12240
ECA723	g16601
ECA723	g511
ECA723	g20948
ECA723	g5363
ECA723	g1487
ECA723	g1596
ECA723	g3259
ECA723	g13987
ECA723	g17062
ECA723	g14348
ECA723	g18429
ECA723	g13374
ECA723	g16137
ECA723	g9324
ECA723	g22260
ECA723	g16433
ECA723	g16611
ECA723	g6029
ECA723	g12676
ECA723	g5942
ECA723	g3663
ECA723	g452
ECA723	g3953
ECA723	g16622
ECA723	g16145
ECA723	g16142
ECA723	g13185
ECA723	g21014
ECA723	g13372
ECA723	g6089
ECA723	g15667
ECA723	g16134
ECA723	g14017
ECA723	g15422
ECA723	g3207
ECA723	g1490
ECA723	g16594
ECA723	g16166
ECA723	g16588
ECA723	g14103
ECA723	g4727
ECA723	g1554
ECA723	g17070
ECA723	g8352
ECA723	g14379
ECA723	g1879
ECA723	g14020
ECA723	g5944
ECA723	g17212
ECA723	g9872
ECA723	g11657
ECA723	g13986
ECA723	g17059
ECA723	g4719
ECA723	g16269
ECA723	g3234
ECA723	g9216
ECA723	g16550
ECA723	g17146
ECA723	g1455
ECA723	g1204
ECA723	g3270
ECA723	g17061
ECA723	g5943
ECA723	g1488
ECA723	g5022
ECA723	g4503
ECA723	g12634
ECA723	g16136
ECA723	g20821
ECA723	g21482
ECA723	g16133
ECA723	g15425
ECA723	g18434
ECA723	g1485
ECA723	g7846
ECA723	g14515
ECA723	g9209
ECA723	g16167
ECA723	g5084
ECA723	g1492
ECA723	g1370
ECA723	g1884
ECA723	g13379
ECA723	g20302
ECA723	g5466
ECA723	g16978
ECA723	g978
ECA723	g18433
ECA723	g1444
ECA723	g22780
ECA723	g4504
ECA723	g4508
ECA723	g16114
ECA723	g6170
ECA723	g444
ECA723	g16600
ECA723	g1658
ECA723	g11808
ECA723	g16665
ECA723	g18438
ECA723	g1883
ECA723	g8206
ECA723	g5947
ECA723	g12941
ECA723	g1382
ECA723	g15666
ECA723	g16147
ECA723	g16089
ECA723	g16430
ECA723	g17334
ECA723	g16431
ECA723	g16979
ECA723	g3951
ECA723	g13348
ECA723	g8838
ECA723	g16618
ECA723	g16115
ECA723	g14014
ECA723	g15095
ECA723	g458
ECA723	g5941
ECA723	g1103
ECA723	g976
ECA723	g13378
ECA723	g15830
ECA723	g12924
ECA723	g16597
ECA723	g6446
ECA723	g1280
ECA723	g1555
ECA723	g16135
ECA723	g4076
ECA723	g16101
ECA723	g1389
ECA723	g1203
ECA723	g16140
ECA723	g3279
ECA723	g17060
ECA723	g7286
ECA723	g4075
ECA723	g16190
ECA723	g5302
ECA723	g19776
ECA723	g12241
ECA723	g1491
ECA723	g21481
ECA723	g16620
ECA723	g20478
ECA723	g16206
ECA723	g19973
ECA723	g1037
ECA723	g3238
ECA723	g12244
ECA723	g22830
ECA723	g445
ECA723	g12257
ECA723	g17057
ECA723	g18431
ECA723	g14018
ECA723	g13918
ECA723	g7825
ECA723	g21898
ECA723	g4936
ECA723	g1489
ECA723	g16434
ECA723	g1321
ECA723	g14016
ECA723	g1872
ECA723	g3954
ECA723	g16207
ECA723	g1322
ECA723	g8831
ECA723	g1614
ECA723	g16614
ECA723	g16141
ECA723	g12356
ECA723	g16211
ECA723	g15684
ECA723	g16143
ECA723	g11832
ECA723	g20450
ECA723	g16400
ECA723	g16196
ECA723	g3233
ECA723	g16623
ECA723	g17587
ECA723	g5893
ECA723	g16119
ECA723	g16197
ECA723	g439
ECA723	g17668
ECA723	g3435
ECA723	g16596
ECA723	g17131
ECA723	g16599
ECA723	g16593
ECA723	g5544
ECA723	g3949
ECA723	g6569
ECA723	g22390
ECA723	g16144
ECA723	g13894
ECA723	g16598
ECA723	g14282
ECA723	g336
ECA723	g16170
ECA723	g4755
ECA723	g8351
ECA723	g1613
ECA723	g9325
ECA723	g1878
ECA723	g17074
ECA723	g5940
ECA723	g13895
ECA723	g17187
ECA723	g20303
ECA723	g12232
ECA723	g13841
ECA723	g1320
ECA723	g3278
ECA723	g9217
ECA723	g16624
ECA723	g12357
ECA723	g12195
ECA723	g13744
ECA723	g6062
ECA723	g5028
ECA723	g1486
ECA723	g5586
ECA723	g16195
ECA723	g16621
ECA723	g5545
ECA723	g16223
ECA723	g13375
ECA723	g10110
ECA723	g17056
ECA723	g16168
ECA723	g499
ECA1187	g19507
ECA1187	g20566
ECA1187	g13722
ECA1187	g11702
ECA1187	g1678
ECA1187	g10945
ECA1187	g12779
ECA1187	g8591
ECA1187	g8930
ECA1187	g12625
ECA1187	g10144
ECA1187	g16973
ECA1187	g1166
ECA1187	g12875
ECA1187	g1274
ECA1187	g18943
ECA1187	g8686
ECA1187	g1485
ECA1187	g1653
ECA1187	g2740
ECA1187	g12752
ECA1187	g1199
ECA1187	g10852
ECA1187	g12828
ECA1187	g1212
ECA1187	g1481
ECA1187	g14534
ECA1187	g1178
ECA1187	g14078
ECA1187	g8924
ECA1187	g1201
ECA1187	g6536
ECA1187	g19593
ECA1187	g12974
ECA1187	g10399
ECA1187	g2125
ECA1187	g7289
ECA1187	g6177
ECA1187	g12744
ECA1187	g8411
ECA1187	g10427
ECA1187	g1208
ECA1187	g576
ECA1187	g15305
ECA1187	g10239
ECA1187	g3684
ECA1187	g7705
ECA1187	g1202
ECA1187	g820
ECA1187	g12016
ECA1187	g12682
ECA1187	g9145
ECA1187	g10151
ECA1187	g13081
ECA1187	g1651
ECA1187	g11699
ECA1187	g20683
ECA1187	g556
ECA1187	g14540
ECA1187	g12749
ECA1187	g18942
ECA1187	g14646
ECA1187	g8745
ECA1187	g602
ECA1187	g12643
ECA1187	g8925
ECA1187	g12683
ECA1187	g635
ECA1187	g20219
ECA1187	g4382
ECA1187	g1198
ECA1187	g2345
ECA1187	g22287
ECA1187	g10428
ECA1187	g816
ECA1187	g2124
ECA1187	g1666
ECA1187	g19506
ECA1187	g1668
ECA1187	g1677
ECA1187	g1210
ECA1187	g1207
ECA1187	g15659
ECA1187	g15547
ECA1187	g1239
ECA1187	g1655
ECA1187	g2121
ECA1187	g11157
ECA1187	g8926
ECA1187	g818
ECA1187	g2139
ECA1187	g2252
ECA1187	g19971
ECA1187	g10938
ECA1187	g1676
ECA1187	g9671
ECA1187	g12778
ECA1187	g20251
ECA1187	g2340
ECA1187	g14500
ECA1187	g10238
ECA1187	g14956
ECA1187	g11156
ECA1187	g10272
ECA1187	g18250
ECA1187	g1654
ECA1187	g18941
ECA1187	g1264
ECA1187	g2196
ECA1187	g12746
ECA1187	g14549
ECA1187	g1331
ECA1187	g14539
ECA1187	g14548
ECA1187	g809
ECA1187	g13930
ECA1187	g8405
ECA1187	g19464
ECA1187	g7704
ECA1187	g22221
ECA1187	g2334
ECA1187	g14550
ECA1187	g1453
ECA1187	g2224
ECA1187	g632
ECA1187	g1675
ECA1187	g6180
ECA1187	g14578
ECA1187	g4386
ECA1187	g1527
ECA1187	g406
ECA1187	g9166
ECA1187	g15066
ECA1187	g18847
ECA1187	g1158
ECA1187	g12751
ECA1187	g22359
ECA1187	g11219
ECA1187	g10848
ECA1187	g12166
ECA1187	g2046
ECA1187	g12589
ECA1187	g10489
ECA1187	g2129
ECA1187	g2339
ECA1187	g12742
ECA1187	g11153
ECA1187	g2123
ECA1187	g10850
ECA1187	g7182
ECA1187	g10271
ECA1187	g8887
ECA1187	g565
ECA1187	g1236
ECA1187	g9522
ECA1187	g18937
ECA1187	g19768
ECA1187	g18944
ECA1187	g1179
ECA1187	g6516
ECA1187	g1484
ECA1187	g10349
ECA1187	g6178
ECA1187	g808
ECA1187	g819
ECA1187	g11701
ECA1187	g1287
ECA1187	g10879
ECA1187	g10149
ECA1187	g3701
ECA1187	g12748
ECA1187	g1721
ECA1187	g10244
ECA1187	g5843
ECA1187	g11698
ECA1187	g1673
ECA1187	g21928
ECA1187	g8469
ECA1187	g19126
ECA1187	g20567
ECA1187	g19751
ECA1187	g12780
ECA1187	g20401
ECA1187	g18497
ECA1187	g18498
ECA1187	g11577
ECA1187	g12827
ECA1187	g2212
ECA1187	g17889
ECA1187	g12905
ECA1187	g4390
ECA1187	g1205
ECA1187	g1648
ECA1187	g12975
ECA1187	g2346
ECA1187	g2127
ECA1187	g10853
ECA1187	g17376
ECA1187	g11578
ECA1187	g8846
ECA1187	g6923
ECA1187	g20682
ECA1187	g10849
ECA1187	g1224
ECA1187	g4384
ECA1187	g11704
ECA1187	g12743
ECA1187	g2126
ECA1187	g20680
ECA1187	g12921
ECA1187	g12195
ECA1187	g598
ECA1187	g22228
ECA1187	g20668
ECA1187	g1263
ECA1187	g22289
ECA1187	g1656
ECA1187	g17516
ECA1187	g1669
ECA1187	g12745
ECA1187	g1235
ECA1187	g10854
ECA1187	g10855
ECA1187	g12015
ECA1187	g10241
ECA1187	g1487
ECA1187	g10242
ECA1187	g1603
ECA1187	g8927
ECA1187	g1206
ECA1187	g14480
ECA1187	g1227
ECA1187	g14102
ECA1187	g1642
ECA1187	g6757
ECA1187	g18496
ECA1187	g18989
ECA1187	g20518
ECA1187	g12739
ECA1187	g16421
ECA1187	g12747
ECA1187	g13077
ECA1187	g1480
ECA1187	g12834
ECA1187	g18495
ECA1187	g2128
ECA1187	g1647
ECA1187	g11703
ECA1187	g2693
ECA1187	g10243
ECA1187	g18755
ECA1187	g10352
ECA1187	g14351
ECA1187	g13486
ECA1187	g1652
ECA1187	g1183
ECA1187	g20153
ECA1187	g17697
ECA1187	g2047
ECA1187	g12843
ECA1187	g557
ECA1187	g10851
ECA1187	g7056
ECA1187	g1181
ECA1187	g181
ECA1187	g17762
ECA1187	g2049
ECA1187	g10240
ECA1187	g6839
ECA1187	g14501
ECA1187	g1486
ECA1187	g10351
ECA1187	g20690
ECA1187	g13060
ECA1187	g1209
ECA1187	g1679
ECA1187	g20727
ECA1187	g18817
ECA1187	g1200
ECA1187	g8961
ECA1187	g601
ECA1187	g10490
ECA1187	g12627
ECA1187	g14955
ECA1187	g12874
ECA1187	g2130
ECA1187	g1650
ECA1187	g18790
ECA1187	g18940
ECA1187	g14591
ECA1187	g1228
ECA1187	g634
ECA1187	g1260
ECA1187	g4385
ECA1187	g2344
ECA1187	g9670
ECA1187	g1483
ECA1187	g11700
ECA1187	g12789
ECA1187	g1238
ECA1228	g18504
ECA1228	g4064
ECA1228	g4099
ECA1228	g3010
ECA1228	g6280
ECA1228	g10062
ECA1228	g2162
ECA1228	g1531
ECA1228	g3014
ECA1228	g317
ECA1228	g757
ECA1228	g6671
ECA1228	g5938
ECA1228	g4435
ECA1228	g1653
ECA1228	g896
ECA1228	g6283
ECA1228	g4626
ECA1228	g22235
ECA1228	g4067
ECA1228	g22323
ECA1228	g4058
ECA1228	g16836
ECA1228	g4070
ECA1228	g4100
ECA1228	g124
ECA1228	g2526
ECA1228	g22036
ECA1228	g2158
ECA1228	g3999
ECA1228	g1794
ECA1228	g18461
ECA1228	g4145
ECA1228	g16841
ECA1228	g4062
ECA1228	g21028
ECA1228	g6239
ECA1228	g16843
ECA1228	g2159
ECA1228	g7701
ECA1228	g20490
ECA1228	g1729
ECA1228	g18591
ECA1228	g10839
ECA1228	g1536
ECA1228	g755
ECA1228	g22357
ECA1228	g7340
ECA1228	g1795
ECA1228	g10964
ECA1228	g307
ECA1228	g3016
ECA1228	g19931
ECA1228	g119
ECA1228	g3012
ECA1228	g22267
ECA1228	g15161
ECA1228	g290
ECA1228	g14152
ECA1228	g18072
ECA1228	g294
ECA1228	g5017
ECA1228	g1651
ECA1228	g6095
ECA1228	g120
ECA1228	g3958
ECA1228	g4208
ECA1228	g4066
ECA1228	g14528
ECA1228	g1201
ECA1228	g2161
ECA1228	g1728
ECA1228	g22266
ECA1228	g761
ECA1228	g1564
ECA1228	g125
ECA1228	g305
ECA1228	g16751
ECA1228	g18503
ECA1228	g16619
ECA1228	g5070
ECA1228	g10841
ECA1228	g3011
ECA1228	g3998
ECA1228	g758
ECA1228	g5063
ECA1228	g6738
ECA1228	g22247
ECA1228	g6276
ECA1228	g6278
ECA1228	g10960
ECA1228	g1533
ECA1228	g16842
ECA1228	g15690
ECA1228	g287
ECA1228	g22250
ECA1228	g1447
ECA1228	g2247
ECA1228	g14672
ECA1228	g1169
ECA1228	g5764
ECA1228	g1530
ECA1228	g16839
ECA1228	g921
ECA1228	g10296
ECA1228	g17494
ECA1228	g15752
ECA1228	g1565
ECA1228	g4207
ECA1228	g2254
ECA1228	g15153
ECA1228	g15533
ECA1228	g10959
ECA1228	g4098
ECA1228	g16840
ECA1228	g5758
ECA1228	g2464
ECA1228	g6541
ECA1228	g8748
ECA1228	g22339
ECA1228	g314
ECA1228	g7343
ECA1228	g12746
ECA1228	g22278
ECA1228	g15760
ECA1228	g292
ECA1228	g14173
ECA1228	g1032
ECA1228	g4109
ECA1228	g15741
ECA1228	g22227
ECA1228	g22277
ECA1228	g281
ECA1228	g4164
ECA1228	g5031
ECA1228	g769
ECA1228	g2156
ECA1228	g4262
ECA1228	g3329
ECA1228	g2163
ECA1228	g7341
ECA1228	g676
ECA1228	g22265
ECA1228	g15718
ECA1228	g315
ECA1228	g16719
ECA1228	g5119
ECA1228	g2463
ECA1228	g2460
ECA1228	g11187
ECA1228	g3898
ECA1228	g756
ECA1228	g17647
ECA1228	g362
ECA1228	g12742
ECA1228	g163
ECA1228	g22344
ECA1228	g4069
ECA1228	g5078
ECA1228	g762
ECA1228	g868
ECA1228	g18772
ECA1228	g4152
ECA1228	g22280
ECA1228	g122
ECA1228	g7682
ECA1228	g5818
ECA1228	g3013
ECA1228	g2187
ECA1228	g15159
ECA1228	g15688
ECA1228	g22274
ECA1228	g15722
ECA1228	g22248
ECA1228	g312
ECA1228	g1537
ECA1228	g7017
ECA1228	g4060
ECA1228	g22301
ECA1228	g12748
ECA1228	g838
ECA1228	g17017
ECA1228	g4554
ECA1228	g6410
ECA1228	g2157
ECA1228	g18755
ECA1228	g16351
ECA1228	g295
ECA1228	g4144
ECA1228	g4246
ECA1228	g10838
ECA1228	g4333
ECA1228	g22329
ECA1228	g5079
ECA1228	g677
ECA1228	g752
ECA1228	g10966
ECA1228	g679
ECA1228	g15719
ECA1228	g13621
ECA1228	g2890
ECA1228	g22276
ECA1228	g16689
ECA1228	g6199
ECA1228	g6037
ECA1228	g18073
ECA1228	g8749
ECA1228	g3502
ECA1228	g4059
ECA1228	g3476
ECA1228	g4419
ECA1228	g4487
ECA1228	g2889
ECA1228	g18076
ECA1228	g18089
ECA1228	g15928
ECA1228	g1532
ECA1228	g289
ECA1228	g123
ECA1228	g12747
ECA1228	g8348
ECA1228	g15526
ECA1228	g5677
ECA1228	g308
ECA1228	g4063
ECA1228	g1628
ECA1228	g6277
ECA1228	g126
ECA1228	g1534
ECA1228	g22340
ECA1228	g9491
ECA1228	g4964
ECA1228	g22273
ECA1228	g22300
ECA1228	g22275
ECA1228	g5136
ECA1228	g3941
ECA1228	g17670
ECA1228	g22292
ECA1228	g90
ECA1228	g7926
ECA1228	g16890
ECA1228	g8003
ECA1228	g19645
ECA1228	g18238
ECA1228	g19010
ECA1228	g22269
ECA1228	g3330
ECA1228	g3015
ECA1228	g759
ECA1228	g19246
ECA1228	g11318
ECA1228	g19773
ECA1228	g22268
ECA1228	g18187
ECA1228	g293
ECA1228	g4332
ECA1228	g1267
ECA1228	g19951
ECA1228	g22303
ECA1228	g5512
ECA1228	g286
ECA1228	g22252
ECA1228	g14671
ECA1228	g3942
ECA1228	g241
ECA1228	g773
ECA1228	g5064
ECA1228	g5118
ECA1228	g754
ECA1228	g18064
ECA1228	g856
ECA1228	g22402
ECA1228	g1701
ECA1228	g15534
ECA1228	g22132
ECA1228	g318
ECA1228	g4065
ECA1228	g18188
ECA1228	g18027
ECA1228	g4055
ECA1228	g920
ECA1228	g1654
ECA1228	g12750
ECA1228	g5084
ECA1228	g15761
ECA1228	g1535
ECA1228	g22328
ECA1228	g316
ECA1228	g10840
ECA1228	g16142
ECA1228	g20811
ECA1228	g2160
ECA1228	g10965
ECA1228	g760
ECA1228	g6315
ECA1228	g4552
ECA1228	g291
ECA1228	g10953
ECA1228	g22272
ECA1287	g11891
ECA1287	g15580
ECA1287	g2355
ECA1287	g824
ECA1287	g7976
ECA1287	g2455
ECA1287	g20070
ECA1287	g22364
ECA1287	g7402
ECA1287	g21473
ECA1287	g21470
ECA1287	g1213
ECA1287	g477
ECA1287	g827
ECA1287	g21370
ECA1287	g22407
ECA1287	g2386
ECA1287	g5857
ECA1287	g21466
ECA1287	g9385
ECA1287	g22304
ECA1287	g2354
ECA1287	g22080
ECA1287	g3946
ECA1287	g9281
ECA1287	g22320
ECA1287	g20074
ECA1287	g821
ECA1287	g22084
ECA1287	g12733
ECA1287	g22042
ECA1287	g2501
ECA1287	g20436
ECA1287	g2302
ECA1287	g783
ECA1287	g820
ECA1287	g20073
ECA1287	g573
ECA1287	g10939
ECA1287	g20509
ECA1287	g11803
ECA1287	g22365
ECA1287	g21465
ECA1287	g1279
ECA1287	g22366
ECA1287	g12161
ECA1287	g8757
ECA1287	g20706
ECA1287	g4831
ECA1287	g22085
ECA1287	g3459
ECA1287	g1834
ECA1287	g16111
ECA1287	g21915
ECA1287	g3460
ECA1287	g14182
ECA1287	g21911
ECA1287	g22374
ECA1287	g2388
ECA1287	g21035
ECA1287	g2129
ECA1287	g19584
ECA1287	g20510
ECA1287	g22375
ECA1287	g22079
ECA1287	g16593
ECA1287	g21900
ECA1287	g5770
ECA1287	g11892
ECA1287	g15551
ECA1287	g8875
ECA1287	g21898
ECA1287	g9117
ECA1287	g8759
ECA1287	g22082
ECA1287	g2520
ECA1287	g21888
ECA1287	g22300
ECA1287	g4853
ECA1287	g22395
ECA1287	g14141
ECA1287	g22376
ECA1287	g822
ECA1287	g2391
ECA1287	g21918
ECA1287	g21472
ECA1287	g22392
ECA1287	g10958
ECA1287	g22345
ECA1287	g5352
ECA1287	g20792
ECA1287	g4230
ECA1287	g22284
ECA1287	g2389
ECA1287	g20707
ECA1287	g5855
ECA1287	g21313
ECA1287	g2964
ECA1287	g8213
ECA1287	g21890
ECA1287	g12909
ECA1287	g21469
ECA1287	g300
ECA1287	g8881
ECA1287	g2356
ECA1287	g3458
ECA1287	g294
ECA1287	g4009
ECA1287	g13614
ECA1287	g11935
ECA1287	g1085
ECA1287	g6643
ECA1287	g22414
ECA1287	g14505
ECA1287	g22343
ECA1287	g17100
ECA1287	g11152
ECA1287	g21205
ECA1287	g22367
ECA1287	g22344
ECA1287	g2284
ECA1287	g2345
ECA1287	g22081
ECA1287	g2992
ECA1287	g14507
ECA1287	g21546
ECA1287	g21382
ECA1287	g21339
ECA1287	g20075
ECA1287	g19585
ECA1287	g5739
ECA1287	g4010
ECA1287	g8888
ECA1287	g4014
ECA1287	g5641
ECA1287	g12756
ECA1287	g21845
ECA1287	g19580
ECA1287	g21397
ECA1287	g8882
ECA1287	g15761
ECA1287	g20705
ECA1287	g14191
ECA1287	g2396
ECA1287	g21893
ECA1287	g22312
ECA1287	g5852
ECA1287	g11628
ECA1287	g2296
ECA1287	g14142
ECA1287	g22362
ECA1287	g3457
ECA1287	g12328
ECA1287	g16594
ECA1287	g20593
ECA1287	g354
ECA1287	g21897
ECA1287	g20043
ECA1287	g2012
ECA1287	g15545
ECA1287	g2237
ECA1287	g2453
ECA1287	g22394
ECA1287	g20701
ECA1287	g14832
ECA1287	g3461
ECA1287	g2383
ECA1287	g2033
ECA1287	g1898
ECA1287	g948
ECA1287	g2565
ECA1287	g16743
ECA1287	g13978
ECA1287	g11645
ECA1287	g4224
ECA1287	g5383
ECA1287	g20674
ECA1287	g21910
ECA1287	g3582
ECA1287	g2303
ECA1287	g2393
ECA1287	g2196
ECA1287	g15757
ECA1287	g14181
ECA1287	g14123
ECA1287	g21475
ECA1287	g15503
ECA1287	g21468
ECA1287	g15550
ECA1287	g17660
ECA1287	g15504
ECA1287	g3581
ECA1287	g742
ECA1287	g12327
ECA1287	g20539
ECA1287	g2392
ECA1287	g21891
ECA1287	g20702
ECA1287	g21471
ECA1287	g20616
ECA1287	g1959
ECA1287	g21067
ECA1287	g12325
ECA1287	g1900
ECA1287	g12312
ECA1287	g15355
ECA1287	g3455
ECA1287	g21543
ECA1287	g21916
ECA1287	g8758
ECA1287	g14227
ECA1287	g14508
ECA1287	g20675
ECA1287	g205
ECA1287	g2390
ECA1287	g634
ECA1287	g3142
ECA1287	g20704
ECA1287	g6043
ECA1287	g22078
ECA1287	g2238
ECA1287	g14192
ECA1287	g15754
ECA1287	g2239
ECA1287	g16118
ECA1287	g21963
ECA1287	g1462
ECA1287	g2384
ECA1287	g22368
ECA1287	g5856
ECA1287	g20703
ECA1287	g16113
ECA1287	g6644
ECA1287	g22114
ECA1287	g22373
ECA1287	g22369
ECA1287	g21924
ECA1287	g10715
ECA1287	g3456
ECA1287	g5907
ECA1287	g11392
ECA1287	g10637
ECA1287	g4540
ECA1287	g14190
ECA1287	g19587
ECA1287	g22372
ECA1287	g21913
ECA1287	g2454
ECA1287	g19589
ECA1287	g22315
ECA1287	g2016
ECA1287	g9239
ECA1287	g4673
ECA1287	g12212
ECA1287	g20076
ECA1287	g21912
ECA1287	g20590
ECA1287	g22591
ECA1287	g20970
ECA1287	g22341
ECA1287	g24
ECA1287	g21919
ECA1287	g22390
ECA1287	g14240
ECA1287	g2519
ECA1287	g21454
ECA1287	g20069
ECA1287	g5858
ECA1287	g2128
ECA1287	g20071
ECA1287	g20591
ECA1287	g12336
ECA1287	g15749
ECA1287	g15759
ECA1287	g6240
ECA1287	g21467
ECA1287	g21887
ECA1287	g12211
ECA1287	g12374
ECA1287	g15512
ECA1287	g8887
ECA1287	g3141
ECA1287	g20435
ECA1287	g21314
ECA1287	g21545
ECA1287	g2387
ECA1287	g854
ECA1287	g15523
ECA1287	g15760
ECA1287	g15748
ECA1287	g20072
ECA1287	g2181
ECA1287	g5712
ECA1287	g21458
ECA1287	g22244
ECA1287	g15146
ECA1287	g21889
ECA1287	g14176
ECA1287	g21914
ECA1287	g15582
ECA1769	g9854
ECA1769	g15987
ECA1769	g10797
ECA1769	g18994
ECA1769	g20452
ECA1769	g8313
ECA1769	g5689
ECA1769	g18099
ECA1769	g18989
ECA1769	g17978
ECA1769	g2760
ECA1769	g18462
ECA1769	g9900
ECA1769	g19585
ECA1769	g8662
ECA1769	g8310
ECA1769	g19586
ECA1769	g12067
ECA1769	g1688
ECA1769	g5105
ECA1769	g7736
ECA1769	g1646
ECA1769	g20584
ECA1769	g10960
ECA1769	g20776
ECA1769	g11589
ECA1769	g17982
ECA1769	g10157
ECA1769	g3240
ECA1769	g19540
ECA1769	g11978
ECA1769	g18993
ECA1769	g8316
ECA1769	g10153
ECA1769	g17860
ECA1769	g1637
ECA1769	g18151
ECA1769	g15944
ECA1769	g2270
ECA1769	g8355
ECA1769	g8564
ECA1769	g9702
ECA1769	g18179
ECA1769	g19677
ECA1769	g9850
ECA1769	g9880
ECA1769	g10794
ECA1769	g423
ECA1769	g11588
ECA1769	g10345
ECA1769	g2758
ECA1769	g1396
ECA1769	g16489
ECA1769	g9873
ECA1769	g10152
ECA1769	g20523
ECA1769	g2762
ECA1769	g13885
ECA1769	g10328
ECA1769	g17458
ECA1769	g1586
ECA1769	g10332
ECA1769	g1099
ECA1769	g8505
ECA1769	g18009
ECA1769	g4355
ECA1769	g11243
ECA1769	g9869
ECA1769	g18990
ECA1769	g18178
ECA1769	g9870
ECA1769	g10961
ECA1769	g21354
ECA1769	g1678
ECA1769	g10158
ECA1769	g10793
ECA1769	g10343
ECA1769	g20690
ECA1769	g19300
ECA1769	g1685
ECA1769	g18102
ECA1769	g17108
ECA1769	g2763
ECA1769	g10355
ECA1769	g9881
ECA1769	g9878
ECA1769	g1034
ECA1769	g18988
ECA1769	g1523
ECA1769	g8317
ECA1769	g15986
ECA1769	g8315
ECA1769	g10790
ECA1769	g17980
ECA1769	g10354
ECA1769	g1687
ECA1769	g10325
ECA1769	g7731
ECA1769	g11484
ECA1769	g18905
ECA1769	g14370
ECA1769	g11212
ECA1769	g9872
ECA1769	g20453
ECA1769	g17977
ECA1769	g20774
ECA1769	g1592
ECA1769	g5925
ECA1769	g1677
ECA1769	g9942
ECA1769	g1645
ECA1769	g13302
ECA1769	g18010
ECA1769	g10798
ECA1769	g18898
ECA1769	g1824
ECA1769	g10879
ECA1769	g10000
ECA1769	g20367
ECA1769	g1394
ECA1769	g8842
ECA1769	g3309
ECA1769	g20029
ECA1769	g1228
ECA1769	g10280
ECA1769	g4354
ECA1769	g9937
ECA1769	g3679
ECA1769	g417
ECA1769	g20580
ECA1769	g19630
ECA1769	g18483
ECA1769	g11075
ECA1769	g9876
ECA1769	g19578
ECA1769	g10808
ECA1769	g9828
ECA1769	g18098
ECA1769	g11594
ECA1769	g18995
ECA1769	g2444
ECA1769	g422
ECA1769	g10714
ECA1769	g3755
ECA1769	g19572
ECA1769	g7734
ECA1769	g1750
ECA1769	g1798
ECA1769	g17110
ECA1769	g18244
ECA1769	g20658
ECA1769	g3310
ECA1769	g3313
ECA1769	g19617
ECA1769	g11820
ECA1769	g10792
ECA1769	g3510
ECA1769	g17883
ECA1769	g10397
ECA1769	g7726
ECA1769	g10198
ECA1769	g1867
ECA1769	g9871
ECA1769	g3745
ECA1769	g14517
ECA1769	g20771
ECA1769	g16255
ECA1769	g9884
ECA1769	g10155
ECA1769	g9721
ECA1769	g10156
ECA1769	g8780
ECA1769	g1691
ECA1769	g2761
ECA1769	g9955
ECA1769	g18964
ECA1769	g13887
ECA1769	g21076
ECA1769	g1574
ECA1769	g9851
ECA1769	g16075
ECA1769	g17983
ECA1769	g746
ECA1769	g2764
ECA1769	g20602
ECA1769	g19577
ECA1769	g20955
ECA1769	g18246
ECA1769	g21353
ECA1769	g19679
ECA1769	g8178
ECA1769	g3710
ECA1769	g10350
ECA1769	g1593
ECA1769	g9259
ECA1769	g22566
ECA1769	g10333
ECA1769	g2885
ECA1769	g3753
ECA1769	g1397
ECA1769	g17442
ECA1769	g9853
ECA1769	g10937
ECA1769	g10796
ECA1769	g3707
ECA1769	g2884
ECA1769	g8398
ECA1769	g17457
ECA1769	g17338
ECA1769	g10795
ECA1769	g10352
ECA1769	g11595
ECA1769	g18992
ECA1769	g17018
ECA1769	g17979
ECA1769	g10799
ECA1769	g10327
ECA1769	g18076
ECA1769	g1825
ECA1769	g3934
ECA1769	g1680
ECA1769	g18245
ECA1769	g8927
ECA1769	g10346
ECA1769	g10159
ECA1769	g17981
ECA1769	g1485
ECA1769	g9938
ECA1769	g10906
ECA1769	g1521
ECA1769	g13892
ECA1769	g9877
ECA1769	g20775
ECA1769	g1636
ECA1769	g19539
ECA1769	g1684
ECA1769	g3754
ECA1769	g10125
ECA1769	g3706
ECA1769	g10319
ECA1769	g9479
ECA1769	g20824
ECA1769	g9928
ECA1769	g9401
ECA1769	g14921
ECA1769	g17288
ECA1769	g11582
ECA1769	g10330
ECA1769	g3734
ECA1769	g1465
ECA1769	g1682
ECA1769	g2759
ECA1769	g16725
ECA1769	g11942
ECA1769	g15058
ECA1769	g1749
ECA1769	g15714
ECA1769	g3677
ECA1769	g1522
ECA1769	g17339
ECA1769	g10331
ECA1769	g3517
ECA1769	g11307
ECA1769	g15226
ECA1769	g20628
ECA1769	g1647
ECA1769	g9903
ECA1769	g9101
ECA1769	g9924
ECA1769	g10324
ECA1769	g14371
ECA1769	g10715
ECA1769	g17109
ECA1769	g9879
ECA1769	g9927
ECA1769	g10717
ECA1769	g20777
ECA1769	g10894
ECA1769	g18101
ECA1769	g2443
ECA1769	g17466
ECA1769	g3518
ECA1769	g10356
ECA1769	g17500
ECA1769	g1681
ECA1769	g9901
ECA1769	g8280
ECA1769	g19520
ECA1769	g2297
ECA1769	g18991
ECA1769	g10353
ECA1769	g9838
ECA1769	g1367
ECA1769	g10329
ECA1769	g1751
ECA1769	g7732
ECA1769	g1683
ECA1769	g16238
ECA1769	g8835
ECA1769	g17455
ECA2111	g21221
ECA2111	g19248
ECA2111	g10681
ECA2111	g4640
ECA2111	g3385
ECA2111	g15150
ECA2111	g3251
ECA2111	g14246
ECA2111	g11620
ECA2111	g11583
ECA2111	g2626
ECA2111	g3717
ECA2111	g21514
ECA2111	g3382
ECA2111	g11329
ECA2111	g11642
ECA2111	g10179
ECA2111	g3901
ECA2111	g15731
ECA2111	g11674
ECA2111	g660
ECA2111	g2594
ECA2111	g11159
ECA2111	g17782
ECA2111	g3259
ECA2111	g659
ECA2111	g11632
ECA2111	g2597
ECA2111	g11641
ECA2111	g1040
ECA2111	g2837
ECA2111	g13846
ECA2111	g2482
ECA2111	g2587
ECA2111	g661
ECA2111	g221
ECA2111	g8128
ECA2111	g2589
ECA2111	g14252
ECA2111	g3253
ECA2111	g3425
ECA2111	g2730
ECA2111	g10682
ECA2111	g11133
ECA2111	g20117
ECA2111	g2591
ECA2111	g8133
ECA2111	g19159
ECA2111	g2945
ECA2111	g14364
ECA2111	g10684
ECA2111	g4804
ECA2111	g3261
ECA2111	g9347
ECA2111	g249
ECA2111	g18746
ECA2111	g2925
ECA2111	g14366
ECA2111	g66
ECA2111	g11336
ECA2111	g11144
ECA2111	g1521
ECA2111	g314
ECA2111	g21471
ECA2111	g6156
ECA2111	g11557
ECA2111	g5178
ECA2111	g1520
ECA2111	g10276
ECA2111	g19689
ECA2111	g20957
ECA2111	g3566
ECA2111	g3247
ECA2111	g2637
ECA2111	g19697
ECA2111	g21479
ECA2111	g11575
ECA2111	g21470
ECA2111	g2675
ECA2111	g4611
ECA2111	g10245
ECA2111	g5185
ECA2111	g10548
ECA2111	g18512
ECA2111	g5656
ECA2111	g10524
ECA2111	g11162
ECA2111	g10685
ECA2111	g19249
ECA2111	g8725
ECA2111	g11135
ECA2111	g11662
ECA2111	g10688
ECA2111	g11634
ECA2111	g11167
ECA2111	g11633
ECA2111	g11661
ECA2111	g9995
ECA2111	g2625
ECA2111	g65
ECA2111	g3388
ECA2111	g14912
ECA2111	g10680
ECA2111	g3062
ECA2111	g11161
ECA2111	g8400
ECA2111	g12960
ECA2111	g10607
ECA2111	g21480
ECA2111	g313
ECA2111	g4569
ECA2111	g20270
ECA2111	g11143
ECA2111	g2463
ECA2111	g658
ECA2111	g11681
ECA2111	g1523
ECA2111	g10580
ECA2111	g9350
ECA2111	g11164
ECA2111	g17778
ECA2111	g11288
ECA2111	g4590
ECA2111	g10670
ECA2111	g1522
ECA2111	g11640
ECA2111	g11574
ECA2111	g19291
ECA2111	g687
ECA2111	g753
ECA2111	g11146
ECA2111	g8130
ECA2111	g1993
ECA2111	g11136
ECA2111	g10763
ECA2111	g17780
ECA2111	g2865
ECA2111	g11174
ECA2111	g662
ECA2111	g973
ECA2111	g18131
ECA2111	g14017
ECA2111	g10686
ECA2111	g11088
ECA2111	g17774
ECA2111	g4570
ECA2111	g67
ECA2111	g11658
ECA2111	g18980
ECA2111	g2729
ECA2111	g1397
ECA2111	g746
ECA2111	g11570
ECA2111	g9686
ECA2111	g3064
ECA2111	g2627
ECA2111	g250
ECA2111	g1398
ECA2111	g21823
ECA2111	g11639
ECA2111	g3001
ECA2111	g977
ECA2111	g71
ECA2111	g12458
ECA2111	g9018
ECA2111	g11332
ECA2111	g1519
ECA2111	g3838
ECA2111	g11612
ECA2111	g3386
ECA2111	g7935
ECA2111	g18998
ECA2111	g663
ECA2111	g5805
ECA2111	g3624
ECA2111	g18390
ECA2111	g98
ECA2111	g7353
ECA2111	g14247
ECA2111	g3256
ECA2111	g175
ECA2111	g4642
ECA2111	g2674
ECA2111	g2764
ECA2111	g12146
ECA2111	g2838
ECA2111	g14240
ECA2111	g8268
ECA2111	g4610
ECA2111	g6717
ECA2111	g3468
ECA2111	g19688
ECA2111	g21415
ECA2111	g10683
ECA2111	g11137
ECA2111	g70
ECA2111	g2779
ECA2111	g2019
ECA2111	g22694
ECA2111	g8293
ECA2111	g978
ECA2111	g3894
ECA2111	g11134
ECA2111	g21481
ECA2111	g1525
ECA2111	g19686
ECA2111	g10525
ECA2111	g19674
ECA2111	g4419
ECA2111	g10679
ECA2111	g1843
ECA2111	g11636
ECA2111	g7753
ECA2111	g14241
ECA2111	g97
ECA2111	g3989
ECA2111	g21432
ECA2111	g69
ECA2111	g173
ECA2111	g2590
ECA2111	g1842
ECA2111	g68
ECA2111	g19571
ECA2111	g9348
ECA2111	g5658
ECA2111	g8129
ECA2111	g11631
ECA2111	g20092
ECA2111	g7352
ECA2111	g8127
ECA2111	g11657
ECA2111	g11333
ECA2111	g2596
ECA2111	g11160
ECA2111	g9937
ECA2111	g8080
ECA2111	g176
ECA2111	g2644
ECA2111	g19520
ECA2111	g4810
ECA2111	g3130
ECA2111	g11165
ECA2111	g14365
ECA2111	g2426
ECA2111	g11629
ECA2111	g2585
ECA2111	g11168
ECA2111	g13893
ECA2111	g12278
ECA2111	g11139
ECA2111	g4607
ECA2111	g5657
ECA2111	g8659
ECA2111	g11211
ECA2111	g11163
ECA2111	g2528
ECA2111	g8213
ECA2111	g11610
ECA2111	g4174
ECA2111	g2683
ECA2111	g10762
ECA2111	g2696
ECA2111	g8532
ECA2111	g11590
ECA2111	g11643
ECA2111	g11330
ECA2111	g10760
ECA2111	g4578
ECA2111	g11331
ECA2111	g8126
ECA2111	g21433
ECA2111	g10592
ECA2111	g2942
ECA2111	g2593
ECA2111	g5180
ECA2111	g2526
ECA2111	g21465
ECA2111	g4805
ECA2111	g2527
ECA2111	g11613
ECA2111	g11635
ECA2111	g2592
ECA2111	g19570
ECA2111	g19735
ECA2111	g3387
ECA2111	g11335
ECA2111	g2465
ECA2111	g11355
ECA2111	g2586
ECA2111	g11584
ECA2111	g9706
ECA2111	g13744
ECA2111	g22182
ECA2111	g1524
ECA2111	g11512
ECA2111	g21575
ECA2111	g21527
ECA2111	g664
ECA2111	g11132
ECA2111	g17779
ECA2151	g15427
ECA2151	g1004
ECA2151	g5347
ECA2151	g12731
ECA2151	g11108
ECA2151	g2407
ECA2151	g120
ECA2151	g365
ECA2151	g21437
ECA2151	g12387
ECA2151	g95
ECA2151	g5298
ECA2151	g12734
ECA2151	g1517
ECA2151	g4387
ECA2151	g4168
ECA2151	g10528
ECA2151	g4342
ECA2151	g16780
ECA2151	g112
ECA2151	g156
ECA2151	g4384
ECA2151	g119
ECA2151	g369
ECA2151	g2751
ECA2151	g21391
ECA2151	g8783
ECA2151	g12728
ECA2151	g14594
ECA2151	g1933
ECA2151	g15384
ECA2151	g12690
ECA2151	g12482
ECA2151	g21116
ECA2151	g21533
ECA2151	g1001
ECA2151	g5511
ECA2151	g13807
ECA2151	g1960
ECA2151	g4303
ECA2151	g546
ECA2151	g15159
ECA2151	g4577
ECA2151	g4827
ECA2151	g15929
ECA2151	g1778
ECA2151	g21438
ECA2151	g4759
ECA2151	g3226
ECA2151	g2022
ECA2151	g6842
ECA2151	g4301
ECA2151	g5874
ECA2151	g529
ECA2151	g1421
ECA2151	g14993
ECA2151	g533
ECA2151	g13124
ECA2151	g364
ECA2151	g12542
ECA2151	g4298
ECA2151	g3230
ECA2151	g1885
ECA2151	g9762
ECA2151	g5318
ECA2151	g1451
ECA2151	g5882
ECA2151	g2381
ECA2151	g6343
ECA2151	g1167
ECA2151	g1000
ECA2151	g544
ECA2151	g16695
ECA2151	g2379
ECA2151	g4295
ECA2151	g16561
ECA2151	g11893
ECA2151	g556
ECA2151	g13192
ECA2151	g94
ECA2151	g21439
ECA2151	g3694
ECA2151	g12727
ECA2151	g15426
ECA2151	g12729
ECA2151	g997
ECA2151	g367
ECA2151	g555
ECA2151	g4299
ECA2151	g4386
ECA2151	g526
ECA2151	g1693
ECA2151	g5280
ECA2151	g3225
ECA2151	g1777
ECA2151	g16778
ECA2151	g4602
ECA2151	g11343
ECA2151	g2382
ECA2151	g14421
ECA2151	g1005
ECA2151	g74
ECA2151	g5279
ECA2151	g1084
ECA2151	g2021
ECA2151	g4579
ECA2151	g21535
ECA2151	g12209
ECA2151	g482
ECA2151	g100
ECA2151	g13813
ECA2151	g19308
ECA2151	g2689
ECA2151	g21488
ECA2151	g97
ECA2151	g4305
ECA2151	g21431
ECA2151	g1015
ECA2151	g3227
ECA2151	g5287
ECA2151	g4239
ECA2151	g2471
ECA2151	g2376
ECA2151	g13808
ECA2151	g922
ECA2151	g21424
ECA2151	g19306
ECA2151	g4352
ECA2151	g57
ECA2151	g4195
ECA2151	g92
ECA2151	g11891
ECA2151	g16663
ECA2151	g93
ECA2151	g4304
ECA2151	g2684
ECA2151	g999
ECA2151	g14571
ECA2151	g96
ECA2151	g600
ECA2151	g1006
ECA2151	g19312
ECA2151	g404
ECA2151	g4126
ECA2151	g75
ECA2151	g69
ECA2151	g1779
ECA2151	g73
ECA2151	g12997
ECA2151	g16775
ECA2151	g15694
ECA2151	g89
ECA2151	g3228
ECA2151	g21135
ECA2151	g368
ECA2151	g12269
ECA2151	g91
ECA2151	g2688
ECA2151	g1961
ECA2151	g8690
ECA2151	g22595
ECA2151	g9184
ECA2151	g2383
ECA2151	g12216
ECA2151	g15515
ECA2151	g1783
ECA2151	g9178
ECA2151	g13481
ECA2151	g147
ECA2151	g3224
ECA2151	g140
ECA2151	g21430
ECA2151	g16962
ECA2151	g12865
ECA2151	g2377
ECA2151	g551
ECA2151	g16282
ECA2151	g1810
ECA2151	g534
ECA2151	g3102
ECA2151	g1888
ECA2151	g5349
ECA2151	g18587
ECA2151	g4393
ECA2151	g4576
ECA2151	g15010
ECA2151	g4406
ECA2151	g1143
ECA2151	g3544
ECA2151	g1003
ECA2151	g160
ECA2151	g5317
ECA2151	g7400
ECA2151	g3103
ECA2151	g12649
ECA2151	g215
ECA2151	g14994
ECA2151	g3721
ECA2151	g9179
ECA2151	g370
ECA2151	g146
ECA2151	g15110
ECA2151	g1002
ECA2151	g553
ECA2151	g1782
ECA2151	g4354
ECA2151	g4457
ECA2151	g4343
ECA2151	g4696
ECA2151	g70
ECA2151	g1166
ECA2151	g88
ECA2151	g5128
ECA2151	g528
ECA2151	g9341
ECA2151	g4306
ECA2151	g1809
ECA2151	g12122
ECA2151	g1781
ECA2151	g4492
ECA2151	g547
ECA2151	g1886
ECA2151	g3543
ECA2151	g1780
ECA2151	g371
ECA2151	g4309
ECA2151	g1112
ECA2151	g4915
ECA2151	g6345
ECA2151	g4456
ECA2151	g16779
ECA2151	g4302
ECA2151	g17399
ECA2151	g17749
ECA2151	g5876
ECA2151	g340
ECA2151	g21390
ECA2151	g520
ECA2151	g20890
ECA2151	g16828
ECA2151	g1889
ECA2151	g2378
ECA2151	g20813
ECA2151	g21429
ECA2151	g90
ECA2151	g5517
ECA2151	g531
ECA2151	g4507
ECA2151	g9761
ECA2151	g48
ECA2151	g3229
ECA2151	g16166
ECA2151	g8828
ECA2151	g18456
ECA2151	g4829
ECA2151	g5314
ECA2151	g6344
ECA2151	g9185
ECA2151	g15109
ECA2151	g532
ECA2151	g4308
ECA2151	g18290
ECA2151	g16633
ECA2151	g4341
ECA2151	g11949
ECA2151	g525
ECA2151	g923
ECA2151	g17609
ECA2151	g11892
ECA2151	g925
ECA2151	g8952
ECA2151	g4169
ECA2151	g16781
ECA2151	g4693
ECA2151	g1100
ECA2151	g6491
ECA2151	g2465
ECA2151	g14985
ECA2151	g5512
ECA2151	g557
ECA2151	g14951
ECA2151	g21471
ECA2151	g21374
ECA2151	g4240
ECA2151	g4458
ECA2151	g2380
ECA2151	g98
ECA2151	g19304
ECA2151	g554
ECA2151	g12767
ECA2151	g122
ECA2151	g9191
ECA2151	g173
ECA2151	g21572
ECA2151	g530
ECA2151	g19307
ECA2151	g15677
ECA2151	g17731
ECA2151	g14997
ECA2151	g4671
ECA768	g15213
ECA768	g10107
ECA768	g5307
ECA768	g11476
ECA768	g14894
ECA768	g19727
ECA768	g9186
ECA768	g21396
ECA768	g9631
ECA768	g4973
ECA768	g5310
ECA768	g10208
ECA768	g10609
ECA768	g4786
ECA768	g12966
ECA768	g4793
ECA768	g21366
ECA768	g115
ECA768	g10878
ECA768	g11472
ECA768	g21509
ECA768	g21260
ECA768	g11033
ECA768	g21447
ECA768	g17893
ECA768	g9161
ECA768	g5267
ECA768	g17869
ECA768	g5304
ECA768	g16552
ECA768	g11473
ECA768	g9202
ECA768	g2130
ECA768	g15302
ECA768	g21927
ECA768	g20087
ECA768	g10104
ECA768	g11801
ECA768	g6381
ECA768	g11060
ECA768	g14943
ECA768	g15715
ECA768	g14332
ECA768	g10876
ECA768	g18723
ECA768	g594
ECA768	g11124
ECA768	g3478
ECA768	g2503
ECA768	g9626
ECA768	g593
ECA768	g10513
ECA768	g14773
ECA768	g9238
ECA768	g20732
ECA768	g5123
ECA768	g1926
ECA768	g21743
ECA768	g21362
ECA768	g1734
ECA768	g9156
ECA768	g10544
ECA768	g2512
ECA768	g11475
ECA768	g9177
ECA768	g2976
ECA768	g10260
ECA768	g10103
ECA768	g16462
ECA768	g5305
ECA768	g15212
ECA768	g9470
ECA768	g20082
ECA768	g21395
ECA768	g14334
ECA768	g9656
ECA768	g9184
ECA768	g5767
ECA768	g11560
ECA768	g17217
ECA768	g17201
ECA768	g20093
ECA768	g9239
ECA768	g9623
ECA768	g16401
ECA768	g16549
ECA768	g10875
ECA768	g16548
ECA768	g13785
ECA768	g9654
ECA768	g10108
ECA768	g9629
ECA768	g5438
ECA768	g22366
ECA768	g10180
ECA768	g17266
ECA768	g11123
ECA768	g21363
ECA768	g17718
ECA768	g17265
ECA768	g14893
ECA768	g10788
ECA768	g1955
ECA768	g9653
ECA768	g21636
ECA768	g6384
ECA768	g8066
ECA768	g9628
ECA768	g10371
ECA768	g10118
ECA768	g595
ECA768	g9137
ECA768	g15170
ECA768	g11501
ECA768	g1879
ECA768	g11477
ECA768	g11566
ECA768	g9468
ECA768	g5306
ECA768	g11470
ECA768	g592
ECA768	g10023
ECA768	g13549
ECA768	g21416
ECA768	g21550
ECA768	g8069
ECA768	g21397
ECA768	g21365
ECA768	g21359
ECA768	g22394
ECA768	g1084
ECA768	g16430
ECA768	g21355
ECA768	g50
ECA768	g16324
ECA768	g17257
ECA768	g19852
ECA768	g21206
ECA768	g10102
ECA768	g1957
ECA768	g21740
ECA768	g8062
ECA768	g10100
ECA768	g9505
ECA768	g10877
ECA768	g21352
ECA768	g15480
ECA768	g17218
ECA768	g1056
ECA768	g9189
ECA768	g596
ECA768	g18744
ECA768	g21244
ECA768	g17267
ECA768	g9254
ECA768	g21406
ECA768	g9248
ECA768	g11061
ECA768	g21358
ECA768	g2121
ECA768	g16545
ECA768	g21301
ECA768	g9157
ECA768	g17298
ECA768	g53
ECA768	g10881
ECA768	g6059
ECA768	g9651
ECA768	g21566
ECA768	g9655
ECA768	g4851
ECA768	g16728
ECA768	g9265
ECA768	g15463
ECA768	g11471
ECA768	g2128
ECA768	g16069
ECA768	g5062
ECA768	g9182
ECA768	g10908
ECA768	g10099
ECA768	g10987
ECA768	g21861
ECA768	g21446
ECA768	g472
ECA768	g8780
ECA768	g16550
ECA768	g2118
ECA768	g21357
ECA768	g20398
ECA768	g10236
ECA768	g20081
ECA768	g10106
ECA768	g9159
ECA768	g1925
ECA768	g4035
ECA768	g473
ECA768	g5699
ECA768	g21360
ECA768	g5226
ECA768	g9644
ECA768	g14774
ECA768	g21356
ECA768	g9179
ECA768	g10105
ECA768	g10880
ECA768	g4532
ECA768	g9630
ECA768	g9469
ECA768	g54
ECA768	g21801
ECA768	g14777
ECA768	g10259
ECA768	g14790
ECA768	g2129
ECA768	g2117
ECA768	g9176
ECA768	g598
ECA768	g10109
ECA768	g9178
ECA768	g5342
ECA768	g10907
ECA768	g10879
ECA768	g4700
ECA768	g17252
ECA768	g9647
ECA768	g10985
ECA768	g907
ECA768	g14892
ECA768	g9187
ECA768	g6382
ECA768	g2978
ECA768	g9580
ECA768	g9183
ECA768	g9252
ECA768	g9185
ECA768	g2505
ECA768	g12206
ECA768	g19690
ECA768	g9439
ECA768	g16551
ECA768	g21465
ECA768	g9617
ECA768	g18503
ECA768	g9700
ECA768	g9144
ECA768	g16598
ECA768	g10988
ECA768	g15952
ECA768	g21633
ECA768	g9625
ECA768	g14333
ECA768	g21453
ECA768	g21300
ECA768	g9646
ECA768	g8071
ECA768	g8912
ECA768	g2977
ECA768	g9467
ECA768	g9627
ECA768	g9213
ECA768	g10024
ECA768	g5571
ECA768	g9622
ECA768	g10026
ECA768	g21632
ECA768	g9464
ECA768	g20088
ECA768	g10196
ECA768	g3126
ECA768	g12205
ECA768	g21299
ECA768	g14765
ECA768	g9465
ECA768	g1880
ECA768	g9471
ECA768	g9657
ECA768	g21361
ECA768	g14726
ECA768	g1887
ECA768	g908
ECA768	g9233
ECA768	g9211
ECA768	g1898
ECA768	g17258
ECA768	g11474
ECA768	g21659
ECA768	g19584
ECA768	g18423
ECA768	g597
ECA768	g9310
ECA768	g1522
ECA768	g17311
ECA768	g20521
ECA768	g9210
ECA768	g21242
ECA768	g21508
ECA768	g8067
ECA768	g1922
ECA768	g21722
JU258	g12958
JU258	g11291
JU258	g4551
JU258	g21494
JU258	g3613
JU258	g5899
JU258	g3816
JU258	g7250
JU258	g3616
JU258	g4580
JU258	g7065
JU258	g2631
JU258	g10573
JU258	g13606
JU258	g12282
JU258	g10574
JU258	g15797
JU258	g3828
JU258	g15811
JU258	g3837
JU258	g14424
JU258	g311
JU258	g13775
JU258	g22311
JU258	g205
JU258	g21495
JU258	g67
JU258	g15802
JU258	g3573
JU258	g15955
JU258	g17927
JU258	g3610
JU258	g14237
JU258	g3784
JU258	g11019
JU258	g13047
JU258	g18034
JU258	g13770
JU258	g18010
JU258	g11302
JU258	g948
JU258	g14193
JU258	g15798
JU258	g17354
JU258	g21496
JU258	g313
JU258	g3870
JU258	g13776
JU258	g1916
JU258	g11210
JU258	g3752
JU258	g4693
JU258	g1917
JU258	g676
JU258	g9081
JU258	g13607
JU258	g15808
JU258	g7369
JU258	g15687
JU258	g11371
JU258	g15857
JU258	g3770
JU258	g11852
JU258	g15896
JU258	g3765
JU258	g644
JU258	g4700
JU258	g11430
JU258	g18476
JU258	g11455
JU258	g13591
JU258	g11287
JU258	g19345
JU258	g3611
JU258	g12957
JU258	g1918
JU258	g15807
JU258	g13583
JU258	g3769
JU258	g8190
JU258	g15733
JU258	g15810
JU258	g20433
JU258	g3830
JU258	g13614
JU258	g21876
JU258	g13611
JU258	g3829
JU258	g3857
JU258	g14240
JU258	g314
JU258	g14241
JU258	g5655
JU258	g16175
JU258	g15805
JU258	g11292
JU258	g13608
JU258	g15229
JU258	g13771
JU258	g20596
JU258	g4624
JU258	g4020
JU258	g17775
JU258	g10575
JU258	g3838
JU258	g12184
JU258	g1914
JU258	g21092
JU258	g401
JU258	g3648
JU258	g951
JU258	g12277
JU258	g18018
JU258	g4094
JU258	g7771
JU258	g15852
JU258	g1915
JU258	g3836
JU258	g13587
JU258	g12915
JU258	g10547
JU258	g1912
JU258	g16172
JU258	g158
JU258	g18695
JU258	g3612
JU258	g1457
JU258	g13772
JU258	g11209
JU258	g8963
JU258	g15863
JU258	g12280
JU258	g15843
JU258	g15800
JU258	g16088
JU258	g16086
JU258	g13584
JU258	g13582
JU258	g843
JU258	g14492
JU258	g20974
JU258	g21620
JU258	g15635
JU258	g11286
JU258	g13536
JU258	g11293
JU258	g12273
JU258	g13585
JU258	g13731
JU258	g202
JU258	g3858
JU258	g18026
JU258	g312
JU258	g13231
JU258	g15954
JU258	g2039
JU258	g18701
JU258	g15803
JU258	g11040
JU258	g11566
JU258	g127
JU258	g2038
JU258	g4583
JU258	g19374
JU258	g14244
JU258	g3835
JU258	g15804
JU258	g14488
JU258	g308
JU258	g9549
JU258	g11288
JU258	g18011
JU258	g7129
JU258	g19341
JU258	g16154
JU258	g3806
JU258	g10184
JU258	g11284
JU258	g15842
JU258	g13214
JU258	g10571
JU258	g4579
JU258	g20840
JU258	g16277
JU258	g280
JU258	g15895
JU258	g15987
JU258	g8782
JU258	g14239
JU258	g13798
JU258	g836
JU258	g18031
JU258	g66
JU258	g21406
JU258	g16060
JU258	g9066
JU258	g11290
JU258	g22006
JU258	g11212
JU258	g3532
JU258	g9080
JU258	g20631
JU258	g11289
JU258	g309
JU258	g7431
JU258	g16004
JU258	g1430
JU258	g8913
JU258	g14487
JU258	g7072
JU258	g4163
JU258	g15799
JU258	g4623
JU258	g9078
JU258	g8964
JU258	g11454
JU258	g3832
JU258	g22336
JU258	g837
JU258	g281
JU258	g6980
JU258	g310
JU258	g1604
JU258	g21091
JU258	g11398
JU258	g949
JU258	g128
JU258	g18474
JU258	g13659
JU258	g16556
JU258	g13592
JU258	g3807
JU258	g3827
JU258	g17951
JU258	g4695
JU258	g20116
JU258	g16059
JU258	g14238
JU258	g3853
JU258	g4604
JU258	g13621
JU258	g17677
JU258	g16613
JU258	g15099
JU258	g13612
JU258	g13609
JU258	g15734
JU258	g3778
JU258	g13773
JU258	g13615
JU258	g20338
JU258	g22092
JU258	g16966
JU258	g18475
JU258	g8258
JU258	g13610
JU258	g4096
JU258	g10572
JU258	g3804
JU258	g16635
JU258	g15904
JU258	g13769
JU258	g3825
JU258	g15918
JU258	g15841
JU258	g8386
JU258	g7751
JU258	g3839
JU258	g579
JU258	g203
JU258	g18019
JU258	g18327
JU258	g9089
JU258	g15806
JU258	g18033
JU258	g15794
JU258	g842
JU258	g3831
JU258	g13581
JU258	g10570
JU258	g15670
JU258	g9127
JU258	g3854
JU258	g848
JU258	g1603
JU258	g15671
JU258	g13594
JU258	g4615
JU258	g3779
JU258	g17057
JU258	g1913
JU258	g20630
JU258	g3707
JU258	g11711
JU258	g20961
JU258	g11386
JU258	g15735
JU258	g12278
JU258	g15801
JU258	g4549
QG4021	g7261
QG4021	g11280
QG4021	g16274
QG4021	g13843
QG4021	g22107
QG4021	g4988
QG4021	g3845
QG4021	g22049
QG4021	g11173
QG4021	g16335
QG4021	g13972
QG4021	g9186
QG4021	g4405
QG4021	g14003
QG4021	g10049
QG4021	g3878
QG4021	g11711
QG4021	g13986
QG4021	g14434
QG4021	g10048
QG4021	g16087
QG4021	g16098
QG4021	g3875
QG4021	g13971
QG4021	g10419
QG4021	g3634
QG4021	g19253
QG4021	g21865
QG4021	g1794
QG4021	g9558
QG4021	g3990
QG4021	g3885
QG4021	g9697
QG4021	g19357
QG4021	g3883
QG4021	g18042
QG4021	g12578
QG4021	g12619
QG4021	g3742
QG4021	g18145
QG4021	g17574
QG4021	g12582
QG4021	g3881
QG4021	g7350
QG4021	g3527
QG4021	g17455
QG4021	g11201
QG4021	g11691
QG4021	g10817
QG4021	g11871
QG4021	g11269
QG4021	g18627
QG4021	g17581
QG4021	g21489
QG4021	g10544
QG4021	g7771
QG4021	g3547
QG4021	g17453
QG4021	g9452
QG4021	g11877
QG4021	g12054
QG4021	g11363
QG4021	g150
QG4021	g1122
QG4021	g12055
QG4021	g9090
QG4021	g6829
QG4021	g4300
QG4021	g3834
QG4021	g3886
QG4021	g21874
QG4021	g16490
QG4021	g3796
QG4021	g16303
QG4021	g1827
QG4021	g9120
QG4021	g1115
QG4021	g11142
QG4021	g649
QG4021	g11118
QG4021	g11695
QG4021	g11284
QG4021	g1778
QG4021	g11687
QG4021	g14236
QG4021	g6994
QG4021	g20596
QG4021	g11278
QG4021	g13964
QG4021	g11719
QG4021	g13074
QG4021	g13963
QG4021	g13990
QG4021	g3946
QG4021	g9364
QG4021	g3846
QG4021	g6083
QG4021	g12575
QG4021	g9451
QG4021	g20594
QG4021	g5225
QG4021	g16097
QG4021	g13950
QG4021	g13962
QG4021	g11279
QG4021	g11713
QG4021	g12449
QG4021	g11872
QG4021	g1777
QG4021	g1792
QG4021	g12580
QG4021	g16344
QG4021	g18297
QG4021	g11185
QG4021	g4008
QG4021	g10047
QG4021	g14011
QG4021	g12052
QG4021	g15086
QG4021	g18624
QG4021	g2253
QG4021	g6145
QG4021	g16323
QG4021	g12053
QG4021	g8388
QG4021	g13970
QG4021	g14740
QG4021	g7218
QG4021	g10075
QG4021	g13888
QG4021	g11712
QG4021	g9605
QG4021	g10141
QG4021	g8536
QG4021	g11873
QG4021	g11364
QG4021	g6946
QG4021	g2251
QG4021	g3606
QG4021	g11688
QG4021	g11686
QG4021	g14667
QG4021	g8562
QG4021	g10353
QG4021	g1787
QG4021	g11285
QG4021	g11638
QG4021	g2257
QG4021	g11689
QG4021	g11833
QG4021	g9561
QG4021	g13991
QG4021	g16343
QG4021	g9453
QG4021	g7533
QG4021	g3743
QG4021	g12177
QG4021	g10134
QG4021	g13904
QG4021	g19443
QG4021	g11006
QG4021	g3844
QG4021	g1776
QG4021	g9635
QG4021	g12176
QG4021	g20591
QG4021	g13969
QG4021	g7260
QG4021	g3945
QG4021	g1743
QG4021	g10356
QG4021	g9457
QG4021	g18954
QG4021	g12056
QG4021	g11283
QG4021	g21927
QG4021	g6010
QG4021	g13941
QG4021	g6370
QG4021	g1826
QG4021	g11287
QG4021	g7516
QG4021	g10051
QG4021	g499
QG4021	g20401
QG4021	g16088
QG4021	g4241
QG4021	g5755
QG4021	g9484
QG4021	g16272
QG4021	g3797
QG4021	g3709
QG4021	g16948
QG4021	g3633
QG4021	g11898
QG4021	g9698
QG4021	g12838
QG4021	g14665
QG4021	g6846
QG4021	g11281
QG4021	g1845
QG4021	g16304
QG4021	g1448
QG4021	g11361
QG4021	g13919
QG4021	g12661
QG4021	g6830
QG4021	g11762
QG4021	g11282
QG4021	g17576
QG4021	g9456
QG4021	g3693
QG4021	g12547
QG4021	g10357
QG4021	g17575
QG4021	g14606
QG4021	g12050
QG4021	g6833
QG4021	g6945
QG4021	g1786
QG4021	g11119
QG4021	g11876
QG4021	g13966
QG4021	g9483
QG4021	g20708
QG4021	g3882
QG4021	g8387
QG4021	g9454
QG4021	g17582
QG4021	g13987
QG4021	g15085
QG4021	g13903
QG4021	g16086
QG4021	g18626
QG4021	g9634
QG4021	g647
QG4021	g20171
QG4021	g11696
QG4021	g13899
QG4021	g20595
QG4021	g13942
QG4021	g13961
QG4021	g18121
QG4021	g9455
QG4021	g1120
QG4021	g20597
QG4021	g3876
QG4021	g11726
QG4021	g21527
QG4021	g6226
QG4021	g13913
QG4021	g3827
QG4021	g8007
QG4021	g11717
QG4021	g17580
QG4021	g17454
QG4021	g4043
QG4021	g11714
QG4021	g13959
QG4021	g3887
QG4021	g11874
QG4021	g11720
QG4021	g21767
QG4021	g16307
QG4021	g648
QG4021	g14306
QG4021	g11715
QG4021	g10050
QG4021	g16092
QG4021	g13939
QG4021	g20883
QG4021	g3789
QG4021	g11870
QG4021	g12581
QG4021	g3776
QG4021	g131
QG4021	g13973
QG4021	g9560
QG4021	g17811
QG4021	g20598
QG4021	g3530
QG4021	g3879
QG4021	g3947
QG4021	g6821
QG4021	g13965
QG4021	g11685
QG4021	g3880
QG4021	g6783
QG4021	g11716
QG4021	g4006
QG4021	g17569
QG4021	g11698
QG4021	g13914
QG4021	g19463
QG4021	g2249
QG4021	g12051
QG4021	g14543
QG4021	g1730
QG4021	g10052
QG4021	g2252
AB1	g17912
AB1	g13186
AB1	g1057
AB1	g18253
AB1	g10548
AB1	g7230
AB1	g9574
AB1	g4373
AB1	g1556
AB1	g9763
AB1	g7819
AB1	g50
AB1	g2426
AB1	g4341
AB1	g570
AB1	g2425
AB1	g588
AB1	g10381
AB1	g10370
AB1	g399
AB1	g4344
AB1	g2802
AB1	g19616
AB1	g516
AB1	g439
AB1	g1933
AB1	g4230
AB1	g4334
AB1	g2074
AB1	g4336
AB1	g17202
AB1	g9243
AB1	g9285
AB1	g4477
AB1	g581
AB1	g12322
AB1	g9247
AB1	g4338
AB1	g21111
AB1	g402
AB1	g13275
AB1	g19726
AB1	g6443
AB1	g1054
AB1	g401
AB1	g18854
AB1	g111
AB1	g11273
AB1	g4345
AB1	g9756
AB1	g13697
AB1	g19706
AB1	g6445
AB1	g1825
AB1	g21128
AB1	g395
AB1	g81
AB1	g5511
AB1	g14417
AB1	g4533
AB1	g3279
AB1	g1459
AB1	g12753
AB1	g569
AB1	g11476
AB1	g9423
AB1	g4384
AB1	g1126
AB1	g4333
AB1	g4422
AB1	g10577
AB1	g1489
AB1	g4541
AB1	g79
AB1	g80
AB1	g2009
AB1	g1185
AB1	g5010
AB1	g1209
AB1	g139
AB1	g1053
AB1	g14447
AB1	g583
AB1	g592
AB1	g3280
AB1	g16867
AB1	g62
AB1	g14534
AB1	g1050
AB1	g18092
AB1	g562
AB1	g65
AB1	g110
AB1	g1736
AB1	g4372
AB1	g9240
AB1	g1824
AB1	g14532
AB1	g6989
AB1	g14389
AB1	g591
AB1	g10380
AB1	g1058
AB1	g18160
AB1	g565
AB1	g9111
AB1	g564
AB1	g21832
AB1	g18146
AB1	g9245
AB1	g10618
AB1	g12171
AB1	g4210
AB1	g2424
AB1	g43
AB1	g3282
AB1	g18851
AB1	g15236
AB1	g18159
AB1	g133
AB1	g10597
AB1	g1068
AB1	g3281
AB1	g3599
AB1	g19917
AB1	g13143
AB1	g2452
AB1	g1979
AB1	g2518
AB1	g3750
AB1	g977
AB1	g18151
AB1	g12873
AB1	g15234
AB1	g568
AB1	g19644
AB1	g19840
AB1	g3776
AB1	g2734
AB1	g14309
AB1	g22313
AB1	g1052
AB1	g15240
AB1	g1936
AB1	g10617
AB1	g1826
AB1	g18189
AB1	g13458
AB1	g4476
AB1	g400
AB1	g3156
AB1	g2511
AB1	g19264
AB1	g1320
AB1	g93
AB1	g4374
AB1	g10763
AB1	g2010
AB1	g3157
AB1	g14529
AB1	g13185
AB1	g63
AB1	g2738
AB1	g1830
AB1	g19186
AB1	g3278
AB1	g18152
AB1	g9697
AB1	g14721
AB1	g13441
AB1	g2428
AB1	g5159
AB1	g10371
AB1	g14048
AB1	g22078
AB1	g1857
AB1	g8573
AB1	g167
AB1	g1055
AB1	g10546
AB1	g4421
AB1	g22701
AB1	g21422
AB1	g19617
AB1	g374
AB1	g22085
AB1	g88
AB1	g2075
AB1	g150
AB1	g19552
AB1	g19838
AB1	g12770
AB1	g1056
AB1	g10578
AB1	g6075
AB1	g9326
AB1	g12754
AB1	g18109
AB1	g590
AB1	g1829
AB1	g9482
AB1	g19557
AB1	g9210
AB1	g12921
AB1	g90
AB1	g140
AB1	g2739
AB1	g19779
AB1	g3284
AB1	g12757
AB1	g12872
AB1	g1208
AB1	g1059
AB1	g67
AB1	g8991
AB1	g22084
AB1	g1856
AB1	g9854
AB1	g584
AB1	g4337
AB1	g3598
AB1	g1827
AB1	g18161
AB1	g91
AB1	g1154
AB1	g10369
AB1	g18853
AB1	g212
AB1	g5012
AB1	g14533
AB1	g89
AB1	g396
AB1	g12346
AB1	g1828
AB1	g4535
AB1	g8572
AB1	g20777
AB1	g14535
AB1	g4343
AB1	g556
AB1	g19508
AB1	g644
AB1	g14583
AB1	g4391
AB1	g13935
AB1	g83
AB1	g6444
AB1	g4175
AB1	g567
AB1	g82
AB1	g4332
AB1	g398
AB1	g561
AB1	g22434
AB1	g21289
AB1	g10581
AB1	g5011
AB1	g16937
AB1	g566
AB1	g2427
AB1	g4275
AB1	g10375
AB1	g113
AB1	g10034
AB1	g4430
AB1	g9246
AB1	g978
AB1	g4443
AB1	g17066
AB1	g5531
AB1	g980
AB1	g1935
AB1	g10609
AB1	g14536
AB1	g19723
AB1	g4340
AB1	g4273
AB1	g12744
AB1	g4274
AB1	g104
AB1	g22079
AB1	g594
AB1	g4339
AB1	g154
AB1	g12707
AB1	g4212
AB1	g593
AB1	g22073
AB1	g19284
AB1	g15232
AB1	g87
AB1	g3283
AB1	g18110
AB1	g10968
AB1	g18202
AB1	g2429
AB1	g86
AB1	g1142
AB1	g15235
ECA1185	g16992
ECA1185	g13775
ECA1185	g12708
ECA1185	g4417
ECA1185	g10616
ECA1185	g11637
ECA1185	g21144
ECA1185	g13051
ECA1185	g7575
ECA1185	g1671
ECA1185	g12711
ECA1185	g17636
ECA1185	g12742
ECA1185	g4068
ECA1185	g4420
ECA1185	g15905
ECA1185	g478
ECA1185	g12707
ECA1185	g10027
ECA1185	g21656
ECA1185	g12830
ECA1185	g21548
ECA1185	g4165
ECA1185	g17766
ECA1185	g12743
ECA1185	g21337
ECA1185	g21169
ECA1185	g7958
ECA1185	g12581
ECA1185	g12642
ECA1185	g21623
ECA1185	g1763
ECA1185	g12779
ECA1185	g21610
ECA1185	g21341
ECA1185	g1765
ECA1185	g21644
ECA1185	g4414
ECA1185	g12883
ECA1185	g21621
ECA1185	g5867
ECA1185	g17079
ECA1185	g7582
ECA1185	g2217
ECA1185	g8860
ECA1185	g5504
ECA1185	g2190
ECA1185	g13726
ECA1185	g21614
ECA1185	g18152
ECA1185	g2376
ECA1185	g14855
ECA1185	g21620
ECA1185	g11957
ECA1185	g6408
ECA1185	g7415
ECA1185	g21171
ECA1185	g11634
ECA1185	g12943
ECA1185	g13890
ECA1185	g549
ECA1185	g18910
ECA1185	g287
ECA1185	g4228
ECA1185	g12602
ECA1185	g18698
ECA1185	g19729
ECA1185	g20896
ECA1185	g21624
ECA1185	g17635
ECA1185	g2189
ECA1185	g21156
ECA1185	g16991
ECA1185	g6788
ECA1185	g21154
ECA1185	g12705
ECA1185	g21145
ECA1185	g21612
ECA1185	g21615
ECA1185	g18919
ECA1185	g4874
ECA1185	g18395
ECA1185	g21583
ECA1185	g21167
ECA1185	g1453
ECA1185	g9281
ECA1185	g708
ECA1185	g289
ECA1185	g301
ECA1185	g17650
ECA1185	g12712
ECA1185	g7408
ECA1185	g19975
ECA1185	g1678
ECA1185	g21146
ECA1185	g12579
ECA1185	g6939
ECA1185	g12741
ECA1185	g19697
ECA1185	g2377
ECA1185	g17790
ECA1185	g1454
ECA1185	g2344
ECA1185	g12709
ECA1185	g15980
ECA1185	g7574
ECA1185	g21168
ECA1185	g21558
ECA1185	g17704
ECA1185	g21491
ECA1185	g21639
ECA1185	g17732
ECA1185	g13507
ECA1185	g18867
ECA1185	g3880
ECA1185	g16948
ECA1185	g9280
ECA1185	g14247
ECA1185	g21368
ECA1185	g16205
ECA1185	g21147
ECA1185	g5507
ECA1185	g4416
ECA1185	g16206
ECA1185	g20900
ECA1185	g21296
ECA1185	g3888
ECA1185	g6429
ECA1185	g17897
ECA1185	g16117
ECA1185	g529
ECA1185	g21666
ECA1185	g1389
ECA1185	g1767
ECA1185	g7581
ECA1185	g19011
ECA1185	g21338
ECA1185	g12110
ECA1185	g2126
ECA1185	g18866
ECA1185	g17560
ECA1185	g17640
ECA1185	g13227
ECA1185	g17561
ECA1185	g1458
ECA1185	g12542
ECA1185	g12714
ECA1185	g2345
ECA1185	g4376
ECA1185	g12710
ECA1185	g21586
ECA1185	g16200
ECA1185	g17262
ECA1185	g21643
ECA1185	g540
ECA1185	g5847
ECA1185	g13160
ECA1185	g2267
ECA1185	g5505
ECA1185	g11636
ECA1185	g21536
ECA1185	g1737
ECA1185	g7413
ECA1185	g15674
ECA1185	g18962
ECA1185	g12706
ECA1185	g13165
ECA1185	g21100
ECA1185	g2371
ECA1185	g5165
ECA1185	g11633
ECA1185	g21149
ECA1185	g18949
ECA1185	g16735
ECA1185	g3946
ECA1185	g16398
ECA1185	g13776
ECA1185	g17245
ECA1185	g17559
ECA1185	g11511
ECA1185	g12778
ECA1185	g928
ECA1185	g12866
ECA1185	g17720
ECA1185	g4415
ECA1185	g14419
ECA1185	g12944
ECA1185	g18918
ECA1185	g298
ECA1185	g18909
ECA1185	g20904
ECA1185	g21617
ECA1185	g21174
ECA1185	g17632
ECA1185	g10852
ECA1185	g17638
ECA1185	g1762
ECA1185	g19568
ECA1185	g17562
ECA1185	g11512
ECA1185	g4331
ECA1185	g4544
ECA1185	g13889
ECA1185	g1766
ECA1185	g21598
ECA1185	g11639
ECA1185	g12704
ECA1185	g12641
ECA1185	g12703
ECA1185	g13887
ECA1185	g12140
ECA1185	g13874
ECA1185	g288
ECA1185	g302
ECA1185	g8053
ECA1185	g21559
ECA1185	g21166
ECA1185	g3646
ECA1185	g21153
ECA1185	g21587
ECA1185	g1761
ECA1185	g1760
ECA1185	g11956
ECA1185	g2374
ECA1185	g21335
ECA1185	g2373
ECA1185	g21219
ECA1185	g17637
ECA1185	g21616
ECA1185	g16204
ECA1185	g18849
ECA1185	g11635
ECA1185	g21595
ECA1185	g13331
ECA1185	g7568
ECA1185	g503
ECA1185	g480
ECA1185	g21180
ECA1185	g6093
ECA1185	g11391
ECA1185	g16253
ECA1185	g18904
ECA1185	g13101
ECA1185	g21342
ECA1185	g12786
ECA1185	g11390
ECA1185	g17639
ECA1185	g21175
ECA1185	g11638
ECA1185	g7914
ECA1185	g2372
ECA1185	g14290
ECA1185	g4806
ECA1185	g15361
ECA1185	g2264
ECA1185	g507
ECA1185	g21170
ECA1185	g19795
ECA1185	g3468
ECA1185	g12798
ECA1185	g548
ECA1185	g1764
ECA1185	g4680
ECA1185	g21641
ECA1185	g2375
ECA1185	g6175
ECA1185	g16207
ECA1185	g21336
ECA1185	g13355
ECA1185	g14874
ECA1185	g2265
ECA1185	g13897
ECA1185	g13030
ECA1185	g21613
ECA1185	g21143
ECA1185	g13047
ECA1185	g13933
ECA1185	g16088
ECA1185	g21622
ECA1185	g4449
ECA1185	g504
ECA1185	g2125
ECA1185	g12584
ECA1185	g17789
ECA1185	g20898
ECA1185	g12829
ECA1185	g17641
ECA1185	g21172
ECA1185	g16056
ECA1185	g16203
ECA1185	g17634
ECA1185	g21594
ECA1185	g21562
ECA1185	g20899
ECA1185	g12715
ECA1185	g6938
ECA1185	g21339
ECA1185	g12751
ECA1185	g21584
ECA2948	g22269
ECA2948	g16561
ECA2948	g22448
ECA2948	g20145
ECA2948	g8460
ECA2948	g6420
ECA2948	g2046
ECA2948	g2048
ECA2948	g1282
ECA2948	g21341
ECA2948	g22224
ECA2948	g8120
ECA2948	g8463
ECA2948	g21939
ECA2948	g20174
ECA2948	g21243
ECA2948	g14367
ECA2948	g3204
ECA2948	g5836
ECA2948	g21338
ECA2948	g13461
ECA2948	g3158
ECA2948	g17911
ECA2948	g2364
ECA2948	g3516
ECA2948	g13888
ECA2948	g3201
ECA2948	g14278
ECA2948	g8457
ECA2948	g15722
ECA2948	g16518
ECA2948	g4090
ECA2948	g2541
ECA2948	g8419
ECA2948	g1187
ECA2948	g8215
ECA2948	g18612
ECA2948	g22273
ECA2948	g2047
ECA2948	g22244
ECA2948	g9541
ECA2948	g4190
ECA2948	g768
ECA2948	g13887
ECA2948	g3119
ECA2948	g21758
ECA2948	g3394
ECA2948	g3649
ECA2948	g17067
ECA2948	g578
ECA2948	g22251
ECA2948	g21946
ECA2948	g3580
ECA2948	g2044
ECA2948	g10971
ECA2948	g3117
ECA2948	g9999
ECA2948	g21775
ECA2948	g16125
ECA2948	g1188
ECA2948	g21771
ECA2948	g8852
ECA2948	g8274
ECA2948	g3114
ECA2948	g5079
ECA2948	g249
ECA2948	g10006
ECA2948	g22255
ECA2948	g22254
ECA2948	g769
ECA2948	g10470
ECA2948	g21187
ECA2948	g21760
ECA2948	g17825
ECA2948	g3111
ECA2948	g4127
ECA2948	g17692
ECA2948	g21342
ECA2948	g4119
ECA2948	g7203
ECA2948	g21748
ECA2948	g22243
ECA2948	g22246
ECA2948	g1189
ECA2948	g2984
ECA2948	g4118
ECA2948	g8918
ECA2948	g4172
ECA2948	g8456
ECA2948	g16560
ECA2948	g8458
ECA2948	g21271
ECA2948	g21749
ECA2948	g20381
ECA2948	g3115
ECA2948	g3203
ECA2948	g21778
ECA2948	g13456
ECA2948	g20208
ECA2948	g495
ECA2948	g1275
ECA2948	g217
ECA2948	g22252
ECA2948	g577
ECA2948	g17909
ECA2948	g3422
ECA2948	g6655
ECA2948	g7947
ECA2948	g22183
ECA2948	g15549
ECA2948	g610
ECA2948	g4026
ECA2948	g21340
ECA2948	g3396
ECA2948	g21255
ECA2948	g7940
ECA2948	g21821
ECA2948	g5078
ECA2948	g22188
ECA2948	g9546
ECA2948	g21903
ECA2948	g1495
ECA2948	g80
ECA2948	g22248
ECA2948	g3121
ECA2948	g22296
ECA2948	g1558
ECA2948	g3055
ECA2948	g20217
ECA2948	g13893
ECA2948	g688
ECA2948	g9542
ECA2948	g21421
ECA2948	g832
ECA2948	g13459
ECA2948	g3169
ECA2948	g21343
ECA2948	g20197
ECA2948	g3010
ECA2948	g7201
ECA2948	g17793
ECA2948	g583
ECA2948	g3120
ECA2948	g2043
ECA2948	g1491
ECA2948	g14119
ECA2948	g1186
ECA2948	g15699
ECA2948	g21704
ECA2948	g13451
ECA2948	g609
ECA2948	g2942
ECA2948	g22253
ECA2948	g19973
ECA2948	g8724
ECA2948	g17906
ECA2948	g16831
ECA2948	g4171
ECA2948	g22240
ECA2948	g18631
ECA2948	g689
ECA2948	g8001
ECA2948	g2045
ECA2948	g22170
ECA2948	g1214
ECA2948	g20177
ECA2948	g21420
ECA2948	g22272
ECA2948	g1494
ECA2948	g16649
ECA2948	g9216
ECA2948	g21942
ECA2948	g18096
ECA2948	g8594
ECA2948	g20173
ECA2948	g21753
ECA2948	g17417
ECA2948	g21770
ECA2948	g21329
ECA2948	g1921
ECA2948	g20609
ECA2948	g3210
ECA2948	g3393
ECA2948	g16141
ECA2948	g21325
ECA2948	g4128
ECA2948	g22270
ECA2948	g21345
ECA2948	g3223
ECA2948	g21211
ECA2948	g21339
ECA2948	g3269
ECA2948	g11530
ECA2948	g20216
ECA2948	g1922
ECA2948	g8379
ECA2948	g16126
ECA2948	g833
ECA2948	g16240
ECA2948	g21751
ECA2948	g13894
ECA2948	g3171
ECA2948	g3273
ECA2948	g3159
ECA2948	g21188
ECA2948	g21336
ECA2948	g21776
ECA2948	g4657
ECA2948	g3122
ECA2948	g7855
ECA2948	g3309
ECA2948	g21757
ECA2948	g2363
ECA2948	g580
ECA2948	g581
ECA2948	g3125
ECA2948	g22187
ECA2948	g3734
ECA2948	g10472
ECA2948	g3272
ECA2948	g22247
ECA2948	g1190
ECA2948	g17910
ECA2948	g2042
ECA2948	g3118
ECA2948	g7325
ECA2948	g10001
ECA2948	g21943
ECA2948	g21784
ECA2948	g18386
ECA2948	g17958
ECA2948	g4133
ECA2948	g22197
ECA2948	g18306
ECA2948	g19043
ECA2948	g19350
ECA2948	g16290
ECA2948	g13881
ECA2948	g21773
ECA2948	g3325
ECA2948	g22449
ECA2948	g21337
ECA2948	g17302
ECA2948	g14242
ECA2948	g582
ECA2948	g19173
ECA2948	g3651
ECA2948	g10471
ECA2948	g19827
ECA2948	g16239
ECA2948	g21772
ECA2948	g692
ECA2948	g3124
ECA2948	g315
ECA2948	g17763
ECA2948	g3157
ECA2948	g22221
ECA2948	g7682
ECA2948	g22201
ECA2948	g21779
ECA2948	g7202
ECA2948	g21940
ECA2948	g22245
ECA2948	g22198
ECA2948	g579
ECA2948	g1191
ECA2948	g2985
ECA2948	g21941
ECA2948	g17912
ECA2948	g3513
ECA2948	g10620
ECA2948	g691
ECA2948	g16117
ECA2948	g19980
ECA2948	g19981
ECA2948	g740
ECA2948	g21747
ECA2948	g21418
ECA2948	g16082
ECA2948	g21945
ECA2948	g21966
ECA2948	g22223
ECA2948	g3056
ECA2948	g2514
ECA2948	g3274
ECA2948	g21750
ECA2948	g8497
ECA2948	g22285
ECA2948	g22125
ECA2948	g4077
ECA2948	g19978
ECA2948	g4353
ECA2948	g21774
ECA2948	g13457
ECA2948	g16814
ECA2948	g1185
ECA2948	g16129
ECA2948	g20143
ECA2948	g3491
JU2001	g7468
JU2001	g18619
JU2001	g16283
JU2001	g3477
JU2001	g17704
JU2001	g877
JU2001	g18109
JU2001	g17369
JU2001	g18876
JU2001	g17707
JU2001	g3414
JU2001	g15786
JU2001	g11402
JU2001	g1468
JU2001	g17260
JU2001	g14919
JU2001	g11395
JU2001	g16770
JU2001	g14920
JU2001	g18157
JU2001	g16752
JU2001	g3655
JU2001	g3643
JU2001	g17158
JU2001	g18141
JU2001	g14545
JU2001	g16823
JU2001	g17174
JU2001	g16940
JU2001	g15406
JU2001	g17218
JU2001	g18265
JU2001	g15264
JU2001	g9633
JU2001	g18148
JU2001	g17664
JU2001	g17993
JU2001	g16759
JU2001	g17624
JU2001	g22591
JU2001	g17701
JU2001	g9628
JU2001	g18709
JU2001	g85
JU2001	g17219
JU2001	g16286
JU2001	g5441
JU2001	g16935
JU2001	g10376
JU2001	g17220
JU2001	g17779
JU2001	g18147
JU2001	g18156
JU2001	g19131
JU2001	g87
JU2001	g15515
JU2001	g16941
JU2001	g20527
JU2001	g9514
JU2001	g21507
JU2001	g14068
JU2001	g15882
JU2001	g11998
JU2001	g16771
JU2001	g18144
JU2001	g18108
JU2001	g22098
JU2001	g17228
JU2001	g17527
JU2001	g14063
JU2001	g16214
JU2001	g3259
JU2001	g18062
JU2001	g3448
JU2001	g15852
JU2001	g21500
JU2001	g7715
JU2001	g17229
JU2001	g15328
JU2001	g16153
JU2001	g21030
JU2001	g16129
JU2001	g16287
JU2001	g9545
JU2001	g18618
JU2001	g16757
JU2001	g16748
JU2001	g6120
JU2001	g10994
JU2001	g11829
JU2001	g17248
JU2001	g22167
JU2001	g17230
JU2001	g16290
JU2001	g7641
JU2001	g16778
JU2001	g17245
JU2001	g17199
JU2001	g22460
JU2001	g15606
JU2001	g17138
JU2001	g15516
JU2001	g9631
JU2001	g17862
JU2001	g638
JU2001	g9486
JU2001	g16749
JU2001	g3644
JU2001	g16282
JU2001	g16775
JU2001	g21665
JU2001	g16776
JU2001	g16936
JU2001	g7700
JU2001	g17703
JU2001	g3405
JU2001	g22746
JU2001	g14921
JU2001	g17270
JU2001	g7706
JU2001	g21563
JU2001	g10373
JU2001	g7159
JU2001	g7713
JU2001	g17197
JU2001	g18145
JU2001	g17221
JU2001	g3426
JU2001	g16272
JU2001	g17198
JU2001	g18576
JU2001	g14893
JU2001	g15358
JU2001	g14827
JU2001	g18042
JU2001	g16937
JU2001	g16364
JU2001	g7705
JU2001	g11878
JU2001	g18091
JU2001	g7157
JU2001	g16772
JU2001	g2818
JU2001	g17154
JU2001	g14613
JU2001	g9407
JU2001	g2583
JU2001	g18327
JU2001	g16288
JU2001	g16281
JU2001	g7163
JU2001	g18155
JU2001	g15403
JU2001	g3406
JU2001	g14066
JU2001	g15514
JU2001	g7714
JU2001	g17166
JU2001	g18893
JU2001	g17994
JU2001	g14190
JU2001	g17216
JU2001	g14834
JU2001	g14065
JU2001	g10039
JU2001	g16017
JU2001	g15327
JU2001	g18150
JU2001	g14189
JU2001	g17776
JU2001	g18152
JU2001	g17247
JU2001	g14609
JU2001	g15510
JU2001	g10700
JU2001	g14069
JU2001	g7744
JU2001	g11337
JU2001	g17796
JU2001	g9826
JU2001	g22165
JU2001	g14917
JU2001	g3654
JU2001	g18110
JU2001	g9139
JU2001	g15483
JU2001	g8419
JU2001	g3479
JU2001	g18063
JU2001	g17958
JU2001	g6436
JU2001	g16961
JU2001	g2811
JU2001	g15263
JU2001	g17888
JU2001	g11983
JU2001	g16284
JU2001	g16896
JU2001	g3447
JU2001	g19962
JU2001	g11997
JU2001	g7659
JU2001	g16285
JU2001	g16750
JU2001	g15511
JU2001	g17465
JU2001	g16934
JU2001	g17942
JU2001	g14608
JU2001	g22228
JU2001	g11995
JU2001	g11881
JU2001	g16130
JU2001	g18099
JU2001	g2812
JU2001	g15484
JU2001	g11492
JU2001	g18221
JU2001	g16756
JU2001	g13749
JU2001	g15513
JU2001	g11059
JU2001	g16186
JU2001	g3656
JU2001	g21028
JU2001	g7805
JU2001	g12982
JU2001	g17222
JU2001	g9632
JU2001	g18142
JU2001	g18149
JU2001	g22567
JU2001	g15512
JU2001	g21505
JU2001	g8420
JU2001	g2424
JU2001	g17889
JU2001	g9634
JU2001	g17227
JU2001	g17223
JU2001	g16784
JU2001	g5694
JU2001	g16695
JU2001	g9680
JU2001	g19366
JU2001	g17226
JU2001	g86
JU2001	g16773
JU2001	g18220
JU2001	g7155
JU2001	g16938
JU2001	g16779
JU2001	g17169
JU2001	g2463
JU2001	g6306
JU2001	g3444
JU2001	g21029
JU2001	g13598
JU2001	g16774
JU2001	g14918
JU2001	g18219
JU2001	g3649
JU2001	g17195
JU2001	g11674
JU2001	g18055
JU2001	g17702
JU2001	g17243
JU2001	g16363
JU2001	g11185
JU2001	g20507
JU2001	g16361
JU2001	g14067
JU2001	g15404
JU2001	g9635
JU2001	g20881
JU2001	g12006
JU2001	g18146
JU2001	g13202
JU2001	g10375
JU2001	g2817
JU2001	g16746
JU2001	g18290
JU2001	g12043
JU2001	g16747
JU2001	g2823
JU2001	g13748
JU2001	g18282
JU2001	g10018
JU2001	g5611
JU2001	g14064
JU2001	g7660
JU2001	g17097
JU2001	g18160
JU2001	g3044
JU2001	g7756
JU2001	g14916
JU2001	g13572
JU2001	g16198
JU2001	g7158
JU2829	g22122
JU2829	g16802
JU2829	g11996
JU2829	g19376
JU2829	g11180
JU2829	g184
JU2829	g7249
JU2829	g15350
JU2829	g15339
JU2829	g523
JU2829	g16546
JU2829	g19347
JU2829	g11052
JU2829	g12491
JU2829	g709
JU2829	g6660
JU2829	g11018
JU2829	g15308
JU2829	g11506
JU2829	g8541
JU2829	g11524
JU2829	g11337
JU2829	g15311
JU2829	g11053
JU2829	g13758
JU2829	g15551
JU2829	g11453
JU2829	g13375
JU2829	g11377
JU2829	g12872
JU2829	g18460
JU2829	g15198
JU2829	g15301
JU2829	g15303
JU2829	g224
JU2829	g15442
JU2829	g11517
JU2829	g1840
JU2829	g187
JU2829	g15305
JU2829	g11340
JU2829	g16713
JU2829	g15659
JU2829	g11993
JU2829	g19536
JU2829	g11339
JU2829	g9845
JU2829	g16290
JU2829	g15639
JU2829	g8029
JU2829	g12763
JU2829	g11333
JU2829	g14240
JU2829	g20882
JU2829	g18343
JU2829	g19898
JU2829	g14239
JU2829	g12393
JU2829	g17237
JU2829	g11505
JU2829	g2686
JU2829	g370
JU2829	g4487
JU2829	g12065
JU2829	g15300
JU2829	g19154
JU2829	g15388
JU2829	g12423
JU2829	g19906
JU2829	g13378
JU2829	g8151
JU2829	g12949
JU2829	g12123
JU2829	g20377
JU2829	g12147
JU2829	g11992
JU2829	g18374
JU2829	g11519
JU2829	g22363
JU2829	g11528
JU2829	g21360
JU2829	g22364
JU2829	g13462
JU2829	g11989
JU2829	g11060
JU2829	g8150
JU2829	g8138
JU2829	g11498
JU2829	g11061
JU2829	g11031
JU2829	g15241
JU2829	g12669
JU2829	g15338
JU2829	g181
JU2829	g18458
JU2829	g7489
JU2829	g18315
JU2829	g11527
JU2829	g11074
JU2829	g11062
JU2829	g11997
JU2829	g11501
JU2829	g46
JU2829	g11500
JU2829	g6013
JU2829	g8144
JU2829	g702
JU2829	g22349
JU2829	g13014
JU2829	g19304
JU2829	g1992
JU2829	g15180
JU2829	g11011
JU2829	g14242
JU2829	g9848
JU2829	g4482
JU2829	g12007
JU2829	g14241
JU2829	g11054
JU2829	g15850
JU2829	g16845
JU2829	g13403
JU2829	g14244
JU2829	g11136
JU2829	g13468
JU2829	g22465
JU2829	g13373
JU2829	g14712
JU2829	g11915
JU2829	g17120
JU2829	g11504
JU2829	g15579
JU2829	g15772
JU2829	g14740
JU2829	g13691
JU2829	g11037
JU2829	g18233
JU2829	g11991
JU2829	g4478
JU2829	g8030
JU2829	g11030
JU2829	g19544
JU2829	g12764
JU2829	g16529
JU2829	g15441
JU2829	g11338
JU2829	g14116
JU2829	g22316
JU2829	g11120
JU2829	g10185
JU2829	g12259
JU2829	g15340
JU2829	g14117
JU2829	g19344
JU2829	g13380
JU2829	g18455
JU2829	g11055
JU2829	g5525
JU2829	g16803
JU2829	g15242
JU2829	g13695
JU2829	g12768
JU2829	g9514
JU2829	g13376
JU2829	g8149
JU2829	g14238
JU2829	g645
JU2829	g11083
JU2829	g13015
JU2829	g19348
JU2829	g20528
JU2829	g22397
JU2829	g13374
JU2829	g4485
JU2829	g431
JU2829	g17967
JU2829	g22355
JU2829	g12795
JU2829	g15387
JU2829	g15476
JU2829	g5202
JU2829	g15552
JU2829	g12762
JU2829	g11312
JU2829	g22354
JU2829	g12765
JU2829	g15770
JU2829	g17222
JU2829	g11995
JU2829	g1275
JU2829	g11105
JU2829	g266
JU2829	g17236
JU2829	g11994
JU2829	g11526
JU2829	g12767
JU2829	g15492
JU2829	g17071
JU2829	g13696
JU2829	g15712
JU2829	g19305
JU2829	g11111
JU2829	g17234
JU2829	g17121
JU2829	g12146
JU2829	g185
JU2829	g11998
JU2829	g13379
JU2829	g11058
JU2829	g21833
JU2829	g2917
JU2829	g12794
JU2829	g8143
JU2829	g796
JU2829	g22315
JU2829	g12766
JU2829	g11520
JU2829	g15304
JU2829	g14567
JU2829	g18641
JU2829	g11034
JU2829	g11121
JU2829	g12092
JU2829	g9846
JU2829	g20379
JU2829	g22298
JU2829	g11125
JU2829	g18459
JU2829	g11082
JU2829	g13377
JU2829	g11063
JU2829	g11334
JU2829	g1816
JU2829	g8645
JU2829	g19900
JU2829	g17690
JU2829	g18461
JU2829	g15310
JU2829	g19324
JU2829	g11491
JU2829	g10431
JU2829	g11580
JU2829	g18506
JU2829	g12875
JU2829	g15357
JU2829	g16047
JU2829	g22365
JU2829	g15143
JU2829	g11503
JU2829	g11065
JU2829	g15299
JU2829	g11336
JU2829	g11497
JU2829	g8493
JU2829	g5333
JU2829	g20378
JU2829	g21432
JU2829	g11502
JU2829	g11085
JU2829	g975
JU2829	g15395
JU2829	g186
JU2829	g8031
JU2829	g11916
JU2829	g11036
JU2829	g15408
JU2829	g21560
JU2829	g11051
JU2829	g12950
JU2829	g11918
JU2829	g12874
JU2829	g18462
JU2829	g15656
JU2829	g15307
JU2829	g17691
JU2829	g15240
JU2829	g17245
JU2829	g19537
JU2829	g12919
JU2829	g11059
JU2829	g11530
JU2829	g15306
JU2829	g17282
JU2829	g15182
JU2829	g11529
JU2829	g143
JU2829	g14568
JU2829	g19313
JU2829	g11110
JU2829	g10205
JU2829	g10513
JU2829	g22366
JU2829	g14243
JU2829	g18936
JU2829	g22411
JU2829	g19539
JU2829	g12080
JU2829	g4483
JU2829	g19378
JU2841	g9715
JU2841	g6862
JU2841	g13808
JU2841	g12166
JU2841	g12994
JU2841	g9313
JU2841	g4196
JU2841	g17114
JU2841	g8977
JU2841	g7116
JU2841	g12604
JU2841	g12865
JU2841	g14304
JU2841	g8795
JU2841	g3613
JU2841	g12835
JU2841	g15170
JU2841	g17083
JU2841	g13335
JU2841	g12851
JU2841	g22125
JU2841	g15169
JU2841	g13173
JU2841	g17086
JU2841	g12866
JU2841	g15545
JU2841	g17324
JU2841	g14678
JU2841	g16972
JU2841	g17076
JU2841	g15171
JU2841	g14820
JU2841	g17078
JU2841	g11485
JU2841	g9935
JU2841	g9273
JU2841	g17215
JU2841	g6005
JU2841	g9310
JU2841	g17080
JU2841	g6952
JU2841	g17430
JU2841	g4981
JU2841	g13805
JU2841	g13354
JU2841	g13175
JU2841	g11985
JU2841	g11997
JU2841	g10828
JU2841	g12231
JU2841	g19507
JU2841	g8802
JU2841	g7369
JU2841	g17410
JU2841	g14573
JU2841	g13169
JU2841	g12875
JU2841	g16028
JU2841	g8109
JU2841	g349
JU2841	g16027
JU2841	g14207
JU2841	g6432
JU2841	g5156
JU2841	g9128
JU2841	g4979
JU2841	g17125
JU2841	g13875
JU2841	g17016
JU2841	g17075
JU2841	g17160
JU2841	g14237
JU2841	g1352
JU2841	g9951
JU2841	g13933
JU2841	g832
JU2841	g13957
JU2841	g13350
JU2841	g13804
JU2841	g8139
JU2841	g9941
JU2841	g9949
JU2841	g13358
JU2841	g21811
JU2841	g6595
JU2841	g8223
JU2841	g13801
JU2841	g12873
JU2841	g12395
JU2841	g13327
JU2841	g12874
JU2841	g12848
JU2841	g14483
JU2841	g17113
JU2841	g9316
JU2841	g14572
JU2841	g8221
JU2841	g4432
JU2841	g8081
JU2841	g12887
JU2841	g13809
JU2841	g13333
JU2841	g9447
JU2841	g13174
JU2841	g7612
JU2841	g5854
JU2841	g9349
JU2841	g16953
JU2841	g15168
JU2841	g12828
JU2841	g16030
JU2841	g12239
JU2841	g10831
JU2841	g18033
JU2841	g1332
JU2841	g13819
JU2841	g16029
JU2841	g16345
JU2841	g12867
JU2841	g17622
JU2841	g15197
JU2841	g12949
JU2841	g13334
JU2841	g14729
JU2841	g15263
JU2841	g16493
JU2841	g13727
JU2841	g6548
JU2841	g18031
JU2841	g17352
JU2841	g13357
JU2841	g13359
JU2841	g17546
JU2841	g16518
JU2841	g15172
JU2841	g15477
JU2841	g8003
JU2841	g22518
JU2841	g13803
JU2841	g13405
JU2841	g18037
JU2841	g13356
JU2841	g13212
JU2841	g14681
JU2841	g12847
JU2841	g11984
JU2841	g14574
JU2841	g9950
JU2841	g7133
JU2841	g17214
JU2841	g15903
JU2841	g6819
JU2841	g15256
JU2841	g12933
JU2841	g11163
JU2841	g14069
JU2841	g833
JU2841	g17115
JU2841	g14760
JU2841	g15904
JU2841	g8218
JU2841	g12868
JU2841	g12199
JU2841	g6861
JU2841	g17017
JU2841	g15481
JU2841	g14578
JU2841	g10499
JU2841	g16026
JU2841	g10043
JU2841	g8857
JU2841	g12896
JU2841	g8402
JU2841	g15173
JU2841	g9979
JU2841	g9068
JU2841	g7728
JU2841	g14605
JU2841	g2532
JU2841	g12164
JU2841	g17159
JU2841	g17249
JU2841	g20319
JU2841	g17325
JU2841	g13149
JU2841	g22289
JU2841	g9940
JU2841	g14821
JU2841	g20016
JU2841	g17544
JU2841	g6449
JU2841	g13807
JU2841	g12195
JU2841	g1895
JU2841	g12918
JU2841	g9233
JU2841	g6433
JU2841	g9898
JU2841	g13284
JU2841	g13806
JU2841	g14577
JU2841	g17265
JU2841	g15482
JU2841	g17484
JU2841	g16032
JU2841	g12924
JU2841	g6436
JU2841	g6547
JU2841	g13956
JU2841	g13170
JU2841	g9312
JU2841	g13810
JU2841	g12871
JU2841	g2944
JU2841	g22288
JU2841	g14604
JU2841	g8711
JU2841	g17079
JU2841	g16344
JU2841	g14575
JU2841	g12850
JU2841	g12934
JU2841	g11993
JU2841	g13902
JU2841	g10829
JU2841	g14759
JU2841	g358
JU2841	g13349
JU2841	g12938
JU2841	g8222
JU2841	g12895
JU2841	g9880
JU2841	g12876
JU2841	g6029
JU2841	g14576
JU2841	g351
JU2841	g2531
JU2841	g21473
JU2841	g8224
JU2841	g17085
JU2841	g13320
JU2841	g11404
JU2841	g12194
JU2841	g8269
JU2841	g17132
JU2841	g13329
JU2841	g4980
JU2841	g16917
JU2841	g13332
JU2841	g12878
JU2841	g17074
JU2841	g13172
JU2841	g13326
JU2841	g22643
JU2841	g20187
JU2841	g21742
JU2841	g19499
JU2841	g13331
JU2841	g22282
JU2841	g12898
JU2841	g8536
JU2841	g17168
JU2841	g13176
JU2841	g9311
JU2841	g13728
JU2841	g17181
JU2841	g21615
JU2841	g12864
JU2841	g13730
JU2841	g14680
JU2841	g8225
JU2841	g980
JU2841	g17427
JU2841	g17082
JU2841	g17015
JU2841	g6424
JU2841	g11986
JU2841	g11996
JU2841	g22283
JU2841	g12872
JU2841	g13360
JU2841	g17081
JU2841	g6387
JU2841	g12220
JU2841	g13330
JU2841	g16955
JU2841	g22277
JU2841	g13347
JU2841	g12923
JU2841	g11182
JU2841	g18029
JU2841	g16031
JU2841	g9899
JU2841	g9993
JU2841	g11988
JU2841	g15174
JU2841	g13890
JU2841	g18032
JU2841	g12240
JU3282	g15605
JU3282	g1028
JU3282	g18341
JU3282	g5419
JU3282	g210
JU3282	g22488
JU3282	g3814
JU3282	g3825
JU3282	g12647
JU3282	g15857
JU3282	g5357
JU3282	g81
JU3282	g1522
JU3282	g12833
JU3282	g18935
JU3282	g50
JU3282	g2386
JU3282	g3856
JU3282	g539
JU3282	g67
JU3282	g2385
JU3282	g556
JU3282	g5603
JU3282	g5591
JU3282	g368
JU3282	g3853
JU3282	g82
JU3282	g2758
JU3282	g3619
JU3282	g485
JU3282	g19416
JU3282	g409
JU3282	g1898
JU3282	g3967
JU3282	g3863
JU3282	g2037
JU3282	g3861
JU3282	g20846
JU3282	g12306
JU3282	g12348
JU3282	g3721
JU3282	g549
JU3282	g14747
JU3282	g12310
JU3282	g3859
JU3282	g371
JU3282	g15693
JU3282	g3521
JU3282	g21705
JU3282	g1025
JU3282	g9095
JU3282	g370
JU3282	g17703
JU3282	g13693
JU3282	g13894
JU3282	g21639
JU3282	g16109
JU3282	g3540
JU3282	g21707
JU3282	g1792
JU3282	g364
JU3282	g3235
JU3282	g6936
JU3282	g5962
JU3282	g3234
JU3282	g1426
JU3282	g15173
JU3282	g538
JU3282	g12488
JU3282	g12826
JU3282	g1096
JU3282	g2389
JU3282	g5203
JU3282	g3775
JU3282	g5390
JU3282	g1456
JU3282	g5970
JU3282	g1154
JU3282	g10702
JU3282	g6435
JU3282	g1178
JU3282	g1024
JU3282	g9255
JU3282	g551
JU3282	g560
JU3282	g13410
JU3282	g15341
JU3282	g16952
JU3282	g1021
JU3282	g18501
JU3282	g89
JU3282	g9244
JU3282	g531
JU3282	g90
JU3282	g63
JU3282	g3923
JU3282	g1701
JU3282	g3826
JU3282	g16805
JU3282	g12303
JU3282	g1791
JU3282	g16950
JU3282	g22252
JU3282	g559
JU3282	g5592
JU3282	g103
JU3282	g91
JU3282	g1029
JU3282	g18435
JU3282	g534
JU3282	g12173
JU3282	g533
JU3282	g18449
JU3282	g12308
JU3282	g5348
JU3282	g14594
JU3282	g3987
JU3282	g2384
JU3282	g42
JU3282	g3237
JU3282	g17706
JU3282	g10706
JU3282	g18436
JU3282	g5369
JU3282	g1039
JU3282	g3236
JU3282	g4596
JU3282	g83
JU3282	g3344
JU3282	g15562
JU3282	g2412
JU3282	g165
JU3282	g1946
JU3282	g2478
JU3282	g4447
JU3282	g947
JU3282	g18444
JU3282	g15292
JU3282	g537
JU3282	g3595
JU3282	g9256
JU3282	g3412
JU3282	g4421
JU3282	g16833
JU3282	g2692
JU3282	g16730
JU3282	g16865
JU3282	g9476
JU3282	g1023
JU3282	g1030
JU3282	g10710
JU3282	g1901
JU3282	g62
JU3282	g5349
JU3282	g1793
JU3282	g15873
JU3282	g3722
JU3282	g369
JU3282	g3111
JU3282	g2471
JU3282	g149
JU3282	g21173
JU3282	g1291
JU3282	g3824
JU3282	g1977
JU3282	g3112
JU3282	g18406
JU3282	g3811
JU3282	g16947
JU3282	g84
JU3282	g15604
JU3282	g2695
JU3282	g1797
JU3282	g9677
JU3282	g17376
JU3282	g3233
JU3282	g18443
JU3282	g12769
JU3282	g112
JU3282	g17139
JU3282	g2388
JU3282	g6585
JU3282	g18673
JU3282	g10704
JU3282	g5602
JU3282	g16459
JU3282	g367
JU3282	g1825
JU3282	g5421
JU3282	g3776
JU3282	g3687
JU3282	g9991
JU3282	g3618
JU3282	g343
JU3282	g2038
JU3282	g3414
JU3282	g15190
JU3282	g1027
JU3282	g5389
JU3282	g7498
JU3282	g134
JU3282	g12390
JU3282	g15174
JU3282	g18485
JU3282	g1026
JU3282	g558
JU3282	g1796
JU3282	g12551
JU3282	g3673
JU3282	g12272
JU3282	g2696
JU3282	g3473
JU3282	g3239
JU3282	g15177
JU3282	g15291
JU3282	g1177
JU3282	g87
JU3282	g9257
JU3282	g1824
JU3282	g9249
JU3282	g12921
JU3282	g552
JU3282	g3860
JU3282	g4597
JU3282	g1794
JU3282	g66
JU3282	g18434
JU3282	g150
JU3282	g1123
JU3282	g5604
JU3282	g17704
JU3282	g1976
JU3282	g6437
JU3282	g154
JU3282	g16951
JU3282	g111
JU3282	g92
JU3282	g3864
JU3282	g365
JU3282	g14771
JU3282	g1795
JU3282	g5964
JU3282	g8682
JU3282	g16953
JU3282	g3854
JU3282	g524
JU3282	g20928
JU3282	g614
JU3282	g16997
JU3282	g140
JU3282	g3806
JU3282	g16346
JU3282	g21706
JU3282	g4023
JU3282	g536
JU3282	g94
JU3282	g3865
JU3282	g530
JU3282	g9599
JU3282	g9860
JU3282	g5386
JU3282	g6436
JU3282	g13335
JU3282	g21647
JU3282	g535
JU3282	g2387
JU3282	g3922
JU3282	g5597
JU3282	g114
JU3282	g13097
JU3282	g3768
JU3282	g9250
JU3282	g12309
JU3282	g948
JU3282	g3755
JU3282	g13208
JU3282	g80
JU3282	g950
JU3282	g1900
JU3282	g16954
JU3282	g3524
JU3282	g3857
JU3282	g8683
JU3282	g3924
JU3282	g15165
JU3282	g88
JU3282	g562
JU3282	g3858
JU3282	g15128
JU3282	g3985
JU3282	g561
JU3282	g139
JU3282	g21153
JU3282	g3238
JU3282	g18484
JU3282	g4991
JU3282	g18392
JU3282	g1111
JU3282	g10705
NIC1790	g13698
NIC1790	g3454
NIC1790	g210
NIC1790	g4386
NIC1790	g4032
NIC1790	g6894
NIC1790	g16966
NIC1790	g3726
NIC1790	g3494
NIC1790	g8258
NIC1790	g13950
NIC1790	g3817
NIC1790	g712
NIC1790	g8443
NIC1790	g15415
NIC1790	g1581
NIC1790	g15923
NIC1790	g11918
NIC1790	g4037
NIC1790	g1580
NIC1790	g15761
NIC1790	g3464
NIC1790	g1954
NIC1790	g15503
NIC1790	g3607
NIC1790	g1090
NIC1790	g3606
NIC1790	g15453
NIC1790	g1226
NIC1790	g6853
NIC1790	g15427
NIC1790	g12814
NIC1790	g6890
NIC1790	g15454
NIC1790	g20333
NIC1790	g9399
NIC1790	g13787
NIC1790	g16173
NIC1790	g289
NIC1790	g17873
NIC1790	g15942
NIC1790	g8802
NIC1790	g15763
NIC1790	g221
NIC1790	g4039
NIC1790	g7967
NIC1790	g5475
NIC1790	g13424
NIC1790	g14203
NIC1790	g986
NIC1790	g15757
NIC1790	g15448
NIC1790	g2432
NIC1790	g17544
NIC1790	g128
NIC1790	g14944
NIC1790	g9582
NIC1790	g2431
NIC1790	g615
NIC1790	g13251
NIC1790	g5267
NIC1790	g6717
NIC1790	g18074
NIC1790	g16175
NIC1790	g3363
NIC1790	g1584
NIC1790	g18485
NIC1790	g3460
NIC1790	g4025
NIC1790	g3543
NIC1790	g645
NIC1790	g9590
NIC1790	g317
NIC1790	g10059
NIC1790	g15938
NIC1790	g206
NIC1790	g14975
NIC1790	g15458
NIC1790	g13697
NIC1790	g2430
NIC1790	g3837
NIC1790	g3493
NIC1790	g15447
NIC1790	g15946
NIC1790	g4546
NIC1790	g15915
NIC1790	g894
NIC1790	g6897
NIC1790	g985
NIC1790	g15062
NIC1790	g16731
NIC1790	g14917
NIC1790	g211
NIC1790	g4480
NIC1790	g15921
NIC1790	g7027
NIC1790	g8907
NIC1790	g14438
NIC1790	g15762
NIC1790	g4494
NIC1790	g15432
NIC1790	g3461
NIC1790	g12662
NIC1790	g305
NIC1790	g15535
NIC1790	g1579
NIC1790	g2434
NIC1790	g6294
NIC1790	g18044
NIC1790	g7970
NIC1790	g11914
NIC1790	g4481
NIC1790	g10562
NIC1790	g4029
NIC1790	g2433
NIC1790	g1607
NIC1790	g2436
NIC1790	g15922
NIC1790	g1137
NIC1790	g18121
NIC1790	g15446
NIC1790	g1673
NIC1790	g3564
NIC1790	g2893
NIC1790	g3663
NIC1790	g127
NIC1790	g4489
NIC1790	g3514
NIC1790	g11916
NIC1790	g3495
NIC1790	g3751
NIC1790	g15509
NIC1790	g15945
NIC1790	g3463
NIC1790	g3457
NIC1790	g15947
NIC1790	g15481
NIC1790	g1887
NIC1790	g18113
NIC1790	g14838
NIC1790	g22434
NIC1790	g3309
NIC1790	g205
NIC1790	g18042
NIC1790	g15989
NIC1790	g11910
NIC1790	g15944
NIC1790	g15801
NIC1790	g1093
NIC1790	g17865
NIC1790	g987
NIC1790	g3451
NIC1790	g13967
NIC1790	g2310
NIC1790	g15460
NIC1790	g1666
NIC1790	g20313
NIC1790	g477
NIC1790	g3504
NIC1790	g1166
NIC1790	g2311
NIC1790	g4451
NIC1790	g7351
NIC1790	g15059
NIC1790	g1890
NIC1790	g991
NIC1790	g7641
NIC1790	g207
NIC1790	g4488
NIC1790	g8379
NIC1790	g15450
NIC1790	g15250
NIC1790	g203
NIC1790	g1583
NIC1790	g10209
NIC1790	g14555
NIC1790	g1018
NIC1790	g15522
NIC1790	g3957
NIC1790	g3542
NIC1790	g21413
NIC1790	g3641
NIC1790	g15406
NIC1790	g15736
NIC1790	g22205
NIC1790	g1227
NIC1790	g209
NIC1790	g18075
NIC1790	g11120
NIC1790	g130
NIC1790	g15064
NIC1790	g3458
NIC1790	g6813
NIC1790	g13252
NIC1790	g4530
NIC1790	g15872
NIC1790	g3455
NIC1790	g208
NIC1790	g990
NIC1790	g6657
NIC1790	g2911
NIC1790	g15457
NIC1790	g1891
NIC1790	g8436
NIC1790	g3899
NIC1790	g15063
NIC1790	g13255
NIC1790	g15758
NIC1790	g13268
NIC1790	g6892
NIC1790	g212
NIC1790	g18120
NIC1790	g22204
NIC1790	g1017
NIC1790	g8531
NIC1790	g2747
NIC1790	g988
NIC1790	g18278
NIC1790	g13373
NIC1790	g4479
NIC1790	g6295
NIC1790	g7968
NIC1790	g1165
NIC1790	g10061
NIC1790	g15937
NIC1790	g15456
NIC1790	g15479
NIC1790	g15471
NIC1790	g4035
NIC1790	g12837
NIC1790	g989
NIC1790	g9584
NIC1790	g19529
NIC1790	g15449
NIC1790	g15428
NIC1790	g15478
NIC1790	g15065
NIC1790	g15908
NIC1790	g20554
NIC1790	g15110
NIC1790	g3723
NIC1790	g3507
NIC1790	g15917
NIC1790	g16174
NIC1790	g3834
NIC1790	g15920
NIC1790	g3403
NIC1790	g15760
NIC1790	g15914
NIC1790	g22550
NIC1790	g21548
NIC1790	g10060
NIC1790	g7284
NIC1790	g4702
NIC1790	g15919
NIC1790	g1582
NIC1790	g3404
NIC1790	g22198
NIC1790	g8709
NIC1790	g3551
NIC1790	g15764
NIC1790	g6891
NIC1790	g345
NIC1790	g7158
NIC1790	g1092
NIC1790	g3722
NIC1790	g15066
NIC1790	g15430
NIC1790	g3402
NIC1790	g13243
NIC1790	g369
NIC1790	g17872
NIC1790	g15455
NIC1790	g22199
NIC1790	g15948
NIC1790	g3459
NIC1790	g13374
NIC1790	g3344
NIC1790	g13203
NIC1790	g15918
NIC1790	g6929
NIC1790	g22193
NIC1790	g2748
NIC1790	g3345
NIC1790	g368
NIC1790	g15935
NIC1790	g13655
NIC1790	g15508
NIC1790	g18102
NIC1790	g20637
NIC1790	g3456
NIC1790	g15518
NIC1790	g2435
NIC1790	g4529
NIC1790	g15581
NIC1790	g4437
NIC1790	g17870
NIC1790	g11915
NIC1790	g18078
NIC2	g14129
NIC2	g18365
NIC2	g109
NIC2	g9607
NIC2	g12284
NIC2	g2974
NIC2	g17402
NIC2	g6647
NIC2	g15684
NIC2	g18620
NIC2	g12413
NIC2	g603
NIC2	g4580
NIC2	g12445
NIC2	g1470
NIC2	g6615
NIC2	g11954
NIC2	g1469
NIC2	g11937
NIC2	g9938
NIC2	g9949
NIC2	g8193
NIC2	g6618
NIC2	g12412
NIC2	g1846
NIC2	g6857
NIC2	g12008
NIC2	g15363
NIC2	g15869
NIC2	g12083
NIC2	g979
NIC2	g6504
NIC2	g6608
NIC2	g1118
NIC2	g9546
NIC2	g6610
NIC2	g16717
NIC2	g4734
NIC2	g17448
NIC2	g4775
NIC2	g6749
NIC2	g11944
NIC2	g22185
NIC2	g4738
NIC2	g6612
NIC2	g22044
NIC2	g12120
NIC2	g18454
NIC2	g6964
NIC2	g106
NIC2	g12121
NIC2	g12731
NIC2	g21507
NIC2	g18871
NIC2	g6944
NIC2	g13819
NIC2	g872
NIC2	g12127
NIC2	g5550
NIC2	g10616
NIC2	g8558
NIC2	g5549
NIC2	g506
NIC2	g13486
NIC2	g11955
NIC2	g17284
NIC2	g4915
NIC2	g6658
NIC2	g177
NIC2	g9391
NIC2	g6695
NIC2	g9578
NIC2	g536
NIC2	g8565
NIC2	g17432
NIC2	g235
NIC2	g9029
NIC2	g259
NIC2	g105
NIC2	g17442
NIC2	g11942
NIC2	g17434
NIC2	g11933
NIC2	g11395
NIC2	g13656
NIC2	g10375
NIC2	g10374
NIC2	g102
NIC2	g111
NIC2	g12405
NIC2	g8189
NIC2	g11962
NIC2	g15639
NIC2	g15642
NIC2	g12404
NIC2	g12432
NIC2	g6548
NIC2	g10373
NIC2	g783
NIC2	g6646
NIC2	g21328
NIC2	g12427
NIC2	g4731
NIC2	g871
NIC2	g10377
NIC2	g2735
NIC2	g11934
NIC2	g9948
NIC2	g12390
NIC2	g12403
NIC2	g110
NIC2	g11959
NIC2	g20836
NIC2	g11960
NIC2	g4736
NIC2	g9537
NIC2	g19298
NIC2	g6485
NIC2	g1468
NIC2	g17377
NIC2	g5552
NIC2	g12728
NIC2	g18136
NIC2	g9558
NIC2	g120
NIC2	g5551
NIC2	g5869
NIC2	g12411
NIC2	g8016
NIC2	g18322
NIC2	g1496
NIC2	g12327
NIC2	g1027
NIC2	g1563
NIC2	g6017
NIC2	g12123
NIC2	g28
NIC2	g13610
NIC2	g18134
NIC2	g11956
NIC2	g6885
NIC2	g8090
NIC2	g15860
NIC2	g8188
NIC2	g6043
NIC2	g5057
NIC2	g1779
NIC2	g21255
NIC2	g10461
NIC2	g104
NIC2	g10596
NIC2	g18140
NIC2	g982
NIC2	g12433
NIC2	g9538
NIC2	g13821
NIC2	g873
NIC2	g17433
NIC2	g18637
NIC2	g6748
NIC2	g5427
NIC2	g1556
NIC2	g12343
NIC2	g21623
NIC2	g371
NIC2	g6648
NIC2	g1057
NIC2	g5428
NIC2	g10380
NIC2	g12410
NIC2	g18364
NIC2	g6549
NIC2	g1782
NIC2	g877
NIC2	g13063
NIC2	g5548
NIC2	g15807
NIC2	g12380
NIC2	g10185
NIC2	g1472
NIC2	g10969
NIC2	g9939
NIC2	g4974
NIC2	g20985
NIC2	g904
NIC2	g9609
NIC2	g6694
NIC2	g6782
NIC2	g19546
NIC2	g6858
NIC2	g12148
NIC2	g8194
NIC2	g17443
NIC2	g1119
NIC2	g8092
NIC2	g13503
NIC2	g108
NIC2	g6607
NIC2	g9577
NIC2	g20231
NIC2	g12358
NIC2	g4818
NIC2	g13487
NIC2	g17483
NIC2	g107
NIC2	g11935
NIC2	g876
NIC2	g6798
NIC2	g4701
NIC2	g3839
NIC2	g1783
NIC2	g8152
NIC2	g5554
NIC2	g12352
NIC2	g13490
NIC2	g13609
NIC2	g258
NIC2	g12407
NIC2	g14412
NIC2	g903
NIC2	g2149
NIC2	g11941
NIC2	g6611
NIC2	g5868
NIC2	g874
NIC2	g12429
NIC2	g12342
NIC2	g204
NIC2	g9937
NIC2	g12730
NIC2	g1056
NIC2	g9031
NIC2	g7663
NIC2	g12338
NIC2	g10376
NIC2	g12381
NIC2	g17501
NIC2	g12402
NIC2	g12126
NIC2	g22209
NIC2	g875
NIC2	g8560
NIC2	g3840
NIC2	g6617
NIC2	g11969
NIC2	g21763
NIC2	g11881
NIC2	g10328
NIC2	g6665
NIC2	g19114
NIC2	g13820
NIC2	g6448
NIC2	g11957
NIC2	g12400
NIC2	g6606
NIC2	g11963
NIC2	g12122
NIC2	g15406
NIC2	g19413
NIC2	g9574
NIC2	g9030
NIC2	g11328
NIC2	g11958
NIC2	g1471
NIC2	g9943
NIC2	g12378
NIC2	g1972
NIC2	g6702
NIC2	g4737
NIC2	g29
NIC2	g12428
NIC2	g12124
NIC2	g6715
NIC2	g11201
NIC2	g12414
NIC2	g31
NIC2	g981
NIC2	g10372
NIC2	g6961
NIC2	g6614
NIC2	g6547
NIC2	g13478
NIC2	g12406
NIC2	g11931
NIC2	g6613
NIC2	g13441
NIC2	g6487
NIC2	g11932
NIC2	g8183
NIC2	g12353
NIC2	g21644
NIC2	g18132
NIC2	g5553
NIC2	g17482
NIC2	g9176
NIC2	g17388
NIC2	g1473
NIC2	g192
NIC2	g18135
CX11264	g19359
CX11264	g1013
CX11264	g16913
CX11264	g5449
CX11264	g209
CX11264	g16477
CX11264	g8814
CX11264	g4318
CX11264	g9712
CX11264	g4260
CX11264	g4307
CX11264	g16142
CX11264	g19613
CX11264	g16480
CX11264	g81
CX11264	g1507
CX11264	g15959
CX11264	g8228
CX11264	g49
CX11264	g2376
CX11264	g531
CX11264	g11791
CX11264	g1006
CX11264	g2375
CX11264	g15664
CX11264	g4263
CX11264	g549
CX11264	g364
CX11264	g3681
CX11264	g4277
CX11264	g82
CX11264	g2749
CX11264	g4525
CX11264	g478
CX11264	g404
CX11264	g1878
CX11264	g2377
CX11264	g4267
CX11264	g9706
CX11264	g17495
CX11264	g16437
CX11264	g4420
CX11264	g542
CX11264	g18494
CX11264	g14264
CX11264	g4205
CX11264	g367
CX11264	g19448
CX11264	g9595
CX11264	g4274
CX11264	g1010
CX11264	g5611
CX11264	g366
CX11264	g4265
CX11264	g14619
CX11264	g20742
CX11264	g17451
CX11264	g1956
CX11264	g4264
CX11264	g19866
CX11264	g9593
CX11264	g1771
CX11264	g12493
CX11264	g360
CX11264	g17489
CX11264	g6944
CX11264	g5973
CX11264	g1410
CX11264	g18926
CX11264	g530
CX11264	g16580
CX11264	g20547
CX11264	g16294
CX11264	g3226
CX11264	g1081
CX11264	g2380
CX11264	g5231
CX11264	g5421
CX11264	g1440
CX11264	g5980
CX11264	g4276
CX11264	g1139
CX11264	g6443
CX11264	g1163
CX11264	g1009
CX11264	g16642
CX11264	g16475
CX11264	g544
CX11264	g17481
CX11264	g553
CX11264	g15234
CX11264	g19093
CX11264	g2462
CX11264	g89
CX11264	g523
CX11264	g90
CX11264	g62
CX11264	g1684
CX11264	g4306
CX11264	g11789
CX11264	g1770
CX11264	g16726
CX11264	g4641
CX11264	g9050
CX11264	g552
CX11264	g104
CX11264	g91
CX11264	g1014
CX11264	g526
CX11264	g15563
CX11264	g525
CX11264	g21583
CX11264	g2024
CX11264	g4272
CX11264	g5379
CX11264	g18342
CX11264	g2374
CX11264	g42
CX11264	g4158
CX11264	g14616
CX11264	g11786
CX11264	g1275
CX11264	g5401
CX11264	g1024
CX11264	g3223
CX11264	g83
CX11264	g4826
CX11264	g4361
CX11264	g19316
CX11264	g2403
CX11264	g166
CX11264	g4374
CX11264	g1928
CX11264	g2469
CX11264	g16476
CX11264	g932
CX11264	g19044
CX11264	g529
CX11264	g4100
CX11264	g4753
CX11264	g3221
CX11264	g3707
CX11264	g16609
CX11264	g17480
CX11264	g4325
CX11264	g2378
CX11264	g2683
CX11264	g16505
CX11264	g9939
CX11264	g1008
CX11264	g11782
CX11264	g1881
CX11264	g61
CX11264	g5380
CX11264	g5619
CX11264	g1772
CX11264	g16723
CX11264	g19630
CX11264	g4419
CX11264	g365
CX11264	g3100
CX11264	g150
CX11264	g3224
CX11264	g14284
CX11264	g4308
CX11264	g1957
CX11264	g3101
CX11264	g84
CX11264	g19358
CX11264	g4207
CX11264	g2686
CX11264	g1776
CX11264	g12475
CX11264	g14943
CX11264	g3220
CX11264	g16019
CX11264	g4621
CX11264	g113
CX11264	g20882
CX11264	g1804
CX11264	g9711
CX11264	g5451
CX11264	g4354
CX11264	g21981
CX11264	g4456
CX11264	g4526
CX11264	g339
CX11264	g9718
CX11264	g17490
CX11264	g4751
CX11264	g18943
CX11264	g1012
CX11264	g5420
CX11264	g13538
CX11264	g135
CX11264	g16397
CX11264	g16236
CX11264	g18927
CX11264	g1011
CX11264	g551
CX11264	g1775
CX11264	g4136
CX11264	g2687
CX11264	g15966
CX11264	g18930
CX11264	g19043
CX11264	g1162
CX11264	g16728
CX11264	g1015
CX11264	g2025
CX11264	g4273
CX11264	g87
CX11264	g21745
CX11264	g9717
CX11264	g1803
CX11264	g15871
CX11264	g67
CX11264	g545
CX11264	g2379
CX11264	g3539
CX11264	g1773
CX11264	g65
CX11264	g151
CX11264	g17528
CX11264	g1108
CX11264	g14618
CX11264	g6445
CX11264	g17386
CX11264	g155
CX11264	g16727
CX11264	g112
CX11264	g17546
CX11264	g92
CX11264	g361
CX11264	g4268
CX11264	g18518
CX11264	g1774
CX11264	g5975
CX11264	g7486
CX11264	g10105
CX11264	g16729
CX11264	g516
CX11264	g14044
CX11264	g605
CX11264	g16773
CX11264	g141
CX11264	g20104
CX11264	g4269
CX11264	g9594
CX11264	g528
CX11264	g4206
CX11264	g4692
CX11264	g94
CX11264	g363
CX11264	g522
CX11264	g10058
CX11264	g21851
CX11264	g17527
CX11264	g10208
CX11264	g5417
CX11264	g6444
CX11264	g15300
CX11264	g527
CX11264	g4638
CX11264	g115
CX11264	g15695
CX11264	g933
CX11264	g15432
CX11264	g80
CX11264	g935
CX11264	g3222
CX11264	g1880
CX11264	g5389
CX11264	g16730
CX11264	g6591
CX11264	g4139
CX11264	g7485
CX11264	g4472
CX11264	g18918
CX11264	g4355
CX11264	g5612
CX11264	g5388
CX11264	g16474
CX11264	g88
CX11264	g555
CX11264	g4270
CX11264	g18881
CX11264	g554
CX11264	g4271
CX11264	g3540
CX11264	g140
CX11264	g21324
CX11264	g3225
CX11264	g5019
CX11264	g17437
CX11264	g5614
CX11264	g1096
CX11264	g11787
ECA1208	g20754
ECA1208	g20600
ECA1208	g12926
ECA1208	g2915
ECA1208	g2948
ECA1208	g9165
ECA1208	g605
ECA1208	g3829
ECA1208	g2906
ECA1208	g17869
ECA1208	g5790
ECA1208	g21402
ECA1208	g16506
ECA1208	g9503
ECA1208	g18459
ECA1208	g9162
ECA1208	g19907
ECA1208	g4667
ECA1208	g3824
ECA1208	g1179
ECA1208	g17924
ECA1208	g16969
ECA1208	g21186
ECA1208	g2846
ECA1208	g2909
ECA1208	g17820
ECA1208	g16373
ECA1208	g17882
ECA1208	g2921
ECA1208	g2949
ECA1208	g17891
ECA1208	g17141
ECA1208	g4195
ECA1208	g10590
ECA1208	g17836
ECA1208	g9168
ECA1208	g2847
ECA1208	g18600
ECA1208	g2918
ECA1208	g12883
ECA1208	g2995
ECA1208	g2913
ECA1208	g2353
ECA1208	g17831
ECA1208	g9206
ECA1208	g3826
ECA1208	g17879
ECA1208	g7036
ECA1208	g21786
ECA1208	g18536
ECA1208	g13013
ECA1208	g2911
ECA1208	g7395
ECA1208	g18535
ECA1208	g3294
ECA1208	g16957
ECA1208	g19097
ECA1208	g14058
ECA1208	g16494
ECA1208	g2920
ECA1208	g13424
ECA1208	g11108
ECA1208	g18348
ECA1208	g14921
ECA1208	g17146
ECA1208	g19101
ECA1208	g6418
ECA1208	g14223
ECA1208	g20794
ECA1208	g16970
ECA1208	g20845
ECA1208	g8772
ECA1208	g17145
ECA1208	g9410
ECA1208	g2807
ECA1208	g3059
ECA1208	g2917
ECA1208	g16065
ECA1208	g3828
ECA1208	g17893
ECA1208	g16502
ECA1208	g4676
ECA1208	g17140
ECA1208	g16959
ECA1208	g9409
ECA1208	g12925
ECA1208	g9032
ECA1208	g4600
ECA1208	g16947
ECA1208	g20801
ECA1208	g11106
ECA1208	g19102
ECA1208	g16946
ECA1208	g16505
ECA1208	g8008
ECA1208	g3921
ECA1208	g20753
ECA1208	g9169
ECA1208	g2914
ECA1208	g9167
ECA1208	g20736
ECA1208	g17884
ECA1208	g4824
ECA1208	g16977
ECA1208	g7055
ECA1208	g17883
ECA1208	g17911
ECA1208	g3825
ECA1208	g15822
ECA1208	g3914
ECA1208	g17800
ECA1208	g5934
ECA1208	g16096
ECA1208	g2791
ECA1208	g18347
ECA1208	g16348
ECA1208	g372
ECA1208	g8660
ECA1208	g10988
ECA1208	g16971
ECA1208	g3058
ECA1208	g20788
ECA1208	g17760
ECA1208	g6411
ECA1208	g16501
ECA1208	g16975
ECA1208	g2947
ECA1208	g12774
ECA1208	g4132
ECA1208	g8900
ECA1208	g1933
ECA1208	g4602
ECA1208	g7392
ECA1208	g11689
ECA1208	g4675
ECA1208	g17906
ECA1208	g5434
ECA1208	g11685
ECA1208	g16235
ECA1208	g2958
ECA1208	g4656
ECA1208	g17933
ECA1208	g17890
ECA1208	g10982
ECA1208	g3002
ECA1208	g3823
ECA1208	g3112
ECA1208	g5413
ECA1208	g2183
ECA1208	g7394
ECA1208	g16586
ECA1208	g19099
ECA1208	g19875
ECA1208	g4131
ECA1208	g17816
ECA1208	g10981
ECA1208	g4128
ECA1208	g3278
ECA1208	g19774
ECA1208	g10758
ECA1208	g2755
ECA1208	g16507
ECA1208	g4437
ECA1208	g14651
ECA1208	g17860
ECA1208	g16900
ECA1208	g11693
ECA1208	g17103
ECA1208	g18380
ECA1208	g3350
ECA1208	g16402
ECA1208	g20802
ECA1208	g17908
ECA1208	g17828
ECA1208	g19990
ECA1208	g13192
ECA1208	g17143
ECA1208	g5933
ECA1208	g18457
ECA1208	g9623
ECA1208	g19100
ECA1208	g3855
ECA1208	g19993
ECA1208	g6416
ECA1208	g17889
ECA1208	g16952
ECA1208	g18353
ECA1208	g7718
ECA1208	g19103
ECA1208	g11687
ECA1208	g16430
ECA1208	g20178
ECA1208	g3410
ECA1208	g20831
ECA1208	g19501
ECA1208	g19225
ECA1208	g10491
ECA1208	g3477
ECA1208	g2994
ECA1208	g3097
ECA1208	g3183
ECA1208	g20793
ECA1208	g16511
ECA1208	g4631
ECA1208	g22369
ECA1208	g19224
ECA1208	g9246
ECA1208	g14222
ECA1208	g1932
ECA1208	g16956
ECA1208	g4635
ECA1208	g14220
ECA1208	g14207
ECA1208	g16583
ECA1208	g3830
ECA1208	g16950
ECA1208	g11688
ECA1208	g17886
ECA1208	g5132
ECA1208	g18379
ECA1208	g18350
ECA1208	g4444
ECA1208	g17139
ECA1208	g18351
ECA1208	g20803
ECA1208	g17892
ECA1208	g17023
ECA1208	g20896
ECA1208	g9350
ECA1208	g17881
ECA1208	g14628
ECA1208	g17175
ECA1208	g4630
ECA1208	g16983
ECA1208	g6813
ECA1208	g17142
ECA1208	g20041
ECA1208	g6735
ECA1208	g15213
ECA1208	g10994
ECA1208	g19995
ECA1208	g16972
ECA1208	g17858
ECA1208	g16978
ECA1208	g19098
ECA1208	g16504
ECA1208	g17626
ECA1208	g10635
ECA1208	g18352
ECA1208	g17912
ECA1208	g15083
ECA1208	g17861
ECA1208	g14109
ECA1208	g3182
ECA1208	g15999
ECA1208	g15530
ECA1208	g3299
ECA1208	g12517
ECA1208	g3012
ECA1208	g2792
ECA1208	g11107
ECA1208	g16490
ECA1208	g18349
ECA1208	g19996
ECA1208	g12780
ECA1208	g19994
ECA1208	g16509
ECA1208	g2184
ECA1208	g16948
ECA1208	g14231
ECA1208	g16414
ECA1208	g5038
ECA1208	g16508
ECA1208	g18507
ECA1208	g4445
ECA1208	g17885
ECA1208	g16945
ECA1208	g2916
ECA1208	g3298
ECA1208	g14108
ECA1208	g14267
ECA1208	g18601
ECA1208	g16349
ECA1208	g18460
ECA1208	g16585
ECA1208	g12685
ECA1208	g9129
ECA1208	g16973
ECA1208	g2326
ECA1208	g10987
ECA1208	g16949
ECA1208	g3827
ECA1208	g16503
ECA1208	g19844
ECA1208	g2910
ECA1208	g3408
ECA1208	g13175
ECA1208	g16974
ECA1237	g18817
ECA1237	g14985
ECA1237	g1960
ECA1237	g9321
ECA1237	g21706
ECA1237	g9362
ECA1237	g57
ECA1237	g4934
ECA1237	g4418
ECA1237	g5055
ECA1237	g14147
ECA1237	g12347
ECA1237	g401
ECA1237	g12271
ECA1237	g54
ECA1237	g12444
ECA1237	g6450
ECA1237	g17517
ECA1237	g19784
ECA1237	g11893
ECA1237	g11408
ECA1237	g12498
ECA1237	g17660
ECA1237	g9334
ECA1237	g9363
ECA1237	g13662
ECA1237	g17566
ECA1237	g4422
ECA1237	g11718
ECA1237	g11404
ECA1237	g9546
ECA1237	g4784
ECA1237	g9423
ECA1237	g99
ECA1237	g9831
ECA1237	g4849
ECA1237	g61
ECA1237	g4421
ECA1237	g17197
ECA1237	g4213
ECA1237	g20179
ECA1237	g4848
ECA1237	g15072
ECA1237	g5051
ECA1237	g11763
ECA1237	g1220
ECA1237	g9722
ECA1237	g11904
ECA1237	g14149
ECA1237	g9725
ECA1237	g11217
ECA1237	g9333
ECA1237	g20496
ECA1237	g21652
ECA1237	g22451
ECA1237	g19095
ECA1237	g11717
ECA1237	g14145
ECA1237	g9897
ECA1237	g2497
ECA1237	g12343
ECA1237	g14746
ECA1237	g11050
ECA1237	g11892
ECA1237	g21427
ECA1237	g245
ECA1237	g9329
ECA1237	g9220
ECA1237	g1910
ECA1237	g5024
ECA1237	g12351
ECA1237	g11722
ECA1237	g5390
ECA1237	g14744
ECA1237	g4419
ECA1237	g11428
ECA1237	g21650
ECA1237	g15671
ECA1237	g11723
ECA1237	g11902
ECA1237	g955
ECA1237	g14984
ECA1237	g1040
ECA1237	g1517
ECA1237	g18811
ECA1237	g14144
ECA1237	g11913
ECA1237	g11436
ECA1237	g11433
ECA1237	g8598
ECA1237	g19718
ECA1237	g895
ECA1237	g18760
ECA1237	g11425
ECA1237	g9488
ECA1237	g5053
ECA1237	g19096
ECA1237	g1962
ECA1237	g11885
ECA1237	g11457
ECA1237	g5139
ECA1237	g13376
ECA1237	g9262
ECA1237	g12359
ECA1237	g2985
ECA1237	g5421
ECA1237	g5056
ECA1237	g1038
ECA1237	g12499
ECA1237	g7271
ECA1237	g6197
ECA1237	g5023
ECA1237	g12348
ECA1237	g13383
ECA1237	g578
ECA1237	g11560
ECA1237	g1935
ECA1237	g2123
ECA1237	g11842
ECA1237	g12432
ECA1237	g9361
ECA1237	g9606
ECA1237	g12350
ECA1237	g1039
ECA1237	g9328
ECA1237	g584
ECA1237	g13599
ECA1237	g11427
ECA1237	g19912
ECA1237	g12805
ECA1237	g11424
ECA1237	g19093
ECA1237	g14748
ECA1237	g9331
ECA1237	g21020
ECA1237	g12608
ECA1237	g2130
ECA1237	g9371
ECA1237	g11458
ECA1237	g522
ECA1237	g9441
ECA1237	g11721
ECA1237	g4424
ECA1237	g16271
ECA1237	g141
ECA1237	g12268
ECA1237	g14747
ECA1237	g13598
ECA1237	g13595
ECA1237	g11405
ECA1237	g22657
ECA1237	g4417
ECA1237	g18801
ECA1237	g11891
ECA1237	g9159
ECA1237	g10621
ECA1237	g11956
ECA1237	g14752
ECA1237	g17196
ECA1237	g3130
ECA1237	g1035
ECA1237	g15249
ECA1237	g9429
ECA1237	g18761
ECA1237	g11438
ECA1237	g11382
ECA1237	g11720
ECA1237	g4232
ECA1237	g12269
ECA1237	g14146
ECA1237	g4393
ECA1237	g2499
ECA1237	g11909
ECA1237	g11406
ECA1237	g5050
ECA1237	g19431
ECA1237	g18818
ECA1237	g1041
ECA1237	g9705
ECA1237	g9833
ECA1237	g4423
ECA1237	g15232
ECA1237	g11888
ECA1237	g22097
ECA1237	g9530
ECA1237	g9261
ECA1237	g11426
ECA1237	g14021
ECA1237	g11392
ECA1237	g9422
ECA1237	g9324
ECA1237	g9607
ECA1237	g11431
ECA1237	g1890
ECA1237	g12349
ECA1237	g3324
ECA1237	g14022
ECA1237	g11481
ECA1237	g305
ECA1237	g21324
ECA1237	g11051
ECA1237	g9325
ECA1237	g12806
ECA1237	g11911
ECA1237	g16099
ECA1237	g17192
ECA1237	g11497
ECA1237	g7893
ECA1237	g9772
ECA1237	g1931
ECA1237	g11054
ECA1237	g18802
ECA1237	g11067
ECA1237	g12352
ECA1237	g12346
ECA1237	g5054
ECA1237	g4955
ECA1237	g5782
ECA1237	g664
ECA1237	g9327
ECA1237	g11724
ECA1237	g5052
ECA1237	g17185
ECA1237	g14143
ECA1237	g11498
ECA1237	g9487
ECA1237	g2506
ECA1237	g9203
ECA1237	g11905
ECA1237	g11432
ECA1237	g11167
ECA1237	g11502
ECA1237	g1899
ECA1237	g18743
ECA1237	g11434
ECA1237	g8118
ECA1237	g10644
ECA1237	g16126
ECA1237	g11690
ECA1237	g11487
ECA1237	g1936
ECA1237	g11914
ECA1237	g3983
ECA1237	g1086
ECA1237	g11410
ECA1237	g11488
ECA1237	g18796
ECA1237	g3904
ECA1237	g11879
ECA1237	g1729
ECA1237	g11887
ECA1237	g12417
ECA1237	g11890
ECA1237	g11884
ECA1237	g60
ECA1237	g14148
ECA1237	g20738
ECA1237	g15799
ECA1237	g11435
ECA1237	g4931
ECA1237	g11889
ECA1237	g5323
ECA1237	g11461
ECA1237	g849
ECA1237	g17191
ECA1237	g2986
ECA1237	g9204
ECA1237	g21651
ECA1237	g12363
ECA1237	g11168
ECA1237	g1042
ECA1237	g4932
ECA1237	g20999
ECA1237	g12473
ECA1237	g16270
ECA1237	g11042
ECA1237	g4878
ECA1237	g9489
ECA1237	g1891
ECA1237	g2122
ECA1237	g11915
ECA1237	g11006
ECA1237	g4783
ECA1237	g923
ECA1237	g9330
ECA1237	g18
ECA1237	g18595
ECA1237	g14942
ECA1237	g11486
ECA1237	g11912
ECA1237	g59
ECA1237	g11514
ECA1237	g4420
ECA1237	g7030
ECA1237	g9326
ECA1237	g12345
ECA1237	g11459
ECA1237	g21415
ECA1255	g12443
ECA1255	g2447
ECA1255	g15701
ECA1255	g609
ECA1255	g11523
ECA1255	g17320
ECA1255	g4558
ECA1255	g2002
ECA1255	g1524
ECA1255	g4489
ECA1255	g944
ECA1255	g12694
ECA1255	g15730
ECA1255	g1502
ECA1255	g320
ECA1255	g1126
ECA1255	g12110
ECA1255	g1470
ECA1255	g7369
ECA1255	g1977
ECA1255	g1814
ECA1255	g7370
ECA1255	g1811
ECA1255	g1573
ECA1255	g1512
ECA1255	g4460
ECA1255	g1503
ECA1255	g2921
ECA1255	g4708
ECA1255	g17743
ECA1255	g1557
ECA1255	g1808
ECA1255	g4284
ECA1255	g7368
ECA1255	g7814
ECA1255	g10360
ECA1255	g19105
ECA1255	g4449
ECA1255	g17314
ECA1255	g18786
ECA1255	g650
ECA1255	g4605
ECA1255	g2004
ECA1255	g19129
ECA1255	g612
ECA1255	g4387
ECA1255	g10355
ECA1255	g12530
ECA1255	g10738
ECA1255	g4457
ECA1255	g2444
ECA1255	g1813
ECA1255	g15541
ECA1255	g4447
ECA1255	g1562
ECA1255	g6296
ECA1255	g7785
ECA1255	g4811
ECA1255	g13395
ECA1255	g12946
ECA1255	g10740
ECA1255	g7967
ECA1255	g1807
ECA1255	g1992
ECA1255	g1119
ECA1255	g7721
ECA1255	g9009
ECA1255	g8035
ECA1255	g3400
ECA1255	g225
ECA1255	g13563
ECA1255	g21291
ECA1255	g794
ECA1255	g3405
ECA1255	g4342
ECA1255	g4503
ECA1255	g255
ECA1255	g8043
ECA1255	g4459
ECA1255	g13181
ECA1255	g8508
ECA1255	g2603
ECA1255	g1483
ECA1255	g10276
ECA1255	g12442
ECA1255	g16753
ECA1255	g6912
ECA1255	g16754
ECA1255	g2440
ECA1255	g2443
ECA1255	g1510
ECA1255	g2003
ECA1255	g16787
ECA1255	g1968
ECA1255	g1511
ECA1255	g500
ECA1255	g1593
ECA1255	g4488
ECA1255	g10217
ECA1255	g7365
ECA1255	g606
ECA1255	g7968
ECA1255	g10358
ECA1255	g11288
ECA1255	g4454
ECA1255	g2448
ECA1255	g1975
ECA1255	g7240
ECA1255	g18835
ECA1255	g4446
ECA1255	g2522
ECA1255	g1812
ECA1255	g16739
ECA1255	g7722
ECA1255	g4455
ECA1255	g15775
ECA1255	g19283
ECA1255	g1993
ECA1255	g7862
ECA1255	g7371
ECA1255	g9728
ECA1255	g1462
ECA1255	g2549
ECA1255	g6293
ECA1255	g1971
ECA1255	g5870
ECA1255	g2458
ECA1255	g3402
ECA1255	g1504
ECA1255	g4545
ECA1255	g12400
ECA1255	g7342
ECA1255	g2643
ECA1255	g1990
ECA1255	g3870
ECA1255	g2000
ECA1255	g2368
ECA1255	g5868
ECA1255	g2001
ECA1255	g1962
ECA1255	g1577
ECA1255	g4508
ECA1255	g7367
ECA1255	g2855
ECA1255	g18625
ECA1255	g2442
ECA1255	g1533
ECA1255	g2050
ECA1255	g5874
ECA1255	g1850
ECA1255	g1482
ECA1255	g17219
ECA1255	g7966
ECA1255	g1486
ECA1255	g1565
ECA1255	g12711
ECA1255	g4604
ECA1255	g3278
ECA1255	g16705
ECA1255	g2636
ECA1255	g4453
ECA1255	g3403
ECA1255	g22464
ECA1255	g17217
ECA1255	g4490
ECA1255	g7784
ECA1255	g3279
ECA1255	g15733
ECA1255	g4500
ECA1255	g4320
ECA1255	g1505
ECA1255	g1973
ECA1255	g22135
ECA1255	g4389
ECA1255	g2858
ECA1255	g7962
ECA1255	g3399
ECA1255	g1064
ECA1255	g16533
ECA1255	g10546
ECA1255	g7366
ECA1255	g15729
ECA1255	g20511
ECA1255	g16745
ECA1255	g7935
ECA1255	g17319
ECA1255	g7860
ECA1255	g4538
ECA1255	g5153
ECA1255	g4642
ECA1255	g4709
ECA1255	g1787
ECA1255	g17326
ECA1255	g16744
ECA1255	g2446
ECA1255	g20226
ECA1255	g691
ECA1255	g13562
ECA1255	g2445
ECA1255	g17140
ECA1255	g1999
ECA1255	g7963
ECA1255	g852
ECA1255	g3896
ECA1255	g1974
ECA1255	g4815
ECA1255	g4456
ECA1255	g2859
ECA1255	g4794
ECA1255	g17278
ECA1255	g15774
ECA1255	g13560
ECA1255	g2602
ECA1255	g13548
ECA1255	g15925
ECA1255	g610
ECA1255	g2449
ECA1255	g1508
ECA1255	g10129
ECA1255	g17325
ECA1255	g7936
ECA1255	g1214
ECA1255	g16704
ECA1255	g7964
ECA1255	g3725
ECA1255	g7965
ECA1255	g13446
ECA1255	g6295
ECA1255	g8510
ECA1255	g16687
ECA1255	g10359
ECA1255	g1513
ECA1255	g4450
ECA1255	g8037
ECA1255	g2579
ECA1255	g10361
ECA1255	g1488
ECA1255	g15756
ECA1255	g1976
ECA1255	g19612
ECA1255	g10410
ECA1255	g7859
ECA1255	g4451
ECA1255	g15535
ECA1255	g1970
ECA1255	g16755
ECA1255	g10739
ECA1255	g4388
ECA1255	g1535
ECA1255	g1515
ECA1255	g1810
ECA1255	g1967
ECA1255	g17697
ECA1255	g5020
ECA1255	g1997
ECA1255	g8509
ECA1255	g6979
ECA1255	g1532
ECA1255	g1925
ECA1255	g1972
ECA1255	g1395
ECA1255	g611
ECA1255	g2369
ECA1255	g7107
ECA1255	g6625
ECA1255	g1501
ECA1255	g2371
ECA1255	g3401
ECA1255	g10362
ECA1255	g2537
ECA1255	g8657
ECA1255	g4322
ECA1255	g4657
ECA1255	g13571
ECA1255	g4539
ECA1255	g9727
ECA1255	g15540
ECA1255	g16134
ECA1255	g4443
ECA1255	g1509
ECA1255	g4452
ECA1255	g13445
ECA1255	g13609
ECA1255	g576
ECA1255	g3726
ECA1255	g15767
ECA1255	g22443
ECA1255	g5866
ECA1255	g17842
ECA1255	g16756
ECA1255	g3404
ECA1255	g1632
ECA1255	g16849
ECA1255	g16800
ECA1255	g21508
ECA1255	g2005
ECA1255	g5869
ECA1255	g15699
ECA1693	g15545
ECA1693	g12852
ECA1693	g20047
ECA1693	g15863
ECA1693	g11934
ECA1693	g18147
ECA1693	g11571
ECA1693	g6841
ECA1693	g11614
ECA1693	g13779
ECA1693	g11603
ECA1693	g17802
ECA1693	g18150
ECA1693	g13804
ECA1693	g12342
ECA1693	g6256
ECA1693	g13836
ECA1693	g9647
ECA1693	g13334
ECA1693	g22107
ECA1693	g9646
ECA1693	g13794
ECA1693	g17898
ECA1693	g13803
ECA1693	g10024
ECA1693	g13746
ECA1693	g13456
ECA1693	g11565
ECA1693	g9648
ECA1693	g9207
ECA1693	g16395
ECA1693	g11564
ECA1693	g11566
ECA1693	g11715
ECA1693	g20075
ECA1693	g13309
ECA1693	g16420
ECA1693	g18144
ECA1693	g1366
ECA1693	g19878
ECA1693	g11497
ECA1693	g13492
ECA1693	g15459
ECA1693	g7760
ECA1693	g12120
ECA1693	g12855
ECA1693	g5086
ECA1693	g13493
ECA1693	g7752
ECA1693	g11562
ECA1693	g1002
ECA1693	g9236
ECA1693	g15813
ECA1693	g15036
ECA1693	g9053
ECA1693	g13499
ECA1693	g13320
ECA1693	g9301
ECA1693	g18527
ECA1693	g19503
ECA1693	g10501
ECA1693	g12438
ECA1693	g15980
ECA1693	g14328
ECA1693	g20117
ECA1693	g11569
ECA1693	g17269
ECA1693	g17960
ECA1693	g11451
ECA1693	g20263
ECA1693	g12408
ECA1693	g19494
ECA1693	g19025
ECA1693	g15979
ECA1693	g12697
ECA1693	g11560
ECA1693	g12856
ECA1693	g14262
ECA1693	g15546
ECA1693	g22196
ECA1693	g372
ECA1693	g14790
ECA1693	g13311
ECA1693	g12859
ECA1693	g18146
ECA1693	g13796
ECA1693	g14174
ECA1693	g13310
ECA1693	g13343
ECA1693	g13498
ECA1693	g13795
ECA1693	g13823
ECA1693	g22194
ECA1693	g12051
ECA1693	g12162
ECA1693	g18064
ECA1693	g19880
ECA1693	g13710
ECA1693	g11602
ECA1693	g9052
ECA1693	g7077
ECA1693	g14408
ECA1693	g12851
ECA1693	g13336
ECA1693	g1632
ECA1693	g12778
ECA1693	g16573
ECA1693	g13319
ECA1693	g9645
ECA1693	g15588
ECA1693	g5502
ECA1693	g13844
ECA1693	g10504
ECA1693	g12750
ECA1693	g14175
ECA1693	g1005
ECA1693	g13340
ECA1693	g3187
ECA1693	g12588
ECA1693	g8231
ECA1693	g12841
ECA1693	g10503
ECA1693	g13802
ECA1693	g11658
ECA1693	g9674
ECA1693	g11671
ECA1693	g7642
ECA1693	g7759
ECA1693	g9740
ECA1693	g13322
ECA1693	g11557
ECA1693	g11770
ECA1693	g13495
ECA1693	g12933
ECA1693	g3185
ECA1693	g11852
ECA1693	g11393
ECA1693	g13349
ECA1693	g9300
ECA1693	g10993
ECA1693	g13726
ECA1693	g11621
ECA1693	g9649
ECA1693	g9957
ECA1693	g20080
ECA1693	g11561
ECA1693	g10502
ECA1693	g12857
ECA1693	g13770
ECA1693	g13263
ECA1693	g11567
ECA1693	g3191
ECA1693	g18107
ECA1693	g9054
ECA1693	g22195
ECA1693	g13820
ECA1693	g13738
ECA1693	g14180
ECA1693	g15283
ECA1693	g11714
ECA1693	g13494
ECA1693	g10378
ECA1693	g22245
ECA1693	g10965
ECA1693	g9733
ECA1693	g13730
ECA1693	g1346
ECA1693	g1003
ECA1693	g11604
ECA1693	g9237
ECA1693	g11429
ECA1693	g19887
ECA1693	g10379
ECA1693	g11568
ECA1693	g13801
ECA1693	g11938
ECA1693	g13338
ECA1693	g2167
ECA1693	g9961
ECA1693	g9058
ECA1693	g665
ECA1693	g10500
ECA1693	g14676
ECA1693	g17668
ECA1693	g11917
ECA1693	g14002
ECA1693	g13819
ECA1693	g15864
ECA1693	g9650
ECA1693	g18877
ECA1693	g9085
ECA1693	g7644
ECA1693	g9161
ECA1693	g11651
ECA1693	g2473
ECA1693	g11754
ECA1693	g19890
ECA1693	g13519
ECA1693	g22204
ECA1693	g7753
ECA1693	g17340
ECA1693	g11826
ECA1693	g12853
ECA1693	g20076
ECA1693	g21316
ECA1693	g46
ECA1693	g12854
ECA1693	g13313
ECA1693	g9057
ECA1693	g15977
ECA1693	g13337
ECA1693	g9962
ECA1693	g17611
ECA1693	g11988
ECA1693	g10506
ECA1693	g12698
ECA1693	g18145
ECA1693	g15964
ECA1693	g19891
ECA1693	g19879
ECA1693	g12850
ECA1693	g12053
ECA1693	g22203
ECA1693	g13798
ECA1693	g22209
ECA1693	g9084
ECA1693	g17518
ECA1693	g22246
ECA1693	g9056
ECA1693	g9159
ECA1693	g10816
ECA1693	g9055
ECA1693	g19023
ECA1693	g13386
ECA1693	g14176
ECA1693	g22263
ECA1693	g13793
ECA1693	g7746
ECA1693	g5503
ECA1693	g8136
ECA1693	g12721
ECA1693	g11825
ECA1693	g13335
ECA1693	g1594
ECA1693	g7643
ECA1693	g14128
ECA1693	g9162
ECA1693	g20108
ECA1693	g13341
ECA1693	g11498
ECA1693	g13768
ECA1693	g13791
ECA1693	g13496
ECA1693	g13344
ECA1693	g13741
ECA1693	g8089
ECA1693	g2341
ECA1693	g13315
ECA1693	g19024
ECA1693	g307
ECA1693	g13771
ECA1693	g13339
ECA1693	g11499
ECA1693	g12932
ECA1693	g4613
ECA1693	g20116
ECA1693	g181
ECA1693	g13805
ECA1693	g12930
ECA1693	g14173
ECA1693	g12763
ECA1693	g11432
ECA1693	g22170
ECA1693	g19501
ECA1693	g15987
ECA1693	g11652
ECA1693	g13797
ECA1693	g17604
ECA1693	g14292
ECA1693	g16024
ECA1693	g20097
ECA1693	g11572
ECA1693	g18180
ECA1693	g10817
ECA1693	g13312
ECA1693	g3183
ECA1693	g4845
ECA1693	g13824
ECA1693	g10505
ECA1693	g13669
ECA1693	g14177
ECA1693	g22156
ECA1693	g9651
ECA1693	g20627
ECA1693	g13308
ECA1693	g3186
ECA1693	g15300
ECA1693	g20045
ECA251	g15975
ECA251	g2183
ECA251	g22222
ECA251	g19895
ECA251	g1369
ECA251	g6753
ECA251	g5508
ECA251	g7658
ECA251	g5497
ECA251	g11738
ECA251	g16228
ECA251	g1242
ECA251	g2682
ECA251	g11924
ECA251	g6167
ECA251	g1210
ECA251	g3548
ECA251	g5465
ECA251	g1698
ECA251	g3547
ECA251	g1715
ECA251	g1528
ECA251	g5468
ECA251	g1243
ECA251	g3928
ECA251	g5701
ECA251	g1644
ECA251	g909
ECA251	g1568
ECA251	g3058
ECA251	g5355
ECA251	g5458
ECA251	g3549
ECA251	g3198
ECA251	g5460
ECA251	g7652
ECA251	g21572
ECA251	g11399
ECA251	g11441
ECA251	g5601
ECA251	g1708
ECA251	g15116
ECA251	g11403
ECA251	g5462
ECA251	g1531
ECA251	g16064
ECA251	g5798
ECA251	g7543
ECA251	g19957
ECA251	g2180
ECA251	g19733
ECA251	g12280
ECA251	g1530
ECA251	g13548
ECA251	g14067
ECA251	g16481
ECA251	g5779
ECA251	g7541
ECA251	g2951
ECA251	g1524
ECA251	g4407
ECA251	g18399
ECA251	g19369
ECA251	g4406
ECA251	g2585
ECA251	g15542
ECA251	g1697
ECA251	g14269
ECA251	g11582
ECA251	g11917
ECA251	g2251
ECA251	g5457
ECA251	g20116
ECA251	g5546
ECA251	g19924
ECA251	g2615
ECA251	g19361
ECA251	g2309
ECA251	g18898
ECA251	g2333
ECA251	g2179
ECA251	g1710
ECA251	g1719
ECA251	g10933
ECA251	g15709
ECA251	g17324
ECA251	g2176
ECA251	g22059
ECA251	g1250
ECA251	g1690
ECA251	g1251
ECA251	g1223
ECA251	g2862
ECA251	g5496
ECA251	g17177
ECA251	g1228
ECA251	g11396
ECA251	g2950
ECA251	g17322
ECA251	g6992
ECA251	g1718
ECA251	g1264
ECA251	g1252
ECA251	g2184
ECA251	g22128
ECA251	g1693
ECA251	g11265
ECA251	g1692
ECA251	g7794
ECA251	g22114
ECA251	g11401
ECA251	g19966
ECA251	g14964
ECA251	g5335
ECA251	g3546
ECA251	g1203
ECA251	g4409
ECA251	g13545
ECA251	g9334
ECA251	g22127
ECA251	g19945
ECA251	g2194
ECA251	g4408
ECA251	g4722
ECA251	g1244
ECA251	g5978
ECA251	g15932
ECA251	g3575
ECA251	g1326
ECA251	g3106
ECA251	g3641
ECA251	g4870
ECA251	g2102
ECA251	g22119
ECA251	g15660
ECA251	g9332
ECA251	g1696
ECA251	g5725
ECA251	g5905
ECA251	g4896
ECA251	g17206
ECA251	g3550
ECA251	g3860
ECA251	g17102
ECA251	g17239
ECA251	g2178
ECA251	g9338
ECA251	g3061
ECA251	g1222
ECA251	g19965
ECA251	g19725
ECA251	g2952
ECA251	g16245
ECA251	g5600
ECA251	g1529
ECA251	g4283
ECA251	g3634
ECA251	g1310
ECA251	g21246
ECA251	g2446
ECA251	g5498
ECA251	g3137
ECA251	g817
ECA251	g4284
ECA251	g22158
ECA251	g17319
ECA251	g1245
ECA251	g8301
ECA251	g15974
ECA251	g3864
ECA251	g2956
ECA251	g13876
ECA251	g4405
ECA251	g22120
ECA251	g11861
ECA251	g1273
ECA251	g17510
ECA251	g7664
ECA251	g3551
ECA251	g18750
ECA251	g21891
ECA251	g16831
ECA251	g2983
ECA251	g7657
ECA251	g19893
ECA251	g5545
ECA251	g5635
ECA251	g8622
ECA251	g5702
ECA251	g1504
ECA251	g3199
ECA251	g5903
ECA251	g15559
ECA251	g2182
ECA251	g19925
ECA251	g17835
ECA251	g1295
ECA251	g11484
ECA251	g15543
ECA251	g22077
ECA251	g2181
ECA251	g1717
ECA251	g2955
ECA251	g11644
ECA251	g5649
ECA251	g11366
ECA251	g3865
ECA251	g5844
ECA251	g4411
ECA251	g1301
ECA251	g15546
ECA251	g15659
ECA251	g2332
ECA251	g2185
ECA251	g1248
ECA251	g7663
ECA251	g2982
ECA251	g12011
ECA251	g1711
ECA251	g5461
ECA251	g4721
ECA251	g2953
ECA251	g1226
ECA251	g22129
ECA251	g1311
ECA251	g2278
ECA251	g13547
ECA251	g3136
ECA251	g18896
ECA251	g1315
ECA251	g17323
ECA251	g1272
ECA251	g1253
ECA251	g1525
ECA251	g15140
ECA251	g2954
ECA251	g19367
ECA251	g12703
ECA251	g17325
ECA251	g5467
ECA251	g1683
ECA251	g21490
ECA251	g1772
ECA251	g17369
ECA251	g5515
ECA251	g16719
ECA251	g7542
ECA251	g5299
ECA251	g1695
ECA251	g1255
ECA251	g5456
ECA251	g1527
ECA251	g1689
ECA251	g954
ECA251	g8490
ECA251	g8449
ECA251	g19928
ECA251	g18897
ECA251	g11002
ECA251	g1694
ECA251	g5400
ECA251	g1275
ECA251	g12188
ECA251	g5554
ECA251	g11402
ECA251	g2103
ECA251	g1227
ECA251	g5567
ECA251	g11130
ECA251	g1241
ECA251	g2105
ECA251	g3060
ECA251	g19956
ECA251	g17326
ECA251	g5795
ECA251	g5464
ECA251	g12702
ECA251	g5398
ECA251	g15534
ECA251	g19732
ECA251	g5399
ECA251	g1249
ECA251	g1721
ECA251	g5463
ECA251	g15497
ECA251	g5337
ECA251	g1720
ECA251	g1300
ECA251	g21267
ECA251	g9330
ECA251	g4410
ECA251	g22078
ECA251	g20332
ECA251	g22171
ECA251	g19730
ECA251	g3552
ECA251	g2266
ECA251	g9333
JU310	g13172
JU310	g696
JU310	g10638
JU310	g18231
JU310	g5777
JU310	g20159
JU310	g2939
JU310	g8909
JU310	g20900
JU310	g8898
JU310	g5437
JU310	g13423
JU310	g5780
JU310	g18261
JU310	g1191
JU310	g5252
JU310	g2358
JU310	g2061
JU310	g8867
JU310	g220
JU310	g15334
JU310	g2060
JU310	g20912
JU310	g8870
JU310	g20921
JU310	g7328
JU310	g9109
JU310	g1566
JU310	g61
JU310	g8755
JU310	g8860
JU310	g1704
JU310	g17727
JU310	g8862
JU310	g21258
JU310	g5737
JU310	g9002
JU310	g17703
JU310	g20869
JU310	g8864
JU310	g21402
JU310	g56
JU310	g13260
JU310	g9217
JU310	g20720
JU310	g693
JU310	g18072
JU310	g9656
JU310	g12275
JU310	g13677
JU310	g9197
JU310	g20718
JU310	g1457
JU310	g21386
JU310	g20953
JU310	g55
JU310	g7808
JU310	g6916
JU310	g20836
JU310	g5942
JU310	g7807
JU310	g1094
JU310	g12739
JU310	g219
JU310	g12076
JU310	g5593
JU310	g5259
JU310	g764
JU310	g8799
JU310	g8859
JU310	g20855
JU310	g18456
JU310	g8948
JU310	g20850
JU310	g1124
JU310	g5949
JU310	g825
JU310	g6413
JU310	g849
JU310	g236
JU310	g692
JU310	g18296
JU310	g244
JU310	g20854
JU310	g15810
JU310	g12905
JU310	g689
JU310	g10476
JU310	g20914
JU310	g212
JU310	g16932
JU310	g20913
JU310	g20940
JU310	g1370
JU310	g8897
JU310	g20011
JU310	g2064
JU310	g1456
JU310	g20156
JU310	g5774
JU310	g3178
JU310	g697
JU310	g10542
JU310	g218
JU310	g15879
JU310	g60
JU310	g35
JU310	g10528
JU310	g5776
JU310	g18304
JU310	g17552
JU310	g20158
JU310	g8736
JU310	g2059
JU310	g20922
JU310	g11399
JU310	g22115
JU310	g7810
JU310	g9653
JU310	g15330
JU310	g10541
JU310	g6936
JU310	g707
JU310	g7809
JU310	g8126
JU310	g20920
JU310	g9405
JU310	g2087
JU310	g1612
JU310	g2154
JU310	g8276
JU310	g615
JU310	g10533
JU310	g12857
JU310	g15332
JU310	g9137
JU310	g243
JU310	g20349
JU310	g245
JU310	g9330
JU310	g8303
JU310	g20040
JU310	g59
JU310	g7261
JU310	g19935
JU310	g20072
JU310	g3949
JU310	g691
JU310	g290
JU310	g15326
JU310	g242
JU310	g99
JU310	g1569
JU310	g20941
JU310	g18064
JU310	g1458
JU310	g13440
JU310	g9001
JU310	g7683
JU310	g2147
JU310	g17217
JU310	g961
JU310	g8899
JU310	g1643
JU310	g7684
JU310	g18264
JU310	g8912
JU310	g20153
JU310	g20919
JU310	g13171
JU310	g8800
JU310	g7265
JU310	g1462
JU310	g9979
JU310	g7806
JU310	g10534
JU310	g5314
JU310	g20891
JU310	g2063
JU310	g18260
JU310	g6563
JU310	g10573
JU310	g10304
JU310	g19667
JU310	g3715
JU310	g1489
JU310	g8947
JU310	g9035
JU310	g16580
JU310	g9110
JU310	g22781
JU310	g3722
JU310	g1705
JU310	g9328
JU310	g12756
JU310	g695
JU310	g19374
JU310	g5695
JU310	g12740
JU310	g10493
JU310	g169
JU310	g694
JU310	g1461
JU310	g5532
JU310	g9051
JU310	g5813
JU310	g7266
JU310	g9269
JU310	g18303
JU310	g7812
JU310	g12743
JU310	g12856
JU310	g848
JU310	g698
JU310	g20916
JU310	g21170
JU310	g3721
JU310	g1488
JU310	g5166
JU310	g8863
JU310	g8125
JU310	g1459
JU310	g16139
JU310	g62
JU310	g10543
JU310	g791
JU310	g9655
JU310	g1642
JU310	g6415
JU310	g235
JU310	g20157
JU310	g20892
JU310	g20911
JU310	g1460
JU310	g5944
JU310	g11400
JU310	g4107
JU310	g20936
JU310	g8869
JU310	g18285
JU310	g205
JU310	g16968
JU310	g20205
JU310	g8917
JU310	g13916
JU310	g214
JU310	g20719
JU310	g8701
JU310	g217
JU310	g20863
JU310	g8858
JU310	g58
JU310	g211
JU310	g4068
JU310	g16714
JU310	g6414
JU310	g216
JU310	g2062
JU310	g20889
JU310	g4988
JU310	g8955
JU310	g20909
JU310	g616
JU310	g8968
JU310	g16012
JU310	g20923
JU310	g618
JU310	g1568
JU310	g20160
JU310	g9214
JU310	g8866
JU310	g13129
JU310	g8798
JU310	g12731
JU310	g18071
JU310	g240
JU310	g3716
JU310	g20915
JU310	g246
JU310	g8865
JU310	g12694
JU310	g215
JU310	g5775
JU310	g8738
JU310	g20937
JU310	g3710
JU310	g233
JU310	g20864
JU310	g17196
JU310	g7811
JU310	g10494
JU310	g20791
JU310	g18668
JU310	g10587
JU310	g18069
JU310	g779
JU310	g15331
JU310	g18229
JU311	g21591
JU311	g15631
JU311	g1033
JU311	g6735
JU311	g211
JU311	g11678
JU311	g8478
JU311	g4373
JU311	g19920
JU311	g4362
JU311	g12014
JU311	g15885
JU311	g11675
JU311	g1537
JU311	g9067
JU311	g51
JU311	g2418
JU311	g4331
JU311	g541
JU311	g21084
JU311	g69
JU311	g2417
JU311	g559
JU311	g6919
JU311	g6907
JU311	g4334
JU311	g85
JU311	g2793
JU311	g4572
JU311	g487
JU311	g411
JU311	g1917
JU311	g4218
JU311	g4324
JU311	g2419
JU311	g2058
JU311	g6674
JU311	g4326
JU311	g21819
JU311	g11718
JU311	g4465
JU311	g552
JU311	g14760
JU311	g4328
JU311	g13590
JU311	g373
JU311	g15721
JU311	g4679
JU311	g7689
JU311	g1030
JU311	g372
JU311	g10596
JU311	g16138
JU311	g4659
JU311	g1810
JU311	g366
JU311	g4264
JU311	g3273
JU311	g19900
JU311	g16858
JU311	g18919
JU311	g3272
JU311	g1439
JU311	g15194
JU311	g540
JU311	g13163
JU311	g11858
JU311	g1103
JU311	g4263
JU311	g4323
JU311	g6518
JU311	g4411
JU311	g6706
JU311	g1469
JU311	g18927
JU311	g21835
JU311	g1166
JU311	g19396
JU311	g1190
JU311	g1029
JU311	g15630
JU311	g21825
JU311	g554
JU311	g21833
JU311	g17166
JU311	g563
JU311	g11211
JU311	g15368
JU311	g16972
JU311	g1026
JU311	g92
JU311	g7579
JU311	g533
JU311	g12856
JU311	g93
JU311	g64
JU311	g1719
JU311	g4361
JU311	g2422
JU311	g21082
JU311	g1809
JU311	g16970
JU311	g11681
JU311	g8239
JU311	g16830
JU311	g562
JU311	g6908
JU311	g106
JU311	g94
JU311	g1034
JU311	g536
JU311	g11540
JU311	g535
JU311	g7573
JU311	g11679
JU311	g6665
JU311	g14602
JU311	g4199
JU311	g2416
JU311	g9825
JU311	g43
JU311	g3275
JU311	g10593
JU311	g21080
JU311	g6685
JU311	g17021
JU311	g1044
JU311	g3274
JU311	g3590
JU311	g86
JU311	g4870
JU311	g15588
JU311	g2445
JU311	g168
JU311	g1965
JU311	g2511
JU311	g3741
JU311	g7691
JU311	g370
JU311	g950
JU311	g84
JU311	g539
JU311	g4600
JU311	g12198
JU311	g4793
JU311	g3767
JU311	g2420
JU311	g2726
JU311	g16750
JU311	g1028
JU311	g21076
JU311	g1920
JU311	g63
JU311	g6666
JU311	g16887
JU311	g1811
JU311	g21834
JU311	g15902
JU311	g4464
JU311	g371
JU311	g3148
JU311	g2504
JU311	g1995
JU311	g152
JU311	g18593
JU311	g1302
JU311	g4363
JU311	g1996
JU311	g3149
JU311	g16967
JU311	g87
JU311	g1035
JU311	g2729
JU311	g1815
JU311	g10919
JU311	g3271
JU311	g5226
JU311	g12140
JU311	g115
JU311	g12205
JU311	g2421
JU311	g21865
JU311	g6918
JU311	g16490
JU311	g1842
JU311	g6737
JU311	g4410
JU311	g4498
JU311	g13904
JU311	g4573
JU311	g345
JU311	g21824
JU311	g2059
JU311	g4791
JU311	g1032
JU311	g6705
JU311	g20468
JU311	g137
JU311	g11759
JU311	g15195
JU311	g21785
JU311	g1031
JU311	g561
JU311	g1814
JU311	g4514
JU311	g11638
JU311	g2730
JU311	g4733
JU311	g3277
JU311	g143
JU311	g15198
JU311	g1189
JU311	g15211
JU311	g90
JU311	g10240
JU311	g7568
JU311	g1841
JU311	g7574
JU311	g12289
JU311	g555
JU311	g4327
JU311	g3589
JU311	g1812
JU311	g15316
JU311	g11278
JU311	g67
JU311	g153
JU311	g1130
JU311	g6920
JU311	g10595
JU311	g19398
JU311	g157
JU311	g16971
JU311	g114
JU311	g21768
JU311	g95
JU311	g367
JU311	g7690
JU311	g14785
JU311	g1813
JU311	g18921
JU311	g9824
JU311	g6082
JU311	g16973
JU311	g4333
JU311	g526
JU311	g18836
JU311	g616
JU311	g4381
JU311	g16375
JU311	g4163
JU311	g538
JU311	g97
JU311	g4322
JU311	g369
JU311	g532
JU311	g7234
JU311	g4376
JU311	g13771
JU311	g7567
JU311	g6702
JU311	g19397
JU311	g537
JU311	g11919
JU311	g6913
JU311	g117
JU311	g12467
JU311	g4419
JU311	g951
JU311	g4432
JU311	g11406
JU311	g83
JU311	g953
JU311	g1919
JU311	g16974
JU311	g19546
JU311	g4676
JU311	g4330
JU311	g4262
JU311	g15186
JU311	g13382
JU311	g91
JU311	g565
JU311	g4329
JU311	g15317
JU311	g15149
JU311	g11680
JU311	g4201
JU311	g564
JU311	g142
JU311	g18614
JU311	g21955
JU311	g3276
JU311	g21786
JU311	g6306
JU311	g21879
JU311	g1118
JU311	g21081
MY2212	g16434
MY2212	g18708
MY2212	g6471
MY2212	g16103
MY2212	g15171
MY2212	g5643
MY2212	g1835
MY2212	g9792
MY2212	g15234
MY2212	g9781
MY2212	g4960
MY2212	g15200
MY2212	g5517
MY2212	g6967
MY2212	g5145
MY2212	g1251
MY2212	g5484
MY2212	g7834
MY2212	g9750
MY2212	g5972
MY2212	g21300
MY2212	g7833
MY2212	g5991
MY2212	g5802
MY2212	g9753
MY2212	g5518
MY2212	g8209
MY2212	g9991
MY2212	g5919
MY2212	g3116
MY2212	g5843
MY2212	g7341
MY2212	g9639
MY2212	g9743
MY2212	g7484
MY2212	g3220
MY2212	g9745
MY2212	g4626
MY2212	g4668
MY2212	g9882
MY2212	g5984
MY2212	g17844
MY2212	g4630
MY2212	g9747
MY2212	g10915
MY2212	g5805
MY2212	g18798
MY2212	g10102
MY2212	g2614
MY2212	g6468
MY2212	g15012
MY2212	g5804
MY2212	g11632
MY2212	g16991
MY2212	g19221
MY2212	g10082
MY2212	g7233
MY2212	g5798
MY2212	g8688
MY2212	g13672
MY2212	g5995
MY2212	g14650
MY2212	g8687
MY2212	g6870
MY2212	g18272
MY2212	g5971
MY2212	g4806
MY2212	g6540
MY2212	g9830
MY2212	g6900
MY2212	g14642
MY2212	g6598
MY2212	g19460
MY2212	g14176
MY2212	g6622
MY2212	g6467
MY2212	g5986
MY2212	g5996
MY2212	g4161
MY2212	g18440
MY2212	g12860
MY2212	g13086
MY2212	g6464
MY2212	g16264
MY2212	g5525
MY2212	g2725
MY2212	g5964
MY2212	g11388
MY2212	g5526
MY2212	g5497
MY2212	g7143
MY2212	g9780
MY2212	g12937
MY2212	g5503
MY2212	g4623
MY2212	g21298
MY2212	g7232
MY2212	g13084
MY2212	g2072
MY2212	g5539
MY2212	g5527
MY2212	g6472
MY2212	g16197
MY2212	g5967
MY2212	g4493
MY2212	g5966
MY2212	g2731
MY2212	g16211
MY2212	g4628
MY2212	g4232
MY2212	g15243
MY2212	g17694
MY2212	g9621
MY2212	g7832
MY2212	g5476
MY2212	g8690
MY2212	g11629
MY2212	g21296
MY2212	g16198
MY2212	g13136
MY2212	g6482
MY2212	g8689
MY2212	g9006
MY2212	g5519
MY2212	g10293
MY2212	g18666
MY2212	g7860
MY2212	g5600
MY2212	g7391
MY2212	g7926
MY2212	g9155
MY2212	g2612
MY2212	g6392
MY2212	g16206
MY2212	g18391
MY2212	g5970
MY2212	g10019
MY2212	g16196
MY2212	g10216
MY2212	g9181
MY2212	g12966
MY2212	g8143
MY2212	g12999
MY2212	g6466
MY2212	g6473
MY2212	g21292
MY2212	g7344
MY2212	g5496
MY2212	g15004
MY2212	g7234
MY2212	g18981
MY2212	g9881
MY2212	g5803
MY2212	g8564
MY2212	g7919
MY2212	g5584
MY2212	g12489
MY2212	g6735
MY2212	g9782
MY2212	g15392
MY2212	g7422
MY2212	g8565
MY2212	g15203
MY2212	g9795
MY2212	g13081
MY2212	g5520
MY2212	g18707
MY2212	g8146
MY2212	g7238
MY2212	g11959
MY2212	g8686
MY2212	g16205
MY2212	g5080
MY2212	g5547
MY2212	g18965
MY2212	g7836
MY2212	g15199
MY2212	g16168
MY2212	g12599
MY2212	g7265
MY2212	g9829
MY2212	g9916
MY2212	g10605
MY2212	g9992
MY2212	g5777
MY2212	g2737
MY2212	g7485
MY2212	g10214
MY2212	g18289
MY2212	g6470
MY2212	g22188
MY2212	g5569
MY2212	g4709
MY2212	g18273
MY2212	g16247
MY2212	g6469
MY2212	g5993
MY2212	g7237
MY2212	g9932
MY2212	g4593
MY2212	g8147
MY2212	g5138
MY2212	g10155
MY2212	g15242
MY2212	g8692
MY2212	g18276
MY2212	g18390
MY2212	g6621
MY2212	g5523
MY2212	g76
MY2212	g2736
MY2212	g7264
MY2212	g5229
MY2212	g5987
MY2212	g9746
MY2212	g9005
MY2212	g7235
MY2212	g13268
MY2212	g5500
MY2212	g5585
MY2212	g6567
MY2212	g11631
MY2212	g7421
MY2212	g14174
MY2212	g5589
MY2212	g13085
MY2212	g5546
MY2212	g5528
MY2212	g9742
MY2212	g5799
MY2212	g2613
MY2212	g2730
MY2212	g17868
MY2212	g7236
MY2212	g14648
MY2212	g493
MY2212	g13087
MY2212	g9752
MY2212	g15223
MY2212	g5957
MY2212	g12245
MY2212	g6050
MY2212	g9800
MY2212	g9584
MY2212	g5969
MY2212	g5530
MY2212	g9741
MY2212	g5801
MY2212	g5963
MY2212	g5575
MY2212	g4866
MY2212	g3072
MY2212	g10739
MY2212	g14175
MY2212	g5968
MY2212	g7835
MY2212	g9684
MY2212	g5549
MY2212	g5409
MY2212	g9837
MY2212	g4629
MY2212	g6393
MY2212	g5502
MY2212	g9848
MY2212	g4361
MY2212	g13653
MY2212	g5516
MY2212	g6395
MY2212	g7343
MY2212	g13088
MY2212	g14028
MY2212	g10099
MY2212	g9749
MY2212	g492
MY2212	g9682
MY2212	g18264
MY2212	g15011
MY2212	g16776
MY2212	g9683
MY2212	g5524
MY2212	g5998
MY2212	g9748
MY2212	g7837
MY2212	g18227
MY2212	g9623
MY2212	g5997
MY2212	g5994
MY2212	g5574
MY2212	g12468
MY2212	g12164
MY2212	g8691
MY2212	g16246
MY2212	g15596
MY2212	g16153
MY2212	g15009
MY2212	g6555
MY2212	g21297
MY2212	g15169
NIC1	g18507
NIC1	g19999
NIC1	g1205
NIC1	g11206
NIC1	g479
NIC1	g5638
NIC1	g4521
NIC1	g4510
NIC1	g10428
NIC1	g19747
NIC1	g352
NIC1	g1698
NIC1	g5058
NIC1	g320
NIC1	g2567
NIC1	g4469
NIC1	g804
NIC1	g338
NIC1	g2566
NIC1	g11039
NIC1	g11028
NIC1	g4472
NIC1	g353
NIC1	g2940
NIC1	g4719
NIC1	g10242
NIC1	g679
NIC1	g2073
NIC1	g4359
NIC1	g4462
NIC1	g2568
NIC1	g2212
NIC1	g4464
NIC1	g13710
NIC1	g10761
NIC1	g18725
NIC1	g10720
NIC1	g4611
NIC1	g15985
NIC1	g10757
NIC1	g4466
NIC1	g641
NIC1	g19911
NIC1	g4824
NIC1	g9087
NIC1	g1202
NIC1	g9240
NIC1	g640
NIC1	g8771
NIC1	g14930
NIC1	g21067
NIC1	g19496
NIC1	g4804
NIC1	g9085
NIC1	g1968
NIC1	g634
NIC1	g3415
NIC1	g1125
NIC1	g11968
NIC1	g9809
NIC1	g12945
NIC1	g3414
NIC1	g1602
NIC1	g803
NIC1	g21072
NIC1	g15134
NIC1	g10581
NIC1	g1272
NIC1	g4461
NIC1	g11422
NIC1	g4557
NIC1	g11235
NIC1	g1632
NIC1	g12937
NIC1	g18741
NIC1	g1330
NIC1	g12471
NIC1	g1354
NIC1	g819
NIC1	g1201
NIC1	g18731
NIC1	g18739
NIC1	g827
NIC1	g8155
NIC1	g20265
NIC1	g20999
NIC1	g9927
NIC1	g1198
NIC1	g1207
NIC1	g360
NIC1	g796
NIC1	g361
NIC1	g333
NIC1	g4402
NIC1	g1878
NIC1	g4509
NIC1	g10764
NIC1	g1967
NIC1	g9925
NIC1	g5878
NIC1	g9781
NIC1	g11038
NIC1	g374
NIC1	g362
NIC1	g1206
NIC1	g802
NIC1	g10891
NIC1	g10759
NIC1	g11276
NIC1	g15832
NIC1	g4340
NIC1	g2565
NIC1	g313
NIC1	g3417
NIC1	g8774
NIC1	g21965
NIC1	g9840
NIC1	g11255
NIC1	g1216
NIC1	g3416
NIC1	g3731
NIC1	g354
NIC1	g2594
NIC1	g436
NIC1	g2121
NIC1	g2660
NIC1	g638
NIC1	g1124
NIC1	g20313
NIC1	g4746
NIC1	g826
NIC1	g828
NIC1	g10251
NIC1	g2569
NIC1	g2874
NIC1	g9698
NIC1	g18024
NIC1	g1200
NIC1	g823
NIC1	g872
NIC1	g21969
NIC1	g825
NIC1	g2076
NIC1	g332
NIC1	g11275
NIC1	g21963
NIC1	g1969
NIC1	g18740
NIC1	g19730
NIC1	g4610
NIC1	g639
NIC1	g3291
NIC1	g20041
NIC1	g2653
NIC1	g420
NIC1	g20875
NIC1	g1466
NIC1	g4511
NIC1	g2151
NIC1	g3292
NIC1	g9922
NIC1	g355
NIC1	g20000
NIC1	g4403
NIC1	g2877
NIC1	g1973
NIC1	g8443
NIC1	g3413
NIC1	g10304
NIC1	g383
NIC1	g10112
NIC1	g21001
NIC1	g2570
NIC1	g18769
NIC1	g11029
NIC1	g10521
NIC1	g9426
NIC1	g2000
NIC1	g7614
NIC1	g11204
NIC1	g4556
NIC1	g4643
NIC1	g21254
NIC1	g4720
NIC1	g613
NIC1	g18249
NIC1	g18730
NIC1	g2213
NIC1	g14304
NIC1	g1203
NIC1	g20414
NIC1	g1204
NIC1	g11236
NIC1	g16402
NIC1	g1127
NIC1	g405
NIC1	g10679
NIC1	g20428
NIC1	g18691
NIC1	g1972
NIC1	g4659
NIC1	g2878
NIC1	g20937
NIC1	g3419
NIC1	g20426
NIC1	g20314
NIC1	g1353
NIC1	g358
NIC1	g18250
NIC1	g1999
NIC1	g202
NIC1	g4465
NIC1	g3730
NIC1	g1970
NIC1	g336
NIC1	g421
NIC1	g1299
NIC1	g11027
NIC1	g8772
NIC1	g2150
NIC1	g12469
NIC1	g751
NIC1	g18832
NIC1	g818
NIC1	g425
NIC1	g9926
NIC1	g382
NIC1	g18674
NIC1	g2571
NIC1	g363
NIC1	g635
NIC1	g16009
NIC1	g1971
NIC1	g12943
NIC1	g7613
NIC1	g17867
NIC1	g9928
NIC1	g4471
NIC1	g789
NIC1	g22286
NIC1	g9972
NIC1	g411
NIC1	g4528
NIC1	g19259
NIC1	g798
NIC1	g9086
NIC1	g4303
NIC1	g801
NIC1	g365
NIC1	g4460
NIC1	g637
NIC1	g795
NIC1	g17906
NIC1	g21120
NIC1	g11239
NIC1	g12470
NIC1	g3882
NIC1	g800
NIC1	g11033
NIC1	g18256
NIC1	g385
NIC1	g26
NIC1	g4564
NIC1	g10758
NIC1	g4577
NIC1	g7963
NIC1	g8090
NIC1	g351
NIC1	g2075
NIC1	g11267
NIC1	g9929
NIC1	g12321
NIC1	g4821
NIC1	g4468
NIC1	g4401
NIC1	g20429
NIC1	g20437
NIC1	g10794
NIC1	g18255
NIC1	g359
NIC1	g829
NIC1	g4467
NIC1	g20474
NIC1	g799
NIC1	g4342
NIC1	g18261
NIC1	g816
NIC1	g410
NIC1	g20854
NIC1	g21961
NIC1	g3418
NIC1	g18692
NIC1	g11633
NIC1	g18783
NIC1	g3908
NIC1	g1287
NIC1	g21964
NIC1	g14811
PX179	g21236
PX179	g14611
PX179	g7280
PX179	g21563
PX179	g16307
PX179	g8098
PX179	g12130
PX179	g3960
PX179	g3971
PX179	g2078
PX179	g14356
PX179	g8226
PX179	g6784
PX179	g11548
PX179	g8257
PX179	g5912
PX179	g4002
PX179	g7768
PX179	g20887
PX179	g5913
PX179	g7749
PX179	g3999
PX179	g8225
PX179	g5544
PX179	g3765
PX179	g7822
PX179	g2266
PX179	g7898
PX179	g6409
PX179	g4118
PX179	g6268
PX179	g4007
PX179	g17151
PX179	g1739
PX179	g1781
PX179	g3866
PX179	g7756
PX179	g15470
PX179	g1743
PX179	g4005
PX179	g4012
PX179	g4014
PX179	g22501
PX179	g7936
PX179	g14520
PX179	g12917
PX179	g16369
PX179	g7283
PX179	g16142
PX179	g7937
PX179	g9206
PX179	g14106
PX179	g3687
PX179	g12915
PX179	g6513
PX179	g7943
PX179	g5066
PX179	g2432
PX179	g9883
PX179	g3415
PX179	g5067
PX179	g6881
PX179	g15043
PX179	g13472
PX179	g1923
PX179	g7212
PX179	g4074
PX179	g16522
PX179	g3921
PX179	g16336
PX179	g3406
PX179	g7154
PX179	g2940
PX179	g7130
PX179	g7284
PX179	g9913
PX179	g7754
PX179	g7745
PX179	g8590
PX179	g14876
PX179	g7287
PX179	g8218
PX179	g7776
PX179	g22241
PX179	g8217
PX179	g8244
PX179	g6605
PX179	g3972
PX179	g5909
PX179	g1736
PX179	g6514
PX179	g9997
PX179	g12370
PX179	g9855
PX179	g7746
PX179	g8204
PX179	g8216
PX179	g7279
PX179	g21472
PX179	g7773
PX179	g1605
PX179	g7774
PX179	g21458
PX179	g1741
PX179	g16378
PX179	g15622
PX179	g4013
PX179	g4137
PX179	g5914
PX179	g8264
PX179	g5064
PX179	g13672
PX179	g9209
PX179	g20891
PX179	g21471
PX179	g16356
PX179	g7269
PX179	g5065
PX179	g4747
PX179	g8224
PX179	g3497
PX179	g14655
PX179	g5886
PX179	g8142
PX179	g6361
PX179	g5821
PX179	g4599
PX179	g7939
PX179	g7362
PX179	g21463
PX179	g14925
PX179	g20889
PX179	g7770
PX179	g3741
PX179	g3566
PX179	g4573
PX179	g5612
PX179	g9776
PX179	g1285
PX179	g7285
PX179	g20895
PX179	g6406
PX179	g8245
PX179	g16377
PX179	g16134
PX179	g6512
PX179	g14339
PX179	g3867
PX179	g5190
PX179	g5827
PX179	g6851
PX179	g8158
PX179	g18370
PX179	g7016
PX179	g3970
PX179	g6330
PX179	g5189
PX179	g21501
PX179	g3957
PX179	g9994
PX179	g8223
PX179	g14612
PX179	g5608
PX179	g6508
PX179	g8882
PX179	g5068
PX179	g21464
PX179	g2202
PX179	g8195
PX179	g10191
PX179	g5910
PX179	g1983
PX179	g9514
PX179	g4009
PX179	g6481
PX179	g10800
PX179	g16305
PX179	g3922
PX179	g3832
PX179	g17913
PX179	g3764
PX179	g7964
PX179	g1515
PX179	g6267
PX179	g3568
PX179	g15028
PX179	g7281
PX179	g16337
PX179	g20049
PX179	g8173
PX179	g1824
PX179	g15042
PX179	g21422
PX179	g7282
PX179	g7747
PX179	g6509
PX179	g3818
PX179	g1704
PX179	g5607
PX179	g2257
PX179	g3625
PX179	g5062
PX179	g8167
PX179	g15040
PX179	g14926
PX179	g7131
PX179	g7278
PX179	g8220
PX179	g10382
PX179	g1516
PX179	g6482
PX179	g204
PX179	g8240
PX179	g7753
PX179	g4006
PX179	g4748
PX179	g6511
PX179	g8241
PX179	g21473
PX179	g8157
PX179	g7185
PX179	g9207
PX179	g6331
PX179	g2938
PX179	g8153
PX179	g9998
PX179	g8196
PX179	g21404
PX179	g8215
PX179	g7942
PX179	g15446
PX179	g6510
PX179	g3413
PX179	g9999
PX179	g10801
PX179	g1129
PX179	g10000
PX179	g4000
PX179	g7783
PX179	g17069
PX179	g7693
PX179	g10048
PX179	g3952
PX179	g13869
PX179	g12916
PX179	g4173
PX179	g7771
PX179	g8213
PX179	g7940
PX179	g7777
PX179	g7938
PX179	g1168
PX179	g17780
PX179	g7769
PX179	g16340
PX179	g2939
PX179	g8520
PX179	g7772
PX179	g5911
PX179	g1522
PX179	g8193
PX179	g26
PX179	g3914
PX179	g1742
PX179	g7361
PX179	g3901
PX179	g8393
PX179	g8227
PX179	g7359
PX179	g6407
PX179	g16368
PX179	g10001
PX179	g2789
PX179	g3671
PX179	g4003
PX179	g4075
PX179	g15051
PX179	g16141
PX179	g1521
PX179	g8219
PX179	g7743
PX179	g4004
PX179	g4015
PX179	g4011
PX179	g15088
PX179	g4135
PX179	g7744
PX179	g1527
PX179	g8168
PX179	g18390
PX179	g5063
PX179	g21423
PX179	g16740
PX179	g21514
PX179	g16139
PX179	g4073
PX179	g7197
PX179	g20890
QG4018	g14978
QG4018	g19945
QG4018	g4068
QG4018	g14639
QG4018	g16624
QG4018	g3314
QG4018	g9604
QG4018	g8038
QG4018	g358
QG4018	g369
QG4018	g9259
QG4018	g20202
QG4018	g9607
QG4018	g3187
QG4018	g4571
QG4018	g9074
QG4018	g7444
QG4018	g3154
QG4018	g5465
QG4018	g400
QG4018	g3634
QG4018	g3172
QG4018	g5464
QG4018	g16791
QG4018	g16803
QG4018	g397
QG4018	g3188
QG4018	g5840
QG4018	g155
QG4018	g4950
QG4018	g512
QG4018	g407
QG4018	g5466
QG4018	g5115
QG4018	g405
QG4018	g22120
QG4018	g9564
QG4018	g264
QG4018	g17144
QG4018	g403
QG4018	g13575
QG4018	g20035
QG4018	g48
QG4018	g1626
QG4018	g4065
QG4018	g1431
QG4018	g3473
QG4018	g18865
QG4018	g18194
QG4018	g20454
QG4018	g68
QG4018	g1624
QG4018	g4842
QG4018	g3467
QG4018	g6317
QG4018	g3984
QG4018	g14076
QG4018	g13085
QG4018	g6316
QG4018	g4475
QG4018	g19508
QG4018	g17990
QG4018	g9419
QG4018	g4141
QG4018	g408
QG4018	g9081
QG4018	g16405
QG4018	g319
QG4018	g16592
QG4018	g4505
QG4018	g4200
QG4018	g11567
QG4018	g13574
QG4018	g4224
QG4018	g3650
QG4018	g4064
QG4018	g9602
QG4018	g3658
QG4018	g10537
QG4018	g10065
QG4018	g19675
QG4018	g15704
QG4018	g4061
QG4018	g14805
QG4018	g3195
QG4018	g11569
QG4018	g1739
QG4018	g3626
QG4018	g3654
QG4018	g3196
QG4018	g3167
QG4018	g467
QG4018	g4750
QG4018	g370
QG4018	g15565
QG4018	g4841
QG4018	g15702
QG4018	g8276
QG4018	g16792
QG4018	g3209
QG4018	g3197
QG4018	g4069
QG4018	g14735
QG4018	g13093
QG4018	g3632
QG4018	g9733
QG4018	g22348
QG4018	g3472
QG4018	g1746
QG4018	g14749
QG4018	g16551
QG4018	g17295
QG4018	g530
QG4018	g5463
QG4018	g6686
QG4018	g3146
QG4018	g6319
QG4018	g18868
QG4018	g11571
QG4018	g14736
QG4018	g16571
QG4018	g4079
QG4018	g6318
QG4018	g1146
QG4018	g3189
QG4018	g18453
QG4018	g19902
QG4018	g5492
QG4018	g3271
QG4018	g3633
QG4018	g4999
QG4018	g5022
QG4018	g5558
QG4018	g9603
QG4018	g994
QG4018	g3983
QG4018	g14744
QG4018	g19626
QG4018	g127
QG4018	g3471
QG4018	g1745
QG4018	g3657
QG4018	g3659
QG4018	g18376
QG4018	g967
QG4018	g5467
QG4018	g5772
QG4018	g15483
QG4018	g15618
QG4018	g4063
QG4018	g3707
QG4018	g11575
QG4018	g3656
QG4018	g3511
QG4018	g4953
QG4018	g3166
QG4018	g16552
QG4018	g4843
QG4018	g14704
QG4018	g20219
QG4018	g265
QG4018	g6194
QG4018	g5551
QG4018	g5051
QG4018	g3255
QG4018	g20895
QG4018	g4337
QG4018	g368
QG4018	g5052
QG4018	g16797
QG4018	g6195
QG4018	g15699
QG4018	g3190
QG4018	g19944
QG4018	g466
QG4018	g5776
QG4018	g4847
QG4018	g18535
QG4018	g6315
QG4018	g14743
QG4018	g9137
QG4018	g3218
QG4018	g3246
QG4018	g15888
QG4018	g5468
QG4018	g13722
QG4018	g16802
QG4018	g9636
QG4018	g9355
QG4018	g15222
QG4018	g4874
QG4018	g16626
QG4018	g320
QG4018	g230
QG4018	g10859
QG4018	g154
QG4018	g3446
QG4018	g5116
QG4018	g18374
QG4018	g19525
QG4018	g1752
QG4018	g4067
QG4018	g16591
QG4018	g21440
QG4018	g3986
QG4018	g3240
QG4018	g9522
QG4018	g19509
QG4018	g14784
QG4018	g3583
QG4018	g4066
QG4018	g4846
QG4018	g214
QG4018	g5777
QG4018	g18315
QG4018	g6321
QG4018	g19512
QG4018	g19625
QG4018	g4223
QG4018	g3468
QG4018	g3193
QG4018	g4873
QG4018	g8988
QG4018	g404
QG4018	g1147
QG4018	g4844
QG4018	g3170
QG4018	g14734
QG4018	g3256
QG4018	g4070
QG4018	g4168
QG4018	g16804
QG4018	g18866
QG4018	g13576
QG4018	g3649
QG4018	g3260
QG4018	g15703
QG4018	g3217
QG4018	g3198
QG4018	g1744
QG4018	g17120
QG4018	g4845
QG4018	g13087
QG4018	g6687
QG4018	g2142
QG4018	g15705
QG4018	g398
QG4018	g3619
QG4018	g22202
QG4018	g15749
QG4018	g350
QG4018	g20696
QG4018	g3628
QG4018	g1625
QG4018	g567
QG4018	g3631
QG4018	g3200
QG4018	g409
QG4018	g3470
QG4018	g3625
QG4018	g2095
QG4018	g355
QG4018	g10726
QG4018	g16588
QG4018	g9995
QG4018	g3630
QG4018	g3220
QG4018	g8812
QG4018	g311
QG4018	g3474
QG4018	g298
QG4018	g9867
QG4018	g3186
QG4018	g4952
QG4018	g16560
QG4018	g15706
QG4018	g51
QG4018	g401
QG4018	g468
QG4018	g19500
QG4018	g9601
QG4018	g3194
QG4018	g3660
QG4018	g402
QG4018	g5469
QG4018	g19463
QG4018	g3629
QG4018	g528
QG4018	g3647
QG4018	g3245
QG4018	g20874
QG4018	g1751
QG4018	g6320
QG4018	g14783
QG4018	g16191
QG4018	g14690
QG4018	g4156
QG4018	g11570
TWN2530	g10634
TWN2530	g1630
TWN2530	g6163
TWN2530	g2445
TWN2530	g8105
TWN2530	g17504
TWN2530	g2096
TWN2530	g17493
TWN2530	g3130
TWN2530	g10380
TWN2530	g17801
TWN2530	g6134
TWN2530	g2574
TWN2530	g1126
TWN2530	g2946
TWN2530	g4574
TWN2530	g2605
TWN2530	g259
TWN2530	g17462
TWN2530	g2119
TWN2530	g18443
TWN2530	g2588
TWN2530	g260
TWN2530	g2102
TWN2530	g17465
TWN2530	g15923
TWN2530	g17707
TWN2530	g2172
TWN2530	g21846
TWN2530	g2248
TWN2530	g751
TWN2530	g17349
TWN2530	g17455
TWN2530	g614
TWN2530	g17457
TWN2530	g12756
TWN2530	g3461
TWN2530	g3420
TWN2530	g17598
TWN2530	g2109
TWN2530	g11493
TWN2530	g3457
TWN2530	g17459
TWN2530	g2285
TWN2530	g10545
TWN2530	g8893
TWN2530	g1633
TWN2530	g6324
TWN2530	g2286
TWN2530	g13421
TWN2530	g12541
TWN2530	g10128
TWN2530	g8891
TWN2530	g862
TWN2530	g2292
TWN2530	g16402
TWN2530	g7666
TWN2530	g6690
TWN2530	g16401
TWN2530	g1223
TWN2530	g11066
TWN2530	g2120
TWN2530	g12339
TWN2530	g3283
TWN2530	g2953
TWN2530	g1562
TWN2530	g17393
TWN2530	g17454
TWN2530	g5940
TWN2530	g17543
TWN2530	g1192
TWN2530	g6698
TWN2530	g1503
TWN2530	g7164
TWN2530	g1479
TWN2530	g1634
TWN2530	g17821
TWN2530	g2107
TWN2530	g14228
TWN2530	g2098
TWN2530	g3918
TWN2530	g10900
TWN2530	g14227
TWN2530	g9282
TWN2530	g1637
TWN2530	g2566
TWN2530	g22304
TWN2530	g14194
TWN2530	g2127
TWN2530	g2565
TWN2530	g2592
TWN2530	g17492
TWN2530	g9430
TWN2530	g256
TWN2530	g3464
TWN2530	g863
TWN2530	g9284
TWN2530	g8343
TWN2530	g2099
TWN2530	g2552
TWN2530	g2564
TWN2530	g1629
TWN2530	g2124
TWN2530	g3592
TWN2530	g2125
TWN2530	g15805
TWN2530	g22298
TWN2530	g14242
TWN2530	g3459
TWN2530	g6091
TWN2530	g11065
TWN2530	g11645
TWN2530	g17331
TWN2530	g261
TWN2530	g2613
TWN2530	g16404
TWN2530	g13418
TWN2530	g18439
TWN2530	g21752
TWN2530	g1619
TWN2530	g16403
TWN2530	g16719
TWN2530	g2572
TWN2530	g10676
TWN2530	g233
TWN2530	g2490
TWN2530	g704
TWN2530	g167
TWN2530	g14129
TWN2530	g16867
TWN2530	g2288
TWN2530	g1711
TWN2530	g10948
TWN2530	g18441
TWN2530	g2121
TWN2530	g17735
TWN2530	g16894
TWN2530	g9401
TWN2530	g15857
TWN2530	g9507
TWN2530	g9369
TWN2530	g1635
TWN2530	g1628
TWN2530	g18435
TWN2530	g748
TWN2530	g2593
TWN2530	g6332
TWN2530	g949
TWN2530	g861
TWN2530	g10363
TWN2530	g17597
TWN2530	g2287
TWN2530	g16278
TWN2530	g14276
TWN2530	g22285
TWN2530	g174
TWN2530	g2506
TWN2530	g13085
TWN2530	g1366
TWN2530	g17494
TWN2530	g674
TWN2530	g6131
TWN2530	g16279
TWN2530	g9287
TWN2530	g2571
TWN2530	g2573
TWN2530	g15302
TWN2530	g10635
TWN2530	g17394
TWN2530	g15860
TWN2530	g613
TWN2530	g857
TWN2530	g13748
TWN2530	g16400
TWN2530	g3008
TWN2530	g2543
TWN2530	g9096
TWN2530	g17942
TWN2530	g257
TWN2530	g6135
TWN2530	g14463
TWN2530	g3224
TWN2530	g9779
TWN2530	g14236
TWN2530	g830
TWN2530	g17542
TWN2530	g17632
TWN2530	g14994
TWN2530	g17708
TWN2530	g2312
TWN2530	g14237
TWN2530	g11051
TWN2530	g22287
TWN2530	g1631
TWN2530	g20332
TWN2530	g2521
TWN2530	g3380
TWN2530	g1632
TWN2530	g2100
TWN2530	g858
TWN2530	g17648
TWN2530	g3494
TWN2530	g15861
TWN2530	g17881
TWN2530	g6092
TWN2530	g16406
TWN2530	g2515
TWN2530	g11063
TWN2530	g10949
TWN2530	g1480
TWN2530	g2568
TWN2530	g22479
TWN2530	g22284
TWN2530	g831
TWN2530	g2861
TWN2530	g14277
TWN2530	g859
TWN2530	g2106
TWN2530	g17458
TWN2530	g16718
TWN2530	g860
TWN2530	g2589
TWN2530	g2505
TWN2530	g1534
TWN2530	g13420
TWN2530	g675
TWN2530	g7166
TWN2530	g14295
TWN2530	g2501
TWN2530	g9283
TWN2530	g2544
TWN2530	g2563
TWN2530	g2291
TWN2530	g22299
TWN2530	g11468
TWN2530	g6692
TWN2530	g5327
TWN2530	g9281
TWN2530	g17464
TWN2530	g6111
TWN2530	g2134
TWN2530	g12838
TWN2530	g2044
TWN2530	g9236
TWN2530	g17512
TWN2530	g9891
TWN2530	g18016
TWN2530	g14226
TWN2530	g8892
TWN2530	g17294
TWN2530	g17818
TWN2530	g2122
TWN2530	g2561
TWN2530	g17453
TWN2530	g2289
TWN2530	g2128
TWN2530	g21891
TWN2530	g17507
TWN2530	g15126
TWN2530	g7165
TWN2530	g3849
TWN2530	g2123
TWN2530	g258
TWN2530	g2541
TWN2530	g2680
TWN2530	g17551
TWN2530	g3458
TWN2530	g1710
TWN2530	g17564
TWN2530	g3722
TWN2530	g2575
TWN2530	g1708
TWN2530	g749
TWN2530	g9280
TWN2530	g7313
TWN2530	g17461
TWN2530	g5328
TWN2530	g17392
TWN2530	g11074
TWN2530	g6325
TWN2530	g2567
TWN2530	g17460
TWN2530	g11111
TWN2530	g17333
TWN2530	g2097
TWN2530	g6100
TWN2530	g2516
TWN2530	g22286
TWN2530	g13063
TWN2530	g14225
TWN2530	g17940
TWN2530	g16405
TWN2530	g5729
TWN2530	g14180
TWN2530	g6327
TWN2530	g1546
TWN2530	g18440
TWN2530	g6165
ECA1409	g10002
ECA1409	g13615
ECA1409	g9063
ECA1409	g22057
ECA1409	g5337
ECA1409	g10945
ECA1409	g6822
ECA1409	g6820
ECA1409	g8789
ECA1409	g7591
ECA1409	g9957
ECA1409	g4995
ECA1409	g5340
ECA1409	g3709
ECA1409	g5670
ECA1409	g5888
ECA1409	g11526
ECA1409	g17955
ECA1409	g5716
ECA1409	g21420
ECA1409	g6508
ECA1409	g22399
ECA1409	g3232
ECA1409	g5673
ECA1409	g9702
ECA1409	g3619
ECA1409	g5334
ECA1409	g9706
ECA1409	g14450
ECA1409	g7684
ECA1409	g13658
ECA1409	g15485
ECA1409	g6330
ECA1409	g5296
ECA1409	g563
ECA1409	g5090
ECA1409	g16239
ECA1409	g10006
ECA1409	g6821
ECA1409	g9977
ECA1409	g9066
ECA1409	g20476
ECA1409	g15383
ECA1409	g8104
ECA1409	g5453
ECA1409	g5754
ECA1409	g9517
ECA1409	g13882
ECA1409	g5482
ECA1409	g22266
ECA1409	g13111
ECA1409	g8288
ECA1409	g9984
ECA1409	g9707
ECA1409	g22334
ECA1409	g6824
ECA1409	g2142
ECA1409	g5756
ECA1409	g1162
ECA1409	g9534
ECA1409	g14048
ECA1409	g7685
ECA1409	g9530
ECA1409	g19793
ECA1409	g5149
ECA1409	g5759
ECA1409	g12288
ECA1409	g8982
ECA1409	g8618
ECA1409	g1170
ECA1409	g9988
ECA1409	g9987
ECA1409	g562
ECA1409	g8103
ECA1409	g1640
ECA1409	g8900
ECA1409	g9701
ECA1409	g9067
ECA1409	g9519
ECA1409	g21508
ECA1409	g5762
ECA1409	g15446
ECA1409	g21645
ECA1409	g15454
ECA1409	g10160
ECA1409	g9507
ECA1409	g9976
ECA1409	g9979
ECA1409	g15455
ECA1409	g19860
ECA1409	g15400
ECA1409	g5333
ECA1409	g13616
ECA1409	g5335
ECA1409	g9070
ECA1409	g9508
ECA1409	g405
ECA1409	g5758
ECA1409	g5671
ECA1409	g9537
ECA1409	g17950
ECA1409	g5749
ECA1409	g8373
ECA1409	g7597
ECA1409	g8650
ECA1409	g9985
ECA1409	g17953
ECA1409	g8289
ECA1409	g21422
ECA1409	g10709
ECA1409	g9915
ECA1409	g14626
ECA1409	g8256
ECA1409	g9062
ECA1409	g15549
ECA1409	g3231
ECA1409	g4820
ECA1409	g9857
ECA1409	g5480
ECA1409	g4813
ECA1409	g21039
ECA1409	g9580
ECA1409	g12289
ECA1409	g9920
ECA1409	g638
ECA1409	g20481
ECA1409	g7371
ECA1409	g640
ECA1409	g9981
ECA1409	g5752
ECA1409	g582
ECA1409	g9052
ECA1409	g10028
ECA1409	g7308
ECA1409	g5817
ECA1409	g9703
ECA1409	g3237
ECA1409	g20477
ECA1409	g9144
ECA1409	g8041
ECA1409	g5705
ECA1409	g5861
ECA1409	g10162
ECA1409	g21540
ECA1409	g8283
ECA1409	g5753
ECA1409	g6825
ECA1409	g3238
ECA1409	g7375
ECA1409	g3461
ECA1409	g7686
ECA1409	g9068
ECA1409	g809
ECA1409	g14473
ECA1409	g9463
ECA1409	g17945
ECA1409	g8257
ECA1409	g9661
ECA1409	g5929
ECA1409	g9986
ECA1409	g19666
ECA1409	g21425
ECA1409	g13347
ECA1409	g15401
ECA1409	g9973
ECA1409	g9704
ECA1409	g16258
ECA1409	g8179
ECA1409	g4876
ECA1409	g6823
ECA1409	g9902
ECA1409	g7658
ECA1409	g603
ECA1409	g10005
ECA1409	g7372
ECA1409	g13527
ECA1409	g20150
ECA1409	g571
ECA1409	g21236
ECA1409	g19533
ECA1409	g9512
ECA1409	g21919
ECA1409	g9529
ECA1409	g6945
ECA1409	g5664
ECA1409	g5483
ECA1409	g14032
ECA1409	g15445
ECA1409	g10003
ECA1409	g5652
ECA1409	g8924
ECA1409	g9064
ECA1409	g7683
ECA1409	g2707
ECA1409	g6944
ECA1409	g5254
ECA1409	g14047
ECA1409	g8040
ECA1409	g13931
ECA1409	g9065
ECA1409	g9510
ECA1409	g5703
ECA1409	g5601
ECA1409	g3239
ECA1409	g5715
ECA1409	g8901
ECA1409	g9061
ECA1409	g9535
ECA1409	g12709
ECA1409	g5751
ECA1409	g4728
ECA1409	g5566
ECA1409	g9516
ECA1409	g6509
ECA1409	g7681
ECA1409	g8286
ECA1409	g9700
ECA1409	g8285
ECA1409	g5748
ECA1409	g9919
ECA1409	g8955
ECA1409	g22182
ECA1409	g1642
ECA1409	g5602
ECA1409	g9980
ECA1409	g7682
ECA1409	g21421
ECA1409	g5755
ECA1409	g6826
ECA1409	g607
ECA1409	g1164
ECA1409	g9733
ECA1409	g608
ECA1409	g9543
ECA1409	g16017
ECA1409	g21372
ECA1409	g15440
ECA1409	g9929
ECA1409	g15939
ECA1409	g19140
ECA1409	g18837
ECA1409	g3225
ECA1409	g9532
ECA1409	g5551
ECA1409	g22058
ECA1409	g12870
ECA1409	g3583
ECA1409	g8284
ECA1409	g19011
ECA1409	g22264
ECA1409	g1641
ECA1409	g18359
ECA1409	g13932
ECA1409	g9531
ECA1409	g8176
ECA1409	g802
ECA1409	g8552
ECA1409	g21570
ECA1409	g5717
ECA1409	g9954
ECA1409	g4555
ECA1409	g9933
ECA1409	g9538
ECA1409	g9143
ECA1409	g10161
ECA1409	g9978
ECA1409	g9930
ECA1409	g9141
ECA1409	g8287
ECA1409	g5887
ECA1409	g21419
ECA1409	g22402
ECA1409	g8967
ECA1409	g1790
ECA1409	g8177
ECA1409	g14056
ECA1409	g5454
ECA1409	g8131
ECA1409	g801
ECA1409	g9506
ECA1409	g14091
ECA1409	g9956
ECA1409	g5816
ECA1409	g6357
ECA1409	g5600
ECA1409	g9509
ECA1409	g5374
ECA1409	g10018
ECA1409	g15497
ECA1409	g184
ECA1409	g15224
ECA1409	g9533
ECA1409	g17951
ECA1409	g13364
ECA1409	g7687
ECA1409	g14045
ECA1409	g22424
ECA191	g5787
ECA191	g2874
ECA191	g19356
ECA191	g15172
ECA191	g1694
ECA191	g605
ECA191	g7847
ECA191	g4905
ECA191	g17857
ECA191	g609
ECA191	g6270
ECA191	g6675
ECA191	g5832
ECA191	g7501
ECA191	g15060
ECA191	g14683
ECA191	g7850
ECA191	g19826
ECA191	g19399
ECA191	g4326
ECA191	g1663
ECA191	g1597
ECA191	g10488
ECA191	g1695
ECA191	g6083
ECA191	g117
ECA191	g14784
ECA191	g8568
ECA191	g17861
ECA191	g7844
ECA191	g6079
ECA191	g13872
ECA191	g1598
ECA191	g14920
ECA191	g2667
ECA191	g7806
ECA191	g6679
ECA191	g10486
ECA191	g17860
ECA191	g11470
ECA191	g14983
ECA191	g19269
ECA191	g5783
ECA191	g10307
ECA191	g11104
ECA191	g1737
ECA191	g14984
ECA191	g2036
ECA191	g611
ECA191	g18853
ECA191	g9022
ECA191	g5806
ECA191	g6078
ECA191	g6753
ECA191	g607
ECA191	g12140
ECA191	g6243
ECA191	g17442
ECA191	g6247
ECA191	g6260
ECA191	g2603
ECA191	g17856
ECA191	g8243
ECA191	g7661
ECA191	g1661
ECA191	g1558
ECA191	g1801
ECA191	g15918
ECA191	g15497
ECA191	g6248
ECA191	g18433
ECA191	g5802
ECA191	g17858
ECA191	g5803
ECA191	g19835
ECA191	g9318
ECA191	g6084
ECA191	g6258
ECA191	g10573
ECA191	g19357
ECA191	g22110
ECA191	g2653
ECA191	g5686
ECA191	g606
ECA191	g5814
ECA191	g5811
ECA191	g8310
ECA191	g2702
ECA191	g7843
ECA191	g5770
ECA191	g7845
ECA191	g8563
ECA191	g5786
ECA191	g13150
ECA191	g1703
ECA191	g6240
ECA191	g15256
ECA191	g17771
ECA191	g12631
ECA191	g15528
ECA191	g1660
ECA191	g5805
ECA191	g6833
ECA191	g5140
ECA191	g8567
ECA191	g5873
ECA191	g2662
ECA191	g13699
ECA191	g1800
ECA191	g6676
ECA191	g17764
ECA191	g2617
ECA191	g7324
ECA191	g2652
ECA191	g5929
ECA191	g8562
ECA191	g6768
ECA191	g1693
ECA191	g6678
ECA191	g7318
ECA191	g54
ECA191	g8116
ECA191	g6196
ECA191	g6674
ECA191	g3571
ECA191	g5868
ECA191	g19759
ECA191	g6267
ECA191	g5771
ECA191	g11109
ECA191	g10487
ECA191	g18437
ECA191	g19834
ECA191	g7598
ECA191	g13129
ECA191	g5809
ECA191	g19815
ECA191	g5760
ECA191	g7377
ECA191	g6269
ECA191	g6673
ECA191	g1744
ECA191	g17863
ECA191	g1078
ECA191	g926
ECA191	g11105
ECA191	g6268
ECA191	g1665
ECA191	g18436
ECA191	g10602
ECA191	g53
ECA191	g50
ECA191	g2020
ECA191	g1498
ECA191	g19597
ECA191	g13849
ECA191	g6317
ECA191	g18441
ECA191	g6125
ECA191	g5804
ECA191	g6780
ECA191	g1653
ECA191	g19792
ECA191	g12776
ECA191	g10493
ECA191	g19089
ECA191	g2701
ECA191	g5817
ECA191	g9005
ECA191	g6081
ECA191	g11451
ECA191	g6082
ECA191	g15062
ECA191	g608
ECA191	g5886
ECA191	g17832
ECA191	g2651
ECA191	g12142
ECA191	g6597
ECA191	g2040
ECA191	g5784
ECA191	g6265
ECA191	g15166
ECA191	g10775
ECA191	g1656
ECA191	g1666
ECA191	g2200
ECA191	g7983
ECA191	g17862
ECA191	g19106
ECA191	g20994
ECA191	g15139
ECA191	g1736
ECA191	g1838
ECA191	g1927
ECA191	g6670
ECA191	g8569
ECA191	g6677
ECA191	g19788
ECA191	g10105
ECA191	g483
ECA191	g6689
ECA191	g7765
ECA191	g17443
ECA191	g1657
ECA191	g8556
ECA191	g2270
ECA191	g3572
ECA191	g1105
ECA191	g20295
ECA191	g2095
ECA191	g17446
ECA191	g2661
ECA191	g17459
ECA191	g6600
ECA191	g18435
ECA191	g6680
ECA191	g6242
ECA191	g3165
ECA191	g15140
ECA191	g7232
ECA191	g6261
ECA191	g1659
ECA191	g15169
ECA191	g6085
ECA191	g15168
ECA191	g5869
ECA191	g12148
ECA191	g5810
ECA191	g10489
ECA191	g2719
ECA191	g1541
ECA191	g6049
ECA191	g19787
ECA191	g2152
ECA191	g6234
ECA191	g11692
ECA191	g10441
ECA191	g5859
ECA191	g11771
ECA191	g17607
ECA191	g5684
ECA191	g8788
ECA191	g15695
ECA191	g6245
ECA191	g927
ECA191	g610
ECA191	g18616
ECA191	g8914
ECA191	g15167
ECA191	g9190
ECA191	g22104
ECA191	g19757
ECA191	g17555
ECA191	g6246
ECA191	g1926
ECA191	g19604
ECA191	g15431
ECA191	g20080
ECA191	g5835
ECA191	g22412
ECA191	g5855
ECA191	g6239
ECA191	g6942
ECA191	g12632
ECA191	g1754
ECA191	g1542
ECA191	g5685
ECA191	g5812
ECA191	g5858
ECA191	g15170
ECA191	g1854
ECA191	g2545
ECA191	g6809
ECA191	g17434
ECA191	g15012
ECA191	g19605
ECA191	g6271
ECA191	g17556
ECA191	g17396
ECA191	g5813
ECA191	g14919
ECA191	g6832
ECA191	g15059
ECA191	g6598
ECA191	g5833
ECA191	g1662
ECA191	g7878
ECA191	g17859
ECA191	g482
ECA191	g10631
ECA191	g2198
ECA191	g10490
ECA191	g15171
ECA191	g6672
ECA191	g6244
ECA191	g1658
ECA1997	g17129
ECA1997	g20155
ECA1997	g4478
ECA1997	g10923
ECA1997	g4516
ECA1997	g5842
ECA1997	g20084
ECA1997	g1812
ECA1997	g20646
ECA1997	g18040
ECA1997	g20618
ECA1997	g21083
ECA1997	g4483
ECA1997	g20160
ECA1997	g20158
ECA1997	g19629
ECA1997	g5497
ECA1997	g18546
ECA1997	g5845
ECA1997	g9036
ECA1997	g4627
ECA1997	g3397
ECA1997	g1232
ECA1997	g21137
ECA1997	g4481
ECA1997	g10922
ECA1997	g3718
ECA1997	g4412
ECA1997	g4472
ECA1997	g21033
ECA1997	g21096
ECA1997	g4484
ECA1997	g21105
ECA1997	g20808
ECA1997	g22481
ECA1997	g21050
ECA1997	g18044
ECA1997	g5839
ECA1997	g4413
ECA1997	g18400
ECA1997	g17086
ECA1997	g4563
ECA1997	g21103
ECA1997	g4476
ECA1997	g3896
ECA1997	g21045
ECA1997	g5801
ECA1997	g20644
ECA1997	g20640
ECA1997	g18043
ECA1997	g21093
ECA1997	g21614
ECA1997	g18464
ECA1997	g17216
ECA1997	g4474
ECA1997	g20650
ECA1997	g10165
ECA1997	g18465
ECA1997	g4851
ECA1997	g20628
ECA1997	g4473
ECA1997	g17631
ECA1997	g2593
ECA1997	g18660
ECA1997	g11817
ECA1997	g20813
ECA1997	g3399
ECA1997	g14077
ECA1997	g3398
ECA1997	g16693
ECA1997	g20641
ECA1997	g15710
ECA1997	g14643
ECA1997	g6236
ECA1997	g22558
ECA1997	g5653
ECA1997	g20812
ECA1997	g3403
ECA1997	g4370
ECA1997	g4628
ECA1997	g4480
ECA1997	g13450
ECA1997	g18986
ECA1997	g14447
ECA1997	g18041
ECA1997	g21107
ECA1997	g20807
ECA1997	g20630
ECA1997	g10838
ECA1997	g17128
ECA1997	g2595
ECA1997	g10925
ECA1997	g11840
ECA1997	g6301
ECA1997	g4733
ECA1997	g5325
ECA1997	g15614
ECA1997	g5838
ECA1997	g5840
ECA1997	g9037
ECA1997	g21098
ECA1997	g20649
ECA1997	g21041
ECA1997	g12374
ECA1997	g21097
ECA1997	g21124
ECA1997	g18745
ECA1997	g2629
ECA1997	g21013
ECA1997	g13595
ECA1997	g18661
ECA1997	g10921
ECA1997	g20000
ECA1997	g2045
ECA1997	g9042
ECA1997	g16110
ECA1997	g20157
ECA1997	g2637
ECA1997	g15665
ECA1997	g20971
ECA1997	g14069
ECA1997	g14454
ECA1997	g4515
ECA1997	g5319
ECA1997	g2849
ECA1997	g6108
ECA1997	g488
ECA1997	g14611
ECA1997	g20621
ECA1997	g15615
ECA1997	g10168
ECA1997	g6865
ECA1997	g20145
ECA1997	g5593
ECA1997	g21120
ECA1997	g15664
ECA1997	g6860
ECA1997	g19154
ECA1997	g3400
ECA1997	g21146
ECA1997	g21104
ECA1997	g20619
ECA1997	g4584
ECA1997	g14684
ECA1997	g4526
ECA1997	g20655
ECA1997	g18046
ECA1997	g10166
ECA1997	g20620
ECA1997	g19868
ECA1997	g15698
ECA1997	g10806
ECA1997	g2848
ECA1997	g21029
ECA1997	g2912
ECA1997	g2844
ECA1997	g10699
ECA1997	g15654
ECA1997	g9275
ECA1997	g4306
ECA1997	g6862
ECA1997	g16265
ECA1997	g21074
ECA1997	g20153
ECA1997	g6869
ECA1997	g20771
ECA1997	g4898
ECA1997	g20057
ECA1997	g20234
ECA1997	g20235
ECA1997	g21121
ECA1997	g10918
ECA1997	g17396
ECA1997	g4572
ECA1997	g3401
ECA1997	g20810
ECA1997	g21595
ECA1997	g18548
ECA1997	g5378
ECA1997	g20645
ECA1997	g18015
ECA1997	g15666
ECA1997	g14075
ECA1997	g4517
ECA1997	g20623
ECA1997	g4479
ECA1997	g18655
ECA1997	g9840
ECA1997	g9041
ECA1997	g4832
ECA1997	g11116
ECA1997	g4959
ECA1997	g18659
ECA1997	g5976
ECA1997	g4854
ECA1997	g18045
ECA1997	g17379
ECA1997	g10430
ECA1997	g18628
ECA1997	g3274
ECA1997	g20643
ECA1997	g5027
ECA1997	g4562
ECA1997	g4665
ECA1997	g19017
ECA1997	g4734
ECA1997	g20162
ECA1997	g9043
ECA1997	g20156
ECA1997	g14676
ECA1997	g12541
ECA1997	g20232
ECA1997	g3275
ECA1997	g5760
ECA1997	g16694
ECA1997	g13076
ECA1997	g489
ECA1997	g14647
ECA1997	g16697
ECA1997	g15655
ECA1997	g16709
ECA1997	g14837
ECA1997	g20159
ECA1997	g6864
ECA1997	g21100
ECA1997	g81
ECA1997	g20154
ECA1997	g18629
ECA1997	g20627
ECA1997	g4477
ECA1997	g18658
ECA1997	g20806
ECA1997	g18657
ECA1997	g21106
ECA1997	g20694
ECA1997	g4352
ECA1997	g15597
ECA1997	g4760
ECA1997	g21095
ECA1997	g16288
ECA1997	g20843
ECA1997	g10924
ECA1997	g21833
ECA1997	g4469
ECA1997	g20809
ECA1997	g10970
ECA1997	g15649
ECA1997	g21913
ECA1997	g11532
ECA1997	g16858
ECA1997	g20025
ECA1997	g20647
ECA1997	g20571
ECA1997	g20069
ECA1997	g21072
ECA1997	g9031
ECA1997	g3717
ECA1997	g17867
ECA1997	g9406
ECA1997	g18656
ECA1997	g21125
ECA1997	g11660
ECA1997	g21075
ECA1997	g14609
ECA1997	g16808
ECA1997	g14665
ECA1997	g20642
ECA1997	g18920
ECA1997	g5063
ECA1997	g13594
ECA1997	g2594
ECA1997	g20141
ECA1997	g18039
ECA1997	g16684
ECA1997	g18494
ECA1997	g14683
ECA1997	g14455
ECA1997	g21099
ECA1997	g22383
ECA1997	g20617
ECA1997	g16809
ECA1997	g16647
ECA1997	g14644
ECA1997	g18399
ECA1997	g20001
ECA1997	g18545
ECA1997	g5232
ECA1997	g5879
ECA1997	g3867
ECA1997	g15059
ECA1997	g18042
ECA1997	g4681
ECA1997	g10779
ECA1997	g4957
ECA1997	g3402
ECA1997	g4353
ECA1997	g13097
ECA2565	g3487
ECA2565	g9300
ECA2565	g17529
ECA2565	g5710
ECA2565	g8487
ECA2565	g15754
ECA2565	g12603
ECA2565	g12592
ECA2565	g473
ECA2565	g3742
ECA2565	g8360
ECA2565	g9798
ECA2565	g16340
ECA2565	g8328
ECA2565	g10661
ECA2565	g12561
ECA2565	g8817
ECA2565	g10660
ECA2565	g8835
ECA2565	g5890
ECA2565	g5879
ECA2565	g18204
ECA2565	g12564
ECA2565	g8361
ECA2565	g11030
ECA2565	g12804
ECA2565	g8764
ECA2565	g287
ECA2565	g8382
ECA2565	g8688
ECA2565	g10171
ECA2565	g12450
ECA2565	g12554
ECA2565	g10310
ECA2565	g2651
ECA2565	g5648
ECA2565	g12556
ECA2565	g21082
ECA2565	g812
ECA2565	g769
ECA2565	g12695
ECA2565	g8828
ECA2565	g2627
ECA2565	g808
ECA2565	g12558
ECA2565	g20080
ECA2565	g8652
ECA2565	g3575
ECA2565	g12913
ECA2565	g9297
ECA2565	g8651
ECA2565	g21870
ECA2565	g1576
ECA2565	g3997
ECA2565	g12893
ECA2565	g14977
ECA2565	g10065
ECA2565	g8645
ECA2565	g11510
ECA2565	g7233
ECA2565	g6256
ECA2565	g11509
ECA2565	g9700
ECA2565	g3051
ECA2565	g8816
ECA2565	g1772
ECA2565	g628
ECA2565	g9368
ECA2565	g5496
ECA2565	g12640
ECA2565	g5681
ECA2565	g9730
ECA2565	g6264
ECA2565	g10249
ECA2565	g9426
ECA2565	g6730
ECA2565	g9450
ECA2565	g9296
ECA2565	g8830
ECA2565	g8839
ECA2565	g1277
ECA2565	g3220
ECA2565	g4849
ECA2565	g9293
ECA2565	g17691
ECA2565	g8368
ECA2565	g18199
ECA2565	g8809
ECA2565	g22515
ECA2565	g8369
ECA2565	g8341
ECA2565	g12494
ECA2565	g9974
ECA2565	g12591
ECA2565	g4701
ECA2565	g8346
ECA2565	g815
ECA2565	g10064
ECA2565	g4847
ECA2565	g15515
ECA2565	g8838
ECA2565	g5880
ECA2565	g8370
ECA2565	g9301
ECA2565	g17625
ECA2565	g8812
ECA2565	g945
ECA2565	g8811
ECA2565	g296
ECA2565	g17639
ECA2565	g810
ECA2565	g5639
ECA2565	g2475
ECA2565	g12431
ECA2565	g10659
ECA2565	g8320
ECA2565	g11512
ECA2565	g12553
ECA2565	g21873
ECA2565	g5284
ECA2565	g13511
ECA2565	g17626
ECA2565	g17674
ECA2565	g5660
ECA2565	g9311
ECA2565	g11511
ECA2565	g11826
ECA2565	g8362
ECA2565	g13103
ECA2565	g10687
ECA2565	g8444
ECA2565	g10219
ECA2565	g10752
ECA2565	g11974
ECA2565	g8649
ECA2565	g9219
ECA2565	g17634
ECA2565	g3171
ECA2565	g13509
ECA2565	g8815
ECA2565	g12832
ECA2565	g13026
ECA2565	g12000
ECA2565	g4729
ECA2565	g10965
ECA2565	g4625
ECA2565	g4762
ECA2565	g9295
ECA2565	g9302
ECA2565	g13515
ECA2565	g10174
ECA2565	g8340
ECA2565	g5640
ECA2565	g14975
ECA2565	g10066
ECA2565	g3759
ECA2565	g12694
ECA2565	g8650
ECA2565	g11385
ECA2565	g3445
ECA2565	g10746
ECA2565	g8428
ECA2565	g21410
ECA2565	g9563
ECA2565	g12593
ECA2565	g10250
ECA2565	g11386
ECA2565	g4844
ECA2565	g8363
ECA2565	g12495
ECA2565	g10968
ECA2565	g10070
ECA2565	g21544
ECA2565	g11508
ECA2565	g17633
ECA2565	g350
ECA2565	g8391
ECA2565	g9298
ECA2565	g5034
ECA2565	g10663
ECA2565	g17596
ECA2565	g17860
ECA2565	g5889
ECA2565	g568
ECA2565	g4352
ECA2565	g10097
ECA2565	g5712
ECA2565	g12639
ECA2565	g12729
ECA2565	g19776
ECA2565	g12805
ECA2565	g8625
ECA2565	g18205
ECA2565	g10311
ECA2565	g13024
ECA2565	g3068
ECA2565	g9299
ECA2565	g5680
ECA2565	g7797
ECA2565	g8413
ECA2565	g726
ECA2565	g10664
ECA2565	g3052
ECA2565	g8837
ECA2565	g10069
ECA2565	g12745
ECA2565	g846
ECA2565	g17088
ECA2565	g10969
ECA2565	g12964
ECA2565	g11514
ECA2565	g3055
ECA2565	g3170
ECA2565	g9449
ECA2565	g8366
ECA2565	g20253
ECA2565	g10096
ECA2565	g203
ECA2565	g8831
ECA2565	g12557
ECA2565	g11825
ECA2565	g10067
ECA2565	g8344
ECA2565	g17624
ECA2565	g8429
ECA2565	g9395
ECA2565	g5891
ECA2565	g21871
ECA2565	g6732
ECA2565	g8433
ECA2565	g4848
ECA2565	g8390
ECA2565	g8371
ECA2565	g8646
ECA2565	g10068
ECA2565	g6258
ECA2565	g3486
ECA2565	g17087
ECA2565	g18607
ECA2565	g4850
ECA2565	g12563
ECA2565	g8802
ECA2565	g21166
ECA2565	g8891
ECA2565	g4894
ECA2565	g12610
ECA2565	g4238
ECA2565	g14976
ECA2565	g12396
ECA2565	g8814
ECA2565	g8373
ECA2565	g12552
ECA2565	g8648
ECA2565	g8808
ECA2565	g8419
ECA2565	g18560
ECA2565	g19908
ECA2565	g5677
ECA2565	g6731
ECA2565	g1205
ECA2565	g8813
ECA2565	g10662
ECA2565	g5885
ECA2565	g18198
ECA2565	g8393
ECA2565	g26
ECA2565	g12647
ECA2565	g809
ECA2565	g9220
ECA2565	g8345
ECA2565	g12660
ECA2565	g1079
ECA2565	g7253
ECA2565	g8359
ECA2565	g9222
ECA2565	g10173
ECA2565	g4851
ECA2565	g6879
ECA2565	g12910
ECA2565	g12560
ECA2565	g12493
ECA2565	g3043
ECA2565	g8367
ECA2565	g8841
ECA2565	g12559
ECA2565	g3006
ECA2565	g12433
ECA2565	g8840
ECA2565	g18193
ECA2565	g8418
ECA2565	g21390
ECA2565	g13507
ECA2565	g11513
ECA2565	g17673
ECA2565	g17581
ECA2565	g9383
ECA2565	g13510
JU3128	g17082
JU3128	g11733
JU3128	g2625
JU3128	g17412
JU3128	g7098
JU3128	g1808
JU3128	g16088
JU3128	g509
JU3128	g9371
JU3128	g9360
JU3128	g11990
JU3128	g7128
JU3128	g1680
JU3128	g3127
JU3128	g694
JU3128	g16676
JU3128	g1647
JU3128	g3997
JU3128	g9328
JU3128	g2135
JU3128	g20746
JU3128	g3996
JU3128	g2153
JU3128	g1965
JU3128	g9331
JU3128	g1681
JU3128	g7786
JU3128	g9573
JU3128	g2081
JU3128	g2006
JU3128	g3503
JU3128	g9217
JU3128	g9321
JU3128	g3998
JU3128	g3645
JU3128	g10891
JU3128	g9323
JU3128	g179
JU3128	g220
JU3128	g9465
JU3128	g2146
JU3128	g10867
JU3128	g183
JU3128	g9325
JU3128	g1329
JU3128	g1968
JU3128	g11823
JU3128	g9681
JU3128	g21621
JU3128	g2622
JU3128	g6935
JU3128	g19795
JU3128	g1967
JU3128	g4534
JU3128	g12244
JU3128	g9661
JU3128	g21623
JU3128	g3396
JU3128	g1311
JU3128	g1961
JU3128	g8268
JU3128	g5594
JU3128	g6572
JU3128	g8267
JU3128	g3030
JU3128	g11298
JU3128	g2134
JU3128	g10019
JU3128	g360
JU3128	g2694
JU3128	g9260
JU3128	g9320
JU3128	g9410
JU3128	g3060
JU3128	g6564
JU3128	g2752
JU3128	g6095
JU3128	g2776
JU3128	g2621
JU3128	g2148
JU3128	g7320
JU3128	g2157
JU3128	g5158
JU3128	g13090
JU3128	g2618
JU3128	g17253
JU3128	g1688
JU3128	g2127
JU3128	g22391
JU3128	g1689
JU3128	g1660
JU3128	g3306
JU3128	g9359
JU3128	g12943
JU3128	g1666
JU3128	g176
JU3128	g3395
JU3128	g13088
JU3128	g15852
JU3128	g2156
JU3128	g1703
JU3128	g1690
JU3128	g2626
JU3128	g17319
JU3128	g2130
JU3128	g47
JU3128	g2129
JU3128	g17305
JU3128	g181
JU3128	g7172
JU3128	g10715
JU3128	g9198
JU3128	g3995
JU3128	g1639
JU3128	g8270
JU3128	g4531
JU3128	g20742
JU3128	g17318
JU3128	g2636
JU3128	g8269
JU3128	g8588
JU3128	g1682
JU3128	g9871
JU3128	g4024
JU3128	g1765
JU3128	g3551
JU3128	g4090
JU3128	g8738
JU3128	g2545
JU3128	g17310
JU3128	g11415
JU3128	g20744
JU3128	g2133
JU3128	g9601
JU3128	g9795
JU3128	g8765
JU3128	g12972
JU3128	g3999
JU3128	g7718
JU3128	g12867
JU3128	g13004
JU3128	g21778
JU3128	g2620
JU3128	g20738
JU3128	g3506
JU3128	g1659
JU3128	g6927
JU3128	g3397
JU3128	g12007
JU3128	g9464
JU3128	g8145
JU3128	g11690
JU3128	g4083
JU3128	g1749
JU3128	g18719
JU3128	g2893
JU3128	g9361
JU3128	g3582
JU3128	g4001
JU3128	g7131
JU3128	g8146
JU3128	g17349
JU3128	g13085
JU3128	g1683
JU3128	g11732
JU3128	g7722
JU3128	g3401
JU3128	g4862
JU3128	g8266
JU3128	g17311
JU3128	g629
JU3128	g1712
JU3128	g9374
JU3128	g13272
JU3128	g4000
JU3128	g7127
JU3128	g5946
JU3128	g12597
JU3128	g3428
JU3128	g15076
JU3128	g9409
JU3128	g9498
JU3128	g1019
JU3128	g9574
JU3128	g1940
JU3128	g22002
JU3128	g3646
JU3128	g9793
JU3128	g11315
JU3128	g2624
JU3128	g21592
JU3128	g1734
JU3128	g261
JU3128	g11299
JU3128	g17269
JU3128	g2623
JU3128	g2155
JU3128	g3400
JU3128	g9515
JU3128	g145
JU3128	g11464
JU3128	g7723
JU3128	g687
JU3128	g9734
JU3128	g7171
JU3128	g8272
JU3128	g1740
JU3128	g11302
JU3128	g11414
JU3128	g2775
JU3128	g2627
JU3128	g1686
JU3128	g22003
JU3128	g3427
JU3128	g19518
JU3128	g2149
JU3128	g9324
JU3128	g8587
JU3128	g3398
JU3128	g5225
JU3128	g1663
JU3128	g17320
JU3128	g1750
JU3128	g2721
JU3128	g4533
JU3128	g3581
JU3128	g6093
JU3128	g1754
JU3128	g13089
JU3128	g1711
JU3128	g1691
JU3128	g1962
JU3128	g3399
JU3128	g6570
JU3128	g15075
JU3128	g18629
JU3128	g13091
JU3128	g9330
JU3128	g7152
JU3128	g2120
JU3128	g18964
JU3128	g2210
JU3128	g13135
JU3128	g9380
JU3128	g12484
JU3128	g21622
JU3128	g9163
JU3128	g2132
JU3128	g1693
JU3128	g9319
JU3128	g1964
JU3128	g2126
JU3128	g1966
JU3128	g21660
JU3128	g1152
JU3128	g6094
JU3128	g2131
JU3128	g22009
JU3128	g1714
JU3128	g19696
JU3128	g9418
JU3128	g182
JU3128	g2546
JU3128	g1665
JU3128	g9431
JU3128	g5354
JU3128	g1679
JU3128	g2548
JU3128	g3505
JU3128	g13092
JU3128	g9678
JU3128	g9327
JU3128	g9259
JU3128	g11290
JU3128	g6934
JU3128	g22008
JU3128	g1687
JU3128	g2159
JU3128	g9326
JU3128	g11253
JU3128	g9200
JU3128	g2158
JU3128	g22014
JU3128	g7163
JU3128	g1739
JU3128	g18740
JU3128	g19047
JU3128	g8271
JU3128	g17270
JU3128	g7531
JU3128	g17362
JU3128	g6932
JU3128	g21209
JU3128	g2709
JU3128	g9261
JU3128	g20743
JU3128	g7096
MY2147	g11963
MY2147	g16258
MY2147	g14751
MY2147	g3726
MY2147	g4543
MY2147	g6080
MY2147	g687
MY2147	g14846
MY2147	g19828
MY2147	g698
MY2147	g12888
MY2147	g16513
MY2147	g4572
MY2147	g19850
MY2147	g7279
MY2147	g2361
MY2147	g19881
MY2147	g12993
MY2147	g729
MY2147	g9159
MY2147	g12992
MY2147	g9142
MY2147	g19840
MY2147	g726
MY2147	g19849
MY2147	g6445
MY2147	g484
MY2147	g9212
MY2147	g118
MY2147	g840
MY2147	g736
MY2147	g12994
MY2147	g260
MY2147	g734
MY2147	g3237
MY2147	g592
MY2147	g9149
MY2147	g17306
MY2147	g3274
MY2147	g732
MY2147	g21592
MY2147	g9330
MY2147	g16347
MY2147	g376
MY2147	g21540
MY2147	g14748
MY2147	g4379
MY2147	g9331
MY2147	g14370
MY2147	g16769
MY2147	g396
MY2147	g21538
MY2147	g12
MY2147	g9337
MY2147	g1417
MY2147	g21606
MY2147	g19765
MY2147	g10634
MY2147	g10136
MY2147	g1416
MY2147	g19796
MY2147	g7184
MY2147	g9905
MY2147	g9160
MY2147	g9897
MY2147	g20870
MY2147	g3098
MY2147	g14819
MY2147	g19782
MY2147	g19791
MY2147	g19931
MY2147	g647
MY2147	g7214
MY2147	g10129
MY2147	g14879
MY2147	g19841
MY2147	g5089
MY2147	g14903
MY2147	g14747
MY2147	g16257
MY2147	g9147
MY2147	g9138
MY2147	g17656
MY2147	g10517
MY2147	g14744
MY2147	g13319
MY2147	g19842
MY2147	g9167
MY2147	g20692
MY2147	g19868
MY2147	g796
MY2147	g7458
MY2147	g699
MY2147	g3281
MY2147	g15784
MY2147	g11
MY2147	g10519
MY2147	g5844
MY2147	g10662
MY2147	g9139
MY2147	g14752
MY2147	g22308
MY2147	g9164
MY2147	g3409
MY2147	g9165
MY2147	g13245
MY2147	g13267
MY2147	g3276
MY2147	g4616
MY2147	g20695
MY2147	g17152
MY2147	g860
MY2147	g12991
MY2147	g22191
MY2147	g795
MY2147	g14749
MY2147	g1419
MY2147	g14373
MY2147	g15787
MY2147	g22307
MY2147	g8357
MY2147	g10468
MY2147	g14762
MY2147	g1418
MY2147	g10961
MY2147	g21071
MY2147	g13020
MY2147	g168
MY2147	g13086
MY2147	g11110
MY2147	g9333
MY2147	g14670
MY2147	g22299
MY2147	g10021
MY2147	g9161
MY2147	g456
MY2147	g20998
MY2147	g3799
MY2147	g11136
MY2147	g12995
MY2147	g6379
MY2147	g10739
MY2147	g10604
MY2147	g4037
MY2147	g14746
MY2147	g19820
MY2147	g15791
MY2147	g121
MY2147	g19869
MY2147	g4371
MY2147	g19865
MY2147	g16530
MY2147	g593
MY2147	g9332
MY2147	g1294
MY2147	g16214
MY2147	g13080
MY2147	g19777
MY2147	g13483
MY2147	g15017
MY2147	g697
MY2147	g198
MY2147	g1295
MY2147	g4575
MY2147	g22338
MY2147	g3278
MY2147	g10522
MY2147	g19847
MY2147	g6382
MY2147	g17
MY2147	g7953
MY2147	g1415
MY2147	g19818
MY2147	g22300
MY2147	g13188
MY2147	g684
MY2147	g13252
MY2147	g12996
MY2147	g4571
MY2147	g3041
MY2147	g19137
MY2147	g45
MY2147	g648
MY2147	g558
MY2147	g18036
MY2147	g483
MY2147	g9357
MY2147	g3806
MY2147	g261
MY2147	g9286
MY2147	g20996
MY2147	g9922
MY2147	g14750
MY2147	g19354
MY2147	g3196
MY2147	g9906
MY2147	g13302
MY2147	g9140
MY2147	g16
MY2147	g542
MY2147	g3309
MY2147	g10069
MY2147	g12314
MY2147	g6383
MY2147	g22508
MY2147	g4615
MY2147	g1421
MY2147	g9909
MY2147	g10018
MY2147	g14902
MY2147	g14753
MY2147	g19844
MY2147	g7747
MY2147	g3805
MY2147	g44
MY2147	g15949
MY2147	g9146
MY2147	g733
MY2147	g10960
MY2147	g14
MY2147	g8651
MY2147	g11478
MY2147	g22309
MY2147	g14371
MY2147	g197
MY2147	g5091
MY2147	g10518
MY2147	g19839
MY2147	g9336
MY2147	g17330
MY2147	g15
MY2147	g10134
MY2147	g12313
MY2147	g4195
MY2147	g10516
MY2147	g19864
MY2147	g727
MY2147	g4596
MY2147	g9173
MY2147	g20835
MY2147	g9085
MY2147	g678
MY2147	g17005
MY2147	g21539
MY2147	g897
MY2147	g9162
MY2147	g19837
MY2147	g738
MY2147	g9334
MY2147	g9168
MY2147	g4157
MY2147	g17904
MY2147	g5090
MY2147	g19821
MY2147	g19781
MY2147	g9163
MY2147	g22203
MY2147	g639
MY2147	g3275
MY2147	g14671
MY2147	g626
MY2147	g8779
MY2147	g19851
MY2147	g14673
MY2147	g120
MY2147	g13
MY2147	g10515
MY2147	g5237
MY2147	g379
MY2147	g730
MY2147	g797
MY2147	g4378
MY2147	g3800
MY2147	g19843
MY2147	g9136
MY2147	g731
MY2147	g9860
MY2147	g858
MY2147	g9137
MY2147	g3794
MY2147	g737
MY2147	g4607
MY2147	g19792
MY2147	g13461
MY2147	g15782
MY2147	g10383
MY2147	g1420
MY2147	g13301
MY2147	g19717
MY2147	g20441
MY2147	g22414
MY2147	g4376
MY2147	g12997
MY2147	g14834
MY2147	g15786
MY2147	g19848
MY2147	g4541
NIC1119	g11283
NIC1119	g967
NIC1119	g19083
NIC1119	g16601
NIC1119	g19503
NIC1119	g5206
NIC1119	g550
NIC1119	g136
NIC1119	g14722
NIC1119	g6577
NIC1119	g81
NIC1119	g1463
NIC1119	g6765
NIC1119	g385
NIC1119	g4628
NIC1119	g16421
NIC1119	g50
NIC1119	g2328
NIC1119	g14753
NIC1119	g2327
NIC1119	g567
NIC1119	g152
NIC1119	g91
NIC1119	g14750
NIC1119	g14387
NIC1119	g2695
NIC1119	g1838
NIC1119	g364
NIC1119	g14864
NIC1119	g14760
NIC1119	g1978
NIC1119	g16661
NIC1119	g14758
NIC1119	g17213
NIC1119	g6243
NIC1119	g6285
NIC1119	g560
NIC1119	g19872
NIC1119	g6247
NIC1119	g14756
NIC1119	g16420
NIC1119	g11370
NIC1119	g5986
NIC1119	g964
NIC1119	g12522
NIC1119	g6758
NIC1119	g11787
NIC1119	g1733
NIC1119	g384
NIC1119	g3174
NIC1119	g890
NIC1119	g14189
NIC1119	g13214
NIC1119	g3173
NIC1119	g1366
NIC1119	g10853
NIC1119	g549
NIC1119	g22176
NIC1119	g19602
NIC1119	g6424
NIC1119	g3311
NIC1119	g14609
NIC1119	g1035
NIC1119	g14821
NIC1119	g16817
NIC1119	g16630
NIC1119	g1396
NIC1119	g13223
NIC1119	g1092
NIC1119	g9097
NIC1119	g13688
NIC1119	g1116
NIC1119	g963
NIC1119	g16433
NIC1119	g3316
NIC1119	g389
NIC1119	g562
NIC1119	g83
NIC1119	g544
NIC1119	g571
NIC1119	g17894
NIC1119	g11020
NIC1119	g211
NIC1119	g8039
NIC1119	g960
NIC1119	g18920
NIC1119	g89
NIC1119	g3304
NIC1119	g542
NIC1119	g90
NIC1119	g63
NIC1119	g1643
NIC1119	g172
NIC1119	g14723
NIC1119	g498
NIC1119	g2332
NIC1119	g6240
NIC1119	g1732
NIC1119	g8041
NIC1119	g5439
NIC1119	g570
NIC1119	g968
NIC1119	g18986
NIC1119	g545
NIC1119	g6112
NIC1119	g18972
NIC1119	g6245
NIC1119	g17825
NIC1119	g16670
NIC1119	g20023
NIC1119	g14884
NIC1119	g2326
NIC1119	g43
NIC1119	g3176
NIC1119	g20622
NIC1119	g12525
NIC1119	g14674
NIC1119	g9101
NIC1119	g18985
NIC1119	g16649
NIC1119	g978
NIC1119	g3175
NIC1119	g15491
NIC1119	g11240
NIC1119	g2355
NIC1119	g1887
NIC1119	g2420
NIC1119	g15343
NIC1119	g14551
NIC1119	g5984
NIC1119	g889
NIC1119	g18977
NIC1119	g10972
NIC1119	g14701
NIC1119	g14655
NIC1119	g548
NIC1119	g14468
NIC1119	g3317
NIC1119	g3310
NIC1119	g15316
NIC1119	g8164
NIC1119	g156
NIC1119	g2630
NIC1119	g8125
NIC1119	g3544
NIC1119	g962
NIC1119	g112
NIC1119	g9105
NIC1119	g427
NIC1119	g1841
NIC1119	g62
NIC1119	g16669
NIC1119	g1734
NIC1119	g66
NIC1119	g144
NIC1119	g11552
NIC1119	g3050
NIC1119	g2413
NIC1119	g12860
NIC1119	g1228
NIC1119	g14721
NIC1119	g14711
NIC1119	g1918
NIC1119	g3051
NIC1119	g19016
NIC1119	g8044
NIC1119	g84
NIC1119	g14384
NIC1119	g11282
NIC1119	g14820
NIC1119	g2633
NIC1119	g1738
NIC1119	g12195
NIC1119	g3172
NIC1119	g18978
NIC1119	g6703
NIC1119	g21297
NIC1119	g14404
NIC1119	g7851
NIC1119	g11535
NIC1119	g2331
NIC1119	g9099
NIC1119	g6485
NIC1119	g21571
NIC1119	g1765
NIC1119	g16599
NIC1119	g14675
NIC1119	g14566
NIC1119	g18387
NIC1119	g1979
NIC1119	g7192
NIC1119	g14496
NIC1119	g10870
NIC1119	g966
NIC1119	g16631
NIC1119	g15868
NIC1119	g892
NIC1119	g103
NIC1119	g6326
NIC1119	g10854
NIC1119	g1917
NIC1119	g18936
NIC1119	g965
NIC1119	g569
NIC1119	g1737
NIC1119	g6211
NIC1119	g2634
NIC1119	g22048
NIC1119	g3178
NIC1119	g10857
NIC1119	g10971
NIC1119	g1115
NIC1119	g388
NIC1119	g969
NIC1119	g14610
NIC1119	g87
NIC1119	g3318
NIC1119	g20459
NIC1119	g1764
NIC1119	g22112
NIC1119	g6852
NIC1119	g563
NIC1119	g14757
NIC1119	g15492
NIC1119	g1735
NIC1119	g391
NIC1119	g18987
NIC1119	g20621
NIC1119	g16425
NIC1119	g2330
NIC1119	g1062
NIC1119	g12523
NIC1119	g13690
NIC1119	g94
NIC1119	g8040
NIC1119	g92
NIC1119	g14761
NIC1119	g3309
NIC1119	g5985
NIC1119	g19848
NIC1119	g1736
NIC1119	g13216
NIC1119	g3702
NIC1119	g14497
NIC1119	g8038
NIC1119	g67
NIC1119	g14751
NIC1119	g536
NIC1119	g13102
NIC1119	g624
NIC1119	g7994
NIC1119	g12031
NIC1119	g82
NIC1119	g14920
NIC1119	g547
NIC1119	g114
NIC1119	g14762
NIC1119	g541
NIC1119	g141
NIC1119	g3663
NIC1119	g8190
NIC1119	g18517
NIC1119	g16634
NIC1119	g13689
NIC1119	g111
NIC1119	g18765
NIC1119	g546
NIC1119	g7028
NIC1119	g14668
NIC1119	g6246
NIC1119	g17699
NIC1119	g390
NIC1119	g80
NIC1119	g1840
NIC1119	g8037
NIC1119	g13837
NIC1119	g14754
NIC1119	g14822
NIC1119	g10845
NIC1119	g16422
NIC1119	g16432
NIC1119	g88
NIC1119	g573
NIC1119	g14755
NIC1119	g10808
NIC1119	g14882
NIC1119	g387
NIC1119	g572
NIC1119	g12882
NIC1119	g3177
NIC1119	g18937
NIC1119	g17028
NIC1119	g19029
NIC1119	g16430
NIC1119	g22015
NIC1119	g1050
NIC1119	g9100
CB4852	g18013
CB4852	g1029
CB4852	g15619
CB4852	g10445
CB4852	g207
CB4852	g5227
CB4852	g7810
CB4852	g4349
CB4852	g4338
CB4852	g18267
CB4852	g80
CB4852	g1525
CB4852	g7995
CB4852	g16730
CB4852	g49
CB4852	g2389
CB4852	g4306
CB4852	g533
CB4852	g13441
CB4852	g66
CB4852	g2388
CB4852	g551
CB4852	g10279
CB4852	g10268
CB4852	g365
CB4852	g4309
CB4852	g81
CB4852	g2763
CB4852	g4555
CB4852	g479
CB4852	g405
CB4852	g1901
CB4852	g4195
CB4852	g4299
CB4852	g2390
CB4852	g2040
CB4852	g15008
CB4852	g10506
CB4852	g4301
CB4852	g20671
CB4852	g7475
CB4852	g7516
CB4852	g4444
CB4852	g544
CB4852	g14984
CB4852	g7479
CB4852	g86
CB4852	g4303
CB4852	g21914
CB4852	g368
CB4852	g18102
CB4852	g4664
CB4852	g6006
CB4852	g1026
CB4852	g367
CB4852	g16384
CB4852	g13953
CB4852	g7988
CB4852	g18521
CB4852	g4644
CB4852	g1793
CB4852	g361
CB4852	g3244
CB4852	g8937
CB4852	g9910
CB4852	g3243
CB4852	g1428
CB4852	g17580
CB4852	g532
CB4852	g14147
CB4852	g7657
CB4852	g1097
CB4852	g4240
CB4852	g10660
CB4852	g10474
CB4852	g1458
CB4852	g9903
CB4852	g1155
CB4852	g9436
CB4852	g1180
CB4852	g1025
CB4852	g546
CB4852	g555
CB4852	g8572
CB4852	g17746
CB4852	g1022
CB4852	g1031
CB4852	g15460
CB4852	g88
CB4852	g7272
CB4852	g525
CB4852	g12001
CB4852	g89
CB4852	g62
CB4852	g1704
CB4852	g4337
CB4852	g19228
CB4852	g2393
CB4852	g7472
CB4852	g1792
CB4852	g19374
CB4852	g5465
CB4852	g554
CB4852	g10278
CB4852	g102
CB4852	g90
CB4852	g1030
CB4852	g15526
CB4852	g528
CB4852	g7345
CB4852	g527
CB4852	g7266
CB4852	g15512
CB4852	g7477
CB4852	g10515
CB4852	g14832
CB4852	g4176
CB4852	g2387
CB4852	g42
CB4852	g3246
CB4852	g15518
CB4852	g16387
CB4852	g13437
CB4852	g15525
CB4852	g10494
CB4852	g1040
CB4852	g3245
CB4852	g3560
CB4852	g82
CB4852	g22352
CB4852	g17970
CB4852	g2416
CB4852	g164
CB4852	g1949
CB4852	g2481
CB4852	g3712
CB4852	g6004
CB4852	g947
CB4852	g15517
CB4852	g17698
CB4852	g13439
CB4852	g531
CB4852	g4583
CB4852	g22428
CB4852	g3738
CB4852	g19258
CB4852	g2391
CB4852	g2696
CB4852	g19153
CB4852	g19290
CB4852	g1024
CB4852	g13433
CB4852	g1904
CB4852	g61
CB4852	g10514
CB4852	g1794
CB4852	g18284
CB4852	g4443
CB4852	g366
CB4852	g3119
CB4852	g2475
CB4852	g148
CB4852	g20345
CB4852	g1292
CB4852	g4339
CB4852	g1979
CB4852	g3120
CB4852	g15555
CB4852	g19371
CB4852	g83
CB4852	g18012
CB4852	g4241
CB4852	g2699
CB4852	g1798
CB4852	g16053
CB4852	g3242
CB4852	g7931
CB4852	g111
CB4852	g1027
CB4852	g19560
CB4852	g2392
CB4852	g15287
CB4852	g10269
CB4852	g18879
CB4852	g1825
CB4852	g10443
CB4852	g4386
CB4852	g4478
CB4852	g19990
CB4852	g4556
CB4852	g341
CB4852	g7260
CB4852	g2041
CB4852	g22430
CB4852	g17597
CB4852	g1028
CB4852	g10475
CB4852	g21493
CB4852	g133
CB4852	g19376
CB4852	g7558
CB4852	g17581
CB4852	g15477
CB4852	g553
CB4852	g1797
CB4852	g7717
CB4852	g4495
CB4852	g7443
CB4852	g11295
CB4852	g2700
CB4852	g22488
CB4852	g19375
CB4852	g3248
CB4852	g17584
CB4852	g17697
CB4852	g1179
CB4852	g11709
CB4852	g7261
CB4852	g1824
CB4852	g8086
CB4852	g547
CB4852	g4302
CB4852	g3559
CB4852	g1795
CB4852	g65
CB4852	g15527
CB4852	g149
CB4852	g1124
CB4852	g10267
CB4852	g16385
CB4852	g1978
CB4852	g9434
CB4852	g153
CB4852	g110
CB4852	g91
CB4852	g4298
CB4852	g362
CB4852	g6005
CB4852	g1796
CB4852	g9908
CB4852	g11294
CB4852	g6881
CB4852	g19377
CB4852	g4308
CB4852	g518
CB4852	g20589
CB4852	g608
CB4852	g19422
CB4852	g139
CB4852	g4356
CB4852	g18765
CB4852	g4140
CB4852	g530
CB4852	g93
CB4852	g4297
CB4852	g364
CB4852	g524
CB4852	g6929
CB4852	g20123
CB4852	g10478
CB4852	g9435
CB4852	g8502
CB4852	g529
CB4852	g10273
CB4852	g113
CB4852	g8260
CB4852	g4394
CB4852	g7478
CB4852	g948
CB4852	g4407
CB4852	g8375
CB4852	g79
CB4852	g950
CB4852	g1903
CB4852	g19378
CB4852	g9286
CB4852	g4661
CB4852	g4305
CB4852	g4239
CB4852	g17572
CB4852	g87
CB4852	g557
CB4852	g4304
CB4852	g7267
CB4852	g17534
CB4852	g4178
CB4852	g4387
CB4852	g556
CB4852	g138
CB4852	g20365
CB4852	g3247
CB4852	g15478
CB4852	g10871
CB4852	g15568
CB4852	g1112
CB4852	g13438
ECA2417	g15309
ECA2417	g13460
ECA2417	g14394
ECA2417	g10142
ECA2417	g10148
ECA2417	g10110
ECA2417	g814
ECA2417	g4288
ECA2417	g12575
ECA2417	g12060
ECA2417	g12695
ECA2417	g11204
ECA2417	g13912
ECA2417	g13465
ECA2417	g14387
ECA2417	g17033
ECA2417	g465
ECA2417	g817
ECA2417	g10149
ECA2417	g14415
ECA2417	g13939
ECA2417	g19996
ECA2417	g14418
ECA2417	g10736
ECA2417	g11205
ECA2417	g14095
ECA2417	g11692
ECA2417	g2988
ECA2417	g12064
ECA2417	g811
ECA2417	g10213
ECA2417	g12427
ECA2417	g15351
ECA2417	g10058
ECA2417	g772
ECA2417	g13938
ECA2417	g13934
ECA2417	g14392
ECA2417	g12063
ECA2417	g561
ECA2417	g22356
ECA2417	g12491
ECA2417	g15222
ECA2417	g12691
ECA2417	g14364
ECA2417	g13943
ECA2417	g1887
ECA2417	g9783
ECA2417	g13921
ECA2417	g12522
ECA2417	g13922
ECA2417	g11202
ECA2417	g15575
ECA2417	g14805
ECA2417	g3501
ECA2417	g18577
ECA2417	g14391
ECA2417	g14100
ECA2417	g7543
ECA2417	g15742
ECA2417	g13935
ECA2417	g9203
ECA2417	g622
ECA2417	g14099
ECA2417	g10147
ECA2417	g9996
ECA2417	g10144
ECA2417	g8541
ECA2417	g13023
ECA2417	g10136
ECA2417	g12492
ECA2417	g8149
ECA2417	g13324
ECA2417	g14094
ECA2417	g13924
ECA2417	g20087
ECA2417	g15310
ECA2417	g10109
ECA2417	g20233
ECA2417	g9155
ECA2417	g3499
ECA2417	g11207
ECA2417	g10214
ECA2417	g14383
ECA2417	g14386
ECA2417	g18599
ECA2417	g9156
ECA2417	g1281
ECA2417	g9107
ECA2417	g810
ECA2417	g812
ECA2417	g12693
ECA2417	g13942
ECA2417	g14365
ECA2417	g19120
ECA2417	g12780
ECA2417	g11974
ECA2417	g7060
ECA2417	g13054
ECA2417	g10273
ECA2417	g6538
ECA2417	g12696
ECA2417	g19998
ECA2417	g4051
ECA2417	g16325
ECA2417	g10141
ECA2417	g14388
ECA2417	g13459
ECA2417	g9997
ECA2417	g14384
ECA2417	g11968
ECA2417	g14259
ECA2417	g7535
ECA2417	g7921
ECA2417	g13985
ECA2417	g10111
ECA2417	g284
ECA2417	g11756
ECA2417	g1083
ECA2417	g5613
ECA2417	g8075
ECA2417	g13915
ECA2417	g1890
ECA2417	g1211
ECA2417	g17570
ECA2417	g14395
ECA2417	g3380
ECA2417	g13189
ECA2417	g10100
ECA2417	g11208
ECA2417	g8129
ECA2417	g12576
ECA2417	g10254
ECA2417	g13913
ECA2417	g10040
ECA2417	g9190
ECA2417	g13948
ECA2417	g12066
ECA2417	g10886
ECA2417	g1888
ECA2417	g10135
ECA2417	g13544
ECA2417	g8140
ECA2417	g13914
ECA2417	g20119
ECA2417	g13541
ECA2417	g11206
ECA2417	g14336
ECA2417	g11757
ECA2417	g11760
ECA2417	g13381
ECA2417	g3158
ECA2417	g10319
ECA2417	g17572
ECA2417	g7914
ECA2417	g16169
ECA2417	g10143
ECA2417	g17566
ECA2417	g14056
ECA2417	g14322
ECA2417	g9147
ECA2417	g6915
ECA2417	g20001
ECA2417	g15041
ECA2417	g10052
ECA2417	g9108
ECA2417	g3373
ECA2417	g14381
ECA2417	g14438
ECA2417	g14097
ECA2417	g22337
ECA2417	g344
ECA2417	g12573
ECA2417	g14307
ECA2417	g12034
ECA2417	g7541
ECA2417	g3374
ECA2417	g9253
ECA2417	g14342
ECA2417	g14417
ECA2417	g13917
ECA2417	g12690
ECA2417	g1564
ECA2417	g3372
ECA2417	g19821
ECA2417	g9663
ECA2417	g951
ECA2417	g9780
ECA2417	g12065
ECA2417	g21386
ECA2417	g20488
ECA2417	g12663
ECA2417	g14393
ECA2417	g11332
ECA2417	g14430
ECA2417	g13937
ECA2417	g9596
ECA2417	g10059
ECA2417	g9956
ECA2417	g9146
ECA2417	g14326
ECA2417	g13469
ECA2417	g13461
ECA2417	g8103
ECA2417	g19621
ECA2417	g3379
ECA2417	g11331
ECA2417	g730
ECA2417	g15741
ECA2417	g10710
ECA2417	g9800
ECA2417	g9731
ECA2417	g15739
ECA2417	g15727
ECA2417	g8316
ECA2417	g13464
ECA2417	g9886
ECA2417	g12059
ECA2417	g13458
ECA2417	g12597
ECA2417	g17571
ECA2417	g6025
ECA2417	g12664
ECA2417	g12572
ECA2417	g14093
ECA2417	g4865
ECA2417	g2886
ECA2417	g19997
ECA2417	g9089
ECA2417	g13353
ECA2417	g16145
ECA2417	g14129
ECA2417	g8102
ECA2417	g22583
ECA2417	g14096
ECA2417	g19949
ECA2417	g13463
ECA2417	g14413
ECA2417	g22663
ECA2417	g13298
ECA2417	g3386
ECA2417	g13940
ECA2417	g13865
ECA2417	g13366
ECA2417	g12692
ECA2417	g10885
ECA2417	g10146
ECA2417	g10150
ECA2417	g11203
ECA2417	g14568
ECA2417	g12694
ECA2417	g3032
ECA2417	g18417
ECA2417	g14385
ECA2417	g13462
ECA2417	g8073
ECA2417	g15625
ECA2417	g13936
ECA2417	g12958
ECA2417	g20153
ECA2417	g8107
ECA2417	g14362
ECA2417	g25
ECA2417	g7059
ECA2417	g18290
ECA2417	g10272
ECA2417	g3500
ECA2417	g19995
ECA2417	g9885
ECA2417	g12061
ECA2417	g290
ECA2417	g15750
ECA2417	g10140
ECA2417	g10145
ECA2417	g7922
ECA2417	g13911
ECA2417	g15624
ECA2417	g15786
ECA2417	g12426
ECA2417	g13299
ECA2417	g13543
ECA2417	g17574
ECA2417	g197
ECA2417	g5612
ECA2417	g854
ECA2417	g9141
ECA2417	g14337
ECA2417	g10138
ECA2417	g12062
ECA2417	g8148
ECA2417	g9941
ECA2417	g13449
ECA2417	g9665
ECA2417	g6559
ECA2417	g15058
ECA2417	g8108
ECA248	g19544
ECA248	g13289
ECA248	g4508
ECA248	g8165
ECA248	g12471
ECA248	g818
ECA248	g5679
ECA248	g3648
ECA248	g21125
ECA248	g9316
ECA248	g3637
ECA248	g480
ECA248	g12345
ECA248	g13784
ECA248	g292
ECA248	g5099
ECA248	g12314
ECA248	g14650
ECA248	g3606
ECA248	g12801
ECA248	g11388
ECA248	g12331
ECA248	g14649
ECA248	g12819
ECA248	g12631
ECA248	g3609
ECA248	g12346
ECA248	g15023
ECA248	g3844
ECA248	g12748
ECA248	g12367
ECA248	g12672
ECA248	g14159
ECA248	g3495
ECA248	g3599
ECA248	g14300
ECA248	g3601
ECA248	g21119
ECA248	g18089
ECA248	g778
ECA248	g3739
ECA248	g12812
ECA248	g17932
ECA248	g815
ECA248	g3603
ECA248	g12634
ECA248	g19633
ECA248	g3950
ECA248	g6463
ECA248	g13286
ECA248	g8329
ECA248	g17126
ECA248	g12633
ECA248	g1901
ECA248	g15878
ECA248	g20048
ECA248	g3930
ECA248	g14052
ECA248	g12627
ECA248	g2552
ECA248	g9670
ECA248	g8697
ECA248	g2551
ECA248	g13689
ECA248	g19113
ECA248	g12800
ECA248	g15679
ECA248	g635
ECA248	g13357
ECA248	g3538
ECA248	g3598
ECA248	g7946
ECA248	g3684
ECA248	g8136
ECA248	g13719
ECA248	g8705
ECA248	g14238
ECA248	g13414
ECA248	g9168
ECA248	g13438
ECA248	g13285
ECA248	g15197
ECA248	g12814
ECA248	g12823
ECA248	g1281
ECA248	g19278
ECA248	g13282
ECA248	g4669
ECA248	g12353
ECA248	g12793
ECA248	g12354
ECA248	g12327
ECA248	g13963
ECA248	g3636
ECA248	g821
ECA248	g11386
ECA248	g14051
ECA248	g15278
ECA248	g5917
ECA248	g12355
ECA248	g13290
ECA248	g4603
ECA248	g816
ECA248	g12796
ECA248	g952
ECA248	g12795
ECA248	g7137
ECA248	g4617
ECA248	g12822
ECA248	g8092
ECA248	g17780
ECA248	g3476
ECA248	g14648
ECA248	g12307
ECA248	g2554
ECA248	g1904
ECA248	g11384
ECA248	g4604
ECA248	g8115
ECA248	g13300
ECA248	g2553
ECA248	g2872
ECA248	g12347
ECA248	g4142
ECA248	g19501
ECA248	g14676
ECA248	g12429
ECA248	g14208
ECA248	g14742
ECA248	g3020
ECA248	g6461
ECA248	g13207
ECA248	g4612
ECA248	g19229
ECA248	g301
ECA248	g12799
ECA248	g3872
ECA248	g4065
ECA248	g3046
ECA248	g14956
ECA248	g22462
ECA248	g21357
ECA248	g13284
ECA248	g13291
ECA248	g11380
ECA248	g14162
ECA248	g12326
ECA248	g8093
ECA248	g8337
ECA248	g14053
ECA248	g19813
ECA248	g3738
ECA248	g12632
ECA248	g2430
ECA248	g14735
ECA248	g12413
ECA248	g18416
ECA248	g13552
ECA248	g3638
ECA248	g14239
ECA248	g2431
ECA248	g4573
ECA248	g12348
ECA248	g6637
ECA248	g19543
ECA248	g3539
ECA248	g14960
ECA248	g14057
ECA248	g1571
ECA248	g2550
ECA248	g4611
ECA248	g358
ECA248	g12376
ECA248	g15463
ECA248	g19796
ECA248	g14652
ECA248	g20709
ECA248	g14084
ECA248	g21124
ECA248	g8167
ECA248	g3683
ECA248	g3771
ECA248	g12091
ECA248	g3845
ECA248	g12606
ECA248	g21131
ECA248	g15142
ECA248	g14301
ECA248	g4063
ECA248	g19130
ECA248	g13288
ECA248	g8135
ECA248	g22131
ECA248	g12398
ECA248	g19114
ECA248	g4653
ECA248	g13287
ECA248	g12821
ECA248	g14056
ECA248	g574
ECA248	g3786
ECA248	g4838
ECA248	g14961
ECA248	g4004
ECA248	g2556
ECA248	g12404
ECA248	g19117
ECA248	g19228
ECA248	g13437
ECA248	g817
ECA248	g12351
ECA248	g21130
ECA248	g736
ECA248	g14083
ECA248	g12815
ECA248	g3602
ECA248	g2871
ECA248	g14054
ECA248	g12330
ECA248	g4602
ECA248	g12414
ECA248	g13384
ECA248	g1902
ECA248	g9170
ECA248	g12418
ECA248	g15279
ECA248	g12375
ECA248	g12356
ECA248	g12628
ECA248	g6462
ECA248	g17956
ECA248	g14055
ECA248	g8699
ECA248	g16708
ECA248	g21521
ECA248	g15281
ECA248	g3608
ECA248	g12786
ECA248	g18170
ECA248	g12876
ECA248	g15326
ECA248	g3655
ECA248	g20283
ECA248	g3440
ECA248	g12798
ECA248	g12358
ECA248	g3597
ECA248	g15275
ECA248	g12630
ECA248	g12792
ECA248	g21475
ECA248	g12225
ECA248	g21624
ECA248	g8132
ECA248	g9169
ECA248	g1212
ECA248	g12797
ECA248	g14651
ECA248	g12378
ECA248	g26
ECA248	g3692
ECA248	g206
ECA248	g13208
ECA248	g3705
ECA248	g1085
ECA248	g12344
ECA248	g13210
ECA248	g14161
ECA248	g8103
ECA248	g15282
ECA248	g3947
ECA248	g3605
ECA248	g16709
ECA248	g3537
ECA248	g19105
ECA248	g8330
ECA248	g15280
ECA248	g8102
ECA248	g8101
ECA248	g12352
ECA248	g12825
ECA248	g3604
ECA248	g14653
ECA248	g19068
ECA248	g3478
ECA248	g12824
ECA248	g853
ECA248	g12403
ECA248	g18394
ECA248	g2555
ECA248	g4652
ECA248	g7735
ECA248	g4559
ECA248	g8332
ECA248	g13372
ECA248	g11385
ECA250	g11781
ECA250	g1456
ECA250	g20100
ECA250	g6032
ECA250	g2270
ECA250	g17834
ECA250	g3260
ECA250	g16098
ECA250	g5376
ECA250	g7570
ECA250	g16109
ECA250	g18170
ECA250	g11525
ECA250	g17831
ECA250	g2399
ECA250	g2115
ECA250	g952
ECA250	g2669
ECA250	g2433
ECA250	g82
ECA250	g16140
ECA250	g1947
ECA250	g14839
ECA250	g83
ECA250	g1929
ECA250	g16137
ECA250	g2398
ECA250	g17690
ECA250	g2000
ECA250	g4979
ECA250	g18361
ECA250	g2074
ECA250	g580
ECA250	g16253
ECA250	g16147
ECA250	g441
ECA250	g5970
ECA250	g16145
ECA250	g5382
ECA250	g18749
ECA250	g17874
ECA250	g16006
ECA250	g1936
ECA250	g12648
ECA250	g16143
ECA250	g2111
ECA250	g11690
ECA250	g4044
ECA250	g1459
ECA250	g6195
ECA250	g19145
ECA250	g2112
ECA250	g8083
ECA250	g13704
ECA250	g11270
ECA250	g15827
ECA250	g4042
ECA250	g686
ECA250	g2118
ECA250	g16206
ECA250	g17206
ECA250	g7550
ECA250	g6565
ECA250	g17207
ECA250	g1049
ECA250	g12216
ECA250	g1948
ECA250	g13501
ECA250	g18016
ECA250	g1387
ECA250	g5814
ECA250	g16060
ECA250	g6003
ECA250	g1019
ECA250	g6572
ECA250	g1327
ECA250	g7044
ECA250	g1303
ECA250	g1460
ECA250	g17836
ECA250	g1934
ECA250	g1925
ECA250	g8715
ECA250	g10417
ECA250	g1463
ECA250	g19939
ECA250	g2391
ECA250	g1955
ECA250	g2390
ECA250	g2420
ECA250	g16207
ECA250	g776
ECA250	g16110
ECA250	g10564
ECA250	g14841
ECA250	g687
ECA250	g10419
ECA250	g3498
ECA250	g1926
ECA250	g2377
ECA250	g2389
ECA250	g1455
ECA250	g20005
ECA250	g1952
ECA250	g1953
ECA250	g10114
ECA250	g19991
ECA250	g12800
ECA250	g16271
ECA250	g84
ECA250	g2440
ECA250	g17204
ECA250	g8080
ECA250	g14843
ECA250	g20004
ECA250	g5982
ECA250	g1445
ECA250	g17205
ECA250	g16886
ECA250	g2397
ECA250	g15632
ECA250	g11824
ECA250	g56
ECA250	g533
ECA250	g22691
ECA250	g17835
ECA250	g16737
ECA250	g2114
ECA250	g1538
ECA250	g19996
ECA250	g12096
ECA250	g19307
ECA250	g1949
ECA250	g15881
ECA250	g15705
ECA250	g16711
ECA250	g10535
ECA250	g17758
ECA250	g2414
ECA250	g10640
ECA250	g10503
ECA250	g1461
ECA250	g1454
ECA250	g14847
ECA250	g577
ECA250	g2421
ECA250	g5961
ECA250	g6203
ECA250	g685
ECA250	g11509
ECA250	g16007
ECA250	g2113
ECA250	g17330
ECA250	g22698
ECA250	g503
ECA250	g2330
ECA250	g19075
ECA250	g1188
ECA250	g16108
ECA250	g502
ECA250	g5960
ECA250	g4886
ECA250	g17329
ECA250	g10422
ECA250	g2396
ECA250	g9610
ECA250	g11782
ECA250	g17754
ECA250	g681
ECA250	g17208
ECA250	g19997
ECA250	g18295
ECA250	g2368
ECA250	g10229
ECA250	g5370
ECA250	g80
ECA250	g20035
ECA250	g19774
ECA250	g9144
ECA250	g18077
ECA250	g10913
ECA250	g654
ECA250	g5377
ECA250	g6034
ECA250	g16061
ECA250	g15972
ECA250	g19482
ECA250	g15904
ECA250	g2139
ECA250	g440
ECA250	g5969
ECA250	g15707
ECA250	g12201
ECA250	g1457
ECA250	g6002
ECA250	g20632
ECA250	g2345
ECA250	g17916
ECA250	g9048
ECA250	g12215
ECA250	g19955
ECA250	g1458
ECA250	g1927
ECA250	g682
ECA250	g15958
ECA250	g12048
ECA250	g17753
ECA250	g15764
ECA250	g17202
ECA250	g2339
ECA250	g12213
ECA250	g12097
ECA250	g1304
ECA250	g2393
ECA250	g5371
ECA250	g655
ECA250	g18450
ECA250	g1933
ECA250	g16144
ECA250	g16887
ECA250	g684
ECA250	g2417
ECA250	g20006
ECA250	g2329
ECA250	g1359
ECA250	g8082
ECA250	g7046
ECA250	g2325
ECA250	g10418
ECA250	g2369
ECA250	g2388
ECA250	g16148
ECA250	g2117
ECA250	g12623
ECA250	g683
ECA250	g6567
ECA250	g22418
ECA250	g10416
ECA250	g16138
ECA250	g1962
ECA250	g18831
ECA250	g1872
ECA250	g10372
ECA250	g16091
ECA250	g11027
ECA250	g18352
ECA250	g4043
ECA250	g16308
ECA250	g1950
ECA250	g2386
ECA250	g16149
ECA250	g1956
ECA250	g5024
ECA250	g19348
ECA250	g5999
ECA250	g7045
ECA250	g8783
ECA250	g1951
ECA250	g81
ECA250	g2366
ECA250	g18627
ECA250	g16053
ECA250	g1537
ECA250	g2415
ECA250	g16040
ECA250	g8912
ECA250	g8420
ECA250	g2400
ECA250	g1535
ECA250	g578
ECA250	g10415
ECA250	g7194
ECA250	g15811
ECA250	g16141
ECA250	g22417
ECA250	g16208
ECA250	g12224
ECA250	g6196
ECA250	g17837
ECA250	g2392
ECA250	g2314
ECA250	g1923
ECA250	g16142
ECA250	g79
ECA250	g12261
ECA250	g16269
ECA250	g1924
ECA250	g2340
ECA250	g19055
ECA250	g17203
ECA250	g19956
ECA250	g5601
ECA250	g20049
ECA250	g6198
ECA250	g1371
ECA250	g14842
ECA2529	g14348
ECA2529	g1986
ECA2529	g6148
ECA2529	g18543
ECA2529	g8930
ECA2529	g5298
ECA2529	g1085
ECA2529	g1981
ECA2529	g5287
ECA2529	g467
ECA2529	g14602
ECA2529	g1063
ECA2529	g1370
ECA2529	g2489
ECA2529	g282
ECA2529	g9513
ECA2529	g1031
ECA2529	g3353
ECA2529	g5256
ECA2529	g1535
ECA2529	g20763
ECA2529	g3352
ECA2529	g1134
ECA2529	g1073
ECA2529	g5259
ECA2529	g1064
ECA2529	g3724
ECA2529	g5497
ECA2529	g7569
ECA2529	g1118
ECA2529	g1410
ECA2529	g2865
ECA2529	g5145
ECA2529	g5249
ECA2529	g3354
ECA2529	g3004
ECA2529	g18603
ECA2529	g5251
ECA2529	g22162
ECA2529	g800
ECA2529	g759
ECA2529	g5390
ECA2529	g13489
ECA2529	g796
ECA2529	g5253
ECA2529	g1374
ECA2529	g14436
ECA2529	g5604
ECA2529	g8140
ECA2529	g1983
ECA2529	g18381
ECA2529	g19174
ECA2529	g1373
ECA2529	g11881
ECA2529	g12447
ECA2529	g14853
ECA2529	g5584
ECA2529	g8142
ECA2529	g2758
ECA2529	g1367
ECA2529	g1550
ECA2529	g4201
ECA2529	g17042
ECA2529	g18014
ECA2529	g4200
ECA2529	g2391
ECA2529	g13913
ECA2529	g12643
ECA2529	g620
ECA2529	g289
ECA2529	g5248
ECA2529	g18764
ECA2529	g5335
ECA2529	g18572
ECA2529	g2421
ECA2529	g18006
ECA2529	g17541
ECA2529	g1532
ECA2529	g2141
ECA2529	g1044
ECA2529	g1982
ECA2529	g1071
ECA2529	g9686
ECA2529	g11322
ECA2529	g14081
ECA2529	g1559
ECA2529	g15706
ECA2529	g1979
ECA2529	g6309
ECA2529	g8031
ECA2529	g1560
ECA2529	g1527
ECA2529	g1368
ECA2529	g1072
ECA2529	g5189
ECA2529	g2669
ECA2529	g1154
ECA2529	g5286
ECA2529	g15557
ECA2529	g803
ECA2529	g2757
ECA2529	g15704
ECA2529	g8692
ECA2529	g1987
ECA2529	g6242
ECA2529	g934
ECA2529	g10187
ECA2529	g2059
ECA2529	g8025
ECA2529	g6256
ECA2529	g798
ECA2529	g11388
ECA2529	g18613
ECA2529	g13335
ECA2529	g5127
ECA2529	g3351
ECA2529	g10347
ECA2529	g1024
ECA2529	g4203
ECA2529	g2086
ECA2529	g11878
ECA2529	g1530
ECA2529	g20759
ECA2529	g6243
ECA2529	g7475
ECA2529	g18592
ECA2529	g1997
ECA2529	g4202
ECA2529	g4518
ECA2529	g1065
ECA2529	g5794
ECA2529	g14305
ECA2529	g3380
ECA2529	g18604
ECA2529	g2913
ECA2529	g3446
ECA2529	g1548
ECA2529	g4665
ECA2529	g1371
ECA2529	g1905
ECA2529	g6251
ECA2529	g14032
ECA2529	g1533
ECA2529	g5525
ECA2529	g5718
ECA2529	g4692
ECA2529	g15586
ECA2529	g1138
ECA2529	g3355
ECA2529	g3658
ECA2529	g15480
ECA2529	g15619
ECA2529	g1094
ECA2529	g1606
ECA2529	g20755
ECA2529	g2868
ECA2529	g1043
ECA2529	g18612
ECA2529	g20761
ECA2529	g18373
ECA2529	g2759
ECA2529	g1047
ECA2529	g1126
ECA2529	g14619
ECA2529	g5389
ECA2529	g1372
ECA2529	g4078
ECA2529	g3439
ECA2529	g21832
ECA2529	g2254
ECA2529	g5288
ECA2529	g2944
ECA2529	g4079
ECA2529	g6212
ECA2529	g15701
ECA2529	g1066
ECA2529	g14347
ECA2529	g5190
ECA2529	g3661
ECA2529	g2763
ECA2529	g12212
ECA2529	g4199
ECA2529	g6250
ECA2529	g345
ECA2529	g15889
ECA2529	g3356
ECA2529	g6477
ECA2529	g15210
ECA2529	g2790
ECA2529	g18541
ECA2529	g5334
ECA2529	g5423
ECA2529	g22434
ECA2529	g5498
ECA2529	g1346
ECA2529	g3005
ECA2529	g5716
ECA2529	g13930
ECA2529	g8014
ECA2529	g1985
ECA2529	g18573
ECA2529	g16482
ECA2529	g718
ECA2529	g13914
ECA2529	g6292
ECA2529	g1984
ECA2529	g1557
ECA2529	g2762
ECA2529	g558
ECA2529	g5439
ECA2529	g835
ECA2529	g3662
ECA2529	g5657
ECA2529	g4205
ECA2529	g13917
ECA2529	g14031
ECA2529	g2140
ECA2529	g1988
ECA2529	g1069
ECA2529	g8013
ECA2529	g2789
ECA2529	g196
ECA2529	g5252
ECA2529	g4517
ECA2529	g2760
ECA2529	g6241
ECA2529	g11880
ECA2529	g2943
ECA2529	g17539
ECA2529	g1483
ECA2529	g15705
ECA2529	g1074
ECA2529	g8026
ECA2529	g13513
ECA2529	g2761
ECA2529	g18012
ECA2529	g10346
ECA2529	g2116
ECA2529	g15707
ECA2529	g1049
ECA2529	g5258
ECA2529	g1521
ECA2529	g1534
ECA2529	g22080
ECA2529	g1551
ECA2529	g15751
ECA2529	g5305
ECA2529	g15096
ECA2529	g1529
ECA2529	g8141
ECA2529	g5091
ECA2529	g1096
ECA2529	g1076
ECA2529	g5247
ECA2529	g1526
ECA2529	g1123
ECA2529	g7614
ECA2529	g22304
ECA2529	g1555
ECA2529	g18576
ECA2529	g17540
ECA2529	g1093
ECA2529	g1531
ECA2529	g23
ECA2529	g5342
ECA2529	g797
ECA2529	g1906
ECA2529	g5355
ECA2529	g11514
ECA2529	g1062
ECA2529	g1908
ECA2529	g2867
ECA2529	g15708
ECA2529	g2074
ECA2529	g17391
ECA2529	g5601
ECA2529	g5255
ECA2529	g5188
ECA2529	g13905
ECA2529	g18380
ECA2529	g1070
ECA2529	g5254
ECA2529	g3357
ECA2529	g13868
ECA2529	g5129
ECA2529	g1558
ECA2529	g21853
ECA2529	g4204
ECA2529	g6291
ECA2529	g1193
ECA2529	g18975
ECA2529	g6198
ECA2529	g18378
ECA2529	g1562
ECA2529	g20760
ECA2529	g1561
ECA2607	g5460
ECA2607	g11217
ECA2607	g1014
ECA2607	g5129
ECA2607	g7470
ECA2607	g210
ECA2607	g10321
ECA2607	g16994
ECA2607	g4287
ECA2607	g4276
ECA2607	g83
ECA2607	g1504
ECA2607	g17177
ECA2607	g9753
ECA2607	g51
ECA2607	g2360
ECA2607	g4245
ECA2607	g533
ECA2607	g15396
ECA2607	g2359
ECA2607	g549
ECA2607	g7294
ECA2607	g7305
ECA2607	g366
ECA2607	g19473
ECA2607	g4248
ECA2607	g84
ECA2607	g2727
ECA2607	g4485
ECA2607	g479
ECA2607	g407
ECA2607	g1878
ECA2607	g4134
ECA2607	g4238
ECA2607	g2017
ECA2607	g7530
ECA2607	g4240
ECA2607	g17909
ECA2607	g16664
ECA2607	g16705
ECA2607	g4380
ECA2607	g542
ECA2607	g12804
ECA2607	g16668
ECA2607	g4242
ECA2607	g12370
ECA2607	g16399
ECA2607	g369
ECA2607	g11306
ECA2607	g4592
ECA2607	g1011
ECA2607	g368
ECA2607	g19838
ECA2607	g13832
ECA2607	g17170
ECA2607	g11717
ECA2607	g4572
ECA2607	g11086
ECA2607	g1772
ECA2607	g362
ECA2607	g5969
ECA2607	g6939
ECA2607	g3196
ECA2607	g1408
ECA2607	g12373
ECA2607	g532
ECA2607	g13639
ECA2607	g16843
ECA2607	g1082
ECA2607	g4237
ECA2607	g4326
ECA2607	g7499
ECA2607	g1438
ECA2607	g6931
ECA2607	g1140
ECA2607	g6468
ECA2607	g1164
ECA2607	g1010
ECA2607	g11216
ECA2607	g544
ECA2607	g553
ECA2607	g3197
ECA2607	g8349
ECA2607	g12207
ECA2607	g1007
ECA2607	g5290
ECA2607	g91
ECA2607	g19478
ECA2607	g525
ECA2607	g21000
ECA2607	g92
ECA2607	g64
ECA2607	g4178
ECA2607	g1683
ECA2607	g4275
ECA2607	g16661
ECA2607	g15394
ECA2607	g1771
ECA2607	g21653
ECA2607	g10555
ECA2607	g552
ECA2607	g7304
ECA2607	g105
ECA2607	g93
ECA2607	g1015
ECA2607	g5224
ECA2607	g528
ECA2607	g16537
ECA2607	g527
ECA2607	g5238
ECA2607	g16666
ECA2607	g7539
ECA2607	g12954
ECA2607	g4115
ECA2607	g2358
ECA2607	g43
ECA2607	g3199
ECA2607	g19835
ECA2607	g15391
ECA2607	g5225
ECA2607	g7519
ECA2607	g1025
ECA2607	g3198
ECA2607	g3513
ECA2607	g85
ECA2607	g4776
ECA2607	g11174
ECA2607	g2387
ECA2607	g167
ECA2607	g1925
ECA2607	g2453
ECA2607	g3660
ECA2607	g933
ECA2607	g5233
ECA2607	g531
ECA2607	g4513
ECA2607	g21473
ECA2607	g4703
ECA2607	g19479
ECA2607	g3686
ECA2607	g2661
ECA2607	g21873
ECA2607	g21741
ECA2607	g1009
ECA2607	g1016
ECA2607	g15387
ECA2607	g1881
ECA2607	g63
ECA2607	g7538
ECA2607	g11088
ECA2607	g1773
ECA2607	g11482
ECA2607	g4379
ECA2607	g3075
ECA2607	g2446
ECA2607	g151
ECA2607	g18232
ECA2607	g1274
ECA2607	g4277
ECA2607	g7677
ECA2607	g1955
ECA2607	g3076
ECA2607	g4290
ECA2607	g21656
ECA2607	g86
ECA2607	g2664
ECA2607	g1777
ECA2607	g20159
ECA2607	g3195
ECA2607	g5232
ECA2607	g17113
ECA2607	g114
ECA2607	g11465
ECA2607	g2362
ECA2607	g6319
ECA2607	g5195
ECA2607	g7295
ECA2607	g22127
ECA2607	g1805
ECA2607	g9016
ECA2607	g1012
ECA2607	g7468
ECA2607	g4325
ECA2607	g4413
ECA2607	g16094
ECA2607	g4486
ECA2607	g341
ECA2607	g19472
ECA2607	g2018
ECA2607	g5949
ECA2607	g4701
ECA2607	g1013
ECA2607	g7500
ECA2607	g20734
ECA2607	g136
ECA2607	g21651
ECA2607	g16745
ECA2607	g12372
ECA2607	g5273
ECA2607	g551
ECA2607	g1776
ECA2607	g16901
ECA2607	g4428
ECA2607	g16634
ECA2607	g530
ECA2607	g2665
ECA2607	g4643
ECA2607	g21652
ECA2607	g3201
ECA2607	g142
ECA2607	g1163
ECA2607	g12358
ECA2607	g89
ECA2607	g8607
ECA2607	g1804
ECA2607	g17261
ECA2607	g69
ECA2607	g545
ECA2607	g4241
ECA2607	g3512
ECA2607	g1774
ECA2607	g12258
ECA2607	g67
ECA2607	g5223
ECA2607	g152
ECA2607	g1109
ECA2607	g7293
ECA2607	g19837
ECA2607	g1954
ECA2607	g6466
ECA2607	g156
ECA2607	g113
ECA2607	g94
ECA2607	g363
ECA2607	g12780
ECA2607	g1775
ECA2607	g6937
ECA2607	g9017
ECA2607	g19084
ECA2607	g21650
ECA2607	g4247
ECA2607	g518
ECA2607	g17989
ECA2607	g605
ECA2607	g21605
ECA2607	g4295
ECA2607	g11953
ECA2607	g11087
ECA2607	g4080
ECA2607	g96
ECA2607	g4236
ECA2607	g365
ECA2607	g524
ECA2607	g367
ECA2607	g19132
ECA2607	g21799
ECA2607	g16224
ECA2607	g7503
ECA2607	g6467
ECA2607	g8278
ECA2607	g529
ECA2607	g2361
ECA2607	g4179
ECA2607	g7299
ECA2607	g116
ECA2607	g17435
ECA2607	g4333
ECA2607	g16667
ECA2607	g934
ECA2607	g4346
ECA2607	g8151
ECA2607	g82
ECA2607	g936
ECA2607	g1880
ECA2607	g21649
ECA2607	g4589
ECA2607	g4244
ECA2607	g4177
ECA2607	g12381
ECA2607	g90
ECA2607	g555
ECA2607	g4243
ECA2607	g12257
ECA2607	g12418
ECA2607	g4117
ECA2607	g554
ECA2607	g19484
ECA2607	g141
ECA2607	g18212
ECA2607	g3200
ECA2607	g5272
ECA2607	g7878
ECA2607	g5180
ECA2607	g2363
ECA2607	g1097
ECA2607	g15392
JU1409	g6768
JU1409	g15876
JU1409	g2544
JU1409	g5369
JU1409	g3720
JU1409	g4110
JU1409	g9398
JU1409	g19101
JU1409	g19090
JU1409	g4451
JU1409	g6505
JU1409	g5398
JU1409	g3848
JU1409	g15384
JU1409	g4634
JU1409	g9981
JU1409	g3880
JU1409	g14518
JU1409	g19059
JU1409	g3395
JU1409	g3863
JU1409	g13291
JU1409	g14519
JU1409	g3378
JU1409	g19062
JU1409	g3847
JU1409	g14143
JU1409	g19303
JU1409	g3448
JU1409	g3522
JU1409	g15007
JU1409	g18948
JU1409	g19052
JU1409	g14869
JU1409	g19054
JU1409	g21773
JU1409	g4150
JU1409	g19194
JU1409	g3385
JU1409	g11967
JU1409	g4113
JU1409	g19056
JU1409	g20915
JU1409	g3559
JU1409	g6678
JU1409	g19411
JU1409	g8611
JU1409	g15879
JU1409	g5208
JU1409	g3560
JU1409	g232
JU1409	g17996
JU1409	g6254
JU1409	g19391
JU1409	g8613
JU1409	g15116
JU1409	g19591
JU1409	g3566
JU1409	g13667
JU1409	g13271
JU1409	g12293
JU1409	g13668
JU1409	g15480
JU1409	g7201
JU1409	g3396
JU1409	g17798
JU1409	g4295
JU1409	g15808
JU1409	g4627
JU1409	g5588
JU1409	g19141
JU1409	g15450
JU1409	g12301
JU1409	g20957
JU1409	g15751
JU1409	g12767
JU1409	g15727
JU1409	g15880
JU1409	g5433
JU1409	g3383
JU1409	g3374
JU1409	g17008
JU1409	g7036
JU1409	g20303
JU1409	g15883
JU1409	g2383
JU1409	g3840
JU1409	g20951
JU1409	g3403
JU1409	g3839
JU1409	g3867
JU1409	g18992
JU1409	g15205
JU1409	g19089
JU1409	g20155
JU1409	g14515
JU1409	g4107
JU1409	g3868
JU1409	g15117
JU1409	g20301
JU1409	g9159
JU1409	g3375
JU1409	g3826
JU1409	g3838
JU1409	g15875
JU1409	g2450
JU1409	g3400
JU1409	g3977
JU1409	g3401
JU1409	g20818
JU1409	g2436
JU1409	g5441
JU1409	g12118
JU1409	g18930
JU1409	g14520
JU1409	g11631
JU1409	g3888
JU1409	g13665
JU1409	g229
JU1409	g7636
JU1409	g2449
JU1409	g20217
JU1409	g15865
JU1409	g13666
JU1409	g18321
JU1409	g3846
JU1409	g2900
JU1409	g6812
JU1409	g14492
JU1409	g3764
JU1409	g14960
JU1409	g14427
JU1409	g18470
JU1409	g3562
JU1409	g15958
JU1409	g2441
JU1409	g7085
JU1409	g7638
JU1409	g3397
JU1409	g19331
JU1409	g2976
JU1409	g18495
JU1409	g20182
JU1409	g14211
JU1409	g20084
JU1409	g21194
JU1409	g15881
JU1409	g15874
JU1409	g7632
JU1409	g15004
JU1409	g5200
JU1409	g15115
JU1409	g6488
JU1409	g19193
JU1409	g3561
JU1409	g13790
JU1409	g14433
JU1409	g3780
JU1409	g19582
JU1409	g15615
JU1409	g19091
JU1409	g14929
JU1409	g5401
JU1409	g13789
JU1409	g20298
JU1409	g3845
JU1409	g6769
JU1409	g14207
JU1409	g15111
JU1409	g557
JU1409	g13669
JU1409	g2442
JU1409	g4571
JU1409	g3817
JU1409	g20490
JU1409	g14516
JU1409	g5397
JU1409	g2479
JU1409	g2212
JU1409	g4357
JU1409	g19818
JU1409	g15084
JU1409	g19140
JU1409	g19227
JU1409	g8356
JU1409	g19304
JU1409	g3587
JU1409	g20963
JU1409	g14868
JU1409	g2978
JU1409	g7186
JU1409	g15877
JU1409	g16462
JU1409	g3795
JU1409	g4193
JU1409	g7200
JU1409	g2400
JU1409	g15878
JU1409	g3376
JU1409	g15112
JU1409	g19243
JU1409	g14206
JU1409	g3038
JU1409	g5440
JU1409	g13663
JU1409	g3789
JU1409	g7198
JU1409	g7086
JU1409	g15728
JU1409	g4111
JU1409	g3842
JU1409	g22215
JU1409	g15085
JU1409	g4718
JU1409	g3382
JU1409	g19055
JU1409	g18320
JU1409	g15114
JU1409	g3864
JU1409	g2451
JU1409	g3779
JU1409	g15781
JU1409	g231
JU1409	g14930
JU1409	g12769
JU1409	g3775
JU1409	g20302
JU1409	g3818
JU1409	g3837
JU1409	g3565
JU1409	g11943
JU1409	g15113
JU1409	g12295
JU1409	g11630
JU1409	g11016
JU1409	g20304
JU1409	g19061
JU1409	g5422
JU1409	g3410
JU1409	g21962
JU1409	g3321
JU1409	g20349
JU1409	g19110
JU1409	g6022
JU1409	g8612
JU1409	g18894
JU1409	g3398
JU1409	g3835
JU1409	g19050
JU1409	g7640
JU1409	g3563
JU1409	g3404
JU1409	g21312
JU1409	g8489
JU1409	g12768
JU1409	g16940
JU1409	g3399
JU1409	g14517
JU1409	g18993
JU1409	g3815
JU1409	g4897
JU1409	g19148
JU1409	g4112
JU1409	g15957
JU1409	g19160
JU1409	g16812
JU1409	g3849
JU1409	g15955
JU1409	g15005
JU1409	g20305
JU1409	g12919
JU1409	g19408
JU1409	g19058
JU1409	g18991
JU1409	g7209
JU1409	g5207
JU1409	g3841
JU1409	g3372
JU1409	g19057
JU1409	g20956
JU1409	g7246
JU1409	g18932
JU1409	g3373
JU1409	g4075
JU1409	g19051
JU1409	g3790
JU1409	g19562
JU1409	g13664
JU1409	g2401
JU1409	g5802
JU1409	g2493
JU1409	g5205
JU1409	g20962
JU1409	g15793
JU1409	g7637
JU1409	g5367
JU782	g1833
JU782	g4464
JU782	g12727
JU782	g9329
JU782	g14161
JU782	g3592
JU782	g11177
JU782	g7814
JU782	g9672
JU782	g2087
JU782	g9326
JU782	g4968
JU782	g9858
JU782	g14746
JU782	g5855
JU782	g4051
JU782	g5854
JU782	g3189
JU782	g7777
JU782	g12550
JU782	g12562
JU782	g3578
JU782	g7790
JU782	g8137
JU782	g3569
JU782	g6225
JU782	g18912
JU782	g3881
JU782	g5348
JU782	g7671
JU782	g5488
JU782	g12787
JU782	g21385
JU782	g7782
JU782	g9369
JU782	g958
JU782	g3623
JU782	g7783
JU782	g1922
JU782	g13372
JU782	g4461
JU782	g15919
JU782	g3886
JU782	g16271
JU782	g7778
JU782	g2345
JU782	g13374
JU782	g5241
JU782	g3536
JU782	g3880
JU782	g7717
JU782	g6702
JU782	g4388
JU782	g11197
JU782	g3655
JU782	g12182
JU782	g4869
JU782	g1393
JU782	g4050
JU782	g7787
JU782	g8314
JU782	g97
JU782	g9511
JU782	g7928
JU782	g4536
JU782	g3637
JU782	g12942
JU782	g12756
JU782	g3642
JU782	g4900
JU782	g12173
JU782	g22232
JU782	g4596
JU782	g11705
JU782	g4620
JU782	g4068
JU782	g4460
JU782	g9331
JU782	g1832
JU782	g18514
JU782	g4076
JU782	g20371
JU782	g3638
JU782	g8864
JU782	g1566
JU782	g22233
JU782	g7715
JU782	g4457
JU782	g7789
JU782	g3576
JU782	g18503
JU782	g4043
JU782	g3577
JU782	g3549
JU782	g6701
JU782	g5150
JU782	g3041
JU782	g5858
JU782	g17005
JU782	g7651
JU782	g5240
JU782	g3187
JU782	g13922
JU782	g12561
JU782	g4465
JU782	g4049
JU782	g9202
JU782	g19875
JU782	g3885
JU782	g8940
JU782	g12796
JU782	g805
JU782	g5853
JU782	g3568
JU782	g3528
JU782	g6704
JU782	g16268
JU782	g7860
JU782	g17007
JU782	g7825
JU782	g3103
JU782	g12776
JU782	g4475
JU782	g6703
JU782	g7021
JU782	g3570
JU782	g1790
JU782	g5881
JU782	g5397
JU782	g5947
JU782	g9330
JU782	g7176
JU782	g7986
JU782	g3884
JU782	g4387
JU782	g1518
JU782	g7833
JU782	g7879
JU782	g7815
JU782	g7780
JU782	g8061
JU782	g18515
JU782	g4075
JU782	g4077
JU782	g22191
JU782	g6159
JU782	g18744
JU782	g7609
JU782	g4459
JU782	g4125
JU782	g22180
JU782	g17011
JU782	g4074
JU782	g3924
JU782	g5351
JU782	g3548
JU782	g12795
JU782	g7781
JU782	g3183
JU782	g2104
JU782	g6577
JU782	g5940
JU782	g5426
JU782	g21711
JU782	g4732
JU782	g5427
JU782	g3190
JU782	g6578
JU782	g3571
JU782	g8140
JU782	g6162
JU782	g5246
JU782	g16638
JU782	g6700
JU782	g9794
JU782	g2965
JU782	g8119
JU782	g3234
JU782	g5857
JU782	g22149
JU782	g12551
JU782	g9299
JU782	g2699
JU782	g22428
JU782	g22190
JU782	g5273
JU782	g15505
JU782	g12725
JU782	g7859
JU782	g7970
JU782	g20677
JU782	g3858
JU782	g5489
JU782	g8036
JU782	g1410
JU782	g4463
JU782	g12757
JU782	g10632
JU782	g4390
JU782	g9410
JU782	g1394
JU782	g4462
JU782	g5245
JU782	g9577
JU782	g7204
JU782	g6163
JU782	g9851
JU782	g8185
JU782	g7779
JU782	g6706
JU782	g1397
JU782	g1515
JU782	g4619
JU782	g22196
JU782	g21987
JU782	g4466
JU782	g7927
JU782	g3574
JU782	g18516
JU782	g5272
JU782	g8249
JU782	g18508
JU782	g9944
JU782	g7020
JU782	g5243
JU782	g3373
JU782	g4564
JU782	g12549
JU782	g16270
JU782	g11703
JU782	g3998
JU782	g8344
JU782	g4067
JU782	g3188
JU782	g3600
JU782	g22251
JU782	g3579
JU782	g983
JU782	g5244
JU782	g12180
JU782	g15504
JU782	g3554
JU782	g4036
JU782	g21466
JU782	g7784
JU782	g2583
JU782	g4045
JU782	g13373
JU782	g4048
JU782	g7716
JU782	g3629
JU782	g22181
JU782	g3883
JU782	g4042
JU782	g3601
JU782	g18867
JU782	g20546
JU782	g12760
JU782	g11704
JU782	g4047
JU782	g5856
JU782	g12556
JU782	g3603
JU782	g10120
JU782	g7866
JU782	g18509
JU782	g3887
JU782	g3581
JU782	g7813
JU782	g7652
JU782	g9068
JU782	g3567
JU782	g5350
JU782	g5242
JU782	g11554
JU782	g1385
JU782	g7785
JU782	g4072
JU782	g7774
JU782	g9332
JU782	g3575
JU782	g4078
JU782	g1348
JU782	g4046
JU782	g3552
JU782	g7786
JU782	g4065
JU782	g3628
JU782	g21691
JU782	g17003
JU782	g6705
JU782	g3701
JU782	g13157
JU782	g22135
JU782	g4552
JU782	g17006
LKC34	g18861
LKC34	g13847
LKC34	g9938
LKC34	g13043
LKC34	g8662
LKC34	g17493
LKC34	g20948
LKC34	g3525
LKC34	g3536
LKC34	g8999
LKC34	g18603
LKC34	g8659
LKC34	g12912
LKC34	g13200
LKC34	g14344
LKC34	g9184
LKC34	g5379
LKC34	g12880
LKC34	g15209
LKC34	g3567
LKC34	g13366
LKC34	g12898
LKC34	g15208
LKC34	g9768
LKC34	g9757
LKC34	g13201
LKC34	g3564
LKC34	g3215
LKC34	g12913
LKC34	g15578
LKC34	g3326
LKC34	g17449
LKC34	g14721
LKC34	g3678
LKC34	g3574
LKC34	g15210
LKC34	g14861
LKC34	g9998
LKC34	g3572
LKC34	g2760
LKC34	g8702
LKC34	g3432
LKC34	g21493
LKC34	g3570
LKC34	g18770
LKC34	g20159
LKC34	g13844
LKC34	g6551
LKC34	g13203
LKC34	g1234
LKC34	g4829
LKC34	g18350
LKC34	g20161
LKC34	g14612
LKC34	g13197
LKC34	g16059
LKC34	g14613
LKC34	g1663
LKC34	g2634
LKC34	g16058
LKC34	g14247
LKC34	g19474
LKC34	g22355
LKC34	g4629
LKC34	g8843
LKC34	g17831
LKC34	g13915
LKC34	g3633
LKC34	g3575
LKC34	g13385
LKC34	g10150
LKC34	g3486
LKC34	g9967
LKC34	g14277
LKC34	g2627
LKC34	g13974
LKC34	g2163
LKC34	g13998
LKC34	g13381
LKC34	g13843
LKC34	g389
LKC34	g8664
LKC34	g18862
LKC34	g17832
LKC34	g13389
LKC34	g21669
LKC34	g8202
LKC34	g19642
LKC34	g13840
LKC34	g7112
LKC34	g12920
LKC34	g17843
LKC34	g13358
LKC34	g12921
LKC34	g12893
LKC34	g14524
LKC34	g3537
LKC34	g450
LKC34	g15213
LKC34	g14611
LKC34	g303
LKC34	g20710
LKC34	g9767
LKC34	g12935
LKC34	g12922
LKC34	g13848
LKC34	g7045
LKC34	g13364
LKC34	g8534
LKC34	g22164
LKC34	g9177
LKC34	g13202
LKC34	g7059
LKC34	g10007
LKC34	g21322
LKC34	g301
LKC34	g3696
LKC34	g15207
LKC34	g12873
LKC34	g16061
LKC34	g6138
LKC34	g1237
LKC34	g11940
LKC34	g7046
LKC34	g9987
LKC34	g13858
LKC34	g16060
LKC34	g4310
LKC34	g12914
LKC34	g18904
LKC34	g15236
LKC34	g12997
LKC34	g13365
LKC34	g14769
LKC34	g15301
LKC34	g8663
LKC34	g4159
LKC34	g13766
LKC34	g7054
LKC34	g19593
LKC34	g11943
LKC34	g3298
LKC34	g13388
LKC34	g13390
LKC34	g4133
LKC34	g15211
LKC34	g15513
LKC34	g525
LKC34	g17607
LKC34	g13842
LKC34	g13849
LKC34	g11936
LKC34	g13387
LKC34	g13242
LKC34	g14724
LKC34	g12892
LKC34	g10006
LKC34	g18586
LKC34	g3433
LKC34	g15935
LKC34	g15295
LKC34	g12981
LKC34	g16491
LKC34	g14112
LKC34	g3535
LKC34	g14800
LKC34	g15936
LKC34	g306
LKC34	g12915
LKC34	g3212
LKC34	g7015
LKC34	g15516
LKC34	g14617
LKC34	g907
LKC34	g16057
LKC34	g7053
LKC34	g9120
LKC34	g3232
LKC34	g12944
LKC34	g111
LKC34	g15212
LKC34	g2014
LKC34	g7279
LKC34	g9758
LKC34	g8630
LKC34	g780
LKC34	g14645
LKC34	g9936
LKC34	g3487
LKC34	g3399
LKC34	g12656
LKC34	g3325
LKC34	g13176
LKC34	g14862
LKC34	g19491
LKC34	g13846
LKC34	g9968
LKC34	g19812
LKC34	g12966
LKC34	g8745
LKC34	g19475
LKC34	g7095
LKC34	g13315
LKC34	g13845
LKC34	g14616
LKC34	g8903
LKC34	g3384
LKC34	g15517
LKC34	g22482
LKC34	g16063
LKC34	g12972
LKC34	g19478
LKC34	g19590
LKC34	g13997
LKC34	g13198
LKC34	g12918
LKC34	g14644
LKC34	g22418
LKC34	g9271
LKC34	g3571
LKC34	g4311
LKC34	g14614
LKC34	g12896
LKC34	g7044
LKC34	g6139
LKC34	g12982
LKC34	g13942
LKC34	g9756
LKC34	g1235
LKC34	g14799
LKC34	g2161
LKC34	g6952
LKC34	g13380
LKC34	g12986
LKC34	g302
LKC34	g12943
LKC34	g12923
LKC34	g17838
LKC34	g21517
LKC34	g14615
LKC34	g2632
LKC34	g3565
LKC34	g13351
LKC34	g22200
LKC34	g13434
LKC34	g253
LKC34	g3517
LKC34	g18112
LKC34	g13360
LKC34	g20160
LKC34	g3732
LKC34	g13363
LKC34	g12925
LKC34	g3576
LKC34	g11945
LKC34	g13357
LKC34	g3522
LKC34	g12789
LKC34	g9971
LKC34	g2162
LKC34	g8275
LKC34	g13362
LKC34	g9762
LKC34	g12946
LKC34	g9447
LKC34	g3479
LKC34	g17837
LKC34	g13204
LKC34	g13767
LKC34	g3466
LKC34	g8403
LKC34	g12911
LKC34	g300
LKC34	g13769
LKC34	g14723
LKC34	g299
LKC34	g3568
LKC34	g3634
LKC34	g19466
LKC34	g8665
LKC34	g12919
LKC34	g13391
LKC34	g3569
LKC34	g19429
LKC34	g13361
LKC34	g3694
LKC34	g13378
LKC34	g12971
LKC34	g16471
LKC34	g16062
LKC34	g7094
LKC34	g10363
LKC34	g7002
LKC34	g3632
LKC34	g13930
LKC34	g11941
MY1	g19202
MY1	g4793
MY1	g15158
MY1	g575
MY1	g5578
MY1	g14562
MY1	g2341
MY1	g8888
MY1	g9094
MY1	g8877
MY1	g14229
MY1	g9185
MY1	g14565
MY1	g545
MY1	g5707
MY1	g4297
MY1	g14043
MY1	g1762
MY1	g5739
MY1	g3430
MY1	g8846
MY1	g5254
MY1	g5722
MY1	g3431
MY1	g5237
MY1	g8849
MY1	g5706
MY1	g22048
MY1	g5308
MY1	g15930
MY1	g5381
MY1	g3924
MY1	g8737
MY1	g8839
MY1	g3429
MY1	g3785
MY1	g8841
MY1	g22196
MY1	g14521
MY1	g8981
MY1	g5244
MY1	g16883
MY1	g14559
MY1	g8843
MY1	g21453
MY1	g5418
MY1	g19290
MY1	g3126
MY1	g4796
MY1	g737
MY1	g14743
MY1	g5419
MY1	g6029
MY1	g13727
MY1	g19705
MY1	g3124
MY1	g4028
MY1	g5425
MY1	g7789
MY1	g11649
MY1	g7788
MY1	g4394
MY1	g18766
MY1	g5255
MY1	g9389
MY1	g14380
MY1	g12127
MY1	g4725
MY1	g5649
MY1	g14050
MY1	g349
MY1	g8926
MY1	g4364
MY1	g11642
MY1	g4667
MY1	g11174
MY1	g4643
MY1	g4797
MY1	g14560
MY1	g21265
MY1	g9205
MY1	g5242
MY1	g5233
MY1	g6648
MY1	g18933
MY1	g10228
MY1	g4800
MY1	g15320
MY1	g5699
MY1	g21276
MY1	g5262
MY1	g5698
MY1	g5726
MY1	g4120
MY1	g8876
MY1	g10081
MY1	g4029
MY1	g10226
MY1	g2578
MY1	g5234
MY1	g5685
MY1	g5697
MY1	g4792
MY1	g15253
MY1	g5259
MY1	g22403
MY1	g5260
MY1	g15267
MY1	g501
MY1	g17036
MY1	g8717
MY1	g3432
MY1	g5747
MY1	g7791
MY1	g22304
MY1	g6026
MY1	g12131
MY1	g15254
MY1	g10675
MY1	g4782
MY1	g7790
MY1	g8108
MY1	g5705
MY1	g19159
MY1	g3403
MY1	g5623
MY1	g3876
MY1	g3337
MY1	g14561
MY1	g8257
MY1	g5421
MY1	g4875
MY1	g15262
MY1	g18885
MY1	g8780
MY1	g5256
MY1	g9119
MY1	g21264
MY1	g8284
MY1	g10110
MY1	g3428
MY1	g21981
MY1	g10005
MY1	g10143
MY1	g21037
MY1	g4798
MY1	g12135
MY1	g3921
MY1	g5727
MY1	g745
MY1	g4027
MY1	g19471
MY1	g8980
MY1	g5420
MY1	g7664
MY1	g3344
MY1	g5639
MY1	g17248
MY1	g4530
MY1	g8878
MY1	g3845
MY1	g542
MY1	g7665
MY1	g15223
MY1	g10223
MY1	g5704
MY1	g19201
MY1	g21984
MY1	g4023
MY1	g6359
MY1	g7787
MY1	g15261
MY1	g14107
MY1	g5676
MY1	g10415
MY1	g19455
MY1	g3427
MY1	g546
MY1	g11025
MY1	g15491
MY1	g12129
MY1	g9748
MY1	g3996
MY1	g9322
MY1	g8925
MY1	g9014
MY1	g7239
MY1	g5445
MY1	g3784
MY1	g18783
MY1	g4794
MY1	g18251
MY1	g5654
MY1	g14479
MY1	g18767
MY1	g3846
MY1	g15304
MY1	g4795
MY1	g5235
MY1	g4024
MY1	g14322
MY1	g9030
MY1	g21985
MY1	g9264
MY1	g502
MY1	g7793
MY1	g5648
MY1	g18770
MY1	g18884
MY1	g4644
MY1	g4791
MY1	g5701
MY1	g21263
MY1	g3997
MY1	g21271
MY1	g13958
MY1	g5241
MY1	g8842
MY1	g8107
MY1	g4026
MY1	g5723
MY1	g15252
MY1	g5638
MY1	g4698
MY1	g6028
MY1	g11172
MY1	g5634
MY1	g10227
MY1	g5677
MY1	g5696
MY1	g8838
MY1	g5424
MY1	g16859
MY1	g4025
MY1	g11647
MY1	g1010
MY1	g10229
MY1	g8848
MY1	g520
MY1	g5269
MY1	g15852
MY1	g5180
MY1	g10272
MY1	g8895
MY1	g9091
MY1	g19946
MY1	g3125
MY1	g8681
MY1	g9202
MY1	g5257
MY1	g5694
MY1	g8837
MY1	g5422
MY1	g5263
MY1	g20913
MY1	g7370
MY1	g11173
MY1	g6715
MY1	g9714
MY1	g5258
MY1	g8781
MY1	g5674
MY1	g13782
MY1	g8933
MY1	g21270
MY1	g4874
MY1	g8946
MY1	g6843
MY1	g5708
MY1	g4872
MY1	g3922
MY1	g9090
MY1	g10230
MY1	g8845
MY1	g1009
MY1	g8779
MY1	g18758
MY1	g738
MY1	g5700
MY1	g5231
MY1	g8844
MY1	g3426
MY1	g18720
MY1	g13528
MY1	g8719
MY1	g5232
MY1	g509
MY1	g17269
MY1	g7792
MY1	g15303
MY1	g138
MY1	g15209
MY1	g740
MY1	g4710
MY1	g12130
MY1	g577
MY2693	g780
MY2693	g8961
MY2693	g2166
MY2693	g18435
MY2693	g16769
MY2693	g5871
MY2693	g15543
MY2693	g15532
MY2693	g20820
MY2693	g16897
MY2693	g8461
MY2693	g6455
MY2693	g16928
MY2693	g7590
MY2693	g15501
MY2693	g9451
MY2693	g10480
MY2693	g16911
MY2693	g7591
MY2693	g9433
MY2693	g15504
MY2693	g16896
MY2693	g12417
MY2693	g15743
MY2693	g9505
MY2693	g19916
MY2693	g7039
MY2693	g9580
MY2693	g8085
MY2693	g15388
MY2693	g15494
MY2693	g7589
MY2693	g7944
MY2693	g19810
MY2693	g15496
MY2693	g3308
MY2693	g21154
MY2693	g21113
MY2693	g15636
MY2693	g9440
MY2693	g20476
MY2693	g21150
MY2693	g15498
MY2693	g9617
MY2693	g868
MY2693	g15850
MY2693	g5083
MY2693	g8964
MY2693	g18265
MY2693	g9618
MY2693	g14142
MY2693	g20304
MY2693	g17016
MY2693	g1285
MY2693	g15830
MY2693	g8191
MY2693	g9624
MY2693	g12894
MY2693	g12007
MY2693	g18970
MY2693	g12893
MY2693	g8557
MY2693	g348
MY2693	g9452
MY2693	g20127
MY2693	g20973
MY2693	g8893
MY2693	g18652
MY2693	g15581
MY2693	g18464
MY2693	g8527
MY2693	g18962
MY2693	g8833
MY2693	g1525
MY2693	g11504
MY2693	g8809
MY2693	g8965
MY2693	g9438
MY2693	g9429
MY2693	g4893
MY2693	g513
MY2693	g4503
MY2693	g8968
MY2693	g2005
MY2693	g16889
MY2693	g13713
MY2693	g9459
MY2693	g16888
MY2693	g16915
MY2693	g8283
MY2693	g15531
MY2693	g4651
MY2693	g7586
MY2693	g21157
MY2693	g10478
MY2693	g8192
MY2693	g4505
MY2693	g5634
MY2693	g9430
MY2693	g16875
MY2693	g16887
MY2693	g8960
MY2693	g2071
MY2693	g9456
MY2693	g21287
MY2693	g9457
MY2693	g13707
MY2693	g2057
MY2693	g21152
MY2693	g18504
MY2693	g20628
MY2693	g15368
MY2693	g7592
MY2693	g16936
MY2693	g12896
MY2693	g14145
MY2693	g10476
MY2693	g2070
MY2693	g18484
MY2693	g8950
MY2693	g12895
MY2693	g14763
MY2693	g16895
MY2693	g2536
MY2693	g737
MY2693	g7563
MY2693	g16813
MY2693	g8037
MY2693	g7497
MY2693	g14913
MY2693	g5085
MY2693	g9620
MY2693	g9042
MY2693	g2062
MY2693	g465
MY2693	g9453
MY2693	g15771
MY2693	g2610
MY2693	g14939
MY2693	g4623
MY2693	g7588
MY2693	g12349
MY2693	g16701
MY2693	g4591
MY2693	g8966
MY2693	g8959
MY2693	g10472
MY2693	g8082
MY2693	g16916
MY2693	g18503
MY2693	g17756
MY2693	g18257
MY2693	g8190
MY2693	g1049
MY2693	g15635
MY2693	g9619
MY2693	g12772
MY2693	g7504
MY2693	g16829
MY2693	g21520
MY2693	g8696
MY2693	g15533
MY2693	g8006
MY2693	g12773
MY2693	g2101
MY2693	g4508
MY2693	g16894
MY2693	g779
MY2693	g12353
MY2693	g8186
MY2693	g13818
MY2693	g12892
MY2693	g2063
MY2693	g16866
MY2693	g4321
MY2693	g1032
MY2693	g7587
MY2693	g1835
MY2693	g20915
MY2693	g19064
MY2693	g8159
MY2693	g22162
MY2693	g18433
MY2693	g15580
MY2693	g15670
MY2693	g13309
MY2693	g15744
MY2693	g9645
MY2693	g13701
MY2693	g7943
MY2693	g2612
MY2693	g365
MY2693	g8962
MY2693	g18465
MY2693	g19492
MY2693	g16844
MY2693	g21071
MY2693	g349
MY2693	g2021
MY2693	g8963
MY2693	g9431
MY2693	g8187
MY2693	g15685
MY2693	g21187
MY2693	g12354
MY2693	g7030
MY2693	g2671
MY2693	g12898
MY2693	g16838
MY2693	g352
MY2693	g464
MY2693	g8810
MY2693	g16891
MY2693	g6797
MY2693	g13702
MY2693	g8160
MY2693	g13708
MY2693	g7126
MY2693	g9437
MY2693	g15497
MY2693	g14762
MY2693	g8189
MY2693	g16912
MY2693	g2072
MY2693	g16828
MY2693	g8866
MY2693	g14143
MY2693	g8007
MY2693	g11506
MY2693	g16824
MY2693	g4504
MY2693	g16867
MY2693	g16886
MY2693	g9623
MY2693	g5084
MY2693	g20452
MY2693	g8188
MY2693	g18968
MY2693	g22161
MY2693	g4502
MY2693	g15503
MY2693	g9466
MY2693	g14408
MY2693	g9375
MY2693	g4457
MY2693	g15550
MY2693	g15332
MY2693	g9454
MY2693	g16884
MY2693	g15492
MY2693	g9621
MY2693	g9460
MY2693	g13369
MY2693	g21652
MY2693	g18468
MY2693	g11505
MY2693	g4965
MY2693	g17008
MY2693	g9455
MY2693	g15433
MY2693	g16864
MY2693	g7307
MY2693	g15589
MY2693	g21151
MY2693	g9041
MY2693	g15602
MY2693	g20691
MY2693	g16898
MY2693	g9039
MY2693	g8083
MY2693	g6976
MY2693	g18495
MY2693	g4501
MY2693	g11652
MY2693	g15847
MY2693	g15500
MY2693	g15431
MY2693	g340
MY2693	g18264
MY2693	g15432
MY2693	g17530
MY2693	g16890
MY2693	g9427
MY2693	g15499
MY2693	g303
MY2693	g15370
MY2693	g9428
MY2693	g15493
MY2693	g16839
MY2693	g21500
MY2693	g12897
MY2693	g2022
MY2693	g2114
MY2693	g18262
MY2693	g8878
MY2693	g10477
NIC259	g18335
NIC259	g17277
NIC259	g11497
NIC259	g21284
NIC259	g2385
NIC259	g766
NIC259	g8184
NIC259	g12398
NIC259	g8195
NIC259	g2055
NIC259	g17527
NIC259	g2388
NIC259	g12112
NIC259	g10996
NIC259	g1869
NIC259	g184
NIC259	g10127
NIC259	g8226
NIC259	g11943
NIC259	g5527
NIC259	g22110
NIC259	g10128
NIC259	g11926
NIC259	g21454
NIC259	g21465
NIC259	g12410
NIC259	g8223
NIC259	g12419
NIC259	g9757
NIC259	g7983
NIC259	g11996
NIC259	g10621
NIC259	g12109
NIC259	g8337
NIC259	g8233
NIC259	g10481
NIC259	g8231
NIC259	g21846
NIC259	g2345
NIC259	g8091
NIC259	g11933
NIC259	g16412
NIC259	g12366
NIC259	g8229
NIC259	g16847
NIC259	g12114
NIC259	g17365
NIC259	g7875
NIC259	g1557
NIC259	g11500
NIC259	g22302
NIC259	g4346
NIC259	g17783
NIC259	g7895
NIC259	g1555
NIC259	g10726
NIC259	g12452
NIC259	g12115
NIC259	g9279
NIC259	g12333
NIC259	g12577
NIC259	g9280
NIC259	g11092
NIC259	g16843
NIC259	g18573
NIC259	g11944
NIC259	g15576
NIC259	g2207
NIC259	g1876
NIC259	g11429
NIC259	g8234
NIC259	g12352
NIC259	g21069
NIC259	g8145
NIC259	g21255
NIC259	g12347
NIC259	g11062
NIC259	g12585
NIC259	g11371
NIC259	g13048
NIC259	g11346
NIC259	g11501
NIC259	g2383
NIC259	g17276
NIC259	g11931
NIC259	g11922
NIC259	g6541
NIC259	g12351
NIC259	g2843
NIC259	g11504
NIC259	g18516
NIC259	g12412
NIC259	g11951
NIC259	g7004
NIC259	g12411
NIC259	g12439
NIC259	g10816
NIC259	g8196
NIC259	g15134
NIC259	g10727
NIC259	g14989
NIC259	g1002
NIC259	g11923
NIC259	g21455
NIC259	g11496
NIC259	g11948
NIC259	g2513
NIC259	g11949
NIC259	g12110
NIC259	g12135
NIC259	g18567
NIC259	g21213
NIC259	g16265
NIC259	g14987
NIC259	g8355
NIC259	g10129
NIC259	g12420
NIC259	g12459
NIC259	g9277
NIC259	g4343
NIC259	g5523
NIC259	g13550
NIC259	g15072
NIC259	g21234
NIC259	g11486
NIC259	g9278
NIC259	g8964
NIC259	g12418
NIC259	g7683
NIC259	g17234
NIC259	g10101
NIC259	g10574
NIC259	g10035
NIC259	g2384
NIC259	g8815
NIC259	g11578
NIC259	g5525
NIC259	g11945
NIC259	g7955
NIC259	g7758
NIC259	g8789
NIC259	g9824
NIC259	g20412
NIC259	g11502
NIC259	g11879
NIC259	g11495
NIC259	g5519
NIC259	g12072
NIC259	g10618
NIC259	g12440
NIC259	g21214
NIC259	g10725
NIC259	g18583
NIC259	g17544
NIC259	g8092
NIC259	g9403
NIC259	g10042
NIC259	g18954
NIC259	g11232
NIC259	g8194
NIC259	g10543
NIC259	g9402
NIC259	g8181
NIC259	g14992
NIC259	g12417
NIC259	g8291
NIC259	g9821
NIC259	g12111
NIC259	g10721
NIC259	g4672
NIC259	g9281
NIC259	g1932
NIC259	g15209
NIC259	g12388
NIC259	g14801
NIC259	g10125
NIC259	g13198
NIC259	g21464
NIC259	g2417
NIC259	g15462
NIC259	g10694
NIC259	g19800
NIC259	g21286
NIC259	g8146
NIC259	g8057
NIC259	g6235
NIC259	g7982
NIC259	g20637
NIC259	g18572
NIC259	g10480
NIC259	g7760
NIC259	g11498
NIC259	g21254
NIC259	g14115
NIC259	g2305
NIC259	g16844
NIC259	g18533
NIC259	g11499
NIC259	g14986
NIC259	g11924
NIC259	g10722
NIC259	g2148
NIC259	g8041
NIC259	g18615
NIC259	g17011
NIC259	g9820
NIC259	g7819
NIC259	g9275
NIC259	g11347
NIC259	g16860
NIC259	g12414
NIC259	g20638
NIC259	g10695
NIC259	g1785
NIC259	g11930
NIC259	g8230
NIC259	g8965
NIC259	g10724
NIC259	g16961
NIC259	g12108
NIC259	g18584
NIC259	g11401
NIC259	g21466
NIC259	g4345
NIC259	g10544
NIC259	g13050
NIC259	g18677
NIC259	g14988
NIC259	g12389
NIC259	g12409
NIC259	g16437
NIC259	g10723
NIC259	g12579
NIC259	g19799
NIC259	g20254
NIC259	g12435
NIC259	g8224
NIC259	g11957
NIC259	g19200
NIC259	g14941
NIC259	g8176
NIC259	g18020
NIC259	g18582
NIC259	g1556
NIC259	g8392
NIC259	g11946
NIC259	g12360
NIC259	g8235
NIC259	g11952
NIC259	g20293
NIC259	g6365
NIC259	g21251
NIC259	g13049
NIC259	g2773
NIC259	g11947
NIC259	g10126
NIC259	g21460
NIC259	g20644
NIC259	g12386
NIC259	g1608
NIC259	g8138
NIC259	g12407
NIC259	g11577
NIC259	g8125
NIC259	g2646
NIC259	g12421
NIC259	g11575
NIC259	g10619
NIC259	g21222
NIC259	g14985
NIC259	g7878
NIC259	g8227
NIC259	g8293
NIC259	g16835
NIC259	g8292
NIC259	g2382
NIC259	g20643
NIC259	g12413
NIC259	g11920
NIC259	g8228
NIC259	g16962
NIC259	g16798
NIC259	g8353
NIC259	g12436
NIC259	g11921
NIC259	g20649
NIC259	g12361
NIC259	g18975
NIC259	g9276
NIC259	g18534
NIC259	g12285
NIC259	g20854
NIC259	g18628
NIC259	g10124
NIC259	g11413
NIC259	g5524
WN2117	g16559
WN2117	g4621
WN2117	g14759
WN2117	g9039
WN2117	g3880
WN2117	g2665
WN2117	g20956
WN2117	g19240
WN2117	g19251
WN2117	g2332
WN2117	g16815
WN2117	g2668
WN2117	g9068
WN2117	g3751
WN2117	g11767
WN2117	g2149
WN2117	g12907
WN2117	g3719
WN2117	g12639
WN2117	g19282
WN2117	g4209
WN2117	g6838
WN2117	g3736
WN2117	g12638
WN2117	g19279
WN2117	g3752
WN2117	g5104
WN2117	g19042
WN2117	g4155
WN2117	g4079
WN2117	g12142
WN2117	g19394
WN2117	g19289
WN2117	g12640
WN2117	g12286
WN2117	g19287
WN2117	g18546
WN2117	g2625
WN2117	g19144
WN2117	g745
WN2117	g13478
WN2117	g19285
WN2117	g11557
WN2117	g4041
WN2117	g16649
WN2117	g21749
WN2117	g4618
WN2117	g8874
WN2117	g13476
WN2117	g4040
WN2117	g15370
WN2117	g14083
WN2117	g13328
WN2117	g22145
WN2117	g17066
WN2117	g18967
WN2117	g21747
WN2117	g12036
WN2117	g4034
WN2117	g20337
WN2117	g4541
WN2117	g8513
WN2117	g20338
WN2117	g11670
WN2117	g15777
WN2117	g4208
WN2117	g13881
WN2117	g2482
WN2117	g4691
WN2117	g19350
WN2117	g19290
WN2117	g9264
WN2117	g19201
WN2117	g11700
WN2117	g8504
WN2117	g4751
WN2117	g8031
WN2117	g4775
WN2117	g4225
WN2117	g4617
WN2117	g16515
WN2117	g9104
WN2117	g4233
WN2117	g3125
WN2117	g15945
WN2117	g4614
WN2117	g14599
WN2117	g3759
WN2117	g4201
WN2117	g3760
WN2117	g3732
WN2117	g11947
WN2117	g19252
WN2117	g13475
WN2117	g12035
WN2117	g13474
WN2117	g2662
WN2117	g21197
WN2117	g3761
WN2117	g4622
WN2117	g14665
WN2117	g4207
WN2117	g2800
WN2117	g2156
WN2117	g14651
WN2117	g2664
WN2117	g9112
WN2117	g594
WN2117	g19413
WN2117	g12637
WN2117	g3711
WN2117	g20335
WN2117	g15367
WN2117	g6833
WN2117	g14664
WN2117	g7528
WN2117	g4632
WN2117	g20336
WN2117	g20021
WN2117	g3753
WN2117	g18778
WN2117	g12666
WN2117	g3835
WN2117	g12191
WN2117	g5384
WN2117	g19871
WN2117	g4038
WN2117	g4540
WN2117	g14656
WN2117	g15897
WN2117	g6836
WN2117	g19018
WN2117	g4232
WN2117	g4234
WN2117	g18848
WN2117	g9690
WN2117	g19845
WN2117	g12641
WN2117	g5171
WN2117	g13253
WN2117	g13390
WN2117	g9925
WN2117	g4616
WN2117	g4282
WN2117	g6829
WN2117	g4231
WN2117	g12145
WN2117	g3731
WN2117	g8866
WN2117	g12037
WN2117	g14694
WN2117	g16832
WN2117	g19145
WN2117	g4039
WN2117	g20459
WN2117	g5390
WN2117	g3819
WN2117	g22280
WN2117	g16558
WN2117	g4886
WN2117	g19250
WN2117	g12222
WN2117	g9071
WN2117	g20458
WN2117	g13471
WN2117	g3754
WN2117	g5168
WN2117	g12041
WN2117	g3419
WN2117	g20339
WN2117	g14657
WN2117	g2213
WN2117	g3782
WN2117	g19237
WN2117	g13661
WN2117	g12642
WN2117	g9067
WN2117	g17421
WN2117	g14417
WN2117	g12068
WN2117	g1372
WN2117	g19202
WN2117	g19109
WN2117	g11247
WN2117	g19041
WN2117	g16557
WN2117	g4014
WN2117	g9697
WN2117	g12287
WN2117	g18850
WN2117	g15794
WN2117	g4229
WN2117	g4620
WN2117	g18180
WN2117	g4543
WN2117	g3804
WN2117	g2584
WN2117	g15778
WN2117	g12221
WN2117	g14615
WN2117	g4619
WN2117	g12040
WN2117	g19095
WN2117	g2703
WN2117	g5167
WN2117	g18906
WN2117	g9111
WN2117	g20333
WN2117	g3810
WN2117	g15781
WN2117	g15896
WN2117	g4774
WN2117	g4623
WN2117	g3757
WN2117	g1784
WN2117	g9696
WN2117	g12067
WN2117	g2065
WN2117	g19286
WN2117	g20022
WN2117	g12038
WN2117	g3059
WN2117	g3734
WN2117	g14666
WN2117	g3820
WN2117	g4719
WN2117	g15369
WN2117	g8029
WN2117	g4224
WN2117	g3824
WN2117	g3781
WN2117	g3762
WN2117	g4035
WN2117	g769
WN2117	g12039
WN2117	g8511
WN2117	g1371
WN2117	g10082
WN2117	g13477
WN2117	g19280
WN2117	g9093
WN2117	g4194
WN2117	g18629
WN2117	g13521
WN2117	g19231
WN2117	g17308
WN2117	g4203
WN2117	g21748
WN2117	g19449
WN2117	g4206
WN2117	g3764
WN2117	g19291
WN2117	g4037
WN2117	g4200
WN2117	g2424
WN2117	g10043
WN2117	g11383
WN2117	g8030
WN2117	g22153
WN2117	g3773
WN2117	g4205
WN2117	g3784
WN2117	g1887
WN2117	g19193
WN2117	g19178
WN2117	g2933
WN2117	g3750
WN2117	g12144
WN2117	g7879
WN2117	g18951
WN2117	g19283
WN2117	g19351
WN2117	g15769
WN2117	g8873
WN2117	g9691
WN2117	g3758
WN2117	g4235
WN2117	g19284
WN2117	g12643
WN2117	g15732
WN2117	g4204
WN2117	g2663
WN2117	g19411
WN2117	g9685
WN2117	g4222
WN2117	g3809
WN2117	g22301
WN2117	g20334
WN2117	g14616
WN2117	g9477
WN2117	g14707
WN2117	g8871
WN2117	g4707
WN2117	g19349
WN2117	g6834
WN2117	g9037
ECA722	g4035
ECA722	g17463
ECA722	g5714
ECA722	g7388
ECA722	g19455
ECA722	g13105
ECA722	g1824
ECA722	g6344
ECA722	g19459
ECA722	g4538
ECA722	g4953
ECA722	g17906
ECA722	g4082
ECA722	g12756
ECA722	g5827
ECA722	g13108
ECA722	g11288
ECA722	g1241
ECA722	g7419
ECA722	g16123
ECA722	g21244
ECA722	g7485
ECA722	g12854
ECA722	g7387
ECA722	g18967
ECA722	g6340
ECA722	g13102
ECA722	g18303
ECA722	g7484
ECA722	g5968
ECA722	g17506
ECA722	g13063
ECA722	g4957
ECA722	g16122
ECA722	g6341
ECA722	g14541
ECA722	g5907
ECA722	g4031
ECA722	g4062
ECA722	g14176
ECA722	g7345
ECA722	g5906
ECA722	g19461
ECA722	g17730
ECA722	g16960
ECA722	g8321
ECA722	g4055
ECA722	g4348
ECA722	g5030
ECA722	g19457
ECA722	g10914
ECA722	g4511
ECA722	g17898
ECA722	g4515
ECA722	g4528
ECA722	g4349
ECA722	g12915
ECA722	g7421
ECA722	g7524
ECA722	g7283
ECA722	g5385
ECA722	g4516
ECA722	g4051
ECA722	g6343
ECA722	g12579
ECA722	g4125
ECA722	g4052
ECA722	g4111
ECA722	g4526
ECA722	g16215
ECA722	g17464
ECA722	g21564
ECA722	g2605
ECA722	g19456
ECA722	g16120
ECA722	g4063
ECA722	g13564
ECA722	g13101
ECA722	g13103
ECA722	g2729
ECA722	g11678
ECA722	g7379
ECA722	g4508
ECA722	g20614
ECA722	g5629
ECA722	g6430
ECA722	g10420
ECA722	g4126
ECA722	g5354
ECA722	g7422
ECA722	g4054
ECA722	g20611
ECA722	g9894
ECA722	g16124
ECA722	g5109
ECA722	g2061
ECA722	g2733
ECA722	g18479
ECA722	g4320
ECA722	g7284
ECA722	g4954
ECA722	g6438
ECA722	g21578
ECA722	g11506
ECA722	g4355
ECA722	g2728
ECA722	g5045
ECA722	g7389
ECA722	g4956
ECA722	g12573
ECA722	g18904
ECA722	g13371
ECA722	g4464
ECA722	g4952
ECA722	g490
ECA722	g4535
ECA722	g14179
ECA722	g11525
ECA722	g9915
ECA722	g21573
ECA722	g4058
ECA722	g4011
ECA722	g4537
ECA722	g6867
ECA722	g4951
ECA722	g4352
ECA722	g7338
ECA722	g6338
ECA722	g19773
ECA722	g14177
ECA722	g4536
ECA722	g7058
ECA722	g7417
ECA722	g2603
ECA722	g16248
ECA722	g18903
ECA722	g18900
ECA722	g16353
ECA722	g2952
ECA722	g4351
ECA722	g7586
ECA722	g18326
ECA722	g4583
ECA722	g20619
ECA722	g7424
ECA722	g4393
ECA722	g7001
ECA722	g4053
ECA722	g5057
ECA722	g6345
ECA722	g21563
ECA722	g7429
ECA722	g10276
ECA722	g16127
ECA722	g17197
ECA722	g4066
ECA722	g8338
ECA722	g14522
ECA722	g10419
ECA722	g5825
ECA722	g12636
ECA722	g19458
ECA722	g4144
ECA722	g6369
ECA722	g21562
ECA722	g10912
ECA722	g21468
ECA722	g4105
ECA722	g19926
ECA722	g4859
ECA722	g4034
ECA722	g3109
ECA722	g21629
ECA722	g4032
ECA722	g4191
ECA722	g4533
ECA722	g17375
ECA722	g5720
ECA722	g13852
ECA722	g7426
ECA722	g7416
ECA722	g15934
ECA722	g6936
ECA722	g13239
ECA722	g6339
ECA722	g17214
ECA722	g16606
ECA722	g5747
ECA722	g13498
ECA722	g7346
ECA722	g22103
ECA722	g7244
ECA722	g7157
ECA722	g17882
ECA722	g4948
ECA722	g2735
ECA722	g4955
ECA722	g4060
ECA722	g9356
ECA722	g19333
ECA722	g11526
ECA722	g4967
ECA722	g13021
ECA722	g4190
ECA722	g17897
ECA722	g11517
ECA722	g7425
ECA722	g17779
ECA722	g491
ECA722	g19954
ECA722	g11449
ECA722	g7075
ECA722	g11486
ECA722	g21572
ECA722	g4862
ECA722	g4353
ECA722	g4958
ECA722	g4510
ECA722	g4130
ECA722	g76
ECA722	g5746
ECA722	g12482
ECA722	g4529
ECA722	g7423
ECA722	g5717
ECA722	g3215
ECA722	g5718
ECA722	g10905
ECA722	g7054
ECA722	g4059
ECA722	g16121
ECA722	g11482
ECA722	g21035
ECA722	g7541
ECA722	g11481
ECA722	g4502
ECA722	g14763
ECA722	g16073
ECA722	g2734
ECA722	g12233
ECA722	g8034
ECA722	g4513
ECA722	g19774
ECA722	g19460
ECA722	g16724
ECA722	g3072
ECA722	g5719
ECA722	g8163
ECA722	g21612
ECA722	g4354
ECA722	g8861
ECA722	g17780
ECA722	g4514
ECA722	g7158
ECA722	g11295
ECA722	g5450
ECA722	g16280
ECA722	g4085
ECA722	g12302
ECA722	g4507
ECA722	g5219
ECA722	g7328
ECA722	g7540
ECA722	g2604
ECA722	g4061
ECA722	g5716
ECA722	g7229
ECA722	g5085
ECA722	g5878
ECA722	g11296
ECA722	g21533
ECA722	g4539
ECA722	g17940
ECA722	g5969
ECA722	g5108
ECA722	g5828
ECA722	g4860
ECA722	g4083
ECA722	g7420
ECA722	g13138
ECA722	g4110
ECA722	g21611
ECA722	g6342
ECA722	g20609
ECA722	g19332
ECA722	g4019
ECA722	g6938
ECA722	g5715
ECA722	g21520
ECA722	g4950
ECA722	g4512
ECA722	g20613
ECA722	g19927
ECA722	g17895
ECA722	g2722
JT11398	g15558
JT11398	g11899
JT11398	g1762
JT11398	g19670
JT11398	g2551
JT11398	g1252
JT11398	g3510
JT11398	g1579
JT11398	g9841
JT11398	g9830
JT11398	g11646
JT11398	g1249
JT11398	g2679
JT11398	g7033
JT11398	g12795
JT11398	g4090
JT11398	g2714
JT11398	g7893
JT11398	g12788
JT11398	g9799
JT11398	g2226
JT11398	g2695
JT11398	g7892
JT11398	g2209
JT11398	g19504
JT11398	g9802
JT11398	g2678
JT11398	g8270
JT11398	g10042
JT11398	g2279
JT11398	g19743
JT11398	g2354
JT11398	g7405
JT11398	g9689
JT11398	g9792
JT11398	g7544
JT11398	g20938
JT11398	g9794
JT11398	g1292
JT11398	g9934
JT11398	g2216
JT11398	g20914
JT11398	g21565
JT11398	g9796
JT11398	g19011
JT11398	g2392
JT11398	g11810
JT11398	g10151
JT11398	g21363
JT11398	g1765
JT11398	g16298
JT11398	g2393
JT11398	g5175
JT11398	g17351
JT11398	g11395
JT11398	g10131
JT11398	g21365
JT11398	g7299
JT11398	g2399
JT11398	g8746
JT11398	g14103
JT11398	g13125
JT11398	g8745
JT11398	g6937
JT11398	g12325
JT11398	g2227
JT11398	g17550
JT11398	g1431
JT11398	g1694
JT11398	g9791
JT11398	g19742
JT11398	g9879
JT11398	g6967
JT11398	g13132
JT11398	g15324
JT11398	g1638
JT11398	g13602
JT11398	g6692
JT11398	g1766
JT11398	g15334
JT11398	g2214
JT11398	g15326
JT11398	g14680
JT11398	g12162
JT11398	g1769
JT11398	g2671
JT11398	g2234
JT11398	g15058
JT11398	g2670
JT11398	g2699
JT11398	g9733
JT11398	g7210
JT11398	g9829
JT11398	g21562
JT11398	g7896
JT11398	g7298
JT11398	g21561
JT11398	g1255
JT11398	g3274
JT11398	g2206
JT11398	g19503
JT11398	g2657
JT11398	g2669
JT11398	g1761
JT11398	g2231
JT11398	g22004
JT11398	g2232
JT11398	g15340
JT11398	g1253
JT11398	g20762
JT11398	g9670
JT11398	g7891
JT11398	g10449
JT11398	g2721
JT11398	g8748
JT11398	g19699
JT11398	g5172
JT11398	g19735
JT11398	g1138
JT11398	g21478
JT11398	g1751
JT11398	g8747
JT11398	g9063
JT11398	g2677
JT11398	g5924
JT11398	g11942
JT11398	g7919
JT11398	g2595
JT11398	g7454
JT11398	g7985
JT11398	g9211
JT11398	g2395
JT11398	g1843
JT11398	g12210
JT11398	g1136
JT11398	g2228
JT11398	g10070
JT11398	g5999
JT11398	g9237
JT11398	g21445
JT11398	g8203
JT11398	g5855
JT11398	g19284
JT11398	g1767
JT11398	g19897
JT11398	g1760
JT11398	g1142
JT11398	g7408
JT11398	g2700
JT11398	g7300
JT11398	g15325
JT11398	g11629
JT11398	g9933
JT11398	g8622
JT11398	g7978
JT11398	g2611
JT11398	g18945
JT11398	g6803
JT11398	g9831
JT11398	g7484
JT11398	g8623
JT11398	g9844
JT11398	g21558
JT11398	g2676
JT11398	g11900
JT11398	g9734
JT11398	g8207
JT11398	g7304
JT11398	g5502
JT11398	g8744
JT11398	g19050
JT11398	g16966
JT11398	g12732
JT11398	g2648
JT11398	g21748
JT11398	g7895
JT11398	g2205
JT11398	g15295
JT11398	g5596
JT11398	g7332
JT11398	g9878
JT11398	g9968
JT11398	g6373
JT11398	g10043
JT11398	g21563
JT11398	g2420
JT11398	g19057
JT11398	g15335
JT11398	g7545
JT11398	g6001
JT11398	g12310
JT11398	g1763
JT11398	g265
JT11398	g2626
JT11398	g1333
JT11398	g12324
JT11398	g15376
JT11398	g1764
JT11398	g2207
JT11398	g7303
JT11398	g1488
JT11398	g9984
JT11398	g22103
JT11398	g8208
JT11398	g22421
JT11398	g6060
JT11398	g8750
JT11398	g19702
JT11398	g2620
JT11398	g12322
JT11398	g12211
JT11398	g6691
JT11398	g2673
JT11398	g19056
JT11398	g7331
JT11398	g12883
JT11398	g2213
JT11398	g9795
JT11398	g9062
JT11398	g7301
JT11398	g2696
JT11398	g2610
JT11398	g1668
JT11398	g5174
JT11398	g7483
JT11398	g13604
JT11398	g2606
JT11398	g2649
JT11398	g15393
JT11398	g2668
JT11398	g2398
JT11398	g7302
JT11398	g13127
JT11398	g10450
JT11398	g18658
JT11398	g21564
JT11398	g19698
JT11398	g9801
JT11398	g19723
JT11398	g2241
JT11398	g20390
JT11398	g2152
JT11398	g21609
JT11398	g9849
JT11398	g11158
JT11398	g21364
JT11398	g9634
JT11398	g2229
JT11398	g2666
JT11398	g9790
JT11398	g2396
JT11398	g2235
JT11398	g2394
JT11398	g19404
JT11398	g21419
JT11398	g6505
JT11398	g13603
JT11398	g14612
JT11398	g2230
JT11398	g7894
JT11398	g2646
JT11398	g13053
JT11398	g9886
JT11398	g1842
JT11398	g9899
JT11398	g14485
JT11398	g2680
JT11398	g1840
JT11398	g7407
JT11398	g13751
JT11398	g10148
JT11398	g9798
JT11398	g9732
JT11398	g12333
JT11398	g19051
JT11398	g2672
JT11398	g2203
JT11398	g9797
JT11398	g12370
JT11398	g1254
JT11398	g9672
JT11398	g2204
JT11398	g19498
JT11398	g19045
JT11398	g2621
JT11398	g18925
JT11398	g1134
JT11398	g17693
JT11398	g8749
JT11398	g15375
JT11398	g20113
JT11398	g15280
JT11398	g1679
JT11398	g1137
JT11398	g19668
JU394	g18202
JU394	g13695
JU394	g10632
JU394	g7714
JU394	g12880
JU394	g1828
JU394	g10148
JU394	g6643
JU394	g12549
JU394	g12883
JU394	g9673
JU394	g11130
JU394	g12365
JU394	g9981
JU394	g1243
JU394	g9642
JU394	g11997
JU394	g6612
JU394	g11996
JU394	g10165
JU394	g7536
JU394	g7547
JU394	g9683
JU394	g2732
JU394	g6615
JU394	g9674
JU394	g5078
JU394	g6854
JU394	g3120
JU394	g22006
JU394	g11510
JU394	g9960
JU394	g6499
JU394	g6605
JU394	g11998
JU394	g11650
JU394	g6607
JU394	g17878
JU394	g18427
JU394	g12840
JU394	g6747
JU394	g10158
JU394	g19638
JU394	g6609
JU394	g22578
JU394	g13784
JU394	g6962
JU394	g10629
JU394	g14829
JU394	g14206
JU394	g6942
JU394	g2611
JU394	g11402
JU394	g9980
JU394	g5556
JU394	g3735
JU394	g9759
JU394	g4709
JU394	g5555
JU394	g9728
JU394	g11032
JU394	g13255
JU394	g10147
JU394	g19934
JU394	g12700
JU394	g6654
JU394	g10700
JU394	g6543
JU394	g6604
JU394	g9742
JU394	g9733
JU394	g7932
JU394	g6692
JU394	g7742
JU394	g11063
JU394	g4701
JU394	g18443
JU394	g10759
JU394	g9682
JU394	g4237
JU394	g10783
JU394	g10628
JU394	g13694
JU394	g18433
JU394	g9985
JU394	g10160
JU394	g18441
JU394	g10169
JU394	g15444
JU394	g13427
JU394	g10625
JU394	g10634
JU394	g9681
JU394	g2727
JU394	g10140
JU394	g22192
JU394	g9655
JU394	g11310
JU394	g6642
JU394	g16797
JU394	g11401
JU394	g16943
JU394	g12877
JU394	g2069
JU394	g10168
JU394	g7546
JU394	g10633
JU394	g10143
JU394	g15779
JU394	g10142
JU394	g12879
JU394	g7783
JU394	g19792
JU394	g6480
JU394	g11995
JU394	g9634
JU394	g5558
JU394	g14826
JU394	g16324
JU394	g16859
JU394	g7762
JU394	g10643
JU394	g5557
JU394	g5870
JU394	g7154
JU394	g13652
JU394	g12024
JU394	g11558
JU394	g4797
JU394	g6018
JU394	g10552
JU394	g13377
JU394	g16322
JU394	g10146
JU394	g6882
JU394	g17134
JU394	g7077
JU394	g2726
JU394	g6045
JU394	g11999
JU394	g5011
JU394	g10627
JU394	g9704
JU394	g16328
JU394	g10024
JU394	g11513
JU394	g18472
JU394	g9654
JU394	g7782
JU394	g2613
JU394	g11403
JU394	g18442
JU394	g9657
JU394	g13962
JU394	g6746
JU394	g5433
JU394	g4790
JU394	g9747
JU394	g20664
JU394	g10894
JU394	g6644
JU394	g11589
JU394	g5434
JU394	g16940
JU394	g9676
JU394	g6544
JU394	g5015
JU394	g11407
JU394	g15151
JU394	g5554
JU394	g9706
JU394	g12428
JU394	g16723
JU394	g13945
JU394	g12000
JU394	g7537
JU394	g16465
JU394	g11434
JU394	g7712
JU394	g6691
JU394	g6779
JU394	g21573
JU394	g6855
JU394	g2733
JU394	g18432
JU394	g11651
JU394	g9984
JU394	g7075
JU394	g13272
JU394	g10631
JU394	g7743
JU394	g19211
JU394	g16945
JU394	g12798
JU394	g13256
JU394	g18392
JU394	g10096
JU394	g10630
JU394	g10167
JU394	g11406
JU394	g12642
JU394	g6795
JU394	g15878
JU394	g495
JU394	g5016
JU394	g12372
JU394	g7015
JU394	g16944
JU394	g5560
JU394	g13259
JU394	g13374
JU394	g10782
JU394	g9679
JU394	g78
JU394	g9695
JU394	g11433
JU394	g12279
JU394	g10161
JU394	g6608
JU394	g5869
JU394	g11404
JU394	g9987
JU394	g10728
JU394	g7535
JU394	g14828
JU394	g11588
JU394	g4235
JU394	g18538
JU394	g9684
JU394	g19614
JU394	g11405
JU394	g4707
JU394	g496
JU394	g16946
JU394	g9658
JU394	g6614
JU394	g10134
JU394	g17795
JU394	g10221
JU394	g16991
JU394	g6661
JU394	g14457
JU394	g2612
JU394	g6442
JU394	g10145
JU394	g9686
JU394	g6603
JU394	g10139
JU394	g18375
JU394	g3077
JU394	g21706
JU394	g7746
JU394	g4236
JU394	g15514
JU394	g9703
JU394	g9743
JU394	g10144
JU394	g7541
JU394	g12102
JU394	g6700
JU394	g10553
JU394	g6713
JU394	g15644
JU394	g9986
JU394	g9672
JU394	g10555
JU394	g11512
JU394	g7774
JU394	g16947
JU394	g4089
JU394	g6959
JU394	g6611
JU394	g6542
JU394	g13247
JU394	g9680
JU394	g10171
JU394	g6610
JU394	g13208
JU394	g12878
JU394	g6482
JU394	g9983
JU394	g10170
JU394	g2721
JU394	g9732
JU394	g20643
JU394	g16320
JU394	g5559
JU394	g18393
JU394	g9804
JU394	g8143
JU394	g18485
JU394	g12001
JU394	g10715
JU394	g16323
JU394	g9675
NIC1775	g18152
NIC1775	g16278
NIC1775	g1012
NIC1775	g18484
NIC1775	g9442
NIC1775	g14741
NIC1775	g5740
NIC1775	g104
NIC1775	g4368
NIC1775	g4358
NIC1775	g14396
NIC1775	g16533
NIC1775	g9413
NIC1775	g82
NIC1775	g14211
NIC1775	g5155
NIC1775	g51
NIC1775	g2396
NIC1775	g534
NIC1775	g2395
NIC1775	g4311
NIC1775	g552
NIC1775	g368
NIC1775	g4324
NIC1775	g83
NIC1775	g2768
NIC1775	g4577
NIC1775	g484
NIC1775	g8823
NIC1775	g1793
NIC1775	g409
NIC1775	g20341
NIC1775	g4316
NIC1775	g14701
NIC1775	g4470
NIC1775	g545
NIC1775	g15412
NIC1775	g14738
NIC1775	g371
NIC1775	g16368
NIC1775	g4684
NIC1775	g6528
NIC1775	g1009
NIC1775	g9604
NIC1775	g370
NIC1775	g21033
NIC1775	g6722
NIC1775	g1975
NIC1775	g4312
NIC1775	g16788
NIC1775	g4664
NIC1775	g1791
NIC1775	g364
NIC1775	g3248
NIC1775	g10950
NIC1775	g169
NIC1775	g17514
NIC1775	g9971
NIC1775	g3247
NIC1775	g67
NIC1775	g1421
NIC1775	g15844
NIC1775	g533
NIC1775	g4321
NIC1775	g6921
NIC1775	g14554
NIC1775	g4200
NIC1775	g14218
NIC1775	g9223
NIC1775	g1455
NIC1775	g13131
NIC1775	g9980
NIC1775	g10446
NIC1775	g1168
NIC1775	g1008
NIC1775	g9377
NIC1775	g4320
NIC1775	g547
NIC1775	g556
NIC1775	g19043
NIC1775	g16012
NIC1775	g4246
NIC1775	g17632
NIC1775	g1004
NIC1775	g18321
NIC1775	g90
NIC1775	g21836
NIC1775	g91
NIC1775	g64
NIC1775	g14744
NIC1775	g1790
NIC1775	g17630
NIC1775	g5981
NIC1775	g17486
NIC1775	g555
NIC1775	g92
NIC1775	g4318
NIC1775	g1013
NIC1775	g18389
NIC1775	g529
NIC1775	g14875
NIC1775	g528
NIC1775	g11622
NIC1775	g1086
NIC1775	g21842
NIC1775	g18375
NIC1775	g213
NIC1775	g2037
NIC1775	g9369
NIC1775	g15262
NIC1775	g2394
NIC1775	g19802
NIC1775	g43
NIC1775	g142
NIC1775	g3250
NIC1775	g151
NIC1775	g1702
NIC1775	g1113
NIC1775	g21030
NIC1775	g4405
NIC1775	g156
NIC1775	g13135
NIC1775	g18388
NIC1775	g1281
NIC1775	g1023
NIC1775	g3249
NIC1775	g3566
NIC1775	g84
NIC1775	g4874
NIC1775	g16235
NIC1775	g2422
NIC1775	g2488
NIC1775	g4424
NIC1775	g3715
NIC1775	g6526
NIC1775	g931
NIC1775	g18380
NIC1775	g15964
NIC1775	g4376
NIC1775	g13133
NIC1775	g4359
NIC1775	g532
NIC1775	g4314
NIC1775	g4605
NIC1775	g4796
NIC1775	g3741
NIC1775	g2701
NIC1775	g17411
NIC1775	g17545
NIC1775	g22076
NIC1775	g4148
NIC1775	g1007
NIC1775	g1014
NIC1775	g13139
NIC1775	g63
NIC1775	g9612
NIC1775	g1792
NIC1775	g18419
NIC1775	g16550
NIC1775	g4469
NIC1775	g3123
NIC1775	g2481
NIC1775	g1902
NIC1775	g21807
NIC1775	g1976
NIC1775	g3124
NIC1775	g9410
NIC1775	g17627
NIC1775	g85
NIC1775	g4317
NIC1775	g16277
NIC1775	g2704
NIC1775	g1796
NIC1775	g12108
NIC1775	g21361
NIC1775	g3246
NIC1775	g18381
NIC1775	g14274
NIC1775	g113
NIC1775	g17817
NIC1775	g2398
NIC1775	g9414
NIC1775	g14493
NIC1775	g17138
NIC1775	g1823
NIC1775	g1949
NIC1775	g4404
NIC1775	g4503
NIC1775	g12412
NIC1775	g4578
NIC1775	g343
NIC1775	g21848
NIC1775	g4794
NIC1775	g15861
NIC1775	g1011
NIC1775	g22468
NIC1775	g14660
NIC1775	g15845
NIC1775	g18338
NIC1775	g1010
NIC1775	g554
NIC1775	g1795
NIC1775	g4519
NIC1775	g4735
NIC1775	g4313
NIC1775	g9370
NIC1775	g3252
NIC1775	g15848
NIC1775	g15963
NIC1775	g1167
NIC1775	g14740
NIC1775	g88
NIC1775	g20218
NIC1775	g21847
NIC1775	g1822
NIC1775	g21841
NIC1775	g14121
NIC1775	g1794
NIC1775	g548
NIC1775	g3565
NIC1775	g18390
NIC1775	g21032
NIC1775	g10448
NIC1775	g1900
NIC1775	g17631
NIC1775	g112
NIC1775	g93
NIC1775	g365
NIC1775	g6527
NIC1775	g15436
NIC1775	g9973
NIC1775	g19801
NIC1775	g1144
NIC1775	g17633
NIC1775	g68
NIC1775	g9388
NIC1775	g523
NIC1775	g21556
NIC1775	g608
NIC1775	g17677
NIC1775	g1903
NIC1775	g17025
NIC1775	g531
NIC1775	g4247
NIC1775	g95
NIC1775	g367
NIC1775	g369
NIC1775	g22195
NIC1775	g12281
NIC1775	g136
NIC1775	g10447
NIC1775	g18973
NIC1775	g4357
NIC1775	g530
NIC1775	g2397
NIC1775	g115
NIC1775	g13946
NIC1775	g4411
NIC1775	g14739
NIC1775	g932
NIC1775	g18845
NIC1775	g81
NIC1775	g1521
NIC1775	g934
NIC1775	g17634
NIC1775	g1101
NIC1775	g10597
NIC1775	g4681
NIC1775	g15836
NIC1775	g4323
NIC1775	g4319
NIC1775	g9605
NIC1775	g2038
NIC1775	g4308
NIC1775	g89
NIC1775	g558
NIC1775	g2399
NIC1775	g4183
NIC1775	g15799
NIC1775	g557
NIC1775	g14777
NIC1775	g4184
NIC1775	g2705
NIC1775	g21786
NIC1775	g3251
NIC1775	g18339
NIC1775	g9008
NIC1775	g18432
NIC1775	g9607
NIC1775	g141
NIC1775	g4248
NIC1775	g13134
NIC1775	g4315
NIC1775	g152
NIC1775	g9444
NIC1792	g19540
NIC1792	g4685
NIC1792	g4276
NIC1792	g8885
NIC1792	g11993
NIC1792	g13426
NIC1792	g2152
NIC1792	g8013
NIC1792	g8003
NIC1792	g13091
NIC1792	g19798
NIC1792	g8318
NIC1792	g15312
NIC1792	g12022
NIC1792	g5190
NIC1792	g12904
NIC1792	g2732
NIC1792	g6061
NIC1792	g4253
NIC1792	g18976
NIC1792	g6060
NIC1792	g7958
NIC1792	g21427
NIC1792	g4088
NIC1792	g7972
NIC1792	g6434
NIC1792	g21371
NIC1792	g5567
NIC1792	g5708
NIC1792	g21466
NIC1792	g7963
NIC1792	g13385
NIC1792	g8122
NIC1792	g13422
NIC1792	g16667
NIC1792	g19630
NIC1792	g1359
NIC1792	g4762
NIC1792	g11825
NIC1792	g4090
NIC1792	g4696
NIC1792	g16306
NIC1792	g21355
NIC1792	g13629
NIC1792	g13842
NIC1792	g7959
NIC1792	g20054
NIC1792	g5460
NIC1792	g4084
NIC1792	g6912
NIC1792	g4604
NIC1792	g21338
NIC1792	g11460
NIC1792	g6911
NIC1792	g5093
NIC1792	g15144
NIC1792	g7969
NIC1792	g8530
NIC1792	g13246
NIC1792	g1361
NIC1792	g7850
NIC1792	g12911
NIC1792	g12220
NIC1792	g5123
NIC1792	g11452
NIC1792	g4790
NIC1792	g21428
NIC1792	g5646
NIC1792	g10980
NIC1792	g4269
NIC1792	g4681
NIC1792	g21425
NIC1792	g6910
NIC1792	g8338
NIC1792	g7968
NIC1792	g4277
NIC1792	g21419
NIC1792	g7897
NIC1792	g9045
NIC1792	g4245
NIC1792	g21394
NIC1792	g5369
NIC1792	g21421
NIC1792	g13429
NIC1792	g5459
NIC1792	g20912
NIC1792	g1912
NIC1792	g14543
NIC1792	g7966
NIC1792	g4686
NIC1792	g8978
NIC1792	g4251
NIC1792	g15361
NIC1792	g22327
NIC1792	g20292
NIC1792	g4089
NIC1792	g8992
NIC1792	g21294
NIC1792	g12065
NIC1792	g4778
NIC1792	g6059
NIC1792	g21416
NIC1792	g6914
NIC1792	g3491
NIC1792	g16309
NIC1792	g8054
NIC1792	g18972
NIC1792	g8979
NIC1792	g10474
NIC1792	g6913
NIC1792	g6087
NIC1792	g6916
NIC1792	g4252
NIC1792	g5616
NIC1792	g14698
NIC1792	g6153
NIC1792	g8074
NIC1792	g7376
NIC1792	g8172
NIC1792	g4603
NIC1792	g8987
NIC1792	g8023
NIC1792	g18974
NIC1792	g8004
NIC1792	g7961
NIC1792	g8251
NIC1792	g4278
NIC1792	g6365
NIC1792	g20823
NIC1792	g327
NIC1792	g7797
NIC1792	g4680
NIC1792	g4325
NIC1792	g18968
NIC1792	g4275
NIC1792	g4129
NIC1792	g5570
NIC1792	g11817
NIC1792	g5461
NIC1792	g19815
NIC1792	g8121
NIC1792	g6789
NIC1792	g21414
NIC1792	g6146
NIC1792	g7964
NIC1792	g16647
NIC1792	g4956
NIC1792	g21351
NIC1792	g5647
NIC1792	g6790
NIC1792	g12025
NIC1792	g8949
NIC1792	g15694
NIC1792	g20909
NIC1792	g7965
NIC1792	g7899
NIC1792	g21445
NIC1792	g6369
NIC1792	g5465
NIC1792	g17725
NIC1792	g15981
NIC1792	g4682
NIC1792	g8986
NIC1792	g12968
NIC1792	g20689
NIC1792	g21101
NIC1792	g4678
NIC1792	g6063
NIC1792	g12021
NIC1792	g20408
NIC1792	g21424
NIC1792	g15148
NIC1792	g8460
NIC1792	g8053
NIC1792	g8156
NIC1792	g17866
NIC1792	g4063
NIC1792	g21441
NIC1792	g100
NIC1792	g5709
NIC1792	g8227
NIC1792	g10978
NIC1792	g4684
NIC1792	g9908
NIC1792	g4606
NIC1792	g20914
NIC1792	g8226
NIC1792	g13344
NIC1792	g15145
NIC1792	g9028
NIC1792	g4202
NIC1792	g19539
NIC1792	g4683
NIC1792	g5464
NIC1792	g13186
NIC1792	g7395
NIC1792	g21417
NIC1792	g6370
NIC1792	g8401
NIC1792	g7960
NIC1792	g12064
NIC1792	g20913
NIC1792	g4085
NIC1792	g15161
NIC1792	g14724
NIC1792	g13424
NIC1792	g4687
NIC1792	g3908
NIC1792	g99
NIC1792	g5492
NIC1792	g5491
NIC1792	g12818
NIC1792	g7229
NIC1792	g5462
NIC1792	g8977
NIC1792	g3492
NIC1792	g16307
NIC1792	g4268
NIC1792	g21420
NIC1792	g21364
NIC1792	g5463
NIC1792	g11458
NIC1792	g484
NIC1792	g20915
NIC1792	g12046
NIC1792	g4238
NIC1792	g16888
NIC1792	g21458
NIC1792	g20961
NIC1792	g4247
NIC1792	g1360
NIC1792	g8335
NIC1792	g4250
NIC1792	g7898
NIC1792	g4087
NIC1792	g4244
NIC1792	g445
NIC1792	g20765
NIC1792	g21446
NIC1792	g22321
NIC1792	g10979
NIC1792	g15624
NIC1792	g8002
NIC1792	g9209
NIC1792	g4249
NIC1792	g6062
NIC1792	g93
NIC1792	g21391
NIC1792	g12641
NIC1792	g8061
NIC1792	g19498
NIC1792	g4091
NIC1792	g13423
NIC1792	g4822
NIC1792	g15495
NIC1792	g10454
NIC1792	g5569
NIC1792	g20916
NIC1792	g10828
NIC1792	g21418
NIC1792	g21402
NIC1792	g15136
NIC1792	g7971
NIC1792	g4846
NIC1792	g7967
NIC1792	g11824
NIC1792	g7955
NIC1792	g94
NIC1792	g4279
NIC1792	g6064
NIC1792	g21365
NIC1792	g7832
NIC1792	g15098
NIC1792	g4248
NIC1792	g13463
NIC1792	g88
NIC1792	g21393
NIC1792	g7230
NIC1792	g7833
NIC1792	g4845
NIC1792	g4266
NIC1792	g12057
NIC1792	g16971
NIC1792	g4273
NIC1792	g6915
NIC1792	g9027
NIC1792	g12434
NIC1792	g21443
NIC1792	g8935
NIC1792	g11822
NIC1792	g18973
NIC1792	g21426
NIC1792	g15262
NIC1792	g7962
NIC1792	g11991
WN2082	g21313
WN2082	g17586
WN2082	g1030
WN2082	g5792
WN2082	g211
WN2082	g10351
WN2082	g12743
WN2082	g4338
WN2082	g4327
WN2082	g10698
WN2082	g17838
WN2082	g82
WN2082	g1527
WN2082	g10882
WN2082	g12163
WN2082	g50
WN2082	g2393
WN2082	g4296
WN2082	g543
WN2082	g68
WN2082	g2392
WN2082	g561
WN2082	g5961
WN2082	g5972
WN2082	g367
WN2082	g4299
WN2082	g83
WN2082	g2763
WN2082	g490
WN2082	g14034
WN2082	g5718
WN2082	g408
WN2082	g1900
WN2082	g4185
WN2082	g4289
WN2082	g2040
WN2082	g16747
WN2082	g4291
WN2082	g15387
WN2082	g13645
WN2082	g10393
WN2082	g4428
WN2082	g554
WN2082	g16723
WN2082	g10356
WN2082	g22017
WN2082	g4293
WN2082	g370
WN2082	g17675
WN2082	g4621
WN2082	g1027
WN2082	g8423
WN2082	g369
WN2082	g9270
WN2082	g18090
WN2082	g4602
WN2082	g13524
WN2082	g1796
WN2082	g363
WN2082	g3240
WN2082	g7305
WN2082	g22140
WN2082	g6332
WN2082	g3239
WN2082	g1429
WN2082	g17153
WN2082	g542
WN2082	g15872
WN2082	g10543
WN2082	g10875
WN2082	g1098
WN2082	g5350
WN2082	g4229
WN2082	g4288
WN2082	g5719
WN2082	g4374
WN2082	g1459
WN2082	g6340
WN2082	g1156
WN2082	g6805
WN2082	g1180
WN2082	g1026
WN2082	g556
WN2082	g565
WN2082	g17320
WN2082	g1022
WN2082	g21135
WN2082	g90
WN2082	g13640
WN2082	g5727
WN2082	g535
WN2082	g91
WN2082	g63
WN2082	g1705
WN2082	g4326
WN2082	g22020
WN2082	g10348
WN2082	g1795
WN2082	g22021
WN2082	g12981
WN2082	g22168
WN2082	g564
WN2082	g5962
WN2082	g104
WN2082	g92
WN2082	g1031
WN2082	g21067
WN2082	g538
WN2082	g10217
WN2082	g537
WN2082	g11562
WN2082	g21081
WN2082	g16570
WN2082	g4167
WN2082	g2391
WN2082	g42
WN2082	g3242
WN2082	g5762
WN2082	g9267
WN2082	g19559
WN2082	g21068
WN2082	g1041
WN2082	g3241
WN2082	g3559
WN2082	g84
WN2082	g4790
WN2082	g17544
WN2082	g2419
WN2082	g166
WN2082	g1947
WN2082	g2485
WN2082	g3707
WN2082	g948
WN2082	g21076
WN2082	g17271
WN2082	g19557
WN2082	g541
WN2082	g4548
WN2082	g4722
WN2082	g13639
WN2082	g3733
WN2082	g2698
WN2082	g22249
WN2082	g22110
WN2082	g1025
WN2082	g1032
WN2082	g19563
WN2082	g1903
WN2082	g62
WN2082	g13526
WN2082	g1797
WN2082	g17855
WN2082	g4427
WN2082	g368
WN2082	g3116
WN2082	g2478
WN2082	g150
WN2082	g15715
WN2082	g1294
WN2082	g4328
WN2082	g1978
WN2082	g3117
WN2082	g21038
WN2082	g9886
WN2082	g22024
WN2082	g85
WN2082	g17585
WN2082	g2701
WN2082	g1801
WN2082	g9597
WN2082	g3238
WN2082	g10819
WN2082	g113
WN2082	g4341
WN2082	g2395
WN2082	g5971
WN2082	g22506
WN2082	g1828
WN2082	g8839
WN2082	g4373
WN2082	g4460
WN2082	g18732
WN2082	g22019
WN2082	g342
WN2082	g13646
WN2082	g2041
WN2082	g4720
WN2082	g17170
WN2082	g1029
WN2082	g7869
WN2082	g135
WN2082	g10434
WN2082	g17154
WN2082	g21118
WN2082	g1028
WN2082	g563
WN2082	g1800
WN2082	g10603
WN2082	g4474
WN2082	g2702
WN2082	g4664
WN2082	g3244
WN2082	g5759
WN2082	g141
WN2082	g17157
WN2082	g17270
WN2082	g1179
WN2082	g5565
WN2082	g10353
WN2082	g88
WN2082	g1827
WN2082	g10967
WN2082	g557
WN2082	g4292
WN2082	g3558
WN2082	g1798
WN2082	g21832
WN2082	g66
WN2082	g21066
WN2082	g151
WN2082	g1125
WN2082	g5973
WN2082	g9269
WN2082	g1977
WN2082	g6807
WN2082	g4813
WN2082	g155
WN2082	g112
WN2082	g93
WN2082	g21075
WN2082	g364
WN2082	g1799
WN2082	g6334
WN2082	g8840
WN2082	g22018
WN2082	g5763
WN2082	g4298
WN2082	g5739
WN2082	g528
WN2082	g15469
WN2082	g617
WN2082	g21970
WN2082	g4347
WN2082	g18325
WN2082	g13525
WN2082	g4132
WN2082	g10354
WN2082	g540
WN2082	g95
WN2082	g4287
WN2082	g366
WN2082	g534
WN2082	g13990
WN2082	g18864
WN2082	g6806
WN2082	g9956
WN2082	g539
WN2082	g2394
WN2082	g4230
WN2082	g5965
WN2082	g115
WN2082	g11144
WN2082	g4381
WN2082	g10355
WN2082	g949
WN2082	g4394
WN2082	g10085
WN2082	g81
WN2082	g951
WN2082	g1902
WN2082	g6955
WN2082	g4618
WN2082	g4295
WN2082	g4228
WN2082	g17145
WN2082	g19041
WN2082	g89
WN2082	g567
WN2082	g4294
WN2082	g2396
WN2082	g17108
WN2082	g4169
WN2082	g566
WN2082	g10315
WN2082	g13634
WN2082	g140
WN2082	g15694
WN2082	g19555
WN2082	g3243
WN2082	g21117
WN2082	g21024
WN2082	g21654
WN2082	g1113
WN2082	g19558
WN2082	g5794
ECA1751	g11905
ECA1751	g17293
ECA1751	g10967
ECA1751	g7106
ECA1751	g4708
ECA1751	g1195
ECA1751	g7075
ECA1751	g19024
ECA1751	g3270
ECA1751	g696
ECA1751	g1200
ECA1751	g577
ECA1751	g8159
ECA1751	g11860
ECA1751	g19368
ECA1751	g4659
ECA1751	g19021
ECA1751	g9270
ECA1751	g2692
ECA1751	g5481
ECA1751	g18641
ECA1751	g7112
ECA1751	g581
ECA1751	g7104
ECA1751	g7103
ECA1751	g7074
ECA1751	g11599
ECA1751	g8636
ECA1751	g9180
ECA1751	g1196
ECA1751	g19027
ECA1751	g11603
ECA1751	g16462
ECA1751	g747
ECA1751	g6841
ECA1751	g17250
ECA1751	g7028
ECA1751	g7108
ECA1751	g7674
ECA1751	g19066
ECA1751	g19273
ECA1751	g20226
ECA1751	g776
ECA1751	g11909
ECA1751	g11880
ECA1751	g10970
ECA1751	g4870
ECA1751	g7110
ECA1751	g10535
ECA1751	g6117
ECA1751	g6733
ECA1751	g11417
ECA1751	g8157
ECA1751	g17030
ECA1751	g17796
ECA1751	g11887
ECA1751	g11604
ECA1751	g7065
ECA1751	g8161
ECA1751	g13051
ECA1751	g12076
ECA1751	g11434
ECA1751	g6216
ECA1751	g16863
ECA1751	g11430
ECA1751	g19214
ECA1751	g7213
ECA1751	g6964
ECA1751	g608
ECA1751	g1938
ECA1751	g4679
ECA1751	g250
ECA1751	g12085
ECA1751	g11891
ECA1751	g1199
ECA1751	g775
ECA1751	g11890
ECA1751	g12552
ECA1751	g10804
ECA1751	g11598
ECA1751	g10971
ECA1751	g11419
ECA1751	g18554
ECA1751	g6179
ECA1751	g18421
ECA1751	g8787
ECA1751	g699
ECA1751	g6187
ECA1751	g4055
ECA1751	g8162
ECA1751	g11407
ECA1751	g11879
ECA1751	g11882
ECA1751	g6188
ECA1751	g5545
ECA1751	g6966
ECA1751	g6134
ECA1751	g19028
ECA1751	g17292
ECA1751	g7107
ECA1751	g19026
ECA1751	g10974
ECA1751	g579
ECA1751	g11408
ECA1751	g11437
ECA1751	g21586
ECA1751	g493
ECA1751	g1284
ECA1751	g4641
ECA1751	g218
ECA1751	g11888
ECA1751	g7231
ECA1751	g576
ECA1751	g18639
ECA1751	g3505
ECA1751	g11819
ECA1751	g16289
ECA1751	g609
ECA1751	g10966
ECA1751	g6280
ECA1751	g1291
ECA1751	g4640
ECA1751	g10886
ECA1751	g11759
ECA1751	g19548
ECA1751	g8704
ECA1751	g11480
ECA1751	g1937
ECA1751	g11824
ECA1751	g10540
ECA1751	g82
ECA1751	g11884
ECA1751	g10956
ECA1751	g11930
ECA1751	g695
ECA1751	g6546
ECA1751	g7010
ECA1751	g11600
ECA1751	g8793
ECA1751	g1194
ECA1751	g7849
ECA1751	g10536
ECA1751	g11047
ECA1751	g18988
ECA1751	g21584
ECA1751	g4053
ECA1751	g840
ECA1751	g18522
ECA1751	g8705
ECA1751	g8708
ECA1751	g9020
ECA1751	g7279
ECA1751	g10972
ECA1751	g16439
ECA1751	g11364
ECA1751	g21591
ECA1751	g11558
ECA1751	g11889
ECA1751	g5355
ECA1751	g18636
ECA1751	g17560
ECA1751	g7022
ECA1751	g6135
ECA1751	g14697
ECA1751	g11876
ECA1751	g11601
ECA1751	g20245
ECA1751	g19487
ECA1751	g4648
ECA1751	g8160
ECA1751	g11806
ECA1751	g6965
ECA1751	g1225
ECA1751	g4277
ECA1751	g11908
ECA1751	g17381
ECA1751	g582
ECA1751	g10212
ECA1751	g8163
ECA1751	g8788
ECA1751	g18824
ECA1751	g842
ECA1751	g6614
ECA1751	g6839
ECA1751	g5227
ECA1751	g6730
ECA1751	g17543
ECA1751	g11412
ECA1751	g15369
ECA1751	g18148
ECA1751	g7174
ECA1751	g11429
ECA1751	g8283
ECA1751	g4710
ECA1751	g7029
ECA1751	g6927
ECA1751	g16880
ECA1751	g6178
ECA1751	g11906
ECA1751	g13071
ECA1751	g10828
ECA1751	g10968
ECA1751	g4678
ECA1751	g13612
ECA1751	g8282
ECA1751	g19109
ECA1751	g16864
ECA1751	g7076
ECA1751	g16980
ECA1751	g10969
ECA1751	g11410
ECA1751	g8794
ECA1751	g8795
ECA1751	g1197
ECA1751	g6750
ECA1751	g6679
ECA1751	g10805
ECA1751	g4488
ECA1751	g578
ECA1751	g1201
ECA1751	g10965
ECA1751	g11435
ECA1751	g674
ECA1751	g1524
ECA1751	g841
ECA1751	g19632
ECA1751	g11416
ECA1751	g11597
ECA1751	g580
ECA1751	g11823
ECA1751	g10859
ECA1751	g12554
ECA1751	g11883
ECA1751	g18640
ECA1751	g15594
ECA1751	g12078
ECA1751	g11632
ECA1751	g11443
ECA1751	g20005
ECA1751	g18689
ECA1751	g6173
ECA1751	g11833
ECA1751	g19927
ECA1751	g14401
ECA1751	g19541
ECA1751	g4876
ECA1751	g8781
ECA1751	g11432
ECA1751	g8158
ECA1751	g18032
ECA1751	g9144
ECA1751	g14528
ECA1751	g4675
ECA1751	g12553
ECA1751	g15182
ECA1751	g16979
ECA1751	g11431
ECA1751	g314
ECA1751	g18492
ECA1751	g11857
ECA1751	g19804
ECA1751	g11837
ECA1751	g11438
ECA1751	g11046
ECA1751	g7230
ECA1751	g4054
ECA1751	g6911
ECA1751	g11881
ECA1751	g7173
ECA1751	g11834
ECA1751	g11044
ECA1751	g18642
ECA1751	g10871
ECA1751	g12701
ECA1751	g698
ECA1751	g7848
ECA1751	g16855
ECA1751	g4871
ECA1751	g7115
ECA1751	g11406
ECA1751	g16821
ECA1751	g11859
ECA1751	g7701
ECA1751	g1198
ECA1751	g21582
ECA1751	g11409
ECA1751	g11921
ECA1751	g7111
ECA1751	g6616
ECA1751	g6229
ECA1751	g5956
ECA1751	g11433
ECA1751	g21585
ECA1751	g16867
ECA1889	g20690
ECA1889	g6467
ECA1889	g12838
ECA1889	g17017
ECA1889	g3161
ECA1889	g13927
ECA1889	g3119
ECA1889	g21007
ECA1889	g7400
ECA1889	g3130
ECA1889	g17354
ECA1889	g21009
ECA1889	g22562
ECA1889	g7422
ECA1889	g5962
ECA1889	g17536
ECA1889	g2599
ECA1889	g13333
ECA1889	g3174
ECA1889	g7455
ECA1889	g5087
ECA1889	g6950
ECA1889	g8937
ECA1889	g7114
ECA1889	g5088
ECA1889	g18624
ECA1889	g7353
ECA1889	g7412
ECA1889	g7421
ECA1889	g4715
ECA1889	g7369
ECA1889	g7120
ECA1889	g3167
ECA1889	g5086
ECA1889	g5538
ECA1889	g19552
ECA1889	g3168
ECA1889	g3166
ECA1889	g17058
ECA1889	g3014
ECA1889	g6923
ECA1889	g2196
ECA1889	g17020
ECA1889	g3235
ECA1889	g19547
ECA1889	g20599
ECA1889	g14716
ECA1889	g6470
ECA1889	g7115
ECA1889	g12674
ECA1889	g3170
ECA1889	g7364
ECA1889	g15944
ECA1889	g19405
ECA1889	g5508
ECA1889	g2794
ECA1889	g20957
ECA1889	g20189
ECA1889	g14714
ECA1889	g5696
ECA1889	g7121
ECA1889	g6934
ECA1889	g4237
ECA1889	g5441
ECA1889	g22519
ECA1889	g11328
ECA1889	g12308
ECA1889	g4238
ECA1889	g6058
ECA1889	g2270
ECA1889	g21128
ECA1889	g3163
ECA1889	g1344
ECA1889	g17204
ECA1889	g22526
ECA1889	g3281
ECA1889	g3116
ECA1889	g22518
ECA1889	g12866
ECA1889	g6028
ECA1889	g12300
ECA1889	g17529
ECA1889	g19952
ECA1889	g11835
ECA1889	g6311
ECA1889	g6953
ECA1889	g7442
ECA1889	g6471
ECA1889	g19465
ECA1889	g20691
ECA1889	g18321
ECA1889	g16562
ECA1889	g6925
ECA1889	g22478
ECA1889	g6474
ECA1889	g7414
ECA1889	g26
ECA1889	g6924
ECA1889	g6958
ECA1889	g7413
ECA1889	g5783
ECA1889	g12899
ECA1889	g7333
ECA1889	g3131
ECA1889	g5083
ECA1889	g17014
ECA1889	g5697
ECA1889	g19550
ECA1889	g14165
ECA1889	g6466
ECA1889	g6952
ECA1889	g16888
ECA1889	g17834
ECA1889	g6393
ECA1889	g7116
ECA1889	g32
ECA1889	g22527
ECA1889	g16629
ECA1889	g5442
ECA1889	g12908
ECA1889	g2041
ECA1889	g6933
ECA1889	g5089
ECA1889	g7463
ECA1889	g4235
ECA1889	g6365
ECA1889	g15941
ECA1889	g6955
ECA1889	g8933
ECA1889	g12887
ECA1889	g6456
ECA1889	g4236
ECA1889	g7420
ECA1889	g3073
ECA1889	g5060
ECA1889	g3060
ECA1889	g4995
ECA1889	g6936
ECA1889	g3780
ECA1889	g2958
ECA1889	g7117
ECA1889	g6548
ECA1889	g8935
ECA1889	g2874
ECA1889	g3337
ECA1889	g6964
ECA1889	g3752
ECA1889	g19433
ECA1889	g7349
ECA1889	g3111
ECA1889	g5085
ECA1889	g4782
ECA1889	g19328
ECA1889	g6472
ECA1889	g7392
ECA1889	g6877
ECA1889	g3165
ECA1889	g8929
ECA1889	g7076
ECA1889	g7443
ECA1889	g12907
ECA1889	g5695
ECA1889	g7439
ECA1889	g7361
ECA1889	g20420
ECA1889	g3015
ECA1889	g4360
ECA1889	g22479
ECA1889	g44
ECA1889	g5001
ECA1889	g14798
ECA1889	g3129
ECA1889	g5507
ECA1889	g3302
ECA1889	g4359
ECA1889	g3164
ECA1889	g7419
ECA1889	g3233
ECA1889	g4779
ECA1889	g5691
ECA1889	g16270
ECA1889	g4239
ECA1889	g17475
ECA1889	g2791
ECA1889	g19740
ECA1889	g2670
ECA1889	g20437
ECA1889	g5084
ECA1889	g16984
ECA1889	g19061
ECA1889	g5664
ECA1889	g5585
ECA1889	g12836
ECA1889	g3081
ECA1889	g2976
ECA1889	g7141
ECA1889	g11308
ECA1889	g2901
ECA1889	g6468
ECA1889	g12867
ECA1889	g10764
ECA1889	g3171
ECA1889	g17101
ECA1889	g21127
ECA1889	g6469
ECA1889	g6927
ECA1889	g5692
ECA1889	g17262
ECA1889	g4778
ECA1889	g2738
ECA1889	g22528
ECA1889	g4233
ECA1889	g21125
ECA1889	g6312
ECA1889	g21113
ECA1889	g13058
ECA1889	g17018
ECA1889	g6465
ECA1889	g7416
ECA1889	g10204
ECA1889	g43
ECA1889	g5665
ECA1889	g31
ECA1889	g17625
ECA1889	g5693
ECA1889	g5587
ECA1889	g3924
ECA1889	g5694
ECA1889	g19602
ECA1889	g21008
ECA1889	g15943
ECA1889	g11833
ECA1889	g19551
ECA1889	g22460
ECA1889	g7411
ECA1889	g2219
ECA1889	g12306
ECA1889	g9791
ECA1889	g426
ECA1889	g6335
ECA1889	g19553
ECA1889	g7437
ECA1889	g2902
ECA1889	g6951
ECA1889	g15041
ECA1889	g5584
ECA1889	g12668
ECA1889	g6956
ECA1889	g14715
ECA1889	g3234
ECA1889	g7390
ECA1889	g7409
ECA1889	g7118
ECA1889	g6959
ECA1889	g380
ECA1889	g18493
ECA1889	g6929
ECA1889	g12870
ECA1889	g2811
ECA1889	g11834
ECA1889	g7393
ECA1889	g7001
ECA1889	g6954
ECA1889	g17807
ECA1889	g17019
ECA1889	g6547
ECA1889	g16756
ECA1889	g7423
ECA1889	g6545
ECA1889	g19554
ECA1889	g6377
ECA1889	g11685
ECA1889	g3299
ECA1889	g9792
ECA1889	g22513
ECA1889	g21136
ECA1889	g3080
ECA1889	g12673
ECA1889	g7415
ECA1889	g21174
ECA1889	g3160
ECA1889	g3923
ECA1889	g6926
ECA1889	g14818
ECA1889	g15123
ECA1889	g2672
ECA1889	g4234
ECA1889	g7291
ECA1889	g21614
ECA1889	g22575
ECA1889	g21974
ECA1889	g6922
ECA1889	g8934
ECA1889	g20732
ECA2081	g16932
ECA2081	g3630
ECA2081	g2699
ECA2081	g6995
ECA2081	g12587
ECA2081	g1808
ECA2081	g4525
ECA2081	g5039
ECA2081	g4405
ECA2081	g5893
ECA2081	g3177
ECA2081	g3168
ECA2081	g2706
ECA2081	g6994
ECA2081	g12934
ECA2081	g12584
ECA2081	g5405
ECA2081	g3739
ECA2081	g1231
ECA2081	g6965
ECA2081	g2681
ECA2081	g21213
ECA2081	g3150
ECA2081	g10159
ECA2081	g2678
ECA2081	g6368
ECA2081	g2994
ECA2081	g13880
ECA2081	g5035
ECA2081	g12590
ECA2081	g21383
ECA2081	g6899
ECA2081	g16975
ECA2081	g6963
ECA2081	g12629
ECA2081	g3151
ECA2081	g3155
ECA2081	g2701
ECA2081	g5036
ECA2081	g12835
ECA2081	g11141
ECA2081	g4606
ECA2081	g16844
ECA2081	g4409
ECA2081	g3627
ECA2081	g2729
ECA2081	g3146
ECA2081	g11504
ECA2081	g7046
ECA2081	g7319
ECA2081	g4578
ECA2081	g3167
ECA2081	g5895
ECA2081	g17199
ECA2081	g3625
ECA2081	g16435
ECA2081	g2586
ECA2081	g19682
ECA2081	g2702
ECA2081	g2989
ECA2081	g8704
ECA2081	g3790
ECA2081	g17368
ECA2081	g13490
ECA2081	g3154
ECA2081	g20632
ECA2081	g12184
ECA2081	g20581
ECA2081	g12775
ECA2081	g2990
ECA2081	g12591
ECA2081	g7108
ECA2081	g3789
ECA2081	g4070
ECA2081	g4605
ECA2081	g2995
ECA2081	g3626
ECA2081	g3165
ECA2081	g10247
ECA2081	g16933
ECA2081	g15820
ECA2081	g20689
ECA2081	g2588
ECA2081	g5890
ECA2081	g6898
ECA2081	g2710
ECA2081	g2707
ECA2081	g19704
ECA2081	g20678
ECA2081	g12117
ECA2081	g5040
ECA2081	g12589
ECA2081	g4407
ECA2081	g7004
ECA2081	g3147
ECA2081	g2728
ECA2081	g20227
ECA2081	g4319
ECA2081	g5126
ECA2081	g8224
ECA2081	g6962
ECA2081	g6838
ECA2081	g4404
ECA2081	g10161
ECA2081	g2042
ECA2081	g21557
ECA2081	g2705
ECA2081	g7107
ECA2081	g2709
ECA2081	g5132
ECA2081	g2833
ECA2081	g9068
ECA2081	g3103
ECA2081	g13118
ECA2081	g5343
ECA2081	g12312
ECA2081	g481
ECA2081	g9231
ECA2081	g3174
ECA2081	g11501
ECA2081	g22242
ECA2081	g2698
ECA2081	g3727
ECA2081	g3767
ECA2081	g7728
ECA2081	g22238
ECA2081	g3901
ECA2081	g5889
ECA2081	g4524
ECA2081	g6857
ECA2081	g3176
ECA2081	g7064
ECA2081	g3141
ECA2081	g5033
ECA2081	g7159
ECA2081	g6215
ECA2081	g11503
ECA2081	g3548
ECA2081	g20645
ECA2081	g3175
ECA2081	g6967
ECA2081	g5891
ECA2081	g10279
ECA2081	g20738
ECA2081	g2757
ECA2081	g5342
ECA2081	g5339
ECA2081	g3712
ECA2081	g13713
ECA2081	g6787
ECA2081	g22240
ECA2081	g9063
ECA2081	g21406
ECA2081	g22246
ECA2081	g3032
ECA2081	g2770
ECA2081	g20697
ECA2081	g7371
ECA2081	g6955
ECA2081	g8080
ECA2081	g10164
ECA2081	g4671
ECA2081	g16666
ECA2081	g2712
ECA2081	g2658
ECA2081	g2992
ECA2081	g11160
ECA2081	g7708
ECA2081	g13055
ECA2081	g5892
ECA2081	g2784
ECA2081	g5065
ECA2081	g8702
ECA2081	g6996
ECA2081	g3629
ECA2081	g13496
ECA2081	g2751
ECA2081	g2679
ECA2081	g3172
ECA2081	g4410
ECA2081	g11828
ECA2081	g13498
ECA2081	g9975
ECA2081	g7434
ECA2081	g3623
ECA2081	g3631
ECA2081	g12451
ECA2081	g7322
ECA2081	g5034
ECA2081	g16080
ECA2081	g9291
ECA2081	g4437
ECA2081	g2700
ECA2081	g5766
ECA2081	g3551
ECA2081	g2666
ECA2081	g3152
ECA2081	g7501
ECA2081	g7045
ECA2081	g6958
ECA2081	g7144
ECA2081	g20698
ECA2081	g3549
ECA2081	g2766
ECA2081	g9259
ECA2081	g18633
ECA2081	g5767
ECA2081	g12669
ECA2081	g17367
ECA2081	g6959
ECA2081	g3628
ECA2081	g482
ECA2081	g6394
ECA2081	g7302
ECA2081	g9263
ECA2081	g17365
ECA2081	g17352
ECA2081	g9461
ECA2081	g4406
ECA2081	g3632
ECA2081	g2993
ECA2081	g4502
ECA2081	g22241
ECA2081	g74
ECA2081	g4436
ECA2081	g13204
ECA2081	g6961
ECA2081	g4528
ECA2081	g2996
ECA2081	g4408
ECA2081	g8696
ECA2081	g13982
ECA2081	g6968
ECA2081	g10160
ECA2081	g20756
ECA2081	g2960
ECA2081	g9258
ECA2081	g9300
ECA2081	g10917
ECA2081	g10111
ECA2081	g13497
ECA2081	g19522
ECA2081	g2683
ECA2081	g10838
ECA2081	g19394
ECA2081	g13484
ECA2081	g3149
ECA2081	g3223
ECA2081	g7052
ECA2081	g6216
ECA2081	g5894
ECA2081	g16200
ECA2081	g13839
ECA2081	g2708
ECA2081	g17250
ECA2081	g3153
ECA2081	g4137
ECA2081	g2731
ECA2081	g13378
ECA2081	g8223
ECA2081	g4039
ECA2081	g6839
ECA2081	g2587
ECA2081	g10158
ECA2081	g20684
ECA2081	g20679
ECA2081	g20737
ECA2081	g7215
ECA2081	g5038
ECA2081	g4527
ECA2081	g17376
ECA2081	g9299
ECA2081	g9069
ECA2081	g3178
ECA2081	g17249
ECA2081	g17412
ECA2081	g9280
ECA2081	g9229
ECA2081	g4672
ECA2081	g6960
ECA2081	g6964
ECA2081	g12550
ECA2081	g20703
ECA2081	g9684
ECA2081	g2756
ECA2081	g13491
ECA2081	g18060
ECA2081	g5037
ECA2081	g7214
ECA2081	g3641
ECA2081	g10306
ECA2081	g7432
ECA2081	g16683
ECA2081	g13112
ED3017	g9774
ED3017	g15451
ED3017	g5451
ED3017	g4638
ED3017	g14035
ED3017	g4282
ED3017	g963
ED3017	g103
ED3017	g4271
ED3017	g4977
ED3017	g9518
ED3017	g4635
ED3017	g969
ED3017	g1462
ED3017	g13452
ED3017	g2327
ED3017	g4240
ED3017	g562
ED3017	g6410
ED3017	g965
ED3017	g2326
ED3017	g5284
ED3017	g5272
ED3017	g394
ED3017	g91
ED3017	g4243
ED3017	g82
ED3017	g2697
ED3017	g5162
ED3017	g391
ED3017	g1839
ED3017	g4130
ED3017	g4233
ED3017	g1976
ED3017	g4235
ED3017	g11714
ED3017	g4681
ED3017	g4375
ED3017	g19939
ED3017	g134
ED3017	g4237
ED3017	g20638
ED3017	g9684
ED3017	g14822
ED3017	g396
ED3017	g11257
ED3017	g10862
ED3017	g9266
ED3017	g4552
ED3017	g14820
ED3017	g1734
ED3017	g50
ED3017	g390
ED3017	g3179
ED3017	g890
ED3017	g17427
ED3017	g166
ED3017	g8538
ED3017	g16446
ED3017	g3178
ED3017	g1366
ED3017	g10207
ED3017	g561
ED3017	g10660
ED3017	g4819
ED3017	g1037
ED3017	g2330
ED3017	g4173
ED3017	g5664
ED3017	g4321
ED3017	g5480
ED3017	g153
ED3017	g1396
ED3017	g16454
ED3017	g1097
ED3017	g16923
ED3017	g1121
ED3017	g578
ED3017	g8508
ED3017	g967
ED3017	g80
ED3017	g586
ED3017	g149
ED3017	g16346
ED3017	g10042
ED3017	g8419
ED3017	g15289
ED3017	g89
ED3017	g554
ED3017	g21140
ED3017	g90
ED3017	g63
ED3017	g1644
ED3017	g4270
ED3017	g1733
ED3017	g8421
ED3017	g4641
ED3017	g14271
ED3017	g8566
ED3017	g5283
ED3017	g15357
ED3017	g560
ED3017	g17681
ED3017	g395
ED3017	g15342
ED3017	g4639
ED3017	g5521
ED3017	g19787
ED3017	g4111
ED3017	g2325
ED3017	g81
ED3017	g12698
ED3017	g42
ED3017	g3181
ED3017	g11254
ED3017	g6414
ED3017	g15356
ED3017	g5500
ED3017	g8369
ED3017	g981
ED3017	g3180
ED3017	g3495
ED3017	g83
ED3017	g21146
ED3017	g9816
ED3017	g2353
ED3017	g1887
ED3017	g2419
ED3017	g3645
ED3017	g889
ED3017	g15348
ED3017	g10090
ED3017	g6412
ED3017	g4498
ED3017	g585
ED3017	g587
ED3017	g21220
ED3017	g2630
ED3017	g972
ED3017	g8643
ED3017	g22162
ED3017	g633
ED3017	g6418
ED3017	g584
ED3017	g435
ED3017	g1842
ED3017	g62
ED3017	g5520
ED3017	g1735
ED3017	g9501
ED3017	g4374
ED3017	g3055
ED3017	g2412
ED3017	g21434
ED3017	g1233
ED3017	g4272
ED3017	g1916
ED3017	g3056
ED3017	g15386
ED3017	g4285
ED3017	g8424
ED3017	g84
ED3017	g9775
ED3017	g2634
ED3017	g1739
ED3017	g11588
ED3017	g3177
ED3017	g15349
ED3017	g5099
ED3017	g112
ED3017	g966
ED3017	g2329
ED3017	g17075
ED3017	g15127
ED3017	g5273
ED3017	g8915
ED3017	g1766
ED3017	g5449
ED3017	g4320
ED3017	g4408
ED3017	g18886
ED3017	g367
ED3017	g21937
ED3017	g1977
ED3017	g21222
ED3017	g10192
ED3017	g4232
ED3017	g5481
ED3017	g20289
ED3017	g892
ED3017	g4722
ED3017	g10206
ED3017	g15306
ED3017	g1738
ED3017	g4423
ED3017	g17584
ED3017	g2635
ED3017	g5153
ED3017	g21281
ED3017	g3183
ED3017	g10204
ED3017	g10091
ED3017	g1120
ED3017	g87
ED3017	g12280
ED3017	g21936
ED3017	g16064
ED3017	g4236
ED3017	g3494
ED3017	g1736
ED3017	g8079
ED3017	g8237
ED3017	g971
ED3017	g15358
ED3017	g148
ED3017	g1064
ED3017	g11256
ED3017	g1915
ED3017	g16925
ED3017	g509
ED3017	g577
ED3017	g8420
ED3017	g111
ED3017	g92
ED3017	g19963
ED3017	g1737
ED3017	g16448
ED3017	g12699
ED3017	g22316
ED3017	g8418
ED3017	g67
ED3017	g4242
ED3017	g547
ED3017	g21749
ED3017	g4290
ED3017	g9029
ED3017	g556
ED3017	g14821
ED3017	g4075
ED3017	g559
ED3017	g1765
ED3017	g140
ED3017	g4231
ED3017	g393
ED3017	g553
ED3017	g582
ED3017	g22277
ED3017	g18755
ED3017	g5484
ED3017	g16924
ED3017	g558
ED3017	g2328
ED3017	g4881
ED3017	g4174
ED3017	g5278
ED3017	g21930
ED3017	g114
ED3017	g15886
ED3017	g4328
ED3017	g397
ED3017	g94
ED3017	g4341
ED3017	g7952
ED3017	g3671
ED3017	g1841
ED3017	g5512
ED3017	g8417
ED3017	g4568
ED3017	g4239
ED3017	g4172
ED3017	g10215
ED3017	g21931
ED3017	g88
ED3017	g588
ED3017	g4238
ED3017	g10252
ED3017	g557
ED3017	g4640
ED3017	g4113
ED3017	g66
ED3017	g5271
ED3017	g21925
ED3017	g970
ED3017	g575
ED3017	g139
ED3017	g21414
ED3017	g3182
ED3017	g15307
ED3017	g213
ED3017	g5877
ED3017	g15399
ED3017	g1052
ED3017	g6413
ED3017	g968
ED3073	g18713
ED3073	g1016
ED3073	g7466
ED3073	g8621
ED3073	g207
ED3073	g16934
ED3073	g2835
ED3073	g66
ED3073	g2846
ED3073	g6434
ED3073	g18966
ED3073	g8592
ED3073	g81
ED3073	g1511
ED3073	g4611
ED3073	g49
ED3073	g10449
ED3073	g2877
ED3073	g530
ED3073	g10450
ED3073	g547
ED3073	g361
ED3073	g2874
ED3073	g82
ED3073	g10073
ED3073	g2633
ED3073	g477
ED3073	g401
ED3073	g1887
ED3073	g2986
ED3073	g2884
ED3073	g10448
ED3073	g2026
ED3073	g2882
ED3073	g17122
ED3073	g6771
ED3073	g6730
ED3073	g2743
ED3073	g540
ED3073	g19795
ED3073	g6767
ED3073	g2880
ED3073	g20629
ED3073	g364
ED3073	g18801
ED3073	g2525
ED3073	g16142
ED3073	g1013
ED3073	g8779
ED3073	g8783
ED3073	g14036
ED3073	g363
ED3073	g14591
ED3073	g20918
ED3073	g19217
ED3073	g2545
ED3073	g1780
ED3073	g357
ED3073	g3929
ED3073	g9822
ED3073	g8850
ED3073	g3930
ED3073	g1414
ED3073	g15742
ED3073	g529
ED3073	g7809
ED3073	g17573
ED3073	g6585
ED3073	g1084
ED3073	g12204
ED3073	g2797
ED3073	g1444
ED3073	g8857
ED3073	g1143
ED3073	g20254
ED3073	g9323
ED3073	g1167
ED3073	g1012
ED3073	g8558
ED3073	g542
ED3073	g551
ED3073	g7236
ED3073	g15905
ED3073	g5840
ED3073	g1009
ED3073	g18071
ED3073	g89
ED3073	g522
ED3073	g18404
ED3073	g90
ED3073	g62
ED3073	g1691
ED3073	g2847
ED3073	g5692
ED3073	g6774
ED3073	g1779
ED3073	g5838
ED3073	g16697
ED3073	g550
ED3073	g103
ED3073	g91
ED3073	g1017
ED3073	g18138
ED3073	g525
ED3073	g6904
ED3073	g524
ED3073	g6260
ED3073	g18124
ED3073	g6769
ED3073	g8550
ED3073	g19643
ED3073	g3005
ED3073	g10451
ED3073	g42
ED3073	g3927
ED3073	g14594
ED3073	g20258
ED3073	g18137
ED3073	g1027
ED3073	g3928
ED3073	g3612
ED3073	g83
ED3073	g10421
ED3073	g165
ED3073	g1935
ED3073	g10355
ED3073	g3464
ED3073	g16144
ED3073	g934
ED3073	g18129
ED3073	g15857
ED3073	g528
ED3073	g2605
ED3073	g2122
ED3073	g3437
ED3073	g5722
ED3073	g10447
ED3073	g10140
ED3073	g5615
ED3073	g5754
ED3073	g2357
ED3073	g1011
ED3073	g20262
ED3073	g1890
ED3073	g8788
ED3073	g1781
ED3073	g18982
ED3073	g2744
ED3073	g4051
ED3073	g18670
ED3073	g10362
ED3073	g149
ED3073	g21190
ED3073	g1279
ED3073	g2845
ED3073	g1965
ED3073	g4050
ED3073	g8589
ED3073	g18167
ED3073	g5835
ED3073	g84
ED3073	g18712
ED3073	g2942
ED3073	g10136
ED3073	g1785
ED3073	g14269
ED3073	g3931
ED3073	g18130
ED3073	g6314
ED3073	g112
ED3073	g6026
ED3073	g10446
ED3073	g8593
ED3073	g9470
ED3073	g20256
ED3073	g5347
ED3073	g1812
ED3073	g13120
ED3073	g7876
ED3073	g2798
ED3073	g2708
ED3073	g13576
ED3073	g2632
ED3073	g337
ED3073	g2129
ED3073	g2027
ED3073	g15759
ED3073	g1015
ED3073	g61
ED3073	g21934
ED3073	g134
ED3073	g6688
ED3073	g15743
ED3073	g18087
ED3073	g1014
ED3073	g549
ED3073	g1784
ED3073	g2693
ED3073	g6804
ED3073	g17897
ED3073	g10135
ED3073	g7935
ED3073	g8551
ED3073	g3925
ED3073	g15746
ED3073	g15856
ED3073	g1166
ED3073	g1018
ED3073	g87
ED3073	g2128
ED3073	g1811
ED3073	g12792
ED3073	g543
ED3073	g2881
ED3073	g3613
ED3073	g1782
ED3073	g65
ED3073	g18139
ED3073	g6251
ED3073	g150
ED3073	g1111
ED3073	g14592
ED3073	g1964
ED3073	g9325
ED3073	g154
ED3073	g5839
ED3073	g111
ED3073	g92
ED3073	g2885
ED3073	g358
ED3073	g16143
ED3073	g19819
ED3073	g1783
ED3073	g8852
ED3073	g13121
ED3073	g22141
ED3073	g5841
ED3073	g2875
ED3073	g8569
ED3073	g515
ED3073	g21455
ED3073	g605
ED3073	g5885
ED3073	g2828
ED3073	g19458
ED3073	g3041
ED3073	g527
ED3073	g94
ED3073	g2886
ED3073	g360
ED3073	g521
ED3073	g140
ED3073	g362
ED3073	g6527
ED3073	g2475
ED3073	g13446
ED3073	g9324
ED3073	g7164
ED3073	g526
ED3073	g114
ED3073	g12617
ED3073	g2790
ED3073	g6768
ED3073	g935
ED3073	g2777
ED3073	g7037
ED3073	g80
ED3073	g937
ED3073	g1889
ED3073	g5842
ED3073	g2528
ED3073	g2878
ED3073	g2944
ED3073	g15734
ED3073	g8780
ED3073	g2943
ED3073	g2123
ED3073	g88
ED3073	g553
ED3073	g2879
ED3073	g15697
ED3073	g3003
ED3073	g552
ED3073	g2117
ED3073	g139
ED3073	g21170
ED3073	g3926
ED3073	g18088
ED3073	g12412
ED3073	g18180
ED3073	g10445
ED3073	g1099
ED3073	g20257
ED3073	g8623
JU440	g14132
JU440	g1622
JU440	g7192
JU440	g9850
JU440	g6392
JU440	g2877
JU440	g22303
JU440	g2888
JU440	g18334
JU440	g22325
JU440	g1124
JU440	g5805
JU440	g22356
JU440	g256
JU440	g2919
JU440	g2109
JU440	g19866
JU440	g257
JU440	g15260
JU440	g2091
JU440	g22315
JU440	g13317
JU440	g2916
JU440	g22324
JU440	g4456
JU440	g2676
JU440	g2161
JU440	g12930
JU440	g2236
JU440	g746
JU440	g3033
JU440	g2926
JU440	g609
JU440	g9790
JU440	g2924
JU440	g10356
JU440	g18000
JU440	g18042
JU440	g2785
JU440	g2098
JU440	g9211
JU440	g18004
JU440	g2922
JU440	g16738
JU440	g2273
JU440	g14221
JU440	g2566
JU440	g1625
JU440	g10018
JU440	g2274
JU440	g17382
JU440	g14637
JU440	g2586
JU440	g20911
JU440	g851
JU440	g2280
JU440	g3981
JU440	g22240
JU440	g15380
JU440	g19664
JU440	g3982
JU440	g22271
JU440	g1223
JU440	g13699
JU440	g2110
JU440	g8370
JU440	g18181
JU440	g1554
JU440	g253
JU440	g2987
JU440	g18512
JU440	g22257
JU440	g22266
JU440	g9637
JU440	g2839
JU440	g9821
JU440	g1192
JU440	g19656
JU440	g1496
JU440	g22316
JU440	g19187
JU440	g1472
JU440	g1626
JU440	g15348
JU440	g2096
JU440	g2648
JU440	g2087
JU440	g16771
JU440	g13867
JU440	g1629
JU440	g7933
JU440	g22317
JU440	g13322
JU440	g2117
JU440	g21878
JU440	g22343
JU440	g943
JU440	g2889
JU440	g17997
JU440	g852
JU440	g15262
JU440	g6631
JU440	g15407
JU440	g2088
JU440	g1621
JU440	g7999
JU440	g2114
JU440	g17868
JU440	g2115
JU440	g7986
JU440	g18002
JU440	g9781
JU440	g9057
JU440	g3053
JU440	g258
JU440	g5054
JU440	g22364
JU440	g3979
JU440	g17385
JU440	g19862
JU440	g7998
JU440	g9801
JU440	g1611
JU440	g3980
JU440	g3664
JU440	g2374
JU440	g14089
JU440	g230
JU440	g699
JU440	g164
JU440	g3515
JU440	g2276
JU440	g1703
JU440	g7991
JU440	g13819
JU440	g1359
JU440	g19864
JU440	g2111
JU440	g2451
JU440	g13323
JU440	g3489
JU440	g4522
JU440	g15487
JU440	g1627
JU440	g22295
JU440	g19858
JU440	g743
JU440	g22344
JU440	g9782
JU440	g10026
JU440	g20913
JU440	g850
JU440	g22340
JU440	g15265
JU440	g14401
JU440	g2786
JU440	g4103
JU440	g171
JU440	g22252
JU440	g17720
JU440	g2887
JU440	g669
JU440	g15259
JU440	g4102
JU440	g8029
JU440	g2874
JU440	g22322
JU440	g14131
JU440	g2516
JU440	g4519
JU440	g846
JU440	g17065
JU440	g3983
JU440	g22293
JU440	g7992
JU440	g18458
JU440	g15073
JU440	g14384
JU440	g254
JU440	g19037
JU440	g7767
JU440	g18240
JU440	g15764
JU440	g819
JU440	g9852
JU440	g2840
JU440	g2750
JU440	g20576
JU440	g2675
JU440	g2300
JU440	g13316
JU440	g608
JU440	g2453
JU440	g13716
JU440	g1623
JU440	g9820
JU440	g16202
JU440	g18085
JU440	g13700
JU440	g7950
JU440	g1624
JU440	g2089
JU440	g847
JU440	g2734
JU440	g17966
JU440	g4518
JU440	g2512
JU440	g3977
JU440	g13703
JU440	g13818
JU440	g1473
JU440	g1620
JU440	g22319
JU440	g4645
JU440	g820
JU440	g21323
JU440	g2095
JU440	g2923
JU440	g3665
JU440	g849
JU440	g8000
JU440	g18521
JU440	g1526
JU440	g17383
JU440	g670
JU440	g19185
JU440	g15261
JU440	g22314
JU440	g2927
JU440	g2279
JU440	g9235
JU440	g848
JU440	g19662
JU440	g5055
JU440	g22339
JU440	g2917
JU440	g2123
JU440	g22022
JU440	g2035
JU440	g15214
JU440	g2869
JU440	g14874
JU440	g20912
JU440	g3091
JU440	g2112
JU440	g22312
JU440	g2928
JU440	g2277
JU440	g2118
JU440	g2275
JU440	g12973
JU440	g20709
JU440	g9817
JU440	g19186
JU440	g21038
JU440	g22296
JU440	g22256
JU440	g2113
JU440	g255
JU440	g2986
JU440	g21501
JU440	g2832
JU440	g18688
JU440	g18003
JU440	g1702
JU440	g2819
JU440	g21166
JU440	g22326
JU440	g1700
JU440	g744
JU440	g2569
JU440	g2920
JU440	g2988
JU440	g13691
JU440	g10019
JU440	g8152
JU440	g22318
JU440	g2085
JU440	g2921
JU440	g13654
JU440	g3051
JU440	g2086
JU440	g13328
JU440	g22267
JU440	g17740
JU440	g3978
JU440	g7951
JU440	g22192
JU440	g9427
JU440	g7142
JU440	g10021
JU440	g1539
JU440	g19863
JU440	g22323
NIC526	g8439
NIC526	g2672
NIC526	g17573
NIC526	g14677
NIC526	g20840
NIC526	g5645
NIC526	g13245
NIC526	g18820
NIC526	g8696
NIC526	g14706
NIC526	g1722
NIC526	g3174
NIC526	g18634
NIC526	g5059
NIC526	g1688
NIC526	g4042
NIC526	g13276
NIC526	g2184
NIC526	g4041
NIC526	g2202
NIC526	g13273
NIC526	g4419
NIC526	g13040
NIC526	g2130
NIC526	g1779
NIC526	g2054
NIC526	g3550
NIC526	g1728
NIC526	g2015
NIC526	g13393
NIC526	g13283
NIC526	g4043
NIC526	g15979
NIC526	g13281
NIC526	g1239
NIC526	g20880
NIC526	g13142
NIC526	g1700
NIC526	g2195
NIC526	g16003
NIC526	g20843
NIC526	g1729
NIC526	g13279
NIC526	g2010
NIC526	g8529
NIC526	g6432
NIC526	g2669
NIC526	g14518
NIC526	g6585
NIC526	g778
NIC526	g1757
NIC526	g8950
NIC526	g12963
NIC526	g3443
NIC526	g2009
NIC526	g1723
NIC526	g4896
NIC526	g10892
NIC526	g10409
NIC526	g4895
NIC526	g3073
NIC526	g7999
NIC526	g2183
NIC526	g17024
NIC526	g3691
NIC526	g21027
NIC526	g6430
NIC526	g13234
NIC526	g2742
NIC526	g1795
NIC526	g14900
NIC526	g13197
NIC526	g3104
NIC526	g10401
NIC526	g2801
NIC526	g9935
NIC526	g2825
NIC526	g2668
NIC526	g10922
NIC526	g1733
NIC526	g2197
NIC526	g2206
NIC526	g286
NIC526	g8169
NIC526	g11011
NIC526	g2665
NIC526	g17413
NIC526	g1721
NIC526	g2176
NIC526	g2673
NIC526	g3351
NIC526	g13246
NIC526	g20837
NIC526	g3442
NIC526	g11009
NIC526	g5882
NIC526	g10864
NIC526	g2205
NIC526	g17481
NIC526	g2179
NIC526	g20703
NIC526	g2178
NIC526	g16256
NIC526	g2014
NIC526	g18641
NIC526	g17467
NIC526	g1859
NIC526	g1705
NIC526	g14750
NIC526	g16157
NIC526	g1812
NIC526	g13412
NIC526	g4040
NIC526	g12588
NIC526	g4898
NIC526	g775
NIC526	g17942
NIC526	g17480
NIC526	g9433
NIC526	g2683
NIC526	g4897
NIC526	g14023
NIC526	g22559
NIC526	g8395
NIC526	g4069
NIC526	g3598
NIC526	g1720
NIC526	g4135
NIC526	g13874
NIC526	g2592
NIC526	g17472
NIC526	g8120
NIC526	g17944
NIC526	g2182
NIC526	g13016
NIC526	g22634
NIC526	g21297
NIC526	g13847
NIC526	g2013
NIC526	g4044
NIC526	g4351
NIC526	g21532
NIC526	g2667
NIC526	g17938
NIC526	g3553
NIC526	g14510
NIC526	g3444
NIC526	g17510
NIC526	g8713
NIC526	g13143
NIC526	g4771
NIC526	g1735
NIC526	g4128
NIC526	g22545
NIC526	g2937
NIC526	g13244
NIC526	g3628
NIC526	g4772
NIC526	g14709
NIC526	g11006
NIC526	g8438
NIC526	g4355
NIC526	g3448
NIC526	g21663
NIC526	g1115
NIC526	g4894
NIC526	g17473
NIC526	g18697
NIC526	g10790
NIC526	g1725
NIC526	g11196
NIC526	g4045
NIC526	g14705
NIC526	g9786
NIC526	g20442
NIC526	g10513
NIC526	g3475
NIC526	g1799
NIC526	g13198
NIC526	g13109
NIC526	g11661
NIC526	g1681
NIC526	g13039
NIC526	g1988
NIC526	g21304
NIC526	g3692
NIC526	g22636
NIC526	g8016
NIC526	g2671
NIC526	g19985
NIC526	g20922
NIC526	g8000
NIC526	g17430
NIC526	g2670
NIC526	g2204
NIC526	g3447
NIC526	g21089
NIC526	g13093
NIC526	g1732
NIC526	g1786
NIC526	g4356
NIC526	g22696
NIC526	g14749
NIC526	g4900
NIC526	g8003
NIC526	g8119
NIC526	g2824
NIC526	g20841
NIC526	g2674
NIC526	g21303
NIC526	g3474
NIC526	g18548
NIC526	g2198
NIC526	g13280
NIC526	g14024
NIC526	g3445
NIC526	g2016
NIC526	g17482
NIC526	g2769
NIC526	g777
NIC526	g3627
NIC526	g9933
NIC526	g1731
NIC526	g1755
NIC526	g11010
NIC526	g1747
NIC526	g3446
NIC526	g10407
NIC526	g12587
NIC526	g7617
NIC526	g1724
NIC526	g1701
NIC526	g1754
NIC526	g11012
NIC526	g13274
NIC526	g14730
NIC526	g2169
NIC526	g11342
NIC526	g2259
NIC526	g11057
NIC526	g13227
NIC526	g9191
NIC526	g6431
NIC526	g13449
NIC526	g2181
NIC526	g13285
NIC526	g17946
NIC526	g2012
NIC526	g2175
NIC526	g21654
NIC526	g11530
NIC526	g9934
NIC526	g215
NIC526	g2180
NIC526	g13347
NIC526	g18373
NIC526	g13189
NIC526	g20842
NIC526	g2593
NIC526	g13176
NIC526	g88
NIC526	g2595
NIC526	g3552
NIC526	g11013
NIC526	g1703
NIC526	g12948
NIC526	g13277
NIC526	g13349
NIC526	g7991
NIC526	g14517
NIC526	g13348
NIC526	g1730
NIC526	g21298
NIC526	g2208
NIC526	g13278
NIC526	g7954
NIC526	g13410
NIC526	g2207
NIC526	g20803
NIC526	g21292
NIC526	g13284
NIC526	g14741
NIC526	g1785
NIC526	g22525
NIC526	g4899
NIC526	g17431
NIC526	g15114
NIC526	g17523
NIC526	g14515
NIC526	g4046
NIC526	g17248
NIC526	g2757
NIC526	g17943
NIC526	g14675
RC301	g5126
RC301	g14873
RC301	g17963
RC301	g15679
RC301	g7954
RC301	g9292
RC301	g1702
RC301	g2617
RC301	g1691
RC301	g5380
RC301	g15808
RC301	g14380
RC301	g9107
RC301	g7375
RC301	g15839
RC301	g13514
RC301	g1660
RC301	g15352
RC301	g13515
RC301	g15334
RC301	g1663
RC301	g15807
RC301	g117
RC301	g1904
RC301	g15406
RC301	g15482
RC301	g14007
RC301	g1548
RC301	g1653
RC301	g13868
RC301	g4293
RC301	g1655
RC301	g20462
RC301	g9621
RC301	g2661
RC301	g9580
RC301	g1795
RC301	g15341
RC301	g4269
RC301	g9617
RC301	g1657
RC301	g17791
RC301	g15519
RC301	g5216
RC301	g2012
RC301	g8740
RC301	g14876
RC301	g10339
RC301	g15520
RC301	g18851
RC301	g3220
RC301	g19656
RC301	g5633
RC301	g1992
RC301	g14111
RC301	g15526
RC301	g599
RC301	g16452
RC301	g17433
RC301	g598
RC301	g14478
RC301	g4694
RC301	g15353
RC301	g3420
RC301	g9441
RC301	g11797
RC301	g14805
RC301	g1593
RC301	g18178
RC301	g1741
RC301	g17991
RC301	g14448
RC301	g17425
RC301	g2645
RC301	g14748
RC301	g16957
RC301	g14724
RC301	g14877
RC301	g2655
RC301	g15339
RC301	g2647
RC301	g15330
RC301	g10086
RC301	g4861
RC301	g6480
RC301	g14880
RC301	g15800
RC301	g21776
RC301	g15360
RC301	g15799
RC301	g15826
RC301	g14201
RC301	g1690
RC301	g6332
RC301	g9624
RC301	g14112
RC301	g6478
RC301	g8193
RC301	g15331
RC301	g15786
RC301	g15798
RC301	g14872
RC301	g15357
RC301	g9754
RC301	g15358
RC301	g21770
RC301	g9619
RC301	g18032
RC301	g4116
RC301	g1530
RC301	g13516
RC301	g15847
RC301	g601
RC301	g18848
RC301	g11801
RC301	g18011
RC301	g14862
RC301	g600
RC301	g917
RC301	g15806
RC301	g2191
RC301	g5083
RC301	g13488
RC301	g15724
RC301	g13960
RC301	g13422
RC301	g1067
RC301	g8738
RC301	g15522
RC301	g14954
RC301	g4813
RC301	g15354
RC301	g1932
RC301	g2123
RC301	g1093
RC301	g6361
RC301	g49
RC301	g6256
RC301	g6394
RC301	g21536
RC301	g14878
RC301	g11805
RC301	g14004
RC301	g15827
RC301	g18031
RC301	g14110
RC301	g2646
RC301	g5397
RC301	g1794
RC301	g475
RC301	g13429
RC301	g15740
RC301	g20133
RC301	g14611
RC301	g1692
RC301	g13929
RC301	g9114
RC301	g476
RC301	g1705
RC301	g6475
RC301	g15805
RC301	g22379
RC301	g5125
RC301	g53
RC301	g14106
RC301	g19177
RC301	g597
RC301	g9170
RC301	g15777
RC301	g6669
RC301	g13512
RC301	g16807
RC301	g11799
RC301	g5985
RC301	g14079
RC301	g10757
RC301	g17961
RC301	g1740
RC301	g1829
RC301	g11086
RC301	g1905
RC301	g17796
RC301	g15547
RC301	g21764
RC301	g2656
RC301	g13867
RC301	g2121
RC301	g4711
RC301	g14874
RC301	g17992
RC301	g15890
RC301	g15755
RC301	g9538
RC301	g4695
RC301	g2695
RC301	g14875
RC301	g15332
RC301	g14107
RC301	g9383
RC301	g1845
RC301	g9654
RC301	g54
RC301	g2064
RC301	g603
RC301	g15749
RC301	g4698
RC301	g4812
RC301	g14725
RC301	g17797
RC301	g14871
RC301	g15802
RC301	g21765
RC301	g14080
RC301	g9023
RC301	g15822
RC301	g15338
RC301	g1656
RC301	g916
RC301	g14109
RC301	g15823
RC301	g15739
RC301	g14778
RC301	g18850
RC301	g13930
RC301	g16955
RC301	g2553
RC301	g15735
RC301	g6479
RC301	g15778
RC301	g2712
RC301	g15797
RC301	g15525
RC301	g8739
RC301	g14108
RC301	g17431
RC301	g10758
RC301	g21377
RC301	g6481
RC301	g1662
RC301	g15367
RC301	g20378
RC301	g15277
RC301	g6526
RC301	g1710
RC301	g5870
RC301	g1494
RC301	g15355
RC301	g15795
RC301	g1651
RC301	g15523
RC301	g15361
RC301	g15521
RC301	g21416
RC301	g10953
RC301	g17995
RC301	g16956
RC301	g10015
RC301	g19664
RC301	g15356
RC301	g13513
RC301	g1594
RC301	g15775
RC301	g8847
RC301	g1748
RC301	g9618
RC301	g14953
RC301	g1761
RC301	g1652
RC301	g9888
RC301	g15809
RC301	g14951
RC301	g14005
RC301	g18023
RC301	g6482
RC301	g2009
RC301	g1659
RC301	g1592
RC301	g4686
RC301	g15801
RC301	g15328
RC301	g1658
RC301	g21771
RC301	g4649
RC301	g1532
RC301	g15329
RC301	g15750
RC301	g20153
RC301	g602
RC301	g2694
RC301	g18389
RC301	g2603
RC301	g13511
RC301	g14790
RC301	g11800
ECA2473	g22258
ECA2473	g17414
ECA2473	g1459
ECA2473	g10296
ECA2473	g10332
ECA2473	g19574
ECA2473	g1389
ECA2473	g6660
ECA2473	g85
ECA2473	g1927
ECA2473	g10301
ECA2473	g1464
ECA2473	g1462
ECA2473	g16767
ECA2473	g22302
ECA2473	g19926
ECA2473	g591
ECA2473	g19571
ECA2473	g1362
ECA2473	g9229
ECA2473	g7237
ECA2473	g10299
ECA2473	g11957
ECA2473	g9552
ECA2473	g10231
ECA2473	g10302
ECA2473	g2117
ECA2473	g5366
ECA2473	g89
ECA2473	g2121
ECA2473	g19576
ECA2473	g10232
ECA2473	g446
ECA2473	g17457
ECA2473	g10378
ECA2473	g10294
ECA2473	g9727
ECA2473	g19616
ECA2473	g22331
ECA2473	g88
ECA2473	g19828
ECA2473	g13271
ECA2473	g510
ECA2473	g17327
ECA2473	g22254
ECA2473	g22283
ECA2473	g10292
ECA2473	g12918
ECA2473	g511
ECA2473	g10661
ECA2473	g1937
ECA2473	g17679
ECA2473	g16909
ECA2473	g5877
ECA2473	g703
ECA2473	g22276
ECA2473	g2122
ECA2473	g9231
ECA2473	g15238
ECA2473	g1954
ECA2473	g9230
ECA2473	g17849
ECA2473	g1950
ECA2473	g20629
ECA2473	g11309
ECA2473	g22507
ECA2473	g19767
ECA2473	g9235
ECA2473	g10192
ECA2473	g10443
ECA2473	g10298
ECA2473	g1032
ECA2473	g22272
ECA2473	g11509
ECA2473	g86
ECA2473	g22273
ECA2473	g2116
ECA2473	g1939
ECA2473	g12043
ECA2473	g17415
ECA2473	g5749
ECA2473	g5875
ECA2473	g11954
ECA2473	g22284
ECA2473	g22281
ECA2473	g19295
ECA2473	g15620
ECA2473	g10544
ECA2473	g20534
ECA2473	g22346
ECA2473	g1957
ECA2473	g788
ECA2473	g8475
ECA2473	g14748
ECA2473	g704
ECA2473	g11958
ECA2473	g6424
ECA2473	g18425
ECA2473	g10442
ECA2473	g1461
ECA2473	g8482
ECA2473	g10291
ECA2473	g20584
ECA2473	g15230
ECA2473	g11502
ECA2473	g20105
ECA2473	g8691
ECA2473	g15815
ECA2473	g7988
ECA2473	g11341
ECA2473	g1930
ECA2473	g20535
ECA2473	g12921
ECA2473	g15687
ECA2473	g2614
ECA2473	g1449
ECA2473	g14248
ECA2473	g5756
ECA2473	g20583
ECA2473	g2610
ECA2473	g1197
ECA2473	g22279
ECA2473	g9232
ECA2473	g22232
ECA2473	g19578
ECA2473	g1963
ECA2473	g10398
ECA2473	g11269
ECA2473	g10341
ECA2473	g2118
ECA2473	g91
ECA2473	g12919
ECA2473	g20617
ECA2473	g1882
ECA2473	g1929
ECA2473	g16526
ECA2473	g1334
ECA2473	g12075
ECA2473	g8690
ECA2473	g8753
ECA2473	g8687
ECA2473	g12179
ECA2473	g20574
ECA2473	g5535
ECA2473	g10129
ECA2473	g2612
ECA2473	g18273
ECA2473	g2618
ECA2473	g2077
ECA2473	g5755
ECA2473	g4053
ECA2473	g22274
ECA2473	g14603
ECA2473	g10331
ECA2473	g11961
ECA2473	g17147
ECA2473	g10386
ECA2473	g22287
ECA2473	g9233
ECA2473	g2119
ECA2473	g13252
ECA2473	g14227
ECA2473	g593
ECA2473	g20046
ECA2473	g22363
ECA2473	g59
ECA2473	g20585
ECA2473	g15236
ECA2473	g5750
ECA2473	g22325
ECA2473	g1540
ECA2473	g22255
ECA2473	g10333
ECA2473	g1932
ECA2473	g10297
ECA2473	g698
ECA2473	g12598
ECA2473	g10643
ECA2473	g11764
ECA2473	g4117
ECA2473	g702
ECA2473	g19448
ECA2473	g10664
ECA2473	g90
ECA2473	g17164
ECA2473	g12445
ECA2473	g671
ECA2473	g1949
ECA2473	g9109
ECA2473	g4187
ECA2473	g10377
ECA2473	g10478
ECA2473	g1063
ECA2473	g22257
ECA2473	g10545
ECA2473	g11501
ECA2473	g1466
ECA2473	g1460
ECA2473	g11277
ECA2473	g13694
ECA2473	g9110
ECA2473	g19659
ECA2473	g22408
ECA2473	g17848
ECA2473	g22345
ECA2473	g7987
ECA2473	g1307
ECA2473	g11305
ECA2473	g17846
ECA2473	g20575
ECA2473	g17833
ECA2473	g11110
ECA2473	g1463
ECA2473	g1537
ECA2473	g84
ECA2473	g1457
ECA2473	g1955
ECA2473	g22350
ECA2473	g2613
ECA2473	g8400
ECA2473	g19577
ECA2473	g1458
ECA2473	g672
ECA2473	g1936
ECA2473	g10295
ECA2473	g701
ECA2473	g2115
ECA2473	g700
ECA2473	g2001
ECA2473	g5265
ECA2473	g10175
ECA2473	g22280
ECA2473	g20517
ECA2473	g10571
ECA2473	g22282
ECA2473	g18250
ECA2473	g2151
ECA2473	g11955
ECA2473	g13494
ECA2473	g10288
ECA2473	g11910
ECA2473	g20569
ECA2473	g16381
ECA2473	g20829
ECA2473	g5762
ECA2473	g1374
ECA2473	g1952
ECA2473	g9551
ECA2473	g22099
ECA2473	g5410
ECA2473	g699
ECA2473	g20700
ECA2473	g11343
ECA2473	g17731
ECA2473	g11288
ECA2473	g1951
ECA2473	g966
ECA2473	g22305
ECA2473	g21668
ECA2473	g1958
ECA2473	g14747
ECA2473	g5876
ECA2473	g1445
ECA2473	g20099
ECA2473	g17857
ECA2473	g540
ECA2473	g11270
ECA2473	g1926
ECA2473	g17730
ECA2473	g17893
ECA2473	g22275
ECA2473	g11308
ECA2473	g445
ECA2473	g1308
ECA2473	g590
ECA2473	g1539
ECA2473	g22303
ECA2473	g21840
ECA2473	g19543
ECA2473	g9700
ECA2473	g10892
ECA2473	g22330
ECA2473	g1928
ECA2473	g87
ECA2473	g10494
ECA2473	g12101
ECA2473	g22242
ECA2473	g4115
ECA2473	g9234
ECA2473	g11956
ECA2473	g10176
ECA2473	g1953
ECA2473	g18796
ECA741	g11012
ECA741	g5680
ECA741	g2573
ECA741	g7974
ECA741	g4896
ECA741	g11545
ECA741	g1494
ECA741	g11748
ECA741	g723
ECA741	g16935
ECA741	g7631
ECA741	g7977
ECA741	g9649
ECA741	g17034
ECA741	g2416
ECA741	g11055
ECA741	g4307
ECA741	g16938
ECA741	g11208
ECA741	g11724
ECA741	g2670
ECA741	g1804
ECA741	g7728
ECA741	g11549
ECA741	g13521
ECA741	g21668
ECA741	g2379
ECA741	g2544
ECA741	g14102
ECA741	g2619
ECA741	g11254
ECA741	g6209
ECA741	g7972
ECA741	g15050
ECA741	g11220
ECA741	g6233
ECA741	g9646
ECA741	g11243
ECA741	g2582
ECA741	g2906
ECA741	g22318
ECA741	g10925
ECA741	g11247
ECA741	g3138
ECA741	g9059
ECA741	g11718
ECA741	g2536
ECA741	g7450
ECA741	g11198
ECA741	g207
ECA741	g5630
ECA741	g10508
ECA741	g12
ECA741	g11244
ECA741	g19220
ECA741	g11719
ECA741	g1491
ECA741	g2909
ECA741	g5797
ECA741	g12381
ECA741	g1954
ECA741	g14005
ECA741	g12483
ECA741	g7789
ECA741	g13629
ECA741	g2434
ECA741	g18578
ECA741	g17369
ECA741	g21163
ECA741	g11240
ECA741	g2472
ECA741	g11241
ECA741	g15080
ECA741	g208
ECA741	g17065
ECA741	g5796
ECA741	g9737
ECA741	g11013
ECA741	g11738
ECA741	g16934
ECA741	g12391
ECA741	g12389
ECA741	g11252
ECA741	g11249
ECA741	g20547
ECA741	g8433
ECA741	g10267
ECA741	g631
ECA741	g11279
ECA741	g11319
ECA741	g17006
ECA741	g13635
ECA741	g11715
ECA741	g19213
ECA741	g17614
ECA741	g716
ECA741	g11746
ECA741	g18731
ECA741	g17338
ECA741	g11
ECA741	g5132
ECA741	g44
ECA741	g9884
ECA741	g11722
ECA741	g16936
ECA741	g11721
ECA741	g12390
ECA741	g11374
ECA741	g11373
ECA741	g11736
ECA741	g11225
ECA741	g15263
ECA741	g6387
ECA741	g2572
ECA741	g17022
ECA741	g7444
ECA741	g11268
ECA741	g3560
ECA741	g11314
ECA741	g11519
ECA741	g12417
ECA741	g15078
ECA741	g11745
ECA741	g630
ECA741	g9062
ECA741	g7973
ECA741	g9647
ECA741	g21160
ECA741	g18219
ECA741	g17198
ECA741	g2531
ECA741	g2543
ECA741	g1005
ECA741	g14857
ECA741	g12380
ECA741	g2625
ECA741	g16857
ECA741	g268
ECA741	g2538
ECA741	g16933
ECA741	g936
ECA741	g15045
ECA741	g628
ECA741	g629
ECA741	g16940
ECA741	g21156
ECA741	g43
ECA741	g11590
ECA741	g7934
ECA741	g11276
ECA741	g9653
ECA741	g10744
ECA741	g12342
ECA741	g11723
ECA741	g10761
ECA741	g13520
ECA741	g11791
ECA741	g22299
ECA741	g11548
ECA741	g3045
ECA741	g126
ECA741	g9060
ECA741	g656
ECA741	g19218
ECA741	g7090
ECA741	g2534
ECA741	g16858
ECA741	g3049
ECA741	g2540
ECA741	g11221
ECA741	g940
ECA741	g17
ECA741	g8724
ECA741	g1490
ECA741	g11743
ECA741	g10150
ECA741	g7509
ECA741	g11547
ECA741	g9478
ECA741	g5681
ECA741	g15017
ECA741	g11242
ECA741	g16947
ECA741	g1368
ECA741	g2618
ECA741	g14650
ECA741	g2709
ECA741	g20243
ECA741	g2795
ECA741	g16951
ECA741	g11300
ECA741	g7172
ECA741	g16931
ECA741	g9648
ECA741	g16937
ECA741	g11223
ECA741	g15049
ECA741	g19818
ECA741	g1369
ECA741	g11251
ECA741	g7893
ECA741	g11717
ECA741	g11747
ECA741	g8102
ECA741	g11250
ECA741	g11305
ECA741	g269
ECA741	g11266
ECA741	g2535
ECA741	g5794
ECA741	g1983
ECA741	g2888
ECA741	g2965
ECA741	g5782
ECA741	g15270
ECA741	g7353
ECA741	g11739
ECA741	g2537
ECA741	g11275
ECA741	g632
ECA741	g1803
ECA741	g14
ECA741	g2794
ECA741	g11551
ECA741	g11714
ECA741	g15
ECA741	g11315
ECA741	g11670
ECA741	g1496
ECA741	g11248
ECA741	g12324
ECA741	g3561
ECA741	g3063
ECA741	g15008
ECA741	g11709
ECA741	g22540
ECA741	g13522
ECA741	g9602
ECA741	g12375
ECA741	g12341
ECA741	g1493
ECA741	g2539
ECA741	g13634
ECA741	g1495
ECA741	g13960
ECA741	g16
ECA741	g20371
ECA741	g7971
ECA741	g8365
ECA741	g21063
ECA741	g129
ECA741	g11720
ECA741	g16939
ECA741	g17435
ECA741	g941
ECA741	g2637
ECA741	g8238
ECA741	g12836
ECA741	g11544
ECA741	g13
ECA741	g633
ECA741	g22621
ECA741	g11550
ECA741	g2574
ECA741	g128
ECA741	g1492
ECA741	g5804
ECA741	g17089
ECA741	g2541
ECA741	g178
ECA741	g3064
ECA741	g15009
ECA741	g15262
ECA741	g9768
ECA741	g11749
ECA741	g16860
ECA741	g2725
ECA741	g5841
ECA741	g15028
ECA741	g2473
ECA741	g8008
ECA741	g2418
ECA741	g17088
ECA741	g2669
ECA741	g11331
ECA741	g9806
ECA741	g9650
ECA741	g12430
ECA741	g11304
ECA741	g21161
ECA741	g627
ECA741	g18730
ECA741	g11278
JU1581	g16639
JU1581	g18568
JU1581	g6688
JU1581	g15960
JU1581	g6409
JU1581	g4332
JU1581	g14380
JU1581	g1549
JU1581	g6493
JU1581	g1560
JU1581	g16898
JU1581	g6412
JU1581	g6471
JU1581	g10649
JU1581	g133
JU1581	g937
JU1581	g15901
JU1581	g6441
JU1581	g13759
JU1581	g1591
JU1581	g11778
JU1581	g13760
JU1581	g11760
JU1581	g6481
JU1581	g1588
JU1581	g6472
JU1581	g13384
JU1581	g1350
JU1581	g11831
JU1581	g11906
JU1581	g545
JU1581	g1704
JU1581	g1598
JU1581	g13758
JU1581	g685
JU1581	g1596
JU1581	g6368
JU1581	g1458
JU1581	g11767
JU1581	g17277
JU1581	g1594
JU1581	g21577
JU1581	g11943
JU1581	g16729
JU1581	g1240
JU1581	g8768
JU1581	g18571
JU1581	g12785
JU1581	g11944
JU1581	g15458
JU1581	g3759
JU1581	g126
JU1581	g19034
JU1581	g1260
JU1581	g8770
JU1581	g440
JU1581	g11950
JU1581	g2923
JU1581	g6557
JU1581	g20257
JU1581	g12569
JU1581	g2922
JU1581	g6525
JU1581	g10552
JU1581	g12383
JU1581	g11779
JU1581	g15932
JU1581	g6229
JU1581	g18500
JU1581	g1660
JU1581	g6531
JU1581	g1511
JU1581	g10582
JU1581	g18442
JU1581	g6480
JU1581	g8037
JU1581	g18418
JU1581	g18572
JU1581	g21524
JU1581	g15912
JU1581	g16638
JU1581	g11765
JU1581	g11756
JU1581	g14581
JU1581	g12555
JU1581	g16015
JU1581	g18575
JU1581	g16118
JU1581	g6479
JU1581	g15736
JU1581	g11786
JU1581	g22583
JU1581	g6454
JU1581	g10831
JU1581	g1561
JU1581	g439
JU1581	g16013
JU1581	g6406
JU1581	g4569
JU1581	g20229
JU1581	g11757
JU1581	g18567
JU1581	g20798
JU1581	g11783
JU1581	g19674
JU1581	g11784
JU1581	g20784
JU1581	g6408
JU1581	g15893
JU1581	g17121
JU1581	g1724
JU1581	g13761
JU1581	g16105
JU1581	g2925
JU1581	g6482
JU1581	g15455
JU1581	g9212
JU1581	g20797
JU1581	g8537
JU1581	g18557
JU1581	g2924
JU1581	g2335
JU1581	g14189
JU1581	g16596
JU1581	g13732
JU1581	g593
JU1581	g13666
JU1581	g2188
JU1581	g11946
JU1581	g18650
JU1581	g20789
JU1581	g12506
JU1581	g11780
JU1581	g1322
JU1581	g14115
JU1581	g1155
JU1581	g2162
JU1581	g13757
JU1581	g13451
JU1581	g20147
JU1581	g21854
JU1581	g18573
JU1581	g6501
JU1581	g9216
JU1581	g548
JU1581	g6453
JU1581	g9210
JU1581	g441
JU1581	g6456
JU1581	g16915
JU1581	g1459
JU1581	g2799
JU1581	g20609
JU1581	g13673
JU1581	g6545
JU1581	g15117
JU1581	g18306
JU1581	g8038
JU1581	g1559
JU1581	g623
JU1581	g2800
JU1581	g20827
JU1581	g16010
JU1581	g6474
JU1581	g1659
JU1581	g13448
JU1581	g445
JU1581	g11018
JU1581	g2921
JU1581	g6503
JU1581	g20790
JU1581	g68
JU1581	g7532
JU1581	g13756
JU1581	g21613
JU1581	g20299
JU1581	g472
JU1581	g5911
JU1581	g1512
JU1581	g1424
JU1581	g3322
JU1581	g1349
JU1581	g20874
JU1581	g11970
JU1581	g1148
JU1581	g686
JU1581	g14113
JU1581	g12400
JU1581	g18569
JU1581	g17703
JU1581	g6327
JU1581	g12384
JU1581	g20748
JU1581	g18570
JU1581	g11758
JU1581	g444
JU1581	g6170
JU1581	g1408
JU1581	g13033
JU1581	g13447
JU1581	g14054
JU1581	g15894
JU1581	g2927
JU1581	g15927
JU1581	g12387
JU1581	g12503
JU1581	g18419
JU1581	g20873
JU1581	g18566
JU1581	g6477
JU1581	g20879
JU1581	g1149
JU1581	g12905
JU1581	g471
JU1581	g226
JU1581	g11764
JU1581	g1595
JU1581	g2336
JU1581	g442
JU1581	g20799
JU1581	g18473
JU1581	g15457
JU1581	g622
JU1581	g12562
JU1581	g16014
JU1581	g1599
JU1581	g11949
JU1581	g17301
JU1581	g443
JU1581	g12567
JU1581	g5910
JU1581	g22128
JU1581	g16016
JU1581	g6457
JU1581	g1589
JU1581	g11792
JU1581	g14872
JU1581	g11703
JU1581	g1542
JU1581	g19270
JU1581	g8769
JU1581	g1759
JU1581	g11781
JU1581	g6484
JU1581	g1600
JU1581	g11947
JU1581	g11787
JU1581	g11945
JU1581	g21972
JU1581	g3454
JU1581	g14648
JU1581	g6500
JU1581	g6541
JU1581	g11782
JU1581	g404
JU1581	g1504
JU1581	g18649
JU1581	g1492
JU1581	g11307
JU1581	g6470
JU1581	g18647
JU1581	g547
JU1581	g16017
JU1581	g8185
JU1581	g1243
JU1581	g1592
JU1581	g1661
JU1581	g12375
JU1581	g1154
JU1581	g6478
JU1581	g11754
JU1581	g1593
JU1581	g12338
JU1581	g6407
JU1581	g1722
JU1581	g11755
JU1581	g1160
JU1581	g6530
JU1581	g15097
JU1581	g6540
JU1581	g15931
JU1581	g9208
JU1581	g2926
JU1581	g20749
JU1581	g6602
JU1581	g19549
JU1581	g22461
JU1581	g13755
JU1581	g21292
JU1581	g18485
JU1581	g9211
JU1581	g6473
JU1581	g15962
JU2600	g9758
JU2600	g19972
JU2600	g1050
JU2600	g7799
JU2600	g18323
JU2600	g10730
JU2600	g4372
JU2600	g4361
JU2600	g18660
JU2600	g19719
JU2600	g82
JU2600	g1547
JU2600	g18846
JU2600	g11314
JU2600	g2413
JU2600	g4329
JU2600	g565
JU2600	g17735
JU2600	g2412
JU2600	g8897
JU2600	g582
JU2600	g7622
JU2600	g7633
JU2600	g396
JU2600	g153
JU2600	g173
JU2600	g92
JU2600	g4332
JU2600	g83
JU2600	g2786
JU2600	g4573
JU2600	g513
JU2600	g137
JU2600	g436
JU2600	g1927
JU2600	g4218
JU2600	g4322
JU2600	g2414
JU2600	g2063
JU2600	g4324
JU2600	g18363
JU2600	g4465
JU2600	g575
JU2600	g4983
JU2600	g18326
JU2600	g4326
JU2600	g399
JU2600	g19884
JU2600	g21544
JU2600	g1047
JU2600	g398
JU2600	g14091
JU2600	g5830
JU2600	g8752
JU2600	g19466
JU2600	g4663
JU2600	g21542
JU2600	g1821
JU2600	g392
JU2600	g3270
JU2600	g6280
JU2600	g7256
JU2600	g3269
JU2600	g1450
JU2600	g20409
JU2600	g564
JU2600	g18509
JU2600	g1118
JU2600	g8012
JU2600	g4410
JU2600	g7827
JU2600	g1480
JU2600	g7248
JU2600	g1176
JU2600	g6781
JU2600	g1200
JU2600	g1046
JU2600	g8812
JU2600	g19973
JU2600	g577
JU2600	g586
JU2600	g13474
JU2600	g18289
JU2600	g20238
JU2600	g104
JU2600	g1043
JU2600	g9590
JU2600	g90
JU2600	g557
JU2600	g91
JU2600	g1728
JU2600	g4360
JU2600	g4827
JU2600	g2417
JU2600	g18320
JU2600	g1820
JU2600	g8895
JU2600	g10493
JU2600	g585
JU2600	g7632
JU2600	g4684
JU2600	g1051
JU2600	g560
JU2600	g18182
JU2600	g559
JU2600	g12132
JU2600	g9524
JU2600	g7868
JU2600	g5140
JU2600	g4199
JU2600	g2411
JU2600	g42
JU2600	g3272
JU2600	g9534
JU2600	g14094
JU2600	g17731
JU2600	g7848
JU2600	g1061
JU2600	g3271
JU2600	g3590
JU2600	g84
JU2600	g20015
JU2600	g2440
JU2600	g63
JU2600	g1973
JU2600	g2506
JU2600	g3738
JU2600	g971
JU2600	g20287
JU2600	g17733
JU2600	g563
JU2600	g4601
JU2600	g3764
JU2600	g50
JU2600	g4825
JU2600	g157
JU2600	g2415
JU2600	g2720
JU2600	g8676
JU2600	g16676
JU2600	g1045
JU2600	g113
JU2600	g17727
JU2600	g1930
JU2600	g9525
JU2600	g62
JU2600	g7867
JU2600	g18839
JU2600	g1822
JU2600	g8945
JU2600	g66
JU2600	g145
JU2600	g8891
JU2600	g19702
JU2600	g4464
JU2600	g397
JU2600	g3145
JU2600	g9573
JU2600	g2499
JU2600	g14432
JU2600	g1313
JU2600	g4362
JU2600	g2003
JU2600	g3146
JU2600	g85
JU2600	g2723
JU2600	g1826
JU2600	g13769
JU2600	g3268
JU2600	g18781
JU2600	g9084
JU2600	g2416
JU2600	g7623
JU2600	g18570
JU2600	g8423
JU2600	g16912
JU2600	g1853
JU2600	g12702
JU2600	g7797
JU2600	g4409
JU2600	g4499
JU2600	g15355
JU2600	g4574
JU2600	g372
JU2600	g16905
JU2600	g2064
JU2600	g11632
JU2600	g20394
JU2600	g1049
JU2600	g7828
JU2600	g21240
JU2600	g18405
JU2600	g20408
JU2600	g1048
JU2600	g584
JU2600	g1825
JU2600	g4515
JU2600	g6631
JU2600	g2724
JU2600	g4750
JU2600	g3274
JU2600	g20406
JU2600	g20290
JU2600	g1199
JU2600	g18324
JU2600	g1052
JU2600	g88
JU2600	g13117
JU2600	g16906
JU2600	g14756
JU2600	g1852
JU2600	g18935
JU2600	g9574
JU2600	g578
JU2600	g4325
JU2600	g3589
JU2600	g1823
JU2600	g1145
JU2600	g7621
JU2600	g14092
JU2600	g2002
JU2600	g6779
JU2600	g9431
JU2600	g8896
JU2600	g93
JU2600	g4321
JU2600	g393
JU2600	g4959
JU2600	g1824
JU2600	g7254
JU2600	g12701
JU2600	g16517
JU2600	g67
JU2600	g4331
JU2600	g551
JU2600	g14674
JU2600	g640
JU2600	g4379
JU2600	g19230
JU2600	g4893
JU2600	g21543
JU2600	g4163
JU2600	g562
JU2600	g115
JU2600	g95
JU2600	g4320
JU2600	g395
JU2600	g556
JU2600	g142
JU2600	g16556
JU2600	g22569
JU2600	g7831
JU2600	g6780
JU2600	g13405
JU2600	g112
JU2600	g561
JU2600	g4263
JU2600	g7627
JU2600	g19112
JU2600	g4418
JU2600	g18325
JU2600	g972
JU2600	g4431
JU2600	g13278
JU2600	g81
JU2600	g974
JU2600	g1929
JU2600	g7859
JU2600	g8898
JU2600	g4328
JU2600	g4261
JU2600	g4681
JU2600	g20417
JU2600	g4262
JU2600	g16911
JU2600	g89
JU2600	g588
JU2600	g4327
JU2600	g20454
JU2600	g4201
JU2600	g587
JU2600	g16917
JU2600	g9493
JU2600	g14451
JU2600	g3273
JU2600	g219
JU2600	g8223
JU2600	g9480
JU2600	g9539
JU2600	g22342
JU2600	g9533
JU2600	g1133
JU2600	g17732
NIC1810	g1778
NIC1810	g21882
NIC1810	g18743
NIC1810	g15468
NIC1810	g15920
NIC1810	g2576
NIC1810	g11586
NIC1810	g16269
NIC1810	g4301
NIC1810	g1874
NIC1810	g10166
NIC1810	g18491
NIC1810	g11615
NIC1810	g16406
NIC1810	g6359
NIC1810	g3168
NIC1810	g9984
NIC1810	g3718
NIC1810	g16440
NIC1810	g21341
NIC1810	g15942
NIC1810	g21340
NIC1810	g1843
NIC1810	g298
NIC1810	g15995
NIC1810	g6253
NIC1810	g16350
NIC1810	g16069
NIC1810	g16400
NIC1810	g20903
NIC1810	g17613
NIC1810	g1923
NIC1810	g10497
NIC1810	g10456
NIC1810	g1990
NIC1810	g16428
NIC1810	g9888
NIC1810	g10493
NIC1810	g16399
NIC1810	g20600
NIC1810	g17608
NIC1810	g16106
NIC1810	g18650
NIC1810	g2095
NIC1810	g5080
NIC1810	g15471
NIC1810	g11427
NIC1810	g22175
NIC1810	g16107
NIC1810	g5563
NIC1810	g7011
NIC1810	g20930
NIC1810	g2206
NIC1810	g18235
NIC1810	g20746
NIC1810	g16113
NIC1810	g16405
NIC1810	g774
NIC1810	g20994
NIC1810	g8255
NIC1810	g773
NIC1810	g3262
NIC1810	g19372
NIC1810	g15943
NIC1810	g19853
NIC1810	g6808
NIC1810	g10316
NIC1810	g1731
NIC1810	g1830
NIC1810	g1839
NIC1810	g16334
NIC1810	g3232
NIC1810	g1875
NIC1810	g8246
NIC1810	g1835
NIC1810	g18000
NIC1810	g7779
NIC1810	g3510
NIC1810	g15927
NIC1810	g15472
NIC1810	g16395
NIC1810	g15919
NIC1810	g10857
NIC1810	g19204
NIC1810	g15475
NIC1810	g21709
NIC1810	g16407
NIC1810	g15950
NIC1810	g2988
NIC1810	g17463
NIC1810	g1837
NIC1810	g1712
NIC1810	g10500
NIC1810	g20745
NIC1810	g17611
NIC1810	g4535
NIC1810	g15467
NIC1810	g2671
NIC1810	g15944
NIC1810	g10627
NIC1810	g15395
NIC1810	g2685
NIC1810	g10495
NIC1810	g16423
NIC1810	g20993
NIC1810	g11659
NIC1810	g9737
NIC1810	g16317
NIC1810	g1669
NIC1810	g21339
NIC1810	g776
NIC1810	g15368
NIC1810	g5869
NIC1810	g5566
NIC1810	g13650
NIC1810	g2672
NIC1810	g7276
NIC1810	g15457
NIC1810	g775
NIC1810	g18786
NIC1810	g21367
NIC1810	g1884
NIC1810	g16408
NIC1810	g12
NIC1810	g1242
NIC1810	g5078
NIC1810	g16109
NIC1810	g15550
NIC1810	g2680
NIC1810	g19252
NIC1810	g1892
NIC1810	g13652
NIC1810	g20170
NIC1810	g1842
NIC1810	g15918
NIC1810	g16372
NIC1810	g1268
NIC1810	g229
NIC1810	g17386
NIC1810	g17524
NIC1810	g1833
NIC1810	g15473
NIC1810	g15874
NIC1810	g13646
NIC1810	g15921
NIC1810	g11419
NIC1810	g1834
NIC1810	g20747
NIC1810	g2641
NIC1810	g18474
NIC1810	g16108
NIC1810	g651
NIC1810	g16393
NIC1810	g5
NIC1810	g20620
NIC1810	g1988
NIC1810	g20931
NIC1810	g652
NIC1810	g11618
NIC1810	g1840
NIC1810	g2210
NIC1810	g21432
NIC1810	g18744
NIC1810	g1777
NIC1810	g1774
NIC1810	g233
NIC1810	g20751
NIC1810	g5239
NIC1810	g772
NIC1810	g2679
NIC1810	g10045
NIC1810	g2189
NIC1810	g16403
NIC1810	g17798
NIC1810	g11614
NIC1810	g7630
NIC1810	g19890
NIC1810	g20778
NIC1810	g8896
NIC1810	g20855
NIC1810	g16330
NIC1810	g1922
NIC1810	g14363
NIC1810	g2027
NIC1810	g16448
NIC1810	g5873
NIC1810	g16134
NIC1810	g2096
NIC1810	g19356
NIC1810	g15469
NIC1810	g16968
NIC1810	g10415
NIC1810	g19371
NIC1810	g21693
NIC1810	g5868
NIC1810	g15470
NIC1810	g20750
NIC1810	g10258
NIC1810	g10530
NIC1810	g16396
NIC1810	g16343
NIC1810	g234
NIC1810	g19722
NIC1810	g11658
NIC1810	g778
NIC1810	g19369
NIC1810	g9991
NIC1810	g1989
NIC1810	g19253
NIC1810	g3511
NIC1810	g11815
NIC1810	g15466
NIC1810	g1093
NIC1810	g20777
NIC1810	g19784
NIC1810	g2761
NIC1810	g20749
NIC1810	g20853
NIC1810	g1836
NIC1810	g21343
NIC1810	g1092
NIC1810	g20748
NIC1810	g2670
NIC1810	g5564
NIC1810	g7777
NIC1810	g15928
NIC1810	g16397
NIC1810	g16374
NIC1810	g17612
NIC1810	g21344
NIC1810	g16112
NIC1810	g5079
NIC1810	g16382
NIC1810	g9912
NIC1810	g8253
NIC1810	g8895
NIC1810	g16404
NIC1810	g16427
NIC1810	g16375
NIC1810	g15339
NIC1810	g17614
NIC1810	g11639
NIC1810	g15957
NIC1810	g20381
NIC1810	g17658
NIC1810	g20856
NIC1810	g15948
NIC1810	g1873
NIC1810	g15945
NIC1810	g1929
NIC1810	g1773
NIC1810	g13654
NIC1810	g16110
NIC1810	g15951
NIC1810	g6208
NIC1810	g14497
NIC1810	g7778
NIC1810	g10925
NIC1810	g5874
NIC1810	g15946
NIC1810	g21342
NIC1810	g2942
NIC1810	g10494
NIC1810	g15549
NIC1810	g11053
NIC1810	g15547
NIC1810	g17615
NIC1810	g16425
NIC1810	g15380
NIC1810	g1772
NIC1810	g19380
NIC1810	g11426
NIC1810	g15923
NIC1810	g16398
NIC1810	g15917
NIC1810	g1838
NIC1810	g19417
NIC1810	g15947
NIC1810	g5863
NIC1810	g1714
NIC1810	g15930
NIC1810	g1941
NIC1810	g11650
NIC1810	g16344
NIC1810	g12036
NIC1810	g2042
NIC1810	g18937
NIC1810	g777
NIC1810	g21692
NIC1810	g2627
NIC1810	g11424
NIC1810	g13651
NIC1810	g11584
ECA1202	g15516
ECA1202	g10290
ECA1202	g16485
ECA1202	g1688
ECA1202	g1652
ECA1202	g2739
ECA1202	g8070
ECA1202	g5758
ECA1202	g3578
ECA1202	g2735
ECA1202	g16015
ECA1202	g15560
ECA1202	g8407
ECA1202	g1318
ECA1202	g4085
ECA1202	g8067
ECA1202	g6653
ECA1202	g885
ECA1202	g3938
ECA1202	g18153
ECA1202	g5184
ECA1202	g1685
ECA1202	g1694
ECA1202	g1682
ECA1202	g1651
ECA1202	g15824
ECA1202	g3218
ECA1202	g15589
ECA1202	g3582
ECA1202	g8073
ECA1202	g15820
ECA1202	g1753
ECA1202	g3939
ECA1202	g10333
ECA1202	g1608
ECA1202	g1690
ECA1202	g18627
ECA1202	g8111
ECA1202	g3581
ECA1202	g4004
ECA1202	g15512
ECA1202	g15541
ECA1202	g16482
ECA1202	g11673
ECA1202	g4005
ECA1202	g16005
ECA1202	g2733
ECA1202	g17487
ECA1202	g9782
ECA1202	g6533
ECA1202	g4197
ECA1202	g15534
ECA1202	g15819
ECA1202	g2737
ECA1202	g9047
ECA1202	g15989
ECA1202	g17321
ECA1202	g15993
ECA1202	g11003
ECA1202	g8255
ECA1202	g1794
ECA1202	g1546
ECA1202	g1686
ECA1202	g4087
ECA1202	g9674
ECA1202	g4526
ECA1202	g15530
ECA1202	g3579
ECA1202	g15599
ECA1202	g15531
ECA1202	g16620
ECA1202	g15825
ECA1202	g16481
ECA1202	g16003
ECA1202	g19431
ECA1202	g10291
ECA1202	g19560
ECA1202	g18613
ECA1202	g6535
ECA1202	g2738
ECA1202	g1754
ECA1202	g15542
ECA1202	g15539
ECA1202	g11068
ECA1202	g18664
ECA1202	g8074
ECA1202	g8072
ECA1202	g15600
ECA1202	g15986
ECA1202	g1697
ECA1202	g4284
ECA1202	g3495
ECA1202	g9531
ECA1202	g4198
ECA1202	g19345
ECA1202	g5993
ECA1202	g6658
ECA1202	g6659
ECA1202	g8923
ECA1202	g14523
ECA1202	g1547
ECA1202	g3488
ECA1202	g9055
ECA1202	g664
ECA1202	g16580
ECA1202	g1653
ECA1202	g8586
ECA1202	g3275
ECA1202	g10878
ECA1202	g13705
ECA1202	g819
ECA1202	g16012
ECA1202	g11676
ECA1202	g3276
ECA1202	g17888
ECA1202	g8313
ECA1202	g18608
ECA1202	g17884
ECA1202	g16750
ECA1202	g15537
ECA1202	g1642
ECA1202	g874
ECA1202	g15492
ECA1202	g15980
ECA1202	g1590
ECA1202	g3584
ECA1202	g1491
ECA1202	g2424
ECA1202	g11674
ECA1202	g16403
ECA1202	g16060
ECA1202	g16013
ECA1202	g18578
ECA1202	g3580
ECA1202	g3280
ECA1202	g16565
ECA1202	g18622
ECA1202	g1854
ECA1202	g17886
ECA1202	g16480
ECA1202	g657
ECA1202	g16898
ECA1202	g17892
ECA1202	g890
ECA1202	g15866
ECA1202	g1683
ECA1202	g15532
ECA1202	g10018
ECA1202	g1602
ECA1202	g18663
ECA1202	g15545
ECA1202	g15822
ECA1202	g20575
ECA1202	g15823
ECA1202	g8527
ECA1202	g2736
ECA1202	g15617
ECA1202	g3553
ECA1202	g9049
ECA1202	g18513
ECA1202	g15583
ECA1202	g15513
ECA1202	g16010
ECA1202	g10202
ECA1202	g4192
ECA1202	g11353
ECA1202	g1692
ECA1202	g18607
ECA1202	g19165
ECA1202	g18081
ECA1202	g16478
ECA1202	g16486
ECA1202	g7940
ECA1202	g3583
ECA1202	g10562
ECA1202	g4164
ECA1202	g15994
ECA1202	g16406
ECA1202	g1609
ECA1202	g1507
ECA1202	g19348
ECA1202	g1420
ECA1202	g4557
ECA1202	g16404
ECA1202	g15515
ECA1202	g18680
ECA1202	g6660
ECA1202	g12782
ECA1202	g849
ECA1202	g12987
ECA1202	g2862
ECA1202	g8152
ECA1202	g15663
ECA1202	g17322
ECA1202	g16483
ECA1202	g13704
ECA1202	g2252
ECA1202	g1693
ECA1202	g16484
ECA1202	g2278
ECA1202	g1335
ECA1202	g18016
ECA1202	g2863
ECA1202	g17325
ECA1202	g18621
ECA1202	g17337
ECA1202	g1041
ECA1202	g3577
ECA1202	g16487
ECA1202	g15988
ECA1202	g15604
ECA1202	g17887
ECA1202	g154
ECA1202	g4165
ECA1202	g16006
ECA1202	g1689
ECA1202	g4195
ECA1202	g15826
ECA1202	g4194
ECA1202	g20594
ECA1202	g15940
ECA1202	g15538
ECA1202	g19344
ECA1202	g15540
ECA1202	g1811
ECA1202	g16592
ECA1202	g16920
ECA1202	g7170
ECA1202	g7070
ECA1202	g15792
ECA1202	g848
ECA1202	g22183
ECA1202	g19294
ECA1202	g21286
ECA1202	g14967
ECA1202	g15991
ECA1202	g2423
ECA1202	g6648
ECA1202	g2734
ECA1202	g12000
ECA1202	g7025
ECA1202	g4193
ECA1202	g14838
ECA1202	g817
ECA1202	g17436
ECA1202	g15992
ECA1202	g18843
ECA1202	g1421
ECA1202	g4461
ECA1202	g14267
ECA1202	g853
ECA1202	g15563
ECA1202	g8839
ECA1202	g15985
ECA1202	g9532
ECA1202	g1810
ECA1202	g6534
ECA1202	g4196
ECA1202	g19342
ECA1202	g8580
ECA1202	g17313
ECA1202	g16644
ECA1202	g891
ECA1202	g4035
ECA1202	g19463
ECA1202	g665
ECA1202	g16016
ECA1202	g1687
ECA1202	g17437
ECA1202	g17277
ECA1202	g15533
ECA1202	g19343
ECA1202	g16643
ECA1202	g4084
ECA1202	g15561
ECA1202	g8672
ECA1202	g15588
ECA1202	g16014
ECA1202	g1247
ECA1202	g12552
ECA1202	g6654
ECA1202	g8038
ECA1202	g16496
ECA1202	g19488
ECA1202	g15500
ECA1202	g18079
ECA1202	g18564
ECA1202	g15990
ECA1202	g14543
ECA1202	g10035
ECA1202	g15447
ECA1202	g854
ED3049	g5311
ED3049	g11207
ED3049	g21893
ED3049	g11979
ED3049	g14281
ED3049	g20876
ED3049	g7890
ED3049	g13512
ED3049	g7901
ED3049	g14619
ED3049	g5059
ED3049	g14278
ED3049	g11100
ED3049	g12108
ED3049	g13746
ED3049	g10706
ED3049	g14802
ED3049	g2831
ED3049	g12140
ED3049	g9831
ED3049	g7932
ED3049	g11657
ED3049	g775
ED3049	g12123
ED3049	g9832
ED3049	g11639
ED3049	g7929
ED3049	g12107
ED3049	g9458
ED3049	g7698
ED3049	g11711
ED3049	g11784
ED3049	g10324
ED3049	g8045
ED3049	g7939
ED3049	g9830
ED3049	g10185
ED3049	g7937
ED3049	g19584
ED3049	g14321
ED3049	g7798
ED3049	g11646
ED3049	g6175
ED3049	g7935
ED3049	g11820
ED3049	g5223
ED3049	g20080
ED3049	g11128
ED3049	g17328
ED3049	g11821
ED3049	g11196
ED3049	g15363
ED3049	g4807
ED3049	g7617
ED3049	g10430
ED3049	g11827
ED3049	g8984
ED3049	g11289
ED3049	g18809
ED3049	g17834
ED3049	g8985
ED3049	g10803
ED3049	g5742
ED3049	g11658
ED3049	g7016
ED3049	g14467
ED3049	g20082
ED3049	g7853
ED3049	g10773
ED3049	g17842
ED3049	g18307
ED3049	g11048
ED3049	g11211
ED3049	g11644
ED3049	g11635
ED3049	g1795
ED3049	g3450
ED3049	g5575
ED3049	g3947
ED3049	g21733
ED3049	g12100
ED3049	g11665
ED3049	g12099
ED3049	g12127
ED3049	g10525
ED3049	g7902
ED3049	g4095
ED3049	g9827
ED3049	g10431
ED3049	g3949
ED3049	g14284
ED3049	g20634
ED3049	g11636
ED3049	g12086
ED3049	g12098
ED3049	g11206
ED3049	g21800
ED3049	g11662
ED3049	g3123
ED3049	g11663
ED3049	g22130
ED3049	g14795
ED3049	g21786
ED3049	g14282
ED3049	g6325
ED3049	g11112
ED3049	g8064
ED3049	g9833
ED3049	g12148
ED3049	g8982
ED3049	g13680
ED3049	g15360
ED3049	g771
ED3049	g21799
ED3049	g4033
ED3049	g13735
ED3049	g13517
ED3049	g8983
ED3049	g8669
ED3049	g12106
ED3049	g7426
ED3049	g5354
ED3049	g9804
ED3049	g12024
ED3049	g10276
ED3049	g9738
ED3049	g8523
ED3049	g11823
ED3049	g11290
ED3049	g21791
ED3049	g5623
ED3049	g773
ED3049	g11659
ED3049	g7673
ED3049	g7493
ED3049	g8497
ED3049	g9829
ED3049	g9525
ED3049	g4178
ED3049	g12518
ED3049	g11212
ED3049	g767
ED3049	g10321
ED3049	g12128
ED3049	g10429
ED3049	g5042
ED3049	g7799
ED3049	g11822
ED3049	g9107
ED3049	g9745
ED3049	g12040
ED3049	g21076
ED3049	g10937
ED3049	g7900
ED3049	g10246
ED3049	g13678
ED3049	g9106
ED3049	g21829
ED3049	g3952
ED3049	g12105
ED3049	g13712
ED3049	g5312
ED3049	g9522
ED3049	g10425
ED3049	g15688
ED3049	g11210
ED3049	g21792
ED3049	g14739
ED3049	g12077
ED3049	g3765
ED3049	g11214
ED3049	g9828
ED3049	g18457
ED3049	g21559
ED3049	g4462
ED3049	g10398
ED3049	g7854
ED3049	g7764
ED3049	g1487
ED3049	g7697
ED3049	g11847
ED3049	g12289
ED3049	g10184
ED3049	g7495
ED3049	g5727
ED3049	g11208
ED3049	g13709
ED3049	g19369
ED3049	g11287
ED3049	g12055
ED3049	g14361
ED3049	g5741
ED3049	g10247
ED3049	g21749
ED3049	g11209
ED3049	g11637
ED3049	g10426
ED3049	g7750
ED3049	g3025
ED3049	g9521
ED3049	g7557
ED3049	g8980
ED3049	g12049
ED3049	g5739
ED3049	g5624
ED3049	g7222
ED3049	g13518
ED3049	g13908
ED3049	g11205
ED3049	g12102
ED3049	g12288
ED3049	g10399
ED3049	g14889
ED3049	g11643
ED3049	g7936
ED3049	g8670
ED3049	g10428
ED3049	g3384
ED3049	g12124
ED3049	g21801
ED3049	g12039
ED3049	g15362
ED3049	g18309
ED3049	g12035
ED3049	g3948
ED3049	g12078
ED3049	g12097
ED3049	g7940
ED3049	g11826
ED3049	g6151
ED3049	g10427
ED3049	g17836
ED3049	g16689
ED3049	g12677
ED3049	g3946
ED3049	g13708
ED3049	g7930
ED3049	g11672
ED3049	g21314
ED3049	g11582
ED3049	g3901
ED3049	g7883
ED3049	g4571
ED3049	g20081
ED3049	g8100
ED3049	g13754
ED3049	g11660
ED3049	g11072
ED3049	g12095
ED3049	g7941
ED3049	g11824
ED3049	g11666
ED3049	g14526
ED3049	g12638
ED3049	g1621
ED3049	g18308
ED3049	g11661
ED3049	g7998
ED3049	g12282
ED3049	g12075
ED3049	g15064
ED3049	g7845
ED3049	g7832
ED3049	g8986
ED3049	g3257
ED3049	g12109
ED3049	g10322
ED3049	g3945
ED3049	g7602
ED3049	g7933
ED3049	g16688
ED3049	g8000
ED3049	g5750
ED3049	g7999
ED3049	g12283
ED3049	g12101
ED3049	g11633
ED3049	g7934
ED3049	g5787
ED3049	g14283
ED3049	g8062
ED3049	g11634
ED3049	g12277
ED3049	g11049
ED3049	g13755
ED3049	g12050
ED3049	g21096
ED3049	g8981
ED3049	g21750
ED3049	g14117
ED3049	g21842
ED3049	g772
ECA730	g22664
ECA730	g5886
ECA730	g6057
ECA730	g15505
ECA730	g13513
ECA730	g4819
ECA730	g12736
ECA730	g11214
ECA730	g4850
ECA730	g14322
ECA730	g761
ECA730	g12100
ECA730	g3751
ECA730	g13959
ECA730	g179
ECA730	g13969
ECA730	g22619
ECA730	g14663
ECA730	g12621
ECA730	g14319
ECA730	g13412
ECA730	g4813
ECA730	g4851
ECA730	g3259
ECA730	g2060
ECA730	g12104
ECA730	g4753
ECA730	g12479
ECA730	g4890
ECA730	g4817
ECA730	g4242
ECA730	g5847
ECA730	g14363
ECA730	g9663
ECA730	g14326
ECA730	g12103
ECA730	g20579
ECA730	g21790
ECA730	g12541
ECA730	g15418
ECA730	g5084
ECA730	g22639
ECA730	g13516
ECA730	g4815
ECA730	g8318
ECA730	g12542
ECA730	g3753
ECA730	g15777
ECA730	g17033
ECA730	g1542
ECA730	g20806
ECA730	g22646
ECA730	g14148
ECA730	g3749
ECA730	g10677
ECA730	g13986
ECA730	g15942
ECA730	g13982
ECA730	g14147
ECA730	g8997
ECA730	g14508
ECA730	g4706
ECA730	g4952
ECA730	g11263
ECA730	g13072
ECA730	g13981
ECA730	g12101
ECA730	g22649
ECA730	g21103
ECA730	g13356
ECA730	g13517
ECA730	g13971
ECA730	g17812
ECA730	g15506
ECA730	g17897
ECA730	g5839
ECA730	g1544
ECA730	g3748
ECA730	g4752
ECA730	g22638
ECA730	g22641
ECA730	g20789
ECA730	g8930
ECA730	g17751
ECA730	g5887
ECA730	g4818
ECA730	g13520
ECA730	g22665
ECA730	g11212
ECA730	g13989
ECA730	g12822
ECA730	g12014
ECA730	g10185
ECA730	g1663
ECA730	g13103
ECA730	g22647
ECA730	g17895
ECA730	g996
ECA730	g22577
ECA730	g16520
ECA730	g14177
ECA730	g13512
ECA730	g12007
ECA730	g13439
ECA730	g22520
ECA730	g11239
ECA730	g11054
ECA730	g14141
ECA730	g4950
ECA730	g11274
ECA730	g17896
ECA730	g14849
ECA730	g3196
ECA730	g15548
ECA730	g9124
ECA730	g14033
ECA730	g19334
ECA730	g22582
ECA730	g13962
ECA730	g8315
ECA730	g7721
ECA730	g9684
ECA730	g22643
ECA730	g11047
ECA730	g13502
ECA730	g22689
ECA730	g14787
ECA730	g13960
ECA730	g5377
ECA730	g4908
ECA730	g14144
ECA730	g12106
ECA730	g5007
ECA730	g4068
ECA730	g8317
ECA730	g14404
ECA730	g13594
ECA730	g4822
ECA730	g4821
ECA730	g13961
ECA730	g5188
ECA730	g7722
ECA730	g22650
ECA730	g3195
ECA730	g3192
ECA730	g17673
ECA730	g1888
ECA730	g14145
ECA730	g4645
ECA730	g13518
ECA730	g16369
ECA730	g13913
ECA730	g7717
ECA730	g14102
ECA730	g5247
ECA730	g22648
ECA730	g5838
ECA730	g10039
ECA730	g17892
ECA730	g15241
ECA730	g4896
ECA730	g22635
ECA730	g1664
ECA730	g20597
ECA730	g12623
ECA730	g3750
ECA730	g22564
ECA730	g4951
ECA730	g12075
ECA730	g5837
ECA730	g10675
ECA730	g5742
ECA730	g22667
ECA730	g13964
ECA730	g12730
ECA730	g8644
ECA730	g3747
ECA730	g22668
ECA730	g17898
ECA730	g18078
ECA730	g5310
ECA730	g12105
ECA730	g15258
ECA730	g17397
ECA730	g5846
ECA730	g12703
ECA730	g3624
ECA730	g4889
ECA730	g4991
ECA730	g12099
ECA730	g5085
ECA730	g11283
ECA730	g13381
ECA730	g13514
ECA730	g18678
ECA730	g3625
ECA730	g14567
ECA730	g22442
ECA730	g15941
ECA730	g4849
ECA730	g13515
ECA730	g19333
ECA730	g1670
ECA730	g4859
ECA730	g3029
ECA730	g5171
ECA730	g11243
ECA730	g15939
ECA730	g13357
ECA730	g15927
ECA730	g14143
ECA730	g13511
ECA730	g13987
ECA730	g19745
ECA730	g1543
ECA730	g12704
ECA730	g14934
ECA730	g13968
ECA730	g12733
ECA730	g12732
ECA730	g22581
ECA730	g11238
ECA730	g10669
ECA730	g5192
ECA730	g22642
ECA730	g15827
ECA730	g4689
ECA730	g2811
ECA730	g16346
ECA730	g13995
ECA730	g20354
ECA730	g17944
ECA730	g5852
ECA730	g22591
ECA730	g19865
ECA730	g1657
ECA730	g11439
ECA730	g7724
ECA730	g13984
ECA730	g7726
ECA730	g14325
ECA730	g3752
ECA730	g17275
ECA730	g2014
ECA730	g12731
ECA730	g20976
ECA730	g14142
ECA730	g13983
ECA730	g13006
ECA730	g22616
ECA730	g15113
ECA730	g22595
ECA730	g13990
ECA730	g13241
ECA730	g10184
ECA730	g13593
ECA730	g4690
ECA730	g22640
ECA730	g22592
ECA730	g13591
ECA730	g12734
ECA730	g17899
ECA730	g13424
ECA730	g4069
ECA730	g15950
ECA730	g12571
ECA730	g4810
ECA730	g11282
ECA730	g11055
ECA730	g5809
ECA730	g13958
ECA730	g15826
ECA730	g15987
ECA730	g12478
ECA730	g17779
ECA730	g12620
ECA730	g22618
ECA730	g14285
ECA730	g5904
ECA730	g11664
ECA730	g14324
ECA730	g12102
ECA730	g22680
ECA730	g4814
ECA730	g5308
ECA730	g14843
ECA730	g12735
ECA730	g5796
ECA730	g1669
ECA730	g4215
ECA730	g13985
ECA2367	g970
ECA2367	g21381
ECA2367	g7273
ECA2367	g977
ECA2367	g6950
ECA2367	g18229
ECA2367	g2367
ECA2367	g15608
ECA2367	g3219
ECA2367	g570
ECA2367	g4282
ECA2367	g94
ECA2367	g4312
ECA2367	g18582
ECA2367	g18226
ECA2367	g5335
ECA2367	g13501
ECA2367	g7230
ECA2367	g16197
ECA2367	g52
ECA2367	g548
ECA2367	g4279
ECA2367	g4550
ECA2367	g18484
ECA2367	g373
ECA2367	g139
ECA2367	g4217
ECA2367	g22419
ECA2367	g4358
ECA2367	g6423
ECA2367	g14701
ECA2367	g2368
ECA2367	g6399
ECA2367	g14818
ECA2367	g18232
ECA2367	g1755
ECA2367	g19849
ECA2367	g537
ECA2367	g7360
ECA2367	g3215
ECA2367	g1918
ECA2367	g18764
ECA2367	g19489
ECA2367	g1126
ECA2367	g541
ECA2367	g1946
ECA2367	g4654
ECA2367	g6999
ECA2367	g7786
ECA2367	g11388
ECA2367	g91
ECA2367	g97
ECA2367	g8645
ECA2367	g13135
ECA2367	g3216
ECA2367	g4657
ECA2367	g6834
ECA2367	g13682
ECA2367	g547
ECA2367	g18420
ECA2367	g4175
ECA2367	g4422
ECA2367	g12503
ECA2367	g1417
ECA2367	g571
ECA2367	g4479
ECA2367	g87
ECA2367	g88
ECA2367	g21210
ECA2367	g544
ECA2367	g4766
ECA2367	g1947
ECA2367	g6835
ECA2367	g374
ECA2367	g8554
ECA2367	g7272
ECA2367	g21163
ECA2367	g4277
ECA2367	g99
ECA2367	g96
ECA2367	g11406
ECA2367	g121
ECA2367	g17767
ECA2367	g8027
ECA2367	g974
ECA2367	g14696
ECA2367	g565
ECA2367	g18230
ECA2367	g14700
ECA2367	g13842
ECA2367	g988
ECA2367	g4283
ECA2367	g13128
ECA2367	g1665
ECA2367	g2455
ECA2367	g4152
ECA2367	g12653
ECA2367	g4311
ECA2367	g1751
ECA2367	g15371
ECA2367	g1784
ECA2367	g8411
ECA2367	g64
ECA2367	g546
ECA2367	g4421
ECA2367	g8644
ECA2367	g1040
ECA2367	g21162
ECA2367	g216
ECA2367	g18193
ECA2367	g2370
ECA2367	g69
ECA2367	g1068
ECA2367	g4313
ECA2367	g6247
ECA2367	g1056
ECA2367	g18770
ECA2367	g16946
ECA2367	g14318
ECA2367	g44
ECA2367	g341
ECA2367	g1869
ECA2367	g567
ECA2367	g19492
ECA2367	g21131
ECA2367	g10377
ECA2367	g413
ECA2367	g12146
ECA2367	g1239
ECA2367	g538
ECA2367	g4840
ECA2367	g2736
ECA2367	g1752
ECA2367	g897
ECA2367	g4365
ECA2367	g3684
ECA2367	g5555
ECA2367	g2006
ECA2367	g113
ECA2367	g2669
ECA2367	g21170
ECA2367	g4115
ECA2367	g123
ECA2367	g975
ECA2367	g4285
ECA2367	g1783
ECA2367	g14707
ECA2367	g18272
ECA2367	g8640
ECA2367	g7537
ECA2367	g101
ECA2367	g369
ECA2367	g19830
ECA2367	g372
ECA2367	g1867
ECA2367	g19490
ECA2367	g3218
ECA2367	g8646
ECA2367	g2395
ECA2367	g21161
ECA2367	g154
ECA2367	g13133
ECA2367	g1917
ECA2367	g5169
ECA2367	g4278
ECA2367	g120
ECA2367	g65
ECA2367	g619
ECA2367	g2672
ECA2367	g976
ECA2367	g19163
ECA2367	g158
ECA2367	g8834
ECA2367	g569
ECA2367	g8143
ECA2367	g18706
ECA2367	g4637
ECA2367	g973
ECA2367	g6949
ECA2367	g1385
ECA2367	g4768
ECA2367	g3094
ECA2367	g545
ECA2367	g4357
ECA2367	g4461
ECA2367	g11100
ECA2367	g568
ECA2367	g10373
ECA2367	g4154
ECA2367	g8647
ECA2367	g67
ECA2367	g14694
ECA2367	g4549
ECA2367	g20995
ECA2367	g3095
ECA2367	g98
ECA2367	g371
ECA2367	g18317
ECA2367	g540
ECA2367	g18096
ECA2367	g10379
ECA2367	g21169
ECA2367	g3221
ECA2367	g4276
ECA2367	g4216
ECA2367	g4275
ECA2367	g6838
ECA2367	g3713
ECA2367	g14816
ECA2367	g13508
ECA2367	g2461
ECA2367	g18231
ECA2367	g6850
ECA2367	g21209
ECA2367	g17361
ECA2367	g4321
ECA2367	g18856
ECA2367	g561
ECA2367	g2371
ECA2367	g2372
ECA2367	g1754
ECA2367	g375
ECA2367	g492
ECA2367	g95
ECA2367	g542
ECA2367	g1104
ECA2367	g89
ECA2367	g3217
ECA2367	g16945
ECA2367	g894
ECA2367	g532
ECA2367	g20069
ECA2367	g14817
ECA2367	g8694
ECA2367	g972
ECA2367	g4708
ECA2367	g10381
ECA2367	g12126
ECA2367	g3220
ECA2367	g14363
ECA2367	g21227
ECA2367	g1756
ECA2367	g11232
ECA2367	g17835
ECA2367	g11926
ECA2367	g3538
ECA2367	g543
ECA2367	g1483
ECA2367	g368
ECA2367	g19032
ECA2367	g2673
ECA2367	g4377
ECA2367	g13681
ECA2367	g560
ECA2367	g2369
ECA2367	g17961
ECA2367	g170
ECA2367	g1753
ECA2367	g20150
ECA2367	g1757
ECA2367	g144
ECA2367	g558
ECA2367	g6827
ECA2367	g1127
ECA2367	g4281
ECA2367	g21175
ECA2367	g979
ECA2367	g978
ECA2367	g13509
ECA2367	g1866
ECA2367	g8525
ECA2367	g90
ECA2367	g6790
ECA2367	g4280
ECA2367	g3539
ECA2367	g2007
ECA2367	g4157
ECA2367	g14055
ECA2367	g8490
ECA2367	g8643
ECA2367	g21117
ECA2367	g895
ECA2367	g4769
ECA2367	g1870
ECA2367	g10378
ECA2367	g7520
ECA2367	g14695
ECA2367	g2366
ECA2367	g4286
ECA2367	g12652
ECA1843	g4781
ECA1843	g18031
ECA1843	g4774
ECA1843	g18347
ECA1843	g10392
ECA1843	g3386
ECA1843	g7903
ECA1843	g2531
ECA1843	g5181
ECA1843	g1466
ECA1843	g5662
ECA1843	g1436
ECA1843	g10735
ECA1843	g10389
ECA1843	g19988
ECA1843	g15643
ECA1843	g8490
ECA1843	g5704
ECA1843	g1593
ECA1843	g5203
ECA1843	g1200
ECA1843	g10639
ECA1843	g5384
ECA1843	g5616
ECA1843	g6629
ECA1843	g1532
ECA1843	g1390
ECA1843	g10394
ECA1843	g446
ECA1843	g441
ECA1843	g18903
ECA1843	g7115
ECA1843	g3999
ECA1843	g12990
ECA1843	g5214
ECA1843	g17945
ECA1843	g6994
ECA1843	g2535
ECA1843	g3840
ECA1843	g7002
ECA1843	g12627
ECA1843	g4626
ECA1843	g5210
ECA1843	g10918
ECA1843	g3813
ECA1843	g1097
ECA1843	g18298
ECA1843	g17527
ECA1843	g5665
ECA1843	g5659
ECA1843	g16685
ECA1843	g14276
ECA1843	g15285
ECA1843	g2534
ECA1843	g1094
ECA1843	g18465
ECA1843	g15834
ECA1843	g5204
ECA1843	g10576
ECA1843	g1571
ECA1843	g19749
ECA1843	g1326
ECA1843	g14653
ECA1843	g4336
ECA1843	g5180
ECA1843	g20583
ECA1843	g1272
ECA1843	g5669
ECA1843	g5668
ECA1843	g5207
ECA1843	g984
ECA1843	g3812
ECA1843	g5383
ECA1843	g18032
ECA1843	g6670
ECA1843	g447
ECA1843	g455
ECA1843	g1472
ECA1843	g5657
ECA1843	g5660
ECA1843	g5635
ECA1843	g9937
ECA1843	g17286
ECA1843	g4777
ECA1843	g405
ECA1843	g5186
ECA1843	g15993
ECA1843	g4763
ECA1843	g1465
ECA1843	g15277
ECA1843	g4088
ECA1843	g10474
ECA1843	g3299
ECA1843	g1596
ECA1843	g14804
ECA1843	g1437
ECA1843	g4003
ECA1843	g7667
ECA1843	g3970
ECA1843	g16912
ECA1843	g5692
ECA1843	g5205
ECA1843	g1327
ECA1843	g16686
ECA1843	g4709
ECA1843	g7001
ECA1843	g5538
ECA1843	g3383
ECA1843	g5687
ECA1843	g4682
ECA1843	g1435
ECA1843	g19052
ECA1843	g4694
ECA1843	g10924
ECA1843	g982
ECA1843	g18075
ECA1843	g9238
ECA1843	g5711
ECA1843	g489
ECA1843	g5415
ECA1843	g3889
ECA1843	g5184
ECA1843	g12630
ECA1843	g10393
ECA1843	g20581
ECA1843	g20579
ECA1843	g5339
ECA1843	g14296
ECA1843	g4513
ECA1843	g16778
ECA1843	g5213
ECA1843	g912
ECA1843	g3013
ECA1843	g4002
ECA1843	g6995
ECA1843	g4854
ECA1843	g5385
ECA1843	g1384
ECA1843	g2068
ECA1843	g3751
ECA1843	g1594
ECA1843	g5667
ECA1843	g21610
ECA1843	g5643
ECA1843	g3080
ECA1843	g1633
ECA1843	g4776
ECA1843	g3385
ECA1843	g20575
ECA1843	g1463
ECA1843	g3971
ECA1843	g10432
ECA1843	g16690
ECA1843	g17770
ECA1843	g406
ECA1843	g5655
ECA1843	g5388
ECA1843	g5633
ECA1843	g12970
ECA1843	g3891
ECA1843	g12628
ECA1843	g2532
ECA1843	g16684
ECA1843	g3358
ECA1843	g5601
ECA1843	g15283
ECA1843	g3841
ECA1843	g1471
ECA1843	g5636
ECA1843	g5691
ECA1843	g5133
ECA1843	g3077
ECA1843	g4775
ECA1843	g3997
ECA1843	g12296
ECA1843	g5597
ECA1843	g5182
ECA1843	g17168
ECA1843	g10858
ECA1843	g1114
ECA1843	g4778
ECA1843	g461
ECA1843	g18348
ECA1843	g4368
ECA1843	g17787
ECA1843	g7112
ECA1843	g2655
ECA1843	g5206
ECA1843	g551
ECA1843	g1391
ECA1843	g1288
ECA1843	g21301
ECA1843	g5183
ECA1843	g460
ECA1843	g16683
ECA1843	g5689
ECA1843	g1201
ECA1843	g13740
ECA1843	g2654
ECA1843	g5658
ECA1843	g5386
ECA1843	g5211
ECA1843	g10263
ECA1843	g18464
ECA1843	g2529
ECA1843	g1473
ECA1843	g1533
ECA1843	g1474
ECA1843	g18462
ECA1843	g2038
ECA1843	g7113
ECA1843	g15650
ECA1843	g3292
ECA1843	g16506
ECA1843	g18449
ECA1843	g9649
ECA1843	g1427
ECA1843	g388
ECA1843	g11013
ECA1843	g5190
ECA1843	g3382
ECA1843	g4000
ECA1843	g5382
ECA1843	g5259
ECA1843	g5661
ECA1843	g5209
ECA1843	g4648
ECA1843	g2533
ECA1843	g18879
ECA1843	g7008
ECA1843	g9237
ECA1843	g4857
ECA1843	g5219
ECA1843	g13215
ECA1843	g7114
ECA1843	g16636
ECA1843	g4779
ECA1843	g1043
ECA1843	g2530
ECA1843	g3998
ECA1843	g21432
ECA1843	g5632
ECA1843	g10395
ECA1843	g10004
ECA1843	g22088
ECA1843	g2214
ECA1843	g5208
ECA1843	g4270
ECA1843	g5389
ECA1843	g11196
ECA1843	g3076
ECA1843	g1372
ECA1843	g15833
ECA1843	g5191
ECA1843	g3384
ECA1843	g10130
ECA1843	g5585
ECA1843	g4001
ECA1843	g3381
ECA1843	g13296
ECA1843	g5611
ECA1843	g5193
ECA1843	g18472
ECA1843	g4625
ECA1843	g1467
ECA1843	g4772
ECA1843	g4773
ECA1843	g15651
ECA1843	g5666
ECA1843	g18509
ECA1843	g1468
ECA1843	g16807
ECA1843	g10359
ECA1843	g2213
ECA1843	g3750
ECA1843	g1589
ECA1843	g16210
ECA1843	g16837
ECA1843	g16687
ECA1843	g1470
ECA1843	g502
ECA1843	g4856
ECA1843	g981
ECA1843	g1469
ECA1843	g3888
ECA1843	g20580
ECA1843	g3387
ECA1843	g1462
ECA1843	g14803
